run_id,analysis,outer_iteration,inner_iteration,radius_in,radius_ft,body_length_in,high_point_P_in,waist_station_derived_in,target_waist_height_in,predicted_waist_height_in,waist_residual_in,validation_rmse_in,validation_max_abs_resid_in,objective,delta_radius_in,delta_body_length_in,solver_method,physically_admissible,bound_hit,convergence_status
A_R000,A,0,scan0,96.000,8.0000,12.000000,-1.719551,10.9601,4.2200,4.321783,0.10178281,,,,,,grid_scan,False,True,scanning
A_R000,A,0,scan1,96.000,8.0000,12.250000,-1.437376,11.0511,4.2200,4.329595,0.10959460,,,,,0.250000,grid_scan,False,True,scanning
A_R000,A,0,scan2,96.000,8.0000,12.500000,-1.161419,11.1433,4.2200,4.337566,0.11756648,,,,,0.250000,grid_scan,False,True,scanning
A_R000,A,0,scan3,96.000,8.0000,12.750000,-0.891317,11.2367,4.2200,4.345699,0.12569859,,,,,0.250000,grid_scan,False,True,scanning
A_R000,A,0,scan4,96.000,8.0000,13.000000,-0.626736,11.3312,4.2200,4.353991,0.13399105,,,,,0.250000,grid_scan,False,True,scanning
A_R000,A,0,scan5,96.000,8.0000,13.250000,-0.367367,11.4269,4.2200,4.362444,0.14244400,,,,,0.250000,grid_scan,False,True,scanning
A_R000,A,0,scan6,96.000,8.0000,13.500000,-0.112925,11.5235,4.2200,4.371058,0.15105753,,,,,0.250000,grid_scan,False,True,scanning
A_R000,A,0,scan7,96.000,8.0000,13.750000,0.136858,11.6212,4.2200,4.379832,0.15983176,,,,,0.250000,grid_scan,True,True,scanning
A_R000,A,0,scan8,96.000,8.0000,14.000000,0.382228,11.7198,4.2200,4.388767,0.16876680,,,,,0.250000,grid_scan,True,True,scanning
A_R000,A,0,scan9,96.000,8.0000,14.250000,0.623415,11.8193,4.2200,4.397863,0.17786275,,,,,0.250000,grid_scan,True,True,scanning
A_R000,A,0,scan10,96.000,8.0000,14.500000,0.860634,11.9197,4.2200,4.407120,0.18711969,,,,,0.250000,grid_scan,True,True,scanning
A_R000,A,0,scan11,96.000,8.0000,14.750000,1.094085,12.0209,4.2200,4.416538,0.19653773,,,,,0.250000,grid_scan,True,True,scanning
A_R000,A,0,scan12,96.000,8.0000,15.000000,1.323954,12.1230,4.2200,4.426117,0.20611696,,,,,0.250000,grid_scan,True,True,scanning
A_R000,A,0,scan13,96.000,8.0000,15.250000,1.550416,12.2259,4.2200,4.435857,0.21585745,,,,,0.250000,grid_scan,True,True,scanning
A_R000,A,0,scan14,96.000,8.0000,15.500000,1.773635,12.3295,4.2200,4.445759,0.22575931,,,,,0.250000,grid_scan,True,True,scanning
A_R000,A,0,scan15,96.000,8.0000,15.750000,1.993764,12.4338,4.2200,4.455823,0.23582261,,,,,0.250000,grid_scan,True,True,scanning
A_R000,A,0,scan16,96.000,8.0000,16.000000,2.210947,12.5388,4.2200,4.466047,0.24604743,,,,,0.250000,grid_scan,True,True,scanning
A_R000,A,0,scan17,96.000,8.0000,16.250000,2.425318,12.6445,4.2200,4.476434,0.25643386,,,,,0.250000,grid_scan,True,True,scanning
A_R000,A,0,scan18,96.000,8.0000,16.500000,2.637005,12.7509,4.2200,4.486982,0.26698197,,,,,0.250000,grid_scan,True,True,scanning
A_R000,A,0,scan19,96.000,8.0000,16.750000,2.846127,12.8579,4.2200,4.497692,0.27769184,,,,,0.250000,grid_scan,True,True,scanning
A_R000,A,0,scan20,96.000,8.0000,17.000000,3.052797,12.9655,4.2200,4.508564,0.28856356,,,,,0.250000,grid_scan,True,True,scanning
A_R000,A,0,scan21,96.000,8.0000,17.250000,3.257120,13.0737,4.2200,4.519597,0.29959719,,,,,0.250000,grid_scan,True,True,scanning
A_R000,A,0,scan22,96.000,8.0000,17.500000,3.459196,13.1825,4.2200,4.530793,0.31079282,,,,,0.250000,grid_scan,True,True,scanning
A_R000,A,0,scan23,96.000,8.0000,17.750000,3.659119,13.2918,4.2200,4.542151,0.32215052,,,,,0.250000,grid_scan,True,True,scanning
A_R000,A,0,scan24,96.000,8.0000,18.000000,3.856980,13.4017,4.2200,4.553670,0.33367036,,,,,0.250000,grid_scan,True,True,scanning
A_R000,A,0,scan25,96.000,8.0000,18.250000,4.052861,13.5121,4.2200,4.565352,0.34535243,,,,,0.250000,grid_scan,True,True,scanning
A_R000,A,0,scan26,96.000,8.0000,18.500000,4.246844,13.6230,4.2200,4.577197,0.35719679,,,,,0.250000,grid_scan,True,True,scanning
A_R000,A,0,scan27,96.000,8.0000,18.750000,4.439003,13.7344,4.2200,4.589204,0.36920353,,,,,0.250000,grid_scan,True,True,scanning
A_R000,A,0,scan28,96.000,8.0000,19.000000,4.629410,13.8463,4.2200,4.601373,0.38137272,,,,,0.250000,grid_scan,True,True,scanning
A_R000,A,0,scan29,96.000,8.0000,19.250000,4.818133,13.9586,4.2200,4.613704,0.39370442,,,,,0.250000,grid_scan,True,True,scanning
A_R000,A,0,scan30,96.000,8.0000,19.500000,5.005236,14.0714,4.2200,4.626199,0.40619873,,,,,0.250000,grid_scan,True,True,scanning
A_R000,A,0,scan31,96.000,8.0000,19.750000,5.190781,14.1846,4.2200,4.638856,0.41885572,,,,,0.250000,grid_scan,True,True,scanning
A_R000,A,0,scan32,96.000,8.0000,20.000000,5.374826,14.2983,4.2200,4.651675,0.43167545,,,,,0.250000,grid_scan,True,True,scanning
A_R000,A,0,scan33,96.000,8.0000,20.250000,5.557425,14.4124,4.2200,4.664658,0.44465801,,,,,0.250000,grid_scan,True,True,scanning
A_R000,A,0,scan34,96.000,8.0000,20.500000,5.738633,14.5269,4.2200,4.677803,0.45780348,,,,,0.250000,grid_scan,True,True,scanning
A_R000,A,0,scan35,96.000,8.0000,20.750000,5.918498,14.6418,4.2200,4.691112,0.47111193,,,,,0.250000,grid_scan,True,True,scanning
A_R000,A,0,scan36,96.000,8.0000,21.000000,6.097069,14.7571,4.2200,4.704583,0.48458344,,,,,0.250000,grid_scan,True,True,scanning
A_R000,A,0,scan37,96.000,8.0000,21.250000,6.274391,14.8728,4.2200,4.718218,0.49821808,,,,,0.250000,grid_scan,True,True,scanning
A_R000,A,0,scan38,96.000,8.0000,21.500000,6.450507,14.9888,4.2200,4.732016,0.51201595,,,,,0.250000,grid_scan,True,True,scanning
A_R000,A,0,scan39,96.000,8.0000,21.750000,6.625459,15.1052,4.2200,4.745977,0.52597710,,,,,0.250000,grid_scan,True,True,scanning
A_R000,A,0,scan40,96.000,8.0000,22.000000,6.799286,15.2219,4.2200,4.760102,0.54010164,,,,,0.250000,grid_scan,True,True,scanning
A_R000,A,0,scan41,96.000,8.0000,22.250000,6.972027,15.3390,4.2200,4.774390,0.55438963,,,,,0.250000,grid_scan,True,True,scanning
A_R000,A,0,scan42,96.000,8.0000,22.500000,7.143717,15.4564,4.2200,4.788841,0.56884115,,,,,0.250000,grid_scan,True,True,scanning
A_R000,A,0,scan43,96.000,8.0000,22.750000,7.314390,15.5742,4.2200,4.803456,0.58345629,,,,,0.250000,grid_scan,True,True,scanning
A_R000,A,0,scan44,96.000,8.0000,23.000000,7.484081,15.6923,4.2200,4.818235,0.59823513,,,,,0.250000,grid_scan,True,True,scanning
A_R000,A,0,scan45,96.000,8.0000,23.250000,7.652819,15.8107,4.2200,4.833178,0.61317776,,,,,0.250000,grid_scan,True,True,scanning
A_R000,A,0,scan46,96.000,8.0000,23.500000,7.820637,15.9293,4.2200,4.848284,0.62828425,,,,,0.250000,grid_scan,True,True,scanning
A_R000,A,0,scan47,96.000,8.0000,23.750000,7.987562,16.0483,4.2200,4.863555,0.64355469,,,,,0.250000,grid_scan,True,True,scanning
A_R000,A,0,scan48,96.000,8.0000,24.000000,8.153622,16.1676,4.2200,4.878989,0.65898917,,,,,0.250000,grid_scan,True,True,scanning
A_R000,A,0,scan49,96.000,8.0000,24.250000,8.318844,16.2872,4.2200,4.894588,0.67458777,,,,,0.250000,grid_scan,True,True,scanning
A_R000,A,0,scan50,96.000,8.0000,24.500000,8.483255,16.4071,4.2200,4.910351,0.69035058,,,,,0.250000,grid_scan,True,True,scanning
A_R000,A,0,scan51,96.000,8.0000,24.750000,8.646877,16.5272,4.2200,4.926278,0.70627768,,,,,0.250000,grid_scan,True,True,scanning
A_R000,A,0,scan52,96.000,8.0000,25.000000,8.809735,16.6476,4.2200,4.942369,0.72236917,,,,,0.250000,grid_scan,True,True,scanning
A_R000,A,0,scan53,96.000,8.0000,25.250000,8.971852,16.7682,4.2200,4.958625,0.73862512,,,,,0.250000,grid_scan,True,True,scanning
A_R000,A,0,scan54,96.000,8.0000,25.500000,9.133248,16.8892,4.2200,4.975046,0.75504564,,,,,0.250000,grid_scan,True,True,scanning
A_R000,A,0,scan55,96.000,8.0000,25.750000,9.293946,17.0103,4.2200,4.991631,0.77163081,,,,,0.250000,grid_scan,True,True,scanning
A_R000,A,0,scan56,96.000,8.0000,26.000000,9.453965,17.1318,4.2200,5.008381,0.78838072,,,,,0.250000,grid_scan,True,True,scanning
A_R000,A,0,scan57,96.000,8.0000,26.250000,9.613325,17.2534,4.2200,5.025295,0.80529547,,,,,0.250000,grid_scan,True,True,scanning
A_R000,A,0,scan58,96.000,8.0000,26.500000,9.772043,17.3754,4.2200,5.042375,0.82237515,,,,,0.250000,grid_scan,True,True,scanning
A_R000,A,0,scan59,96.000,8.0000,26.750000,9.930139,17.4975,4.2200,5.059620,0.83961984,,,,,0.250000,grid_scan,True,True,scanning
A_R000,A,0,scan60,96.000,8.0000,27.000000,10.087629,17.6199,4.2200,5.077030,0.85702965,,,,,0.250000,grid_scan,True,True,scanning
A_R000,A,0,scan61,96.000,8.0000,27.250000,10.244530,17.7425,4.2200,5.094605,0.87460468,,,,,0.250000,grid_scan,True,True,scanning
A_R000,A,0,scan62,96.000,8.0000,27.500000,10.400858,17.8653,4.2200,5.112345,0.89234501,,,,,0.250000,grid_scan,True,True,scanning
A_R000,A,0,scan63,96.000,8.0000,27.750000,10.556628,17.9883,4.2200,5.130251,0.91025074,,,,,0.250000,grid_scan,True,True,scanning
A_R000,A,0,scan64,96.000,8.0000,28.000000,10.711856,18.1116,4.2200,5.148322,0.92832198,,,,,0.250000,grid_scan,True,True,scanning
A_R000,A,0,scan65,96.000,8.0000,28.250000,10.866555,18.2350,4.2200,5.166559,0.94655882,,,,,0.250000,grid_scan,True,True,scanning
A_R000,A,0,scan66,96.000,8.0000,28.500000,11.020740,18.3587,4.2200,5.184961,0.96496137,,,,,0.250000,grid_scan,True,True,scanning
A_R000,A,0,scan67,96.000,8.0000,28.750000,11.174424,18.4826,4.2200,5.203530,0.98352971,,,,,0.250000,grid_scan,True,True,scanning
A_R000,A,0,scan68,96.000,8.0000,29.000000,11.327620,18.6067,4.2200,5.222264,1.00226396,,,,,0.250000,grid_scan,True,True,scanning
A_R000,A,0,scan69,96.000,8.0000,29.250000,11.480340,18.7309,4.2200,5.241164,1.02116421,,,,,0.250000,grid_scan,True,True,scanning
A_R000,A,0,scan70,96.000,8.0000,29.500000,11.632597,18.8554,4.2200,5.260231,1.04023058,,,,,0.250000,grid_scan,True,True,scanning
A_R000,A,0,scan71,96.000,8.0000,29.750000,11.784402,18.9800,4.2200,5.279463,1.05946315,,,,,0.250000,grid_scan,True,True,scanning
A_R000,A,0,scan72,96.000,8.0000,30.000000,11.935766,19.1048,4.2200,5.298862,1.07886205,,,,,0.250000,grid_scan,True,True,scanning
A_R000,A,0,scan73,96.000,8.0000,30.250000,12.086701,19.2299,4.2200,5.318427,1.09842738,,,,,0.250000,grid_scan,True,True,scanning
A_R000,A,0,scan74,96.000,8.0000,30.500000,12.237216,19.3550,4.2200,5.338159,1.11815923,,,,,0.250000,grid_scan,True,True,scanning
A_R000,A,0,scan75,96.000,8.0000,30.750000,12.387323,19.4804,4.2200,5.358058,1.13805773,,,,,0.250000,grid_scan,True,True,scanning
A_R000,A,0,scan76,96.000,8.0000,31.000000,12.537030,19.6059,4.2200,5.378123,1.15812298,,,,,0.250000,grid_scan,True,True,scanning
A_R000,A,0,scan77,96.000,8.0000,31.250000,12.686348,19.7317,4.2200,5.398355,1.17835509,,,,,0.250000,grid_scan,True,True,scanning
A_R000,A,0,scan78,96.000,8.0000,31.500000,12.835286,19.8575,4.2200,5.418754,1.19875417,,,,,0.250000,grid_scan,True,True,scanning
A_R000,A,0,scan79,96.000,8.0000,31.750000,12.983852,19.9836,4.2200,5.439320,1.21932033,,,,,0.250000,grid_scan,True,True,scanning
A_R000,A,0,scan80,96.000,8.0000,32.000000,13.132056,20.1098,4.2200,5.460054,1.24005369,,,,,0.250000,grid_scan,True,True,scanning
A_R000,A,0,scan81,96.000,8.0000,32.250000,13.279906,20.2361,4.2200,5.480954,1.26095436,,,,,0.250000,grid_scan,True,True,scanning
A_R000,A,0,scan82,96.000,8.0000,32.500000,13.427410,20.3626,4.2200,5.502022,1.28202245,,,,,0.250000,grid_scan,True,True,scanning
A_R000,A,0,scan83,96.000,8.0000,32.750000,13.574575,20.4893,4.2200,5.523258,1.30325809,,,,,0.250000,grid_scan,True,True,scanning
A_R000,A,0,scan84,96.000,8.0000,33.000000,13.721411,20.6161,4.2200,5.544661,1.32466138,,,,,0.250000,grid_scan,True,True,scanning
A_R000,A,0,scan85,96.000,8.0000,33.250000,13.867923,20.7431,4.2200,5.566232,1.34623245,,,,,0.250000,grid_scan,True,True,scanning
A_R000,A,0,scan86,96.000,8.0000,33.500000,14.014119,20.8702,4.2200,5.587971,1.36797142,,,,,0.250000,grid_scan,True,True,scanning
A_R000,A,0,scan87,96.000,8.0000,33.750000,14.160007,20.9975,4.2200,5.609878,1.38987840,,,,,0.250000,grid_scan,True,True,scanning
A_R000,A,0,scan88,96.000,8.0000,34.000000,14.305593,21.1249,4.2200,5.631954,1.41195351,,,,,0.250000,grid_scan,True,True,scanning
A_R000,A,0,scan89,96.000,8.0000,34.250000,14.450884,21.2524,4.2200,5.654197,1.43419688,,,,,0.250000,grid_scan,True,True,scanning
A_R000,A,0,scan90,96.000,8.0000,34.500000,14.595885,21.3801,4.2200,5.676609,1.45660864,,,,,0.250000,grid_scan,True,True,scanning
A_R000,A,0,scan91,96.000,8.0000,34.750000,14.740604,21.5079,4.2200,5.699189,1.47918889,,,,,0.250000,grid_scan,True,True,scanning
A_R000,A,0,scan92,96.000,8.0000,35.000000,14.885046,21.6358,4.2200,5.721938,1.50193778,,,,,0.250000,grid_scan,True,True,scanning
A_R000,A,0,scan93,96.000,8.0000,35.250000,15.029218,21.7639,4.2200,5.744855,1.52485542,,,,,0.250000,grid_scan,True,True,scanning
A_R000,A,0,scan94,96.000,8.0000,35.500000,15.173124,21.8921,4.2200,5.767942,1.54794195,,,,,0.250000,grid_scan,True,True,scanning
A_R000,A,0,scan95,96.000,8.0000,35.750000,15.316771,22.0205,4.2200,5.791197,1.57119748,,,,,0.250000,grid_scan,True,True,scanning
A_R000,A,0,scan96,96.000,8.0000,36.000000,15.460164,22.1489,4.2200,5.814622,1.59462216,,,,,0.250000,grid_scan,True,True,scanning
A_R000,A,0,scan97,96.000,8.0000,36.250000,15.603308,22.2775,4.2200,5.838216,1.61821610,,,,,0.250000,grid_scan,True,True,scanning
A_R000,A,0,scan98,96.000,8.0000,36.500000,15.746209,22.4062,4.2200,5.861979,1.64197945,,,,,0.250000,grid_scan,True,True,scanning
A_R000,A,0,scan99,96.000,8.0000,36.750000,15.888870,22.5350,4.2200,5.885912,1.66591233,,,,,0.250000,grid_scan,True,True,scanning
A_R000,A,0,scan100,96.000,8.0000,37.000000,16.031298,22.6640,4.2200,5.910015,1.69001487,,,,,0.250000,grid_scan,True,True,scanning
A_R000,A,0,scan101,96.000,8.0000,37.250000,16.173497,22.7930,4.2200,5.934287,1.71428722,,,,,0.250000,grid_scan,True,True,scanning
A_R000,A,0,scan102,96.000,8.0000,37.500000,16.315470,22.9222,4.2200,5.958730,1.73872950,,,,,0.250000,grid_scan,True,True,scanning
A_R000,A,0,scan103,96.000,8.0000,37.750000,16.457224,23.0515,4.2200,5.983342,1.76334186,,,,,0.250000,grid_scan,True,True,scanning
A_R000,A,0,scan104,96.000,8.0000,38.000000,16.598762,23.1809,4.2200,6.008124,1.78812443,,,,,0.250000,grid_scan,True,True,scanning
A_R000,A,0,scan105,96.000,8.0000,38.250000,16.740088,23.3104,4.2200,6.033077,1.81307735,,,,,0.250000,grid_scan,True,True,scanning
A_R000,A,0,scan106,96.000,8.0000,38.500000,16.881207,23.4400,4.2200,6.058201,1.83820076,,,,,0.250000,grid_scan,True,True,scanning
A_R000,A,0,scan107,96.000,8.0000,38.750000,17.022122,23.5697,4.2200,6.083495,1.86349480,,,,,0.250000,grid_scan,True,True,scanning
A_R000,A,0,scan108,96.000,8.0000,39.000000,17.162838,23.6995,4.2200,6.108960,1.88895961,,,,,0.250000,grid_scan,True,True,scanning
A_R000,A,0,scan109,96.000,8.0000,39.250000,17.303358,23.8294,4.2200,6.134595,1.91459533,,,,,0.250000,grid_scan,True,True,scanning
A_R000,A,0,scan110,96.000,8.0000,39.500000,17.443686,23.9595,4.2200,6.160402,1.94040212,,,,,0.250000,grid_scan,True,True,scanning
A_R000,A,0,scan111,96.000,8.0000,39.750000,17.583826,24.0896,4.2200,6.186380,1.96638011,,,,,0.250000,grid_scan,True,True,scanning
A_R000,A,0,scan112,96.000,8.0000,40.000000,17.723781,24.2198,4.2200,6.212529,1.99252946,,,,,0.250000,grid_scan,True,True,scanning
A_R000,A,0,,96.000,8.0000,,,,4.2200,,,,,,,,bisection,,True,no_root
A_R001,A,1,scan0,108.000,9.0000,12.000000,-2.688091,10.9601,4.2200,4.318599,0.09859895,,,,,,grid_scan,False,False,scanning
A_R001,A,1,scan1,108.000,9.0000,12.250000,-2.386345,11.0511,4.2200,4.325540,0.10554029,,,,,0.250000,grid_scan,False,False,scanning
A_R001,A,1,scan2,108.000,9.0000,12.500000,-2.091592,11.1433,4.2200,4.332624,0.11262376,,,,,0.250000,grid_scan,False,False,scanning
A_R001,A,1,scan3,108.000,9.0000,12.750000,-1.803427,11.2367,4.2200,4.339849,0.11984947,,,,,0.250000,grid_scan,False,False,scanning
A_R001,A,1,scan4,108.000,9.0000,13.000000,-1.521473,11.3312,4.2200,4.347218,0.12721753,,,,,0.250000,grid_scan,False,False,scanning
A_R001,A,1,scan5,108.000,9.0000,13.250000,-1.245384,11.4269,4.2200,4.354728,0.13472804,,,,,0.250000,grid_scan,False,False,scanning
A_R001,A,1,scan6,108.000,9.0000,13.500000,-0.974836,11.5235,4.2200,4.362381,0.14238108,,,,,0.250000,grid_scan,False,False,scanning
A_R001,A,1,scan7,108.000,9.0000,13.750000,-0.709530,11.6212,4.2200,4.370177,0.15017675,,,,,0.250000,grid_scan,False,False,scanning
A_R001,A,1,scan8,108.000,9.0000,14.000000,-0.449189,11.7198,4.2200,4.378115,0.15811514,,,,,0.250000,grid_scan,False,False,scanning
A_R001,A,1,scan9,108.000,9.0000,14.250000,-0.193553,11.8193,4.2200,4.386196,0.16619631,,,,,0.250000,grid_scan,False,False,scanning
A_R001,A,1,scan10,108.000,9.0000,14.500000,0.057618,11.9197,4.2200,4.394420,0.17442036,,,,,0.250000,grid_scan,True,False,scanning
A_R001,A,1,scan11,108.000,9.0000,14.750000,0.304550,12.0209,4.2200,4.402787,0.18278734,,,,,0.250000,grid_scan,True,False,scanning
A_R001,A,1,scan12,108.000,9.0000,15.000000,0.547453,12.1230,4.2200,4.411297,0.19129734,,,,,0.250000,grid_scan,True,False,scanning
A_R001,A,1,scan13,108.000,9.0000,15.250000,0.786523,12.2259,4.2200,4.419950,0.19995043,,,,,0.250000,grid_scan,True,False,scanning
A_R001,A,1,scan14,108.000,9.0000,15.500000,1.021945,12.3295,4.2200,4.428747,0.20874666,,,,,0.250000,grid_scan,True,False,scanning
A_R001,A,1,scan15,108.000,9.0000,15.750000,1.253890,12.4338,4.2200,4.437686,0.21768610,,,,,0.250000,grid_scan,True,False,scanning
A_R001,A,1,scan16,108.000,9.0000,16.000000,1.482520,12.5388,4.2200,4.446769,0.22676882,,,,,0.250000,grid_scan,True,False,scanning
A_R001,A,1,scan17,108.000,9.0000,16.250000,1.707988,12.6445,4.2200,4.455995,0.23599488,,,,,0.250000,grid_scan,True,False,scanning
A_R001,A,1,scan18,108.000,9.0000,16.500000,1.930436,12.7509,4.2200,4.465364,0.24536434,,,,,0.250000,grid_scan,True,False,scanning
A_R001,A,1,scan19,108.000,9.0000,16.750000,2.149998,12.8579,4.2200,4.474877,0.25487726,,,,,0.250000,grid_scan,True,False,scanning
A_R001,A,1,scan20,108.000,9.0000,17.000000,2.366801,12.9655,4.2200,4.484534,0.26453369,,,,,0.250000,grid_scan,True,False,scanning
A_R001,A,1,scan21,108.000,9.0000,17.250000,2.580963,13.0737,4.2200,4.494334,0.27433370,,,,,0.250000,grid_scan,True,False,scanning
A_R001,A,1,scan22,108.000,9.0000,17.500000,2.792599,13.1825,4.2200,4.504277,0.28427733,,,,,0.250000,grid_scan,True,False,scanning
A_R001,A,1,scan23,108.000,9.0000,17.750000,3.001813,13.2918,4.2200,4.514365,0.29436466,,,,,0.250000,grid_scan,True,False,scanning
A_R001,A,1,scan24,108.000,9.0000,18.000000,3.208705,13.4017,4.2200,4.524596,0.30459573,,,,,0.250000,grid_scan,True,False,scanning
A_R001,A,1,scan25,108.000,9.0000,18.250000,3.413372,13.5121,4.2200,4.534971,0.31497060,,,,,0.250000,grid_scan,True,False,scanning
A_R001,A,1,scan26,108.000,9.0000,18.500000,3.615902,13.6230,4.2200,4.545489,0.32548932,,,,,0.250000,grid_scan,True,False,scanning
A_R001,A,1,scan27,108.000,9.0000,18.750000,3.816380,13.7344,4.2200,4.556152,0.33615196,,,,,0.250000,grid_scan,True,False,scanning
A_R001,A,1,scan28,108.000,9.0000,19.000000,4.014888,13.8463,4.2200,4.566959,0.34695855,,,,,0.250000,grid_scan,True,False,scanning
A_R001,A,1,scan29,108.000,9.0000,19.250000,4.211500,13.9586,4.2200,4.577909,0.35790917,,,,,0.250000,grid_scan,True,False,scanning
A_R001,A,1,scan30,108.000,9.0000,19.500000,4.406291,14.0714,4.2200,4.589004,0.36900387,,,,,0.250000,grid_scan,True,False,scanning
A_R001,A,1,scan31,108.000,9.0000,19.750000,4.599329,14.1846,4.2200,4.600243,0.38024269,,,,,0.250000,grid_scan,True,False,scanning
A_R001,A,1,scan32,108.000,9.0000,20.000000,4.790678,14.2983,4.2200,4.611626,0.39162570,,,,,0.250000,grid_scan,True,False,scanning
A_R001,A,1,scan33,108.000,9.0000,20.250000,4.980402,14.4124,4.2200,4.623153,0.40315295,,,,,0.250000,grid_scan,True,False,scanning
A_R001,A,1,scan34,108.000,9.0000,20.500000,5.168560,14.5269,4.2200,4.634824,0.41482450,,,,,0.250000,grid_scan,True,False,scanning
A_R001,A,1,scan35,108.000,9.0000,20.750000,5.355208,14.6418,4.2200,4.646640,0.42664039,,,,,0.250000,grid_scan,True,False,scanning
A_R001,A,1,scan36,108.000,9.0000,21.000000,5.540399,14.7571,4.2200,4.658601,0.43860069,,,,,0.250000,grid_scan,True,False,scanning
A_R001,A,1,scan37,108.000,9.0000,21.250000,5.724186,14.8728,4.2200,4.670705,0.45070546,,,,,0.250000,grid_scan,True,False,scanning
A_R001,A,1,scan38,108.000,9.0000,21.500000,5.906616,14.9888,4.2200,4.682955,0.46295474,,,,,0.250000,grid_scan,True,False,scanning
A_R001,A,1,scan39,108.000,9.0000,21.750000,6.087736,15.1052,4.2200,4.695349,0.47534860,,,,,0.250000,grid_scan,True,False,scanning
A_R001,A,1,scan40,108.000,9.0000,22.000000,6.267591,15.2219,4.2200,4.707887,0.48788708,,,,,0.250000,grid_scan,True,False,scanning
A_R001,A,1,scan41,108.000,9.0000,22.250000,6.446224,15.3390,4.2200,4.720570,0.50057026,,,,,0.250000,grid_scan,True,False,scanning
A_R001,A,1,scan42,108.000,9.0000,22.500000,6.623674,15.4564,4.2200,4.733398,0.51339818,,,,,0.250000,grid_scan,True,False,scanning
A_R001,A,1,scan43,108.000,9.0000,22.750000,6.799981,15.5742,4.2200,4.746371,0.52637091,,,,,0.250000,grid_scan,True,False,scanning
A_R001,A,1,scan44,108.000,9.0000,23.000000,6.975181,15.6923,4.2200,4.759488,0.53948850,,,,,0.250000,grid_scan,True,False,scanning
A_R001,A,1,scan45,108.000,9.0000,23.250000,7.149311,15.8107,4.2200,4.772751,0.55275101,,,,,0.250000,grid_scan,True,False,scanning
A_R001,A,1,scan46,108.000,9.0000,23.500000,7.322405,15.9293,4.2200,4.786158,0.56615849,,,,,0.250000,grid_scan,True,False,scanning
A_R001,A,1,scan47,108.000,9.0000,23.750000,7.494494,16.0483,4.2200,4.799711,0.57971102,,,,,0.250000,grid_scan,True,False,scanning
A_R001,A,1,scan48,108.000,9.0000,24.000000,7.665611,16.1676,4.2200,4.813409,0.59340865,,,,,0.250000,grid_scan,True,False,scanning
A_R001,A,1,scan49,108.000,9.0000,24.250000,7.835785,16.2872,4.2200,4.827251,0.60725143,,,,,0.250000,grid_scan,True,False,scanning
A_R001,A,1,scan50,108.000,9.0000,24.500000,8.005046,16.4071,4.2200,4.841239,0.62123944,,,,,0.250000,grid_scan,True,False,scanning
A_R001,A,1,scan51,108.000,9.0000,24.750000,8.173420,16.5272,4.2200,4.855373,0.63537273,,,,,0.250000,grid_scan,True,False,scanning
A_R001,A,1,scan52,108.000,9.0000,25.000000,8.340934,16.6476,4.2200,4.869651,0.64965136,,,,,0.250000,grid_scan,True,False,scanning
A_R001,A,1,scan53,108.000,9.0000,25.250000,8.507614,16.7682,4.2200,4.884075,0.66407539,,,,,0.250000,grid_scan,True,False,scanning
A_R001,A,1,scan54,108.000,9.0000,25.500000,8.673484,16.8892,4.2200,4.898645,0.67864490,,,,,0.250000,grid_scan,True,False,scanning
A_R001,A,1,scan55,108.000,9.0000,25.750000,8.838567,17.0103,4.2200,4.913360,0.69335993,,,,,0.250000,grid_scan,True,False,scanning
A_R001,A,1,scan56,108.000,9.0000,26.000000,9.002887,17.1318,4.2200,4.928221,0.70822057,,,,,0.250000,grid_scan,True,False,scanning
A_R001,A,1,scan57,108.000,9.0000,26.250000,9.166465,17.2534,4.2200,4.943227,0.72322686,,,,,0.250000,grid_scan,True,False,scanning
A_R001,A,1,scan58,108.000,9.0000,26.500000,9.329322,17.3754,4.2200,4.958379,0.73837888,,,,,0.250000,grid_scan,True,False,scanning
A_R001,A,1,scan59,108.000,9.0000,26.750000,9.491478,17.4975,4.2200,4.973677,0.75367668,,,,,0.250000,grid_scan,True,False,scanning
A_R001,A,1,scan60,108.000,9.0000,27.000000,9.652953,17.6199,4.2200,4.989120,0.76912035,,,,,0.250000,grid_scan,True,False,scanning
A_R001,A,1,scan61,108.000,9.0000,27.250000,9.813765,17.7425,4.2200,5.004710,0.78470994,,,,,0.250000,grid_scan,True,False,scanning
A_R001,A,1,scan62,108.000,9.0000,27.500000,9.973932,17.8653,4.2200,5.020446,0.80044552,,,,,0.250000,grid_scan,True,False,scanning
A_R001,A,1,scan63,108.000,9.0000,27.750000,10.133472,17.9883,4.2200,5.036327,0.81632716,,,,,0.250000,grid_scan,True,False,scanning
A_R001,A,1,scan64,108.000,9.0000,28.000000,10.292402,18.1116,4.2200,5.052355,0.83235493,,,,,0.250000,grid_scan,True,False,scanning
A_R001,A,1,scan65,108.000,9.0000,28.250000,10.450737,18.2350,4.2200,5.068529,0.84852889,,,,,0.250000,grid_scan,True,False,scanning
A_R001,A,1,scan66,108.000,9.0000,28.500000,10.608493,18.3587,4.2200,5.084849,0.86484912,,,,,0.250000,grid_scan,True,False,scanning
A_R001,A,1,scan67,108.000,9.0000,28.750000,10.765686,18.4826,4.2200,5.101316,0.88131568,,,,,0.250000,grid_scan,True,False,scanning
A_R001,A,1,scan68,108.000,9.0000,29.000000,10.922330,18.6067,4.2200,5.117929,0.89792865,,,,,0.250000,grid_scan,True,False,scanning
A_R001,A,1,scan69,108.000,9.0000,29.250000,11.078438,18.7309,4.2200,5.134688,0.91468810,,,,,0.250000,grid_scan,True,False,scanning
A_R001,A,1,scan70,108.000,9.0000,29.500000,11.234025,18.8554,4.2200,5.151594,0.93159410,,,,,0.250000,grid_scan,True,False,scanning
A_R001,A,1,scan71,108.000,9.0000,29.750000,11.389104,18.9800,4.2200,5.168647,0.94864673,,,,,0.250000,grid_scan,True,False,scanning
A_R001,A,1,scan72,108.000,9.0000,30.000000,11.543686,19.1048,4.2200,5.185846,0.96584605,,,,,0.250000,grid_scan,True,False,scanning
A_R001,A,1,scan73,108.000,9.0000,30.250000,11.697786,19.2299,4.2200,5.203192,0.98319214,,,,,0.250000,grid_scan,True,False,scanning
A_R001,A,1,scan74,108.000,9.0000,30.500000,11.851414,19.3550,4.2200,5.220685,1.00068507,,,,,0.250000,grid_scan,True,False,scanning
A_R001,A,1,scan75,108.000,9.0000,30.750000,12.004581,19.4804,4.2200,5.238325,1.01832492,,,,,0.250000,grid_scan,True,False,scanning
A_R001,A,1,scan76,108.000,9.0000,31.000000,12.157300,19.6059,4.2200,5.256112,1.03611177,,,,,0.250000,grid_scan,True,False,scanning
A_R001,A,1,scan77,108.000,9.0000,31.250000,12.309580,19.7317,4.2200,5.274046,1.05404570,,,,,0.250000,grid_scan,True,False,scanning
A_R001,A,1,scan78,108.000,9.0000,31.500000,12.461433,19.8575,4.2200,5.292127,1.07212677,,,,,0.250000,grid_scan,True,False,scanning
A_R001,A,1,scan79,108.000,9.0000,31.750000,12.612868,19.9836,4.2200,5.310355,1.09035507,,,,,0.250000,grid_scan,True,False,scanning
A_R001,A,1,scan80,108.000,9.0000,32.000000,12.763895,20.1098,4.2200,5.328731,1.10873067,,,,,0.250000,grid_scan,True,False,scanning
A_R001,A,1,scan81,108.000,9.0000,32.250000,12.914524,20.2361,4.2200,5.347254,1.12725366,,,,,0.250000,grid_scan,True,False,scanning
A_R001,A,1,scan82,108.000,9.0000,32.500000,13.064763,20.3626,4.2200,5.365924,1.14592411,,,,,0.250000,grid_scan,True,False,scanning
A_R001,A,1,scan83,108.000,9.0000,32.750000,13.214622,20.4893,4.2200,5.384742,1.16474210,,,,,0.250000,grid_scan,True,False,scanning
A_R001,A,1,scan84,108.000,9.0000,33.000000,13.364109,20.6161,4.2200,5.403708,1.18370772,,,,,0.250000,grid_scan,True,False,scanning
A_R001,A,1,scan85,108.000,9.0000,33.250000,13.513232,20.7431,4.2200,5.422821,1.20282105,,,,,0.250000,grid_scan,True,False,scanning
A_R001,A,1,scan86,108.000,9.0000,33.500000,13.662001,20.8702,4.2200,5.442082,1.22208217,,,,,0.250000,grid_scan,True,False,scanning
A_R001,A,1,scan87,108.000,9.0000,33.750000,13.810422,20.9975,4.2200,5.461491,1.24149116,,,,,0.250000,grid_scan,True,False,scanning
A_R001,A,1,scan88,108.000,9.0000,34.000000,13.958503,21.1249,4.2200,5.481048,1.26104810,,,,,0.250000,grid_scan,True,False,scanning
A_R001,A,1,scan89,108.000,9.0000,34.250000,14.106252,21.2524,4.2200,5.500753,1.28075309,,,,,0.250000,grid_scan,True,False,scanning
A_R001,A,1,scan90,108.000,9.0000,34.500000,14.253676,21.3801,4.2200,5.520606,1.30060620,,,,,0.250000,grid_scan,True,False,scanning
A_R001,A,1,scan91,108.000,9.0000,34.750000,14.400782,21.5079,4.2200,5.540608,1.32060752,,,,,0.250000,grid_scan,True,False,scanning
A_R001,A,1,scan92,108.000,9.0000,35.000000,14.547577,21.6358,4.2200,5.560757,1.34075714,,,,,0.250000,grid_scan,True,False,scanning
A_R001,A,1,scan93,108.000,9.0000,35.250000,14.694067,21.7639,4.2200,5.581055,1.36105514,,,,,0.250000,grid_scan,True,False,scanning
A_R001,A,1,scan94,108.000,9.0000,35.500000,14.840258,21.8921,4.2200,5.601502,1.38150162,,,,,0.250000,grid_scan,True,False,scanning
A_R001,A,1,scan95,108.000,9.0000,35.750000,14.986158,22.0205,4.2200,5.622097,1.40209665,,,,,0.250000,grid_scan,True,False,scanning
A_R001,A,1,scan96,108.000,9.0000,36.000000,15.131772,22.1489,4.2200,5.642840,1.42284034,,,,,0.250000,grid_scan,True,False,scanning
A_R001,A,1,scan97,108.000,9.0000,36.250000,15.277106,22.2775,4.2200,5.663733,1.44373276,,,,,0.250000,grid_scan,True,False,scanning
A_R001,A,1,scan98,108.000,9.0000,36.500000,15.422166,22.4062,4.2200,5.684774,1.46477402,,,,,0.250000,grid_scan,True,False,scanning
A_R001,A,1,scan99,108.000,9.0000,36.750000,15.566957,22.5350,4.2200,5.705964,1.48596419,,,,,0.250000,grid_scan,True,False,scanning
A_R001,A,1,scan100,108.000,9.0000,37.000000,15.711484,22.6640,4.2200,5.727303,1.50730338,,,,,0.250000,grid_scan,True,False,scanning
A_R001,A,1,scan101,108.000,9.0000,37.250000,15.855754,22.7930,4.2200,5.748792,1.52879168,,,,,0.250000,grid_scan,True,False,scanning
A_R001,A,1,scan102,108.000,9.0000,37.500000,15.999771,22.9222,4.2200,5.770429,1.55042917,,,,,0.250000,grid_scan,True,False,scanning
A_R001,A,1,scan103,108.000,9.0000,37.750000,16.143541,23.0515,4.2200,5.792216,1.57221596,,,,,0.250000,grid_scan,True,False,scanning
A_R001,A,1,scan104,108.000,9.0000,38.000000,16.287067,23.1809,4.2200,5.814152,1.59415213,,,,,0.250000,grid_scan,True,False,scanning
A_R001,A,1,scan105,108.000,9.0000,38.250000,16.430356,23.3104,4.2200,5.836238,1.61623779,,,,,0.250000,grid_scan,True,False,scanning
A_R001,A,1,scan106,108.000,9.0000,38.500000,16.573411,23.4400,4.2200,5.858473,1.63847303,,,,,0.250000,grid_scan,True,False,scanning
A_R001,A,1,scan107,108.000,9.0000,38.750000,16.716237,23.5697,4.2200,5.880858,1.66085794,,,,,0.250000,grid_scan,True,False,scanning
A_R001,A,1,scan108,108.000,9.0000,39.000000,16.858838,23.6995,4.2200,5.903393,1.68339263,,,,,0.250000,grid_scan,True,False,scanning
A_R001,A,1,scan109,108.000,9.0000,39.250000,17.001219,23.8294,4.2200,5.926077,1.70607719,,,,,0.250000,grid_scan,True,False,scanning
A_R001,A,1,scan110,108.000,9.0000,39.500000,17.143384,23.9595,4.2200,5.948912,1.72891172,,,,,0.250000,grid_scan,True,False,scanning
A_R001,A,1,scan111,108.000,9.0000,39.750000,17.285337,24.0896,4.2200,5.971896,1.75189633,,,,,0.250000,grid_scan,True,False,scanning
A_R001,A,1,scan112,108.000,9.0000,40.000000,17.427082,24.2198,4.2200,5.995031,1.77503110,,,,,0.250000,grid_scan,True,False,scanning
A_R001,A,1,,108.000,9.0000,,,,4.2200,,,,,,12.000,,bisection,,False,no_root
A_R002,A,2,scan0,120.000,10.0000,12.000000,-3.656292,10.9601,4.2200,4.316054,0.09605404,,,,,,grid_scan,False,False,scanning
A_R002,A,2,scan1,120.000,10.0000,12.250000,-3.334967,11.0511,4.2200,4.322300,0.10229970,,,,,0.250000,grid_scan,False,False,scanning
A_R002,A,2,scan2,120.000,10.0000,12.500000,-3.021412,11.1433,4.2200,4.328673,0.10867316,,,,,0.250000,grid_scan,False,False,scanning
A_R002,A,2,scan3,120.000,10.0000,12.750000,-2.715176,11.2367,4.2200,4.335175,0.11517452,,,,,0.250000,grid_scan,False,False,scanning
A_R002,A,2,scan4,120.000,10.0000,13.000000,-2.415843,11.3312,4.2200,4.341804,0.12180387,,,,,0.250000,grid_scan,False,False,scanning
A_R002,A,2,scan5,120.000,10.0000,13.250000,-2.123025,11.4269,4.2200,4.348561,0.12856129,,,,,0.250000,grid_scan,False,False,scanning
A_R002,A,2,scan6,120.000,10.0000,13.500000,-1.836364,11.5235,4.2200,4.355447,0.13544686,,,,,0.250000,grid_scan,False,False,scanning
A_R002,A,2,scan7,120.000,10.0000,13.750000,-1.555529,11.6212,4.2200,4.362461,0.14246066,,,,,0.250000,grid_scan,False,False,scanning
A_R002,A,2,scan8,120.000,10.0000,14.000000,-1.280209,11.7198,4.2200,4.369603,0.14960276,,,,,0.250000,grid_scan,False,False,scanning
A_R002,A,2,scan9,120.000,10.0000,14.250000,-1.010118,11.8193,4.2200,4.376873,0.15687321,,,,,0.250000,grid_scan,False,False,scanning
A_R002,A,2,scan10,120.000,10.0000,14.500000,-0.744987,11.9197,4.2200,4.384272,0.16427210,,,,,0.250000,grid_scan,False,False,scanning
A_R002,A,2,scan11,120.000,10.0000,14.750000,-0.484566,12.0209,4.2200,4.391799,0.17179947,,,,,0.250000,grid_scan,False,False,scanning
A_R002,A,2,scan12,120.000,10.0000,15.000000,-0.228623,12.1230,4.2200,4.399455,0.17945539,,,,,0.250000,grid_scan,False,False,scanning
A_R002,A,2,scan13,120.000,10.0000,15.250000,0.023062,12.2259,4.2200,4.407240,0.18723991,,,,,0.250000,grid_scan,True,False,scanning
A_R002,A,2,scan14,120.000,10.0000,15.500000,0.270693,12.3295,4.2200,4.415153,0.19515308,,,,,0.250000,grid_scan,True,False,scanning
A_R002,A,2,scan15,120.000,10.0000,15.750000,0.514462,12.4338,4.2200,4.423195,0.20319496,,,,,0.250000,grid_scan,True,False,scanning
A_R002,A,2,scan16,120.000,10.0000,16.000000,0.754547,12.5388,4.2200,4.431366,0.21136559,,,,,0.250000,grid_scan,True,False,scanning
A_R002,A,2,scan17,120.000,10.0000,16.250000,0.991118,12.6445,4.2200,4.439665,0.21966503,,,,,0.250000,grid_scan,True,False,scanning
A_R002,A,2,scan18,120.000,10.0000,16.500000,1.224334,12.7509,4.2200,4.448093,0.22809332,,,,,0.250000,grid_scan,True,False,scanning
A_R002,A,2,scan19,120.000,10.0000,16.750000,1.454343,12.8579,4.2200,4.456651,0.23665052,,,,,0.250000,grid_scan,True,False,scanning
A_R002,A,2,scan20,120.000,10.0000,17.000000,1.681287,12.9655,4.2200,4.465337,0.24533666,,,,,0.250000,grid_scan,True,False,scanning
A_R002,A,2,scan21,120.000,10.0000,17.250000,1.905297,13.0737,4.2200,4.474152,0.25415179,,,,,0.250000,grid_scan,True,False,scanning
A_R002,A,2,scan22,120.000,10.0000,17.500000,2.126499,13.1825,4.2200,4.483096,0.26309595,,,,,0.250000,grid_scan,True,False,scanning
A_R002,A,2,scan23,120.000,10.0000,17.750000,2.345010,13.2918,4.2200,4.492169,0.27216920,,,,,0.250000,grid_scan,True,False,scanning
A_R002,A,2,scan24,120.000,10.0000,18.000000,2.560942,13.4017,4.2200,4.501372,0.28137157,,,,,0.250000,grid_scan,True,False,scanning
A_R002,A,2,scan25,120.000,10.0000,18.250000,2.774401,13.5121,4.2200,4.510703,0.29070310,,,,,0.250000,grid_scan,True,False,scanning
A_R002,A,2,scan26,120.000,10.0000,18.500000,2.985485,13.6230,4.2200,4.520164,0.30016384,,,,,0.250000,grid_scan,True,False,scanning
A_R002,A,2,scan27,120.000,10.0000,18.750000,3.194290,13.7344,4.2200,4.529754,0.30975383,,,,,0.250000,grid_scan,True,False,scanning
A_R002,A,2,scan28,120.000,10.0000,19.000000,3.400906,13.8463,4.2200,4.539473,0.31947312,,,,,0.250000,grid_scan,True,False,scanning
A_R002,A,2,scan29,120.000,10.0000,19.250000,3.605416,13.9586,4.2200,4.549322,0.32932173,,,,,0.250000,grid_scan,True,False,scanning
A_R002,A,2,scan30,120.000,10.0000,19.500000,3.807901,14.0714,4.2200,4.559300,0.33929972,,,,,0.250000,grid_scan,True,False,scanning
A_R002,A,2,scan31,120.000,10.0000,19.750000,4.008438,14.1846,4.2200,4.569407,0.34940713,,,,,0.250000,grid_scan,True,False,scanning
A_R002,A,2,scan32,120.000,10.0000,20.000000,4.207100,14.2983,4.2200,4.579644,0.35964400,,,,,0.250000,grid_scan,True,False,scanning
A_R002,A,2,scan33,120.000,10.0000,20.250000,4.403956,14.4124,4.2200,4.590010,0.37001036,,,,,0.250000,grid_scan,True,False,scanning
A_R002,A,2,scan34,120.000,10.0000,20.500000,4.599072,14.5269,4.2200,4.600506,0.38050627,,,,,0.250000,grid_scan,True,False,scanning
A_R002,A,2,scan35,120.000,10.0000,20.750000,4.792509,14.6418,4.2200,4.611132,0.39113175,,,,,0.250000,grid_scan,True,False,scanning
A_R002,A,2,scan36,120.000,10.0000,21.000000,4.984329,14.7571,4.2200,4.621887,0.40188686,,,,,0.250000,grid_scan,True,False,scanning
A_R002,A,2,scan37,120.000,10.0000,21.250000,5.174587,14.8728,4.2200,4.632772,0.41277164,,,,,0.250000,grid_scan,True,False,scanning
A_R002,A,2,scan38,120.000,10.0000,21.500000,5.363338,14.9888,4.2200,4.643786,0.42378612,,,,,0.250000,grid_scan,True,False,scanning
A_R002,A,2,scan39,120.000,10.0000,21.750000,5.550634,15.1052,4.2200,4.654930,0.43493035,,,,,0.250000,grid_scan,True,False,scanning
A_R002,A,2,scan40,120.000,10.0000,22.000000,5.736524,15.2219,4.2200,4.666204,0.44620437,,,,,0.250000,grid_scan,True,False,scanning
A_R002,A,2,scan41,120.000,10.0000,22.250000,5.921055,15.3390,4.2200,4.677608,0.45760823,,,,,0.250000,grid_scan,True,False,scanning
A_R002,A,2,scan42,120.000,10.0000,22.500000,6.104273,15.4564,4.2200,4.689142,0.46914196,,,,,0.250000,grid_scan,True,False,scanning
A_R002,A,2,scan43,120.000,10.0000,22.750000,6.286221,15.5742,4.2200,4.700806,0.48080561,,,,,0.250000,grid_scan,True,False,scanning
A_R002,A,2,scan44,120.000,10.0000,23.000000,6.466939,15.6923,4.2200,4.712599,0.49259922,,,,,0.250000,grid_scan,True,False,scanning
A_R002,A,2,scan45,120.000,10.0000,23.250000,6.646468,15.8107,4.2200,4.724523,0.50452283,,,,,0.250000,grid_scan,True,False,scanning
A_R002,A,2,scan46,120.000,10.0000,23.500000,6.824845,15.9293,4.2200,4.736576,0.51657650,,,,,0.250000,grid_scan,True,False,scanning
A_R002,A,2,scan47,120.000,10.0000,23.750000,7.002107,16.0483,4.2200,4.748760,0.52876025,,,,,0.250000,grid_scan,True,False,scanning
A_R002,A,2,scan48,120.000,10.0000,24.000000,7.178287,16.1676,4.2200,4.761074,0.54107414,,,,,0.250000,grid_scan,True,False,scanning
A_R002,A,2,scan49,120.000,10.0000,24.250000,7.353421,16.2872,4.2200,4.773518,0.55351821,,,,,0.250000,grid_scan,True,False,scanning
A_R002,A,2,scan50,120.000,10.0000,24.500000,7.527538,16.4071,4.2200,4.786093,0.56609250,,,,,0.250000,grid_scan,True,False,scanning
A_R002,A,2,scan51,120.000,10.0000,24.750000,7.700671,16.5272,4.2200,4.798797,0.57879706,,,,,0.250000,grid_scan,True,False,scanning
A_R002,A,2,scan52,120.000,10.0000,25.000000,7.872849,16.6476,4.2200,4.811632,0.59163194,,,,,0.250000,grid_scan,True,False,scanning
A_R002,A,2,scan53,120.000,10.0000,25.250000,8.044100,16.7682,4.2200,4.824597,0.60459718,,,,,0.250000,grid_scan,True,False,scanning
A_R002,A,2,scan54,120.000,10.0000,25.500000,8.214451,16.8892,4.2200,4.837693,0.61769282,,,,,0.250000,grid_scan,True,False,scanning
A_R002,A,2,scan55,120.000,10.0000,25.750000,8.383928,17.0103,4.2200,4.850919,0.63091892,,,,,0.250000,grid_scan,True,False,scanning
A_R002,A,2,scan56,120.000,10.0000,26.000000,8.552556,17.1318,4.2200,4.864276,0.64427552,,,,,0.250000,grid_scan,True,False,scanning
A_R002,A,2,scan57,120.000,10.0000,26.250000,8.720360,17.2534,4.2200,4.877763,0.65776266,,,,,0.250000,grid_scan,True,False,scanning
A_R002,A,2,scan58,120.000,10.0000,26.500000,8.887363,17.3754,4.2200,4.891380,0.67138039,,,,,0.250000,grid_scan,True,False,scanning
A_R002,A,2,scan59,120.000,10.0000,26.750000,9.053587,17.4975,4.2200,4.905129,0.68512877,,,,,0.250000,grid_scan,True,False,scanning
A_R002,A,2,scan60,120.000,10.0000,27.000000,9.219054,17.6199,4.2200,4.919008,0.69900784,,,,,0.250000,grid_scan,True,False,scanning
A_R002,A,2,scan61,120.000,10.0000,27.250000,9.383785,17.7425,4.2200,4.933018,0.71301764,,,,,0.250000,grid_scan,True,False,scanning
A_R002,A,2,scan62,120.000,10.0000,27.500000,9.547799,17.8653,4.2200,4.947158,0.72715824,,,,,0.250000,grid_scan,True,False,scanning
A_R002,A,2,scan63,120.000,10.0000,27.750000,9.711116,17.9883,4.2200,4.961430,0.74142967,,,,,0.250000,grid_scan,True,False,scanning
A_R002,A,2,scan64,120.000,10.0000,28.000000,9.873755,18.1116,4.2200,4.975832,0.75583198,,,,,0.250000,grid_scan,True,False,scanning
A_R002,A,2,scan65,120.000,10.0000,28.250000,10.035734,18.2350,4.2200,4.990365,0.77036523,,,,,0.250000,grid_scan,True,False,scanning
A_R002,A,2,scan66,120.000,10.0000,28.500000,10.197069,18.3587,4.2200,5.005029,0.78502947,,,,,0.250000,grid_scan,True,False,scanning
A_R002,A,2,scan67,120.000,10.0000,28.750000,10.357778,18.4826,4.2200,5.019825,0.79982475,,,,,0.250000,grid_scan,True,False,scanning
A_R002,A,2,scan68,120.000,10.0000,29.000000,10.517877,18.6067,4.2200,5.034751,0.81475112,,,,,0.250000,grid_scan,True,False,scanning
A_R002,A,2,scan69,120.000,10.0000,29.250000,10.677381,18.7309,4.2200,5.049809,0.82980862,,,,,0.250000,grid_scan,True,False,scanning
A_R002,A,2,scan70,120.000,10.0000,29.500000,10.836306,18.8554,4.2200,5.064997,0.84499732,,,,,0.250000,grid_scan,True,False,scanning
A_R002,A,2,scan71,120.000,10.0000,29.750000,10.994665,18.9800,4.2200,5.080317,0.86031727,,,,,0.250000,grid_scan,True,False,scanning
A_R002,A,2,scan72,120.000,10.0000,30.000000,11.152474,19.1048,4.2200,5.095769,0.87576852,,,,,0.250000,grid_scan,True,False,scanning
A_R002,A,2,scan73,120.000,10.0000,30.250000,11.309746,19.2299,4.2200,5.111351,0.89135112,,,,,0.250000,grid_scan,True,False,scanning
A_R002,A,2,scan74,120.000,10.0000,30.500000,11.466494,19.3550,4.2200,5.127065,0.90706513,,,,,0.250000,grid_scan,True,False,scanning
A_R002,A,2,scan75,120.000,10.0000,30.750000,11.622731,19.4804,4.2200,5.142911,0.92291060,,,,,0.250000,grid_scan,True,False,scanning
A_R002,A,2,scan76,120.000,10.0000,31.000000,11.778468,19.6059,4.2200,5.158888,0.93888758,,,,,0.250000,grid_scan,True,False,scanning
A_R002,A,2,scan77,120.000,10.0000,31.250000,11.933719,19.7317,4.2200,5.174996,0.95499614,,,,,0.250000,grid_scan,True,False,scanning
A_R002,A,2,scan78,120.000,10.0000,31.500000,12.088494,19.8575,4.2200,5.191236,0.97123632,,,,,0.250000,grid_scan,True,False,scanning
A_R002,A,2,scan79,120.000,10.0000,31.750000,12.242806,19.9836,4.2200,5.207608,0.98760819,,,,,0.250000,grid_scan,True,False,scanning
A_R002,A,2,scan80,120.000,10.0000,32.000000,12.396663,20.1098,4.2200,5.224112,1.00411180,,,,,0.250000,grid_scan,True,False,scanning
A_R002,A,2,scan81,120.000,10.0000,32.250000,12.550078,20.2361,4.2200,5.240747,1.02074720,,,,,0.250000,grid_scan,True,False,scanning
A_R002,A,2,scan82,120.000,10.0000,32.500000,12.703061,20.3626,4.2200,5.257514,1.03751446,,,,,0.250000,grid_scan,True,False,scanning
A_R002,A,2,scan83,120.000,10.0000,32.750000,12.855621,20.4893,4.2200,5.274414,1.05441364,,,,,0.250000,grid_scan,True,False,scanning
A_R002,A,2,scan84,120.000,10.0000,33.000000,13.007768,20.6161,4.2200,5.291445,1.07144478,,,,,0.250000,grid_scan,True,False,scanning
A_R002,A,2,scan85,120.000,10.0000,33.250000,13.159510,20.7431,4.2200,5.308608,1.08860796,,,,,0.250000,grid_scan,True,False,scanning
A_R002,A,2,scan86,120.000,10.0000,33.500000,13.310859,20.8702,4.2200,5.325903,1.10590322,,,,,0.250000,grid_scan,True,False,scanning
A_R002,A,2,scan87,120.000,10.0000,33.750000,13.461821,20.9975,4.2200,5.343331,1.12333064,,,,,0.250000,grid_scan,True,False,scanning
A_R002,A,2,scan88,120.000,10.0000,34.000000,13.612405,21.1249,4.2200,5.360890,1.14089027,,,,,0.250000,grid_scan,True,False,scanning
A_R002,A,2,scan89,120.000,10.0000,34.250000,13.762621,21.2524,4.2200,5.378582,1.15858216,,,,,0.250000,grid_scan,True,False,scanning
A_R002,A,2,scan90,120.000,10.0000,34.500000,13.912475,21.3801,4.2200,5.396406,1.17640639,,,,,0.250000,grid_scan,True,False,scanning
A_R002,A,2,scan91,120.000,10.0000,34.750000,14.061976,21.5079,4.2200,5.414363,1.19436302,,,,,0.250000,grid_scan,True,False,scanning
A_R002,A,2,scan92,120.000,10.0000,35.000000,14.211131,21.6358,4.2200,5.432452,1.21245210,,,,,0.250000,grid_scan,True,False,scanning
A_R002,A,2,scan93,120.000,10.0000,35.250000,14.359947,21.7639,4.2200,5.450674,1.23067370,,,,,0.250000,grid_scan,True,False,scanning
A_R002,A,2,scan94,120.000,10.0000,35.500000,14.508432,21.8921,4.2200,5.469028,1.24902788,,,,,0.250000,grid_scan,True,False,scanning
A_R002,A,2,scan95,120.000,10.0000,35.750000,14.656592,22.0205,4.2200,5.487515,1.26751471,,,,,0.250000,grid_scan,True,False,scanning
A_R002,A,2,scan96,120.000,10.0000,36.000000,14.804435,22.1489,4.2200,5.506134,1.28613425,,,,,0.250000,grid_scan,True,False,scanning
A_R002,A,2,scan97,120.000,10.0000,36.250000,14.951967,22.2775,4.2200,5.524887,1.30488656,,,,,0.250000,grid_scan,True,False,scanning
A_R002,A,2,scan98,120.000,10.0000,36.500000,15.099194,22.4062,4.2200,5.543772,1.32377172,,,,,0.250000,grid_scan,True,False,scanning
A_R002,A,2,scan99,120.000,10.0000,36.750000,15.246122,22.5350,4.2200,5.562790,1.34278978,,,,,0.250000,grid_scan,True,False,scanning
A_R002,A,2,scan100,120.000,10.0000,37.000000,15.392758,22.6640,4.2200,5.581941,1.36194081,,,,,0.250000,grid_scan,True,False,scanning
A_R002,A,2,scan101,120.000,10.0000,37.250000,15.539107,22.7930,4.2200,5.601225,1.38122488,,,,,0.250000,grid_scan,True,False,scanning
A_R002,A,2,scan102,120.000,10.0000,37.500000,15.685176,22.9222,4.2200,5.620642,1.40064206,,,,,0.250000,grid_scan,True,False,scanning
A_R002,A,2,scan103,120.000,10.0000,37.750000,15.830969,23.0515,4.2200,5.640192,1.42019241,,,,,0.250000,grid_scan,True,False,scanning
A_R002,A,2,scan104,120.000,10.0000,38.000000,15.976492,23.1809,4.2200,5.659876,1.43987600,,,,,0.250000,grid_scan,True,False,scanning
A_R002,A,2,scan105,120.000,10.0000,38.250000,16.121750,23.3104,4.2200,5.679693,1.45969291,,,,,0.250000,grid_scan,True,False,scanning
A_R002,A,2,scan106,120.000,10.0000,38.500000,16.266750,23.4400,4.2200,5.699643,1.47964319,,,,,0.250000,grid_scan,True,False,scanning
A_R002,A,2,scan107,120.000,10.0000,38.750000,16.411494,23.5697,4.2200,5.719727,1.49972692,,,,,0.250000,grid_scan,True,False,scanning
A_R002,A,2,scan108,120.000,10.0000,39.000000,16.555990,23.6995,4.2200,5.739944,1.51994417,,,,,0.250000,grid_scan,True,False,scanning
A_R002,A,2,scan109,120.000,10.0000,39.250000,16.700240,23.8294,4.2200,5.760295,1.54029501,,,,,0.250000,grid_scan,True,False,scanning
A_R002,A,2,scan110,120.000,10.0000,39.500000,16.844250,23.9595,4.2200,5.780780,1.56077952,,,,,0.250000,grid_scan,True,False,scanning
A_R002,A,2,scan111,120.000,10.0000,39.750000,16.988025,24.0896,4.2200,5.801398,1.58139775,,,,,0.250000,grid_scan,True,False,scanning
A_R002,A,2,scan112,120.000,10.0000,40.000000,17.131569,24.2198,4.2200,5.822150,1.60214979,,,,,0.250000,grid_scan,True,False,scanning
A_R002,A,2,,120.000,10.0000,,,,4.2200,,,,,,12.000,,bisection,,False,no_root
A_R003,A,3,scan0,132.000,11.0000,12.000000,-4.624246,10.9601,4.2200,4.313973,0.09397312,,,,,,grid_scan,False,False,scanning
A_R003,A,3,scan1,132.000,11.0000,12.250000,-4.283336,11.0511,4.2200,4.319650,0.09964997,,,,,0.250000,grid_scan,False,False,scanning
A_R003,A,3,scan2,132.000,11.0000,12.500000,-3.950975,11.1433,4.2200,4.325443,0.10544293,,,,,0.250000,grid_scan,False,False,scanning
A_R003,A,3,scan3,132.000,11.0000,12.750000,-3.626664,11.2367,4.2200,4.331352,0.11135209,,,,,0.250000,grid_scan,False,False,scanning
A_R003,A,3,scan4,132.000,11.0000,13.000000,-3.309945,11.3312,4.2200,4.337378,0.11737751,,,,,0.250000,grid_scan,False,False,scanning
A_R003,A,3,scan5,132.000,11.0000,13.250000,-3.000394,11.4269,4.2200,4.343519,0.12351928,,,,,0.250000,grid_scan,False,False,scanning
A_R003,A,3,scan6,132.000,11.0000,13.500000,-2.697616,11.5235,4.2200,4.349777,0.12977746,,,,,0.250000,grid_scan,False,False,scanning
A_R003,A,3,scan7,132.000,11.0000,13.750000,-2.401245,11.6212,4.2200,4.356152,0.13615212,,,,,0.250000,grid_scan,False,False,scanning
A_R003,A,3,scan8,132.000,11.0000,14.000000,-2.110941,11.7198,4.2200,4.362643,0.14264332,,,,,0.250000,grid_scan,False,False,scanning
A_R003,A,3,scan9,132.000,11.0000,14.250000,-1.826389,11.8193,4.2200,4.369251,0.14925111,,,,,0.250000,grid_scan,False,False,scanning
A_R003,A,3,scan10,132.000,11.0000,14.500000,-1.547293,11.9197,4.2200,4.375976,0.15597555,,,,,0.250000,grid_scan,False,False,scanning
A_R003,A,3,scan11,132.000,11.0000,14.750000,-1.273379,12.0209,4.2200,4.382817,0.16281668,,,,,0.250000,grid_scan,False,False,scanning
A_R003,A,3,scan12,132.000,11.0000,15.000000,-1.004390,12.1230,4.2200,4.389775,0.16977457,,,,,0.250000,grid_scan,False,False,scanning
A_R003,A,3,scan13,132.000,11.0000,15.250000,-0.740084,12.2259,4.2200,4.396849,0.17684924,,,,,0.250000,grid_scan,False,False,scanning
A_R003,A,3,scan14,132.000,11.0000,15.500000,-0.480239,12.3295,4.2200,4.404041,0.18404076,,,,,0.250000,grid_scan,False,False,scanning
A_R003,A,3,scan15,132.000,11.0000,15.750000,-0.224642,12.4338,4.2200,4.411349,0.19134915,,,,,0.250000,grid_scan,False,False,scanning
A_R003,A,3,scan16,132.000,11.0000,16.000000,0.026903,12.5388,4.2200,4.418774,0.19877447,,,,,0.250000,grid_scan,True,False,scanning
A_R003,A,3,scan17,132.000,11.0000,16.250000,0.274583,12.6445,4.2200,4.426317,0.20631675,,,,,0.250000,grid_scan,True,False,scanning
A_R003,A,3,scan18,132.000,11.0000,16.500000,0.518572,12.7509,4.2200,4.433976,0.21397603,,,,,0.250000,grid_scan,True,False,scanning
A_R003,A,3,scan19,132.000,11.0000,16.750000,0.759034,12.8579,4.2200,4.441752,0.22175236,,,,,0.250000,grid_scan,True,False,scanning
A_R003,A,3,scan20,132.000,11.0000,17.000000,0.996123,12.9655,4.2200,4.449646,0.22964576,,,,,0.250000,grid_scan,True,False,scanning
A_R003,A,3,scan21,132.000,11.0000,17.250000,1.229986,13.0737,4.2200,4.457656,0.23765628,,,,,0.250000,grid_scan,True,False,scanning
A_R003,A,3,scan22,132.000,11.0000,17.500000,1.460759,13.1825,4.2200,4.465784,0.24578394,,,,,0.250000,grid_scan,True,False,scanning
A_R003,A,3,scan23,132.000,11.0000,17.750000,1.688573,13.2918,4.2200,4.474029,0.25402879,,,,,0.250000,grid_scan,True,False,scanning
A_R003,A,3,scan24,132.000,11.0000,18.000000,1.913550,13.4017,4.2200,4.482391,0.26239086,,,,,0.250000,grid_scan,True,False,scanning
A_R003,A,3,scan25,132.000,11.0000,18.250000,2.135806,13.5121,4.2200,4.490870,0.27087018,,,,,0.250000,grid_scan,True,False,scanning
A_R003,A,3,scan26,132.000,11.0000,18.500000,2.355451,13.6230,4.2200,4.499467,0.27946679,,,,,0.250000,grid_scan,True,False,scanning
A_R003,A,3,scan27,132.000,11.0000,18.750000,2.572588,13.7344,4.2200,4.508181,0.28818071,,,,,0.250000,grid_scan,True,False,scanning
A_R003,A,3,scan28,132.000,11.0000,19.000000,2.787316,13.8463,4.2200,4.517012,0.29701199,,,,,0.250000,grid_scan,True,False,scanning
A_R003,A,3,scan29,132.000,11.0000,19.250000,2.999728,13.9586,4.2200,4.525961,0.30596066,,,,,0.250000,grid_scan,True,False,scanning
A_R003,A,3,scan30,132.000,11.0000,19.500000,3.209914,14.0714,4.2200,4.535027,0.31502674,,,,,0.250000,grid_scan,True,False,scanning
A_R003,A,3,scan31,132.000,11.0000,19.750000,3.417956,14.1846,4.2200,4.544210,0.32421028,,,,,0.250000,grid_scan,True,False,scanning
A_R003,A,3,scan32,132.000,11.0000,20.000000,3.623936,14.2983,4.2200,4.553511,0.33351129,,,,,0.250000,grid_scan,True,False,scanning
A_R003,A,3,scan33,132.000,11.0000,20.250000,3.827928,14.4124,4.2200,4.562930,0.34292982,,,,,0.250000,grid_scan,True,False,scanning
A_R003,A,3,scan34,132.000,11.0000,20.500000,4.030007,14.5269,4.2200,4.572466,0.35246590,,,,,0.250000,grid_scan,True,False,scanning
A_R003,A,3,scan35,132.000,11.0000,20.750000,4.230239,14.6418,4.2200,4.582120,0.36211956,,,,,0.250000,grid_scan,True,False,scanning
A_R003,A,3,scan36,132.000,11.0000,21.000000,4.428692,14.7571,4.2200,4.591891,0.37189082,,,,,0.250000,grid_scan,True,False,scanning
A_R003,A,3,scan37,132.000,11.0000,21.250000,4.625427,14.8728,4.2200,4.601780,0.38177973,,,,,0.250000,grid_scan,True,False,scanning
A_R003,A,3,scan38,132.000,11.0000,21.500000,4.820505,14.9888,4.2200,4.611786,0.39178632,,,,,0.250000,grid_scan,True,False,scanning
A_R003,A,3,scan39,132.000,11.0000,21.750000,5.013982,15.1052,4.2200,4.621911,0.40191061,,,,,0.250000,grid_scan,True,False,scanning
A_R003,A,3,scan40,132.000,11.0000,22.000000,5.205912,15.2219,4.2200,4.632153,0.41215264,,,,,0.250000,grid_scan,True,False,scanning
A_R003,A,3,scan41,132.000,11.0000,22.250000,5.396348,15.3390,4.2200,4.642512,0.42251245,,,,,0.250000,grid_scan,True,False,scanning
A_R003,A,3,scan42,132.000,11.0000,22.500000,5.585339,15.4564,4.2200,4.652990,0.43299005,,,,,0.250000,grid_scan,True,False,scanning
A_R003,A,3,scan43,132.000,11.0000,22.750000,5.772932,15.5742,4.2200,4.663585,0.44358550,,,,,0.250000,grid_scan,True,False,scanning
A_R003,A,3,scan44,132.000,11.0000,23.000000,5.959174,15.6923,4.2200,4.674299,0.45429881,,,,,0.250000,grid_scan,True,False,scanning
A_R003,A,3,scan45,132.000,11.0000,23.250000,6.144107,15.8107,4.2200,4.685130,0.46513003,,,,,0.250000,grid_scan,True,False,scanning
A_R003,A,3,scan46,132.000,11.0000,23.500000,6.327773,15.9293,4.2200,4.696079,0.47607918,,,,,0.250000,grid_scan,True,False,scanning
A_R003,A,3,scan47,132.000,11.0000,23.750000,6.510211,16.0483,4.2200,4.707146,0.48714630,,,,,0.250000,grid_scan,True,False,scanning
A_R003,A,3,scan48,132.000,11.0000,24.000000,6.691461,16.1676,4.2200,4.718331,0.49833142,,,,,0.250000,grid_scan,True,False,scanning
A_R003,A,3,scan49,132.000,11.0000,24.250000,6.871559,16.2872,4.2200,4.729635,0.50963458,,,,,0.250000,grid_scan,True,False,scanning
A_R003,A,3,scan50,132.000,11.0000,24.500000,7.050540,16.4071,4.2200,4.741056,0.52105580,,,,,0.250000,grid_scan,True,False,scanning
A_R003,A,3,scan51,132.000,11.0000,24.750000,7.228437,16.5272,4.2200,4.752595,0.53259513,,,,,0.250000,grid_scan,True,False,scanning
A_R003,A,3,scan52,132.000,11.0000,25.000000,7.405284,16.6476,4.2200,4.764253,0.54425260,,,,,0.250000,grid_scan,True,False,scanning
A_R003,A,3,scan53,132.000,11.0000,25.250000,7.581111,16.7682,4.2200,4.776028,0.55602824,,,,,0.250000,grid_scan,True,False,scanning
A_R003,A,3,scan54,132.000,11.0000,25.500000,7.755948,16.8892,4.2200,4.787922,0.56792209,,,,,0.250000,grid_scan,True,False,scanning
A_R003,A,3,scan55,132.000,11.0000,25.750000,7.929823,17.0103,4.2200,4.799934,0.57993418,,,,,0.250000,grid_scan,True,False,scanning
A_R003,A,3,scan56,132.000,11.0000,26.000000,8.102766,17.1318,4.2200,4.812065,0.59206454,,,,,0.250000,grid_scan,True,False,scanning
A_R003,A,3,scan57,132.000,11.0000,26.250000,8.274801,17.2534,4.2200,4.824313,0.60431322,,,,,0.250000,grid_scan,True,False,scanning
A_R003,A,3,scan58,132.000,11.0000,26.500000,8.445955,17.3754,4.2200,4.836680,0.61668025,,,,,0.250000,grid_scan,True,False,scanning
A_R003,A,3,scan59,132.000,11.0000,26.750000,8.616253,17.4975,4.2200,4.849166,0.62916566,,,,,0.250000,grid_scan,True,False,scanning
A_R003,A,3,scan60,132.000,11.0000,27.000000,8.785718,17.6199,4.2200,4.861769,0.64176949,,,,,0.250000,grid_scan,True,False,scanning
A_R003,A,3,scan61,132.000,11.0000,27.250000,8.954372,17.7425,4.2200,4.874492,0.65449178,,,,,0.250000,grid_scan,True,False,scanning
A_R003,A,3,scan62,132.000,11.0000,27.500000,9.122239,17.8653,4.2200,4.887333,0.66733256,,,,,0.250000,grid_scan,True,False,scanning
A_R003,A,3,scan63,132.000,11.0000,27.750000,9.289339,17.9883,4.2200,4.900292,0.68029188,,,,,0.250000,grid_scan,True,False,scanning
A_R003,A,3,scan64,132.000,11.0000,28.000000,9.455692,18.1116,4.2200,4.913370,0.69336976,,,,,0.250000,grid_scan,True,False,scanning
A_R003,A,3,scan65,132.000,11.0000,28.250000,9.621320,18.2350,4.2200,4.926566,0.70656625,,,,,0.250000,grid_scan,True,False,scanning
A_R003,A,3,scan66,132.000,11.0000,28.500000,9.786239,18.3587,4.2200,4.939881,0.71988138,,,,,0.250000,grid_scan,True,False,scanning
A_R003,A,3,scan67,132.000,11.0000,28.750000,9.950470,18.4826,4.2200,4.953315,0.73331519,,,,,0.250000,grid_scan,True,False,scanning
A_R003,A,3,scan68,132.000,11.0000,29.000000,10.114029,18.6067,4.2200,4.966868,0.74686773,,,,,0.250000,grid_scan,True,False,scanning
A_R003,A,3,scan69,132.000,11.0000,29.250000,10.276935,18.7309,4.2200,4.980539,0.76053903,,,,,0.250000,grid_scan,True,False,scanning
A_R003,A,3,scan70,132.000,11.0000,29.500000,10.439203,18.8554,4.2200,4.994329,0.77432912,,,,,0.250000,grid_scan,True,False,scanning
A_R003,A,3,scan71,132.000,11.0000,29.750000,10.600849,18.9800,4.2200,5.008238,0.78823805,,,,,0.250000,grid_scan,True,False,scanning
A_R003,A,3,scan72,132.000,11.0000,30.000000,10.761890,19.1048,4.2200,5.022266,0.80226587,,,,,0.250000,grid_scan,True,False,scanning
A_R003,A,3,scan73,132.000,11.0000,30.250000,10.922340,19.2299,4.2200,5.036413,0.81641260,,,,,0.250000,grid_scan,True,False,scanning
A_R003,A,3,scan74,132.000,11.0000,30.500000,11.082213,19.3550,4.2200,5.050678,0.83067828,,,,,0.250000,grid_scan,True,False,scanning
A_R003,A,3,scan75,132.000,11.0000,30.750000,11.241524,19.4804,4.2200,5.065063,0.84506297,,,,,0.250000,grid_scan,True,False,scanning
A_R003,A,3,scan76,132.000,11.0000,31.000000,11.400286,19.6059,4.2200,5.079567,0.85956670,,,,,0.250000,grid_scan,True,False,scanning
A_R003,A,3,scan77,132.000,11.0000,31.250000,11.558513,19.7317,4.2200,5.094190,0.87418951,,,,,0.250000,grid_scan,True,False,scanning
A_R003,A,3,scan78,132.000,11.0000,31.500000,11.716216,19.8575,4.2200,5.108931,0.88893145,,,,,0.250000,grid_scan,True,False,scanning
A_R003,A,3,scan79,132.000,11.0000,31.750000,11.873409,19.9836,4.2200,5.123793,0.90379255,,,,,0.250000,grid_scan,True,False,scanning
A_R003,A,3,scan80,132.000,11.0000,32.000000,12.030103,20.1098,4.2200,5.138773,0.91877286,,,,,0.250000,grid_scan,True,False,scanning
A_R003,A,3,scan81,132.000,11.0000,32.250000,12.186311,20.2361,4.2200,5.153872,0.93387242,,,,,0.250000,grid_scan,True,False,scanning
A_R003,A,3,scan82,132.000,11.0000,32.500000,12.342042,20.3626,4.2200,5.169091,0.94909128,,,,,0.250000,grid_scan,True,False,scanning
A_R003,A,3,scan83,132.000,11.0000,32.750000,12.497308,20.4893,4.2200,5.184429,0.96442947,,,,,0.250000,grid_scan,True,False,scanning
A_R003,A,3,scan84,132.000,11.0000,33.000000,12.652120,20.6161,4.2200,5.199887,0.97988704,,,,,0.250000,grid_scan,True,False,scanning
A_R003,A,3,scan85,132.000,11.0000,33.250000,12.806488,20.7431,4.2200,5.215464,0.99546404,,,,,0.250000,grid_scan,True,False,scanning
A_R003,A,3,scan86,132.000,11.0000,33.500000,12.960421,20.8702,4.2200,5.231161,1.01116051,,,,,0.250000,grid_scan,True,False,scanning
A_R003,A,3,scan87,132.000,11.0000,33.750000,13.113930,20.9975,4.2200,5.246976,1.02697649,,,,,0.250000,grid_scan,True,False,scanning
A_R003,A,3,scan88,132.000,11.0000,34.000000,13.267024,21.1249,4.2200,5.262912,1.04291203,,,,,0.250000,grid_scan,True,False,scanning
A_R003,A,3,scan89,132.000,11.0000,34.250000,13.419711,21.2524,4.2200,5.278967,1.05896718,,,,,0.250000,grid_scan,True,False,scanning
A_R003,A,3,scan90,132.000,11.0000,34.500000,13.572001,21.3801,4.2200,5.295142,1.07514197,,,,,0.250000,grid_scan,True,False,scanning
A_R003,A,3,scan91,132.000,11.0000,34.750000,13.723902,21.5079,4.2200,5.311436,1.09143647,,,,,0.250000,grid_scan,True,False,scanning
A_R003,A,3,scan92,132.000,11.0000,35.000000,13.875423,21.6358,4.2200,5.327851,1.10785070,,,,,0.250000,grid_scan,True,False,scanning
A_R003,A,3,scan93,132.000,11.0000,35.250000,14.026571,21.7639,4.2200,5.344385,1.12438473,,,,,0.250000,grid_scan,True,False,scanning
A_R003,A,3,scan94,132.000,11.0000,35.500000,14.177355,21.8921,4.2200,5.361039,1.14103859,,,,,0.250000,grid_scan,True,False,scanning
A_R003,A,3,scan95,132.000,11.0000,35.750000,14.327782,22.0205,4.2200,5.377812,1.15781234,,,,,0.250000,grid_scan,True,False,scanning
A_R003,A,3,scan96,132.000,11.0000,36.000000,14.477859,22.1489,4.2200,5.394706,1.17470602,,,,,0.250000,grid_scan,True,False,scanning
A_R003,A,3,scan97,132.000,11.0000,36.250000,14.627594,22.2775,4.2200,5.411720,1.19171968,,,,,0.250000,grid_scan,True,False,scanning
A_R003,A,3,scan98,132.000,11.0000,36.500000,14.776994,22.4062,4.2200,5.428853,1.20885336,,,,,0.250000,grid_scan,True,False,scanning
A_R003,A,3,scan99,132.000,11.0000,36.750000,14.926066,22.5350,4.2200,5.446107,1.22610713,,,,,0.250000,grid_scan,True,False,scanning
A_R003,A,3,scan100,132.000,11.0000,37.000000,15.074815,22.6640,4.2200,5.463481,1.24348102,,,,,0.250000,grid_scan,True,False,scanning
A_R003,A,3,scan101,132.000,11.0000,37.250000,15.223250,22.7930,4.2200,5.480975,1.26097509,,,,,0.250000,grid_scan,True,False,scanning
A_R003,A,3,scan102,132.000,11.0000,37.500000,15.371375,22.9222,4.2200,5.498589,1.27858939,,,,,0.250000,grid_scan,True,False,scanning
A_R003,A,3,scan103,132.000,11.0000,37.750000,15.519197,23.0515,4.2200,5.516324,1.29632396,,,,,0.250000,grid_scan,True,False,scanning
A_R003,A,3,scan104,132.000,11.0000,38.000000,15.666723,23.1809,4.2200,5.534179,1.31417886,,,,,0.250000,grid_scan,True,False,scanning
A_R003,A,3,scan105,132.000,11.0000,38.250000,15.813958,23.3104,4.2200,5.552154,1.33215414,,,,,0.250000,grid_scan,True,False,scanning
A_R003,A,3,scan106,132.000,11.0000,38.500000,15.960907,23.4400,4.2200,5.570250,1.35024985,,,,,0.250000,grid_scan,True,False,scanning
A_R003,A,3,scan107,132.000,11.0000,38.750000,16.107576,23.5697,4.2200,5.588466,1.36846604,,,,,0.250000,grid_scan,True,False,scanning
A_R003,A,3,scan108,132.000,11.0000,39.000000,16.253971,23.6995,4.2200,5.606803,1.38680277,,,,,0.250000,grid_scan,True,False,scanning
A_R003,A,3,scan109,132.000,11.0000,39.250000,16.400096,23.8294,4.2200,5.625260,1.40526008,,,,,0.250000,grid_scan,True,False,scanning
A_R003,A,3,scan110,132.000,11.0000,39.500000,16.545958,23.9595,4.2200,5.643838,1.42383803,,,,,0.250000,grid_scan,True,False,scanning
A_R003,A,3,scan111,132.000,11.0000,39.750000,16.691560,24.0896,4.2200,5.662537,1.44253668,,,,,0.250000,grid_scan,True,False,scanning
A_R003,A,3,scan112,132.000,11.0000,40.000000,16.836908,24.2198,4.2200,5.681356,1.46135607,,,,,0.250000,grid_scan,True,False,scanning
A_R003,A,3,,132.000,11.0000,,,,4.2200,,,,,,12.000,,bisection,,False,no_root
A_R004,A,4,scan0,144.000,12.0000,12.000000,-5.592016,10.9601,4.2200,4.312240,0.09223980,,,,,,grid_scan,False,False,scanning
A_R004,A,4,scan1,144.000,12.0000,12.250000,-5.231518,11.0511,4.2200,4.317443,0.09744289,,,,,0.250000,grid_scan,False,False,scanning
A_R004,A,4,scan2,144.000,12.0000,12.500000,-4.880345,11.1433,4.2200,4.322752,0.10275236,,,,,0.250000,grid_scan,False,False,scanning
A_R004,A,4,scan3,144.000,12.0000,12.750000,-4.537955,11.2367,4.2200,4.328168,0.10816828,,,,,0.250000,grid_scan,False,False,scanning
A_R004,A,4,scan4,144.000,12.0000,13.000000,-4.203847,11.3312,4.2200,4.333691,0.11369073,,,,,0.250000,grid_scan,False,False,scanning
A_R004,A,4,scan5,144.000,12.0000,13.250000,-3.877559,11.4269,4.2200,4.339320,0.11931977,,,,,0.250000,grid_scan,False,False,scanning
A_R004,A,4,scan6,144.000,12.0000,13.500000,-3.558659,11.5235,4.2200,4.345055,0.12505546,,,,,0.250000,grid_scan,False,False,scanning
A_R004,A,4,scan7,144.000,12.0000,13.750000,-3.246748,11.6212,4.2200,4.350898,0.13089786,,,,,0.250000,grid_scan,False,False,scanning
A_R004,A,4,scan8,144.000,12.0000,14.000000,-2.941458,11.7198,4.2200,4.356847,0.13684702,,,,,0.250000,grid_scan,False,False,scanning
A_R004,A,4,scan9,144.000,12.0000,14.250000,-2.642441,11.8193,4.2200,4.362903,0.14290298,,,,,0.250000,grid_scan,False,False,scanning
A_R004,A,4,scan10,144.000,12.0000,14.500000,-2.349376,11.9197,4.2200,4.369066,0.14906580,,,,,0.250000,grid_scan,False,False,scanning
A_R004,A,4,scan11,144.000,12.0000,14.750000,-2.061965,12.0209,4.2200,4.375336,0.15533551,,,,,0.250000,grid_scan,False,False,scanning
A_R004,A,4,scan12,144.000,12.0000,15.000000,-1.779925,12.1230,4.2200,4.381712,0.16171217,,,,,0.250000,grid_scan,False,False,scanning
A_R004,A,4,scan13,144.000,12.0000,15.250000,-1.502996,12.2259,4.2200,4.388196,0.16819581,,,,,0.250000,grid_scan,False,False,scanning
A_R004,A,4,scan14,144.000,12.0000,15.500000,-1.230932,12.3295,4.2200,4.394786,0.17478646,,,,,0.250000,grid_scan,False,False,scanning
A_R004,A,4,scan15,144.000,12.0000,15.750000,-0.963503,12.4338,4.2200,4.401484,0.18148417,,,,,0.250000,grid_scan,False,False,scanning
A_R004,A,4,scan16,144.000,12.0000,16.000000,-0.700494,12.5388,4.2200,4.408289,0.18828897,,,,,0.250000,grid_scan,False,False,scanning
A_R004,A,4,scan17,144.000,12.0000,16.250000,-0.441701,12.6445,4.2200,4.415201,0.19520090,,,,,0.250000,grid_scan,False,False,scanning
A_R004,A,4,scan18,144.000,12.0000,16.500000,-0.186935,12.7509,4.2200,4.422220,0.20221998,,,,,0.250000,grid_scan,False,False,scanning
A_R004,A,4,scan19,144.000,12.0000,16.750000,0.063983,12.8579,4.2200,4.429346,0.20934625,,,,,0.250000,grid_scan,True,False,scanning
A_R004,A,4,scan20,144.000,12.0000,17.000000,0.311222,12.9655,4.2200,4.436580,0.21657974,,,,,0.250000,grid_scan,True,False,scanning
A_R004,A,4,scan21,144.000,12.0000,17.250000,0.554941,13.0737,4.2200,4.443920,0.22392048,,,,,0.250000,grid_scan,True,False,scanning
A_R004,A,4,scan22,144.000,12.0000,17.500000,0.795290,13.1825,4.2200,4.451368,0.23136850,,,,,0.250000,grid_scan,True,False,scanning
A_R004,A,4,scan23,144.000,12.0000,17.750000,1.032411,13.2918,4.2200,4.458924,0.23892383,,,,,0.250000,grid_scan,True,False,scanning
A_R004,A,4,scan24,144.000,12.0000,18.000000,1.266436,13.4017,4.2200,4.466586,0.24658649,,,,,0.250000,grid_scan,True,False,scanning
A_R004,A,4,scan25,144.000,12.0000,18.250000,1.497493,13.5121,4.2200,4.474357,0.25435652,,,,,0.250000,grid_scan,True,False,scanning
A_R004,A,4,scan26,144.000,12.0000,18.500000,1.725702,13.6230,4.2200,4.482234,0.26223393,,,,,0.250000,grid_scan,True,False,scanning
A_R004,A,4,scan27,144.000,12.0000,18.750000,1.951175,13.7344,4.2200,4.490219,0.27021877,,,,,0.250000,grid_scan,True,False,scanning
A_R004,A,4,scan28,144.000,12.0000,19.000000,2.174019,13.8463,4.2200,4.498311,0.27831105,,,,,0.250000,grid_scan,True,False,scanning
A_R004,A,4,scan29,144.000,12.0000,19.250000,2.394338,13.9586,4.2200,4.506511,0.28651080,,,,,0.250000,grid_scan,True,False,scanning
A_R004,A,4,scan30,144.000,12.0000,19.500000,2.612227,14.0714,4.2200,4.514818,0.29481805,,,,,0.250000,grid_scan,True,False,scanning
A_R004,A,4,scan31,144.000,12.0000,19.750000,2.827779,14.1846,4.2200,4.523233,0.30323283,,,,,0.250000,grid_scan,True,False,scanning
A_R004,A,4,scan32,144.000,12.0000,20.000000,3.041080,14.2983,4.2200,4.531755,0.31175515,,,,,0.250000,grid_scan,True,False,scanning
A_R004,A,4,scan33,144.000,12.0000,20.250000,3.252214,14.4124,4.2200,4.540385,0.32038504,,,,,0.250000,grid_scan,True,False,scanning
A_R004,A,4,scan34,144.000,12.0000,20.500000,3.461259,14.5269,4.2200,4.549123,0.32912254,,,,,0.250000,grid_scan,True,False,scanning
A_R004,A,4,scan35,144.000,12.0000,20.750000,3.668291,14.6418,4.2200,4.557968,0.33796766,,,,,0.250000,grid_scan,True,False,scanning
A_R004,A,4,scan36,144.000,12.0000,21.000000,3.873380,14.7571,4.2200,4.566920,0.34692044,,,,,0.250000,grid_scan,True,False,scanning
A_R004,A,4,scan37,144.000,12.0000,21.250000,4.076597,14.8728,4.2200,4.575981,0.35598089,,,,,0.250000,grid_scan,True,False,scanning
A_R004,A,4,scan38,144.000,12.0000,21.500000,4.278005,14.9888,4.2200,4.585149,0.36514904,,,,,0.250000,grid_scan,True,False,scanning
A_R004,A,4,scan39,144.000,12.0000,21.750000,4.477666,15.1052,4.2200,4.594425,0.37442492,,,,,0.250000,grid_scan,True,False,scanning
A_R004,A,4,scan40,144.000,12.0000,22.000000,4.675641,15.2219,4.2200,4.603809,0.38380855,,,,,0.250000,grid_scan,True,False,scanning
A_R004,A,4,scan41,144.000,12.0000,22.250000,4.871985,15.3390,4.2200,4.613300,0.39329996,,,,,0.250000,grid_scan,True,False,scanning
A_R004,A,4,scan42,144.000,12.0000,22.500000,5.066753,15.4564,4.2200,4.622899,0.40289918,,,,,0.250000,grid_scan,True,False,scanning
A_R004,A,4,scan43,144.000,12.0000,22.750000,5.259996,15.5742,4.2200,4.632606,0.41260622,,,,,0.250000,grid_scan,True,False,scanning
A_R004,A,4,scan44,144.000,12.0000,23.000000,5.451765,15.6923,4.2200,4.642421,0.42242112,,,,,0.250000,grid_scan,True,False,scanning
A_R004,A,4,scan45,144.000,12.0000,23.250000,5.642106,15.8107,4.2200,4.652344,0.43234390,,,,,0.250000,grid_scan,True,False,scanning
A_R004,A,4,scan46,144.000,12.0000,23.500000,5.831064,15.9293,4.2200,4.662375,0.44237459,,,,,0.250000,grid_scan,True,False,scanning
A_R004,A,4,scan47,144.000,12.0000,23.750000,6.018685,16.0483,4.2200,4.672513,0.45251320,,,,,0.250000,grid_scan,True,False,scanning
A_R004,A,4,scan48,144.000,12.0000,24.000000,6.205008,16.1676,4.2200,4.682760,0.46275978,,,,,0.250000,grid_scan,True,False,scanning
A_R004,A,4,scan49,144.000,12.0000,24.250000,6.390074,16.2872,4.2200,4.693114,0.47311434,,,,,0.250000,grid_scan,True,False,scanning
A_R004,A,4,scan50,144.000,12.0000,24.500000,6.573922,16.4071,4.2200,4.703577,0.48357691,,,,,0.250000,grid_scan,True,False,scanning
A_R004,A,4,scan51,144.000,12.0000,24.750000,6.756588,16.5272,4.2200,4.714148,0.49414752,,,,,0.250000,grid_scan,True,False,scanning
A_R004,A,4,scan52,144.000,12.0000,25.000000,6.938107,16.6476,4.2200,4.724826,0.50482619,,,,,0.250000,grid_scan,True,False,scanning
A_R004,A,4,scan53,144.000,12.0000,25.250000,7.118514,16.7682,4.2200,4.735613,0.51561296,,,,,0.250000,grid_scan,True,False,scanning
A_R004,A,4,scan54,144.000,12.0000,25.500000,7.297841,16.8892,4.2200,4.746508,0.52650784,,,,,0.250000,grid_scan,True,False,scanning
A_R004,A,4,scan55,144.000,12.0000,25.750000,7.476119,17.0103,4.2200,4.757511,0.53751086,,,,,0.250000,grid_scan,True,False,scanning
A_R004,A,4,scan56,144.000,12.0000,26.000000,7.653380,17.1318,4.2200,4.768622,0.54862206,,,,,0.250000,grid_scan,True,False,scanning
A_R004,A,4,scan57,144.000,12.0000,26.250000,7.829651,17.2534,4.2200,4.779841,0.55984146,,,,,0.250000,grid_scan,True,False,scanning
A_R004,A,4,scan58,144.000,12.0000,26.500000,8.004960,17.3754,4.2200,4.791169,0.57116909,,,,,0.250000,grid_scan,True,False,scanning
A_R004,A,4,scan59,144.000,12.0000,26.750000,8.179335,17.4975,4.2200,4.802605,0.58260497,,,,,0.250000,grid_scan,True,False,scanning
A_R004,A,4,scan60,144.000,12.0000,27.000000,8.352801,17.6199,4.2200,4.814149,0.59414913,,,,,0.250000,grid_scan,True,False,scanning
A_R004,A,4,scan61,144.000,12.0000,27.250000,8.525384,17.7425,4.2200,4.825802,0.60580160,,,,,0.250000,grid_scan,True,False,scanning
A_R004,A,4,scan62,144.000,12.0000,27.500000,8.697107,17.8653,4.2200,4.837562,0.61756242,,,,,0.250000,grid_scan,True,False,scanning
A_R004,A,4,scan63,144.000,12.0000,27.750000,8.867994,17.9883,4.2200,4.849432,0.62943160,,,,,0.250000,grid_scan,True,False,scanning
A_R004,A,4,scan64,144.000,12.0000,28.000000,9.038066,18.1116,4.2200,4.861409,0.64140918,,,,,0.250000,grid_scan,True,False,scanning
A_R004,A,4,scan65,144.000,12.0000,28.250000,9.207346,18.2350,4.2200,4.873495,0.65349519,,,,,0.250000,grid_scan,True,False,scanning
A_R004,A,4,scan66,144.000,12.0000,28.500000,9.375854,18.3587,4.2200,4.885690,0.66568965,,,,,0.250000,grid_scan,True,False,scanning
A_R004,A,4,scan67,144.000,12.0000,28.750000,9.543610,18.4826,4.2200,4.897993,0.67799260,,,,,0.250000,grid_scan,True,False,scanning
A_R004,A,4,scan68,144.000,12.0000,29.000000,9.710635,18.6067,4.2200,4.910404,0.69040406,,,,,0.250000,grid_scan,True,False,scanning
A_R004,A,4,scan69,144.000,12.0000,29.250000,9.876945,18.7309,4.2200,4.922924,0.70292407,,,,,0.250000,grid_scan,True,False,scanning
A_R004,A,4,scan70,144.000,12.0000,29.500000,10.042561,18.8554,4.2200,4.935553,0.71555266,,,,,0.250000,grid_scan,True,False,scanning
A_R004,A,4,scan71,144.000,12.0000,29.750000,10.207498,18.9800,4.2200,4.948290,0.72828984,,,,,0.250000,grid_scan,True,False,scanning
A_R004,A,4,scan72,144.000,12.0000,30.000000,10.371775,19.1048,4.2200,4.961136,0.74113567,,,,,0.250000,grid_scan,True,False,scanning
A_R004,A,4,scan73,144.000,12.0000,30.250000,10.535406,19.2299,4.2200,4.974090,0.75409016,,,,,0.250000,grid_scan,True,False,scanning
A_R004,A,4,scan74,144.000,12.0000,30.500000,10.698409,19.3550,4.2200,4.987153,0.76715335,,,,,0.250000,grid_scan,True,False,scanning
A_R004,A,4,scan75,144.000,12.0000,30.750000,10.860798,19.4804,4.2200,5.000325,0.78032527,,,,,0.250000,grid_scan,True,False,scanning
A_R004,A,4,scan76,144.000,12.0000,31.000000,11.022589,19.6059,4.2200,5.013606,0.79360595,,,,,0.250000,grid_scan,True,False,scanning
A_R004,A,4,scan77,144.000,12.0000,31.250000,11.183795,19.7317,4.2200,5.026995,0.80699543,,,,,0.250000,grid_scan,True,False,scanning
A_R004,A,4,scan78,144.000,12.0000,31.500000,11.344431,19.8575,4.2200,5.040494,0.82049373,,,,,0.250000,grid_scan,True,False,scanning
A_R004,A,4,scan79,144.000,12.0000,31.750000,11.504510,19.9836,4.2200,5.054101,0.83410088,,,,,0.250000,grid_scan,True,False,scanning
A_R004,A,4,scan80,144.000,12.0000,32.000000,11.664045,20.1098,4.2200,5.067817,0.84781693,,,,,0.250000,grid_scan,True,False,scanning
A_R004,A,4,scan81,144.000,12.0000,32.250000,11.823048,20.2361,4.2200,5.081642,0.86164190,,,,,0.250000,grid_scan,True,False,scanning
A_R004,A,4,scan82,144.000,12.0000,32.500000,11.981532,20.3626,4.2200,5.095576,0.87557582,,,,,0.250000,grid_scan,True,False,scanning
A_R004,A,4,scan83,144.000,12.0000,32.750000,12.139509,20.4893,4.2200,5.109619,0.88961873,,,,,0.250000,grid_scan,True,False,scanning
A_R004,A,4,scan84,144.000,12.0000,33.000000,12.296990,20.6161,4.2200,5.123771,0.90377067,,,,,0.250000,grid_scan,True,False,scanning
A_R004,A,4,scan85,144.000,12.0000,33.250000,12.453987,20.7431,4.2200,5.138032,0.91803166,,,,,0.250000,grid_scan,True,False,scanning
A_R004,A,4,scan86,144.000,12.0000,33.500000,12.610510,20.8702,4.2200,5.152402,0.93240174,,,,,0.250000,grid_scan,True,False,scanning
A_R004,A,4,scan87,144.000,12.0000,33.750000,12.766570,20.9975,4.2200,5.166881,0.94688095,,,,,0.250000,grid_scan,True,False,scanning
A_R004,A,4,scan88,144.000,12.0000,34.000000,12.922176,21.1249,4.2200,5.181469,0.96146931,,,,,0.250000,grid_scan,True,False,scanning
A_R004,A,4,scan89,144.000,12.0000,34.250000,13.077340,21.2524,4.2200,5.196167,0.97616687,,,,,0.250000,grid_scan,True,False,scanning
A_R004,A,4,scan90,144.000,12.0000,34.500000,13.232070,21.3801,4.2200,5.210974,0.99097366,,,,,0.250000,grid_scan,True,False,scanning
A_R004,A,4,scan91,144.000,12.0000,34.750000,13.386375,21.5079,4.2200,5.225890,1.00588972,,,,,0.250000,grid_scan,True,False,scanning
A_R004,A,4,scan92,144.000,12.0000,35.000000,13.540266,21.6358,4.2200,5.240915,1.02091507,,,,,0.250000,grid_scan,True,False,scanning
A_R004,A,4,scan93,144.000,12.0000,35.250000,13.693751,21.7639,4.2200,5.256050,1.03604976,,,,,0.250000,grid_scan,True,False,scanning
A_R004,A,4,scan94,144.000,12.0000,35.500000,13.846837,21.8921,4.2200,5.271294,1.05129382,,,,,0.250000,grid_scan,True,False,scanning
A_R004,A,4,scan95,144.000,12.0000,35.750000,13.999535,22.0205,4.2200,5.286647,1.06664729,,,,,0.250000,grid_scan,True,False,scanning
A_R004,A,4,scan96,144.000,12.0000,36.000000,14.151851,22.1489,4.2200,5.302110,1.08211020,,,,,0.250000,grid_scan,True,False,scanning
A_R004,A,4,scan97,144.000,12.0000,36.250000,14.303793,22.2775,4.2200,5.317683,1.09768260,,,,,0.250000,grid_scan,True,False,scanning
A_R004,A,4,scan98,144.000,12.0000,36.500000,14.455370,22.4062,4.2200,5.333365,1.11336451,,,,,0.250000,grid_scan,True,False,scanning
A_R004,A,4,scan99,144.000,12.0000,36.750000,14.606589,22.5350,4.2200,5.349156,1.12915598,,,,,0.250000,grid_scan,True,False,scanning
A_R004,A,4,scan100,144.000,12.0000,37.000000,14.757456,22.6640,4.2200,5.365057,1.14505705,,,,,0.250000,grid_scan,True,False,scanning
A_R004,A,4,scan101,144.000,12.0000,37.250000,14.907980,22.7930,4.2200,5.381068,1.16106775,,,,,0.250000,grid_scan,True,False,scanning
A_R004,A,4,scan102,144.000,12.0000,37.500000,15.058167,22.9222,4.2200,5.397188,1.17718811,,,,,0.250000,grid_scan,True,False,scanning
A_R004,A,4,scan103,144.000,12.0000,37.750000,15.208023,23.0515,4.2200,5.413418,1.19341819,,,,,0.250000,grid_scan,True,False,scanning
A_R004,A,4,scan104,144.000,12.0000,38.000000,15.357555,23.1809,4.2200,5.429758,1.20975801,,,,,0.250000,grid_scan,True,False,scanning
A_R004,A,4,scan105,144.000,12.0000,38.250000,15.506770,23.3104,4.2200,5.446208,1.22620762,,,,,0.250000,grid_scan,True,False,scanning
A_R004,A,4,scan106,144.000,12.0000,38.500000,15.655673,23.4400,4.2200,5.462767,1.24276706,,,,,0.250000,grid_scan,True,False,scanning
A_R004,A,4,scan107,144.000,12.0000,38.750000,15.804271,23.5697,4.2200,5.479436,1.25943636,,,,,0.250000,grid_scan,True,False,scanning
A_R004,A,4,scan108,144.000,12.0000,39.000000,15.952570,23.6995,4.2200,5.496216,1.27621556,,,,,0.250000,grid_scan,True,False,scanning
A_R004,A,4,scan109,144.000,12.0000,39.250000,16.100574,23.8294,4.2200,5.513105,1.29310471,,,,,0.250000,grid_scan,True,False,scanning
A_R004,A,4,scan110,144.000,12.0000,39.500000,16.248291,23.9595,4.2200,5.530104,1.31010385,,,,,0.250000,grid_scan,True,False,scanning
A_R004,A,4,scan111,144.000,12.0000,39.750000,16.395725,24.0896,4.2200,5.547213,1.32721301,,,,,0.250000,grid_scan,True,False,scanning
A_R004,A,4,scan112,144.000,12.0000,40.000000,16.542881,24.2198,4.2200,5.564432,1.34443224,,,,,0.250000,grid_scan,True,False,scanning
A_R004,A,4,,144.000,12.0000,,,,4.2200,,,,,,12.000,,bisection,,False,no_root
A_R005,A,5,scan0,156.000,13.0000,12.000000,-6.559643,10.9601,4.2200,4.310774,0.09077365,,,,,,grid_scan,False,False,scanning
A_R005,A,5,scan1,156.000,13.0000,12.250000,-6.179554,11.0511,4.2200,4.315576,0.09557602,,,,,0.250000,grid_scan,False,False,scanning
A_R005,A,5,scan2,156.000,13.0000,12.500000,-5.809567,11.1433,4.2200,4.320477,0.10047654,,,,,0.250000,grid_scan,False,False,scanning
A_R005,A,5,scan3,156.000,13.0000,12.750000,-5.449095,11.2367,4.2200,4.325475,0.10547529,,,,,0.250000,grid_scan,False,False,scanning
A_R005,A,5,scan4,156.000,13.0000,13.000000,-5.097595,11.3312,4.2200,4.330572,0.11057234,,,,,0.250000,grid_scan,False,False,scanning
A_R005,A,5,scan5,156.000,13.0000,13.250000,-4.754566,11.4269,4.2200,4.335768,0.11576773,,,,,0.250000,grid_scan,False,False,scanning
A_R005,A,5,scan6,156.000,13.0000,13.500000,-4.419542,11.5235,4.2200,4.341062,0.12106152,,,,,0.250000,grid_scan,False,False,scanning
A_R005,A,5,scan7,156.000,13.0000,13.750000,-4.092090,11.6212,4.2200,4.346454,0.12645377,,,,,0.250000,grid_scan,False,False,scanning
A_R005,A,5,scan8,156.000,13.0000,14.000000,-3.771808,11.7198,4.2200,4.351945,0.13194452,,,,,0.250000,grid_scan,False,False,scanning
A_R005,A,5,scan9,156.000,13.0000,14.250000,-3.458324,11.8193,4.2200,4.357534,0.13753380,,,,,0.250000,grid_scan,False,False,scanning
A_R005,A,5,scan10,156.000,13.0000,14.500000,-3.151288,11.9197,4.2200,4.363222,0.14322168,,,,,0.250000,grid_scan,False,False,scanning
A_R005,A,5,scan11,156.000,13.0000,14.750000,-2.850375,12.0209,4.2200,4.369008,0.14900817,,,,,0.250000,grid_scan,False,False,scanning
A_R005,A,5,scan12,156.000,13.0000,15.000000,-2.555283,12.1230,4.2200,4.374893,0.15489332,,,,,0.250000,grid_scan,False,False,scanning
A_R005,A,5,scan13,156.000,13.0000,15.250000,-2.265727,12.2259,4.2200,4.380877,0.16087717,,,,,0.250000,grid_scan,False,False,scanning
A_R005,A,5,scan14,156.000,13.0000,15.500000,-1.981442,12.3295,4.2200,4.386960,0.16695974,,,,,0.250000,grid_scan,False,False,scanning
A_R005,A,5,scan15,156.000,13.0000,15.750000,-1.702177,12.4338,4.2200,4.393141,0.17314108,,,,,0.250000,grid_scan,False,False,scanning
A_R005,A,5,scan16,156.000,13.0000,16.000000,-1.427701,12.5388,4.2200,4.399421,0.17942120,,,,,0.250000,grid_scan,False,False,scanning
A_R005,A,5,scan17,156.000,13.0000,16.250000,-1.157793,12.6445,4.2200,4.405800,0.18580013,,,,,0.250000,grid_scan,False,False,scanning
A_R005,A,5,scan18,156.000,13.0000,16.500000,-0.892247,12.7509,4.2200,4.412278,0.19227792,,,,,0.250000,grid_scan,False,False,scanning
A_R005,A,5,scan19,156.000,13.0000,16.750000,-0.630869,12.8579,4.2200,4.418855,0.19885458,,,,,0.250000,grid_scan,False,False,scanning
A_R005,A,5,scan20,156.000,13.0000,17.000000,-0.373477,12.9655,4.2200,4.425530,0.20553013,,,,,0.250000,grid_scan,False,False,scanning
A_R005,A,5,scan21,156.000,13.0000,17.250000,-0.119899,13.0737,4.2200,4.432305,0.21230462,,,,,0.250000,grid_scan,False,False,scanning
A_R005,A,5,scan22,156.000,13.0000,17.500000,0.130029,13.1825,4.2200,4.439178,0.21917805,,,,,0.250000,grid_scan,True,False,scanning
A_R005,A,5,scan23,156.000,13.0000,17.750000,0.376459,13.2918,4.2200,4.446150,0.22615045,,,,,0.250000,grid_scan,True,False,scanning
A_R005,A,5,scan24,156.000,13.0000,18.000000,0.619536,13.4017,4.2200,4.453222,0.23322186,,,,,0.250000,grid_scan,True,False,scanning
A_R005,A,5,scan25,156.000,13.0000,18.250000,0.859397,13.5121,4.2200,4.460392,0.24039228,,,,,0.250000,grid_scan,True,False,scanning
A_R005,A,5,scan26,156.000,13.0000,18.500000,1.096172,13.6230,4.2200,4.467662,0.24766175,,,,,0.250000,grid_scan,True,False,scanning
A_R005,A,5,scan27,156.000,13.0000,18.750000,1.329984,13.7344,4.2200,4.475030,0.25503028,,,,,0.250000,grid_scan,True,False,scanning
A_R005,A,5,scan28,156.000,13.0000,19.000000,1.560949,13.8463,4.2200,4.482498,0.26249790,,,,,0.250000,grid_scan,True,False,scanning
A_R005,A,5,scan29,156.000,13.0000,19.250000,1.789177,13.9586,4.2200,4.490065,0.27006463,,,,,0.250000,grid_scan,True,False,scanning
A_R005,A,5,scan30,156.000,13.0000,19.500000,2.014773,14.0714,4.2200,4.497730,0.27773050,,,,,0.250000,grid_scan,True,False,scanning
A_R005,A,5,scan31,156.000,13.0000,19.750000,2.237836,14.1846,4.2200,4.505496,0.28549551,,,,,0.250000,grid_scan,True,False,scanning
A_R005,A,5,scan32,156.000,13.0000,20.000000,2.458462,14.2983,4.2200,4.513360,0.29335970,,,,,0.250000,grid_scan,True,False,scanning
A_R005,A,5,scan33,156.000,13.0000,20.250000,2.676740,14.4124,4.2200,4.521323,0.30132308,,,,,0.250000,grid_scan,True,False,scanning
A_R005,A,5,scan34,156.000,13.0000,20.500000,2.892755,14.5269,4.2200,4.529386,0.30938568,,,,,0.250000,grid_scan,True,False,scanning
A_R005,A,5,scan35,156.000,13.0000,20.750000,3.106588,14.6418,4.2200,4.537548,0.31754752,,,,,0.250000,grid_scan,True,False,scanning
A_R005,A,5,scan36,156.000,13.0000,21.000000,3.318318,14.7571,4.2200,4.545809,0.32580861,,,,,0.250000,grid_scan,True,False,scanning
A_R005,A,5,scan37,156.000,13.0000,21.250000,3.528019,14.8728,4.2200,4.554169,0.33416898,,,,,0.250000,grid_scan,True,False,scanning
A_R005,A,5,scan38,156.000,13.0000,21.500000,3.735760,14.9888,4.2200,4.562629,0.34262864,,,,,0.250000,grid_scan,True,False,scanning
A_R005,A,5,scan39,156.000,13.0000,21.750000,3.941610,15.1052,4.2200,4.571188,0.35118763,,,,,0.250000,grid_scan,True,False,scanning
A_R005,A,5,scan40,156.000,13.0000,22.000000,4.145631,15.2219,4.2200,4.579846,0.35984595,,,,,0.250000,grid_scan,True,False,scanning
A_R005,A,5,scan41,156.000,13.0000,22.250000,4.347887,15.3390,4.2200,4.588604,0.36860364,,,,,0.250000,grid_scan,True,False,scanning
A_R005,A,5,scan42,156.000,13.0000,22.500000,4.548435,15.4564,4.2200,4.597461,0.37746070,,,,,0.250000,grid_scan,True,False,scanning
A_R005,A,5,scan43,156.000,13.0000,22.750000,4.747331,15.5742,4.2200,4.606417,0.38641717,,,,,0.250000,grid_scan,True,False,scanning
A_R005,A,5,scan44,156.000,13.0000,23.000000,4.944630,15.6923,4.2200,4.615473,0.39547305,,,,,0.250000,grid_scan,True,False,scanning
A_R005,A,5,scan45,156.000,13.0000,23.250000,5.140382,15.8107,4.2200,4.624628,0.40462838,,,,,0.250000,grid_scan,True,False,scanning
A_R005,A,5,scan46,156.000,13.0000,23.500000,5.334636,15.9293,4.2200,4.633883,0.41388316,,,,,0.250000,grid_scan,True,False,scanning
A_R005,A,5,scan47,156.000,13.0000,23.750000,5.527441,16.0483,4.2200,4.643237,0.42323744,,,,,0.250000,grid_scan,True,False,scanning
A_R005,A,5,scan48,156.000,13.0000,24.000000,5.718840,16.1676,4.2200,4.652691,0.43269121,,,,,0.250000,grid_scan,True,False,scanning
A_R005,A,5,scan49,156.000,13.0000,24.250000,5.908878,16.2872,4.2200,4.662245,0.44224451,,,,,0.250000,grid_scan,True,False,scanning
A_R005,A,5,scan50,156.000,13.0000,24.500000,6.097595,16.4071,4.2200,4.671897,0.45189735,,,,,0.250000,grid_scan,True,False,scanning
A_R005,A,5,scan51,156.000,13.0000,24.750000,6.285033,16.5272,4.2200,4.681650,0.46164977,,,,,0.250000,grid_scan,True,False,scanning
A_R005,A,5,scan52,156.000,13.0000,25.000000,6.471228,16.6476,4.2200,4.691502,0.47150176,,,,,0.250000,grid_scan,True,False,scanning
A_R005,A,5,scan53,156.000,13.0000,25.250000,6.656218,16.7682,4.2200,4.701453,0.48145337,,,,,0.250000,grid_scan,True,False,scanning
A_R005,A,5,scan54,156.000,13.0000,25.500000,6.840038,16.8892,4.2200,4.711505,0.49150461,,,,,0.250000,grid_scan,True,False,scanning
A_R005,A,5,scan55,156.000,13.0000,25.750000,7.022723,17.0103,4.2200,4.721656,0.50165550,,,,,0.250000,grid_scan,True,False,scanning
A_R005,A,5,scan56,156.000,13.0000,26.000000,7.204304,17.1318,4.2200,4.731906,0.51190606,,,,,0.250000,grid_scan,True,False,scanning
A_R005,A,5,scan57,156.000,13.0000,26.250000,7.384813,17.2534,4.2200,4.742256,0.52225632,,,,,0.250000,grid_scan,True,False,scanning
A_R005,A,5,scan58,156.000,13.0000,26.500000,7.564281,17.3754,4.2200,4.752706,0.53270630,,,,,0.250000,grid_scan,True,False,scanning
A_R005,A,5,scan59,156.000,13.0000,26.750000,7.742736,17.4975,4.2200,4.763256,0.54325601,,,,,0.250000,grid_scan,True,False,scanning
A_R005,A,5,scan60,156.000,13.0000,27.000000,7.920207,17.6199,4.2200,4.773905,0.55390549,,,,,0.250000,grid_scan,True,False,scanning
A_R005,A,5,scan61,156.000,13.0000,27.250000,8.096721,17.7425,4.2200,4.784655,0.56465475,,,,,0.250000,grid_scan,True,False,scanning
A_R005,A,5,scan62,156.000,13.0000,27.500000,8.272304,17.8653,4.2200,4.795504,0.57550382,,,,,0.250000,grid_scan,True,False,scanning
A_R005,A,5,scan63,156.000,13.0000,27.750000,8.446980,17.9883,4.2200,4.806453,0.58645271,,,,,0.250000,grid_scan,True,False,scanning
A_R005,A,5,scan64,156.000,13.0000,28.000000,8.620774,18.1116,4.2200,4.817501,0.59750146,,,,,0.250000,grid_scan,True,False,scanning
A_R005,A,5,scan65,156.000,13.0000,28.250000,8.793710,18.2350,4.2200,4.828650,0.60865008,,,,,0.250000,grid_scan,True,False,scanning
A_R005,A,5,scan66,156.000,13.0000,28.500000,8.965810,18.3587,4.2200,4.839899,0.61989860,,,,,0.250000,grid_scan,True,False,scanning
A_R005,A,5,scan67,156.000,13.0000,28.750000,9.137095,18.4826,4.2200,4.851247,0.63124704,,,,,0.250000,grid_scan,True,False,scanning
A_R005,A,5,scan68,156.000,13.0000,29.000000,9.307587,18.6067,4.2200,4.862695,0.64269543,,,,,0.250000,grid_scan,True,False,scanning
A_R005,A,5,scan69,156.000,13.0000,29.250000,9.477306,18.7309,4.2200,4.874244,0.65424378,,,,,0.250000,grid_scan,True,False,scanning
A_R005,A,5,scan70,156.000,13.0000,29.500000,9.646272,18.8554,4.2200,4.885892,0.66589212,,,,,0.250000,grid_scan,True,False,scanning
A_R005,A,5,scan71,156.000,13.0000,29.750000,9.814503,18.9800,4.2200,4.897640,0.67764048,,,,,0.250000,grid_scan,True,False,scanning
A_R005,A,5,scan72,156.000,13.0000,30.000000,9.982018,19.1048,4.2200,4.909489,0.68948888,,,,,0.250000,grid_scan,True,False,scanning
A_R005,A,5,scan73,156.000,13.0000,30.250000,10.148835,19.2299,4.2200,4.921437,0.70143735,,,,,0.250000,grid_scan,True,False,scanning
A_R005,A,5,scan74,156.000,13.0000,30.500000,10.314971,19.3550,4.2200,4.933486,0.71348590,,,,,0.250000,grid_scan,True,False,scanning
A_R005,A,5,scan75,156.000,13.0000,30.750000,10.480441,19.4804,4.2200,4.945635,0.72563456,,,,,0.250000,grid_scan,True,False,scanning
A_R005,A,5,scan76,156.000,13.0000,31.000000,10.645264,19.6059,4.2200,4.957883,0.73788337,,,,,0.250000,grid_scan,True,False,scanning
A_R005,A,5,scan77,156.000,13.0000,31.250000,10.809453,19.7317,4.2200,4.970232,0.75023233,,,,,0.250000,grid_scan,True,False,scanning
A_R005,A,5,scan78,156.000,13.0000,31.500000,10.973024,19.8575,4.2200,4.982681,0.76268149,,,,,0.250000,grid_scan,True,False,scanning
A_R005,A,5,scan79,156.000,13.0000,31.750000,11.135992,19.9836,4.2200,4.995231,0.77523086,,,,,0.250000,grid_scan,True,False,scanning
A_R005,A,5,scan80,156.000,13.0000,32.000000,11.298370,20.1098,4.2200,5.007880,0.78788047,,,,,0.250000,grid_scan,True,False,scanning
A_R005,A,5,scan81,156.000,13.0000,32.250000,11.460173,20.2361,4.2200,5.020630,0.80063034,,,,,0.250000,grid_scan,True,False,scanning
A_R005,A,5,scan82,156.000,13.0000,32.500000,11.621413,20.3626,4.2200,5.033481,0.81348050,,,,,0.250000,grid_scan,True,False,scanning
A_R005,A,5,scan83,156.000,13.0000,32.750000,11.782104,20.4893,4.2200,5.046431,0.82643098,,,,,0.250000,grid_scan,True,False,scanning
A_R005,A,5,scan84,156.000,13.0000,33.000000,11.942257,20.6161,4.2200,5.059482,0.83948181,,,,,0.250000,grid_scan,True,False,scanning
A_R005,A,5,scan85,156.000,13.0000,33.250000,12.101886,20.7431,4.2200,5.072633,0.85263300,,,,,0.250000,grid_scan,True,False,scanning
A_R005,A,5,scan86,156.000,13.0000,33.500000,12.261002,20.8702,4.2200,5.085885,0.86588459,,,,,0.250000,grid_scan,True,False,scanning
A_R005,A,5,scan87,156.000,13.0000,33.750000,12.419615,20.9975,4.2200,5.099237,0.87923660,,,,,0.250000,grid_scan,True,False,scanning
A_R005,A,5,scan88,156.000,13.0000,34.000000,12.577738,21.1249,4.2200,5.112689,0.89268907,,,,,0.250000,grid_scan,True,False,scanning
A_R005,A,5,scan89,156.000,13.0000,34.250000,12.735381,21.2524,4.2200,5.126242,0.90624201,,,,,0.250000,grid_scan,True,False,scanning
A_R005,A,5,scan90,156.000,13.0000,34.500000,12.892554,21.3801,4.2200,5.139895,0.91989546,,,,,0.250000,grid_scan,True,False,scanning
A_R005,A,5,scan91,156.000,13.0000,34.750000,13.049267,21.5079,4.2200,5.153649,0.93364944,,,,,0.250000,grid_scan,True,False,scanning
A_R005,A,5,scan92,156.000,13.0000,35.000000,13.205531,21.6358,4.2200,5.167504,0.94750398,,,,,0.250000,grid_scan,True,False,scanning
A_R005,A,5,scan93,156.000,13.0000,35.250000,13.361355,21.7639,4.2200,5.181459,0.96145911,,,,,0.250000,grid_scan,True,False,scanning
A_R005,A,5,scan94,156.000,13.0000,35.500000,13.516748,21.8921,4.2200,5.195515,0.97551486,,,,,0.250000,grid_scan,True,False,scanning
A_R005,A,5,scan95,156.000,13.0000,35.750000,13.671719,22.0205,4.2200,5.209671,0.98967125,,,,,0.250000,grid_scan,True,False,scanning
A_R005,A,5,scan96,156.000,13.0000,36.000000,13.826276,22.1489,4.2200,5.223928,1.00392832,,,,,0.250000,grid_scan,True,False,scanning
A_R005,A,5,scan97,156.000,13.0000,36.250000,13.980430,22.2775,4.2200,5.238286,1.01828609,,,,,0.250000,grid_scan,True,False,scanning
A_R005,A,5,scan98,156.000,13.0000,36.500000,14.134187,22.4062,4.2200,5.252745,1.03274460,,,,,0.250000,grid_scan,True,False,scanning
A_R005,A,5,scan99,156.000,13.0000,36.750000,14.287556,22.5350,4.2200,5.267304,1.04730386,,,,,0.250000,grid_scan,True,False,scanning
A_R005,A,5,scan100,156.000,13.0000,37.000000,14.440545,22.6640,4.2200,5.281964,1.06196392,,,,,0.250000,grid_scan,True,False,scanning
A_R005,A,5,scan101,156.000,13.0000,37.250000,14.593161,22.7930,4.2200,5.296725,1.07672480,,,,,0.250000,grid_scan,True,False,scanning
A_R005,A,5,scan102,156.000,13.0000,37.500000,14.745412,22.9222,4.2200,5.311587,1.09158653,,,,,0.250000,grid_scan,True,False,scanning
A_R005,A,5,scan103,156.000,13.0000,37.750000,14.897305,23.0515,4.2200,5.326549,1.10654914,,,,,0.250000,grid_scan,True,False,scanning
A_R005,A,5,scan104,156.000,13.0000,38.000000,15.048847,23.1809,4.2200,5.341613,1.12161266,,,,,0.250000,grid_scan,True,False,scanning
A_R005,A,5,scan105,156.000,13.0000,38.250000,15.200045,23.3104,4.2200,5.356777,1.13677712,,,,,0.250000,grid_scan,True,False,scanning
A_R005,A,5,scan106,156.000,13.0000,38.500000,15.350906,23.4400,4.2200,5.372043,1.15204256,,,,,0.250000,grid_scan,True,False,scanning
A_R005,A,5,scan107,156.000,13.0000,38.750000,15.501435,23.5697,4.2200,5.387409,1.16740900,,,,,0.250000,grid_scan,True,False,scanning
A_R005,A,5,scan108,156.000,13.0000,39.000000,15.651641,23.6995,4.2200,5.402876,1.18287647,,,,,0.250000,grid_scan,True,False,scanning
A_R005,A,5,scan109,156.000,13.0000,39.250000,15.801528,23.8294,4.2200,5.418445,1.19844501,,,,,0.250000,grid_scan,True,False,scanning
A_R005,A,5,scan110,156.000,13.0000,39.500000,15.951103,23.9595,4.2200,5.434115,1.21411465,,,,,0.250000,grid_scan,True,False,scanning
A_R005,A,5,scan111,156.000,13.0000,39.750000,16.100372,24.0896,4.2200,5.449885,1.22988541,,,,,0.250000,grid_scan,True,False,scanning
A_R005,A,5,scan112,156.000,13.0000,40.000000,16.249340,24.2198,4.2200,5.465757,1.24575734,,,,,0.250000,grid_scan,True,False,scanning
A_R005,A,5,,156.000,13.0000,,,,4.2200,,,,,,12.000,,bisection,,False,no_root
A_R006,A,6,scan0,168.000,14.0000,12.000000,-7.527158,10.9601,4.2200,4.309517,0.08951728,,,,,,grid_scan,False,False,scanning
A_R006,A,6,scan1,168.000,14.0000,12.250000,-7.127476,11.0511,4.2200,4.313976,0.09397627,,,,,0.250000,grid_scan,False,False,scanning
A_R006,A,6,scan2,168.000,14.0000,12.500000,-6.738672,11.1433,4.2200,4.318526,0.09852638,,,,,0.250000,grid_scan,False,False,scanning
A_R006,A,6,scan3,168.000,14.0000,12.750000,-6.360116,11.2367,4.2200,4.323168,0.10316767,,,,,0.250000,grid_scan,False,False,scanning
A_R006,A,6,scan4,168.000,14.0000,13.000000,-5.991222,11.3312,4.2200,4.327900,0.10790021,,,,,0.250000,grid_scan,False,False,scanning
A_R006,A,6,scan5,168.000,14.0000,13.250000,-5.631451,11.4269,4.2200,4.332724,0.11272404,,,,,0.250000,grid_scan,False,False,scanning
A_R006,A,6,scan6,168.000,14.0000,13.500000,-5.280299,11.5235,4.2200,4.337639,0.11763921,,,,,0.250000,grid_scan,False,False,scanning
A_R006,A,6,scan7,168.000,14.0000,13.750000,-4.937303,11.6212,4.2200,4.342646,0.12264576,,,,,0.250000,grid_scan,False,False,scanning
A_R006,A,6,scan8,168.000,14.0000,14.000000,-4.602028,11.7198,4.2200,4.347744,0.12774375,,,,,0.250000,grid_scan,False,False,scanning
A_R006,A,6,scan9,168.000,14.0000,14.250000,-4.274074,11.8193,4.2200,4.352933,0.13293320,,,,,0.250000,grid_scan,False,False,scanning
A_R006,A,6,scan10,168.000,14.0000,14.500000,-3.953064,11.9197,4.2200,4.358214,0.13821415,,,,,0.250000,grid_scan,False,False,scanning
A_R006,A,6,scan11,168.000,14.0000,14.750000,-3.638649,12.0209,4.2200,4.363587,0.14358665,,,,,0.250000,grid_scan,False,False,scanning
A_R006,A,6,scan12,168.000,14.0000,15.000000,-3.330502,12.1230,4.2200,4.369051,0.14905071,,,,,0.250000,grid_scan,False,False,scanning
A_R006,A,6,scan13,168.000,14.0000,15.250000,-3.028316,12.2259,4.2200,4.374606,0.15460638,,,,,0.250000,grid_scan,False,False,scanning
A_R006,A,6,scan14,168.000,14.0000,15.500000,-2.731807,12.3295,4.2200,4.380254,0.16025368,,,,,0.250000,grid_scan,False,False,scanning
A_R006,A,6,scan15,168.000,14.0000,15.750000,-2.440705,12.4338,4.2200,4.385993,0.16599264,,,,,0.250000,grid_scan,False,False,scanning
A_R006,A,6,scan16,168.000,14.0000,16.000000,-2.154759,12.5388,4.2200,4.391823,0.17182328,,,,,0.250000,grid_scan,False,False,scanning
A_R006,A,6,scan17,168.000,14.0000,16.250000,-1.873733,12.6445,4.2200,4.397746,0.17774563,,,,,0.250000,grid_scan,False,False,scanning
A_R006,A,6,scan18,168.000,14.0000,16.500000,-1.597405,12.7509,4.2200,4.403760,0.18375972,,,,,0.250000,grid_scan,False,False,scanning
A_R006,A,6,scan19,168.000,14.0000,16.750000,-1.325566,12.8579,4.2200,4.409866,0.18986557,,,,,0.250000,grid_scan,False,False,scanning
A_R006,A,6,scan20,168.000,14.0000,17.000000,-1.058019,12.9655,4.2200,4.416063,0.19606321,,,,,0.250000,grid_scan,False,False,scanning
A_R006,A,6,scan21,168.000,14.0000,17.250000,-0.794578,13.0737,4.2200,4.422353,0.20235264,,,,,0.250000,grid_scan,False,False,scanning
A_R006,A,6,scan22,168.000,14.0000,17.500000,-0.535070,13.1825,4.2200,4.428734,0.20873390,,,,,0.250000,grid_scan,False,False,scanning
A_R006,A,6,scan23,168.000,14.0000,17.750000,-0.279328,13.2918,4.2200,4.435207,0.21520701,,,,,0.250000,grid_scan,False,False,scanning
A_R006,A,6,scan24,168.000,14.0000,18.000000,-0.027197,13.4017,4.2200,4.441772,0.22177198,,,,,0.250000,grid_scan,False,False,scanning
A_R006,A,6,scan25,168.000,14.0000,18.250000,0.221471,13.5121,4.2200,4.448429,0.22842884,,,,,0.250000,grid_scan,True,False,scanning
A_R006,A,6,scan26,168.000,14.0000,18.500000,0.466815,13.6230,4.2200,4.455178,0.23517760,,,,,0.250000,grid_scan,True,False,scanning
A_R006,A,6,scan27,168.000,14.0000,18.750000,0.708968,13.7344,4.2200,4.462018,0.24201829,,,,,0.250000,grid_scan,True,False,scanning
A_R006,A,6,scan28,168.000,14.0000,19.000000,0.948055,13.8463,4.2200,4.468951,0.24895092,,,,,0.250000,grid_scan,True,False,scanning
A_R006,A,6,scan29,168.000,14.0000,19.250000,1.184195,13.9586,4.2200,4.475976,0.25597552,,,,,0.250000,grid_scan,True,False,scanning
A_R006,A,6,scan30,168.000,14.0000,19.500000,1.417500,14.0714,4.2200,4.483092,0.26309209,,,,,0.250000,grid_scan,True,False,scanning
A_R006,A,6,scan31,168.000,14.0000,19.750000,1.648078,14.1846,4.2200,4.490301,0.27030066,,,,,0.250000,grid_scan,True,False,scanning
A_R006,A,6,scan32,168.000,14.0000,20.000000,1.876031,14.2983,4.2200,4.497601,0.27760124,,,,,0.250000,grid_scan,True,False,scanning
A_R006,A,6,scan33,168.000,14.0000,20.250000,2.101454,14.4124,4.2200,4.504994,0.28499386,,,,,0.250000,grid_scan,True,False,scanning
A_R006,A,6,scan34,168.000,14.0000,20.500000,2.324441,14.5269,4.2200,4.512479,0.29247852,,,,,0.250000,grid_scan,True,False,scanning
A_R006,A,6,scan35,168.000,14.0000,20.750000,2.545080,14.6418,4.2200,4.520055,0.30005525,,,,,0.250000,grid_scan,True,False,scanning
A_R006,A,6,scan36,168.000,14.0000,21.000000,2.763452,14.7571,4.2200,4.527724,0.30772407,,,,,0.250000,grid_scan,True,False,scanning
A_R006,A,6,scan37,168.000,14.0000,21.250000,2.979639,14.8728,4.2200,4.535485,0.31548499,,,,,0.250000,grid_scan,True,False,scanning
A_R006,A,6,scan38,168.000,14.0000,21.500000,3.193716,14.9888,4.2200,4.543338,0.32333802,,,,,0.250000,grid_scan,True,False,scanning
A_R006,A,6,scan39,168.000,14.0000,21.750000,3.405756,15.1052,4.2200,4.551283,0.33128319,,,,,0.250000,grid_scan,True,False,scanning
A_R006,A,6,scan40,168.000,14.0000,22.000000,3.615827,15.2219,4.2200,4.559321,0.33932051,,,,,0.250000,grid_scan,True,False,scanning
A_R006,A,6,scan41,168.000,14.0000,22.250000,3.823996,15.3390,4.2200,4.567450,0.34745000,,,,,0.250000,grid_scan,True,False,scanning
A_R006,A,6,scan42,168.000,14.0000,22.500000,4.030327,15.4564,4.2200,4.575672,0.35567167,,,,,0.250000,grid_scan,True,False,scanning
A_R006,A,6,scan43,168.000,14.0000,22.750000,4.234878,15.5742,4.2200,4.583986,0.36398554,,,,,0.250000,grid_scan,True,False,scanning
A_R006,A,6,scan44,168.000,14.0000,23.000000,4.437709,15.6923,4.2200,4.592392,0.37239164,,,,,0.250000,grid_scan,True,False,scanning
A_R006,A,6,scan45,168.000,14.0000,23.250000,4.638875,15.8107,4.2200,4.600890,0.38088997,,,,,0.250000,grid_scan,True,False,scanning
A_R006,A,6,scan46,168.000,14.0000,23.500000,4.838428,15.9293,4.2200,4.609481,0.38948055,,,,,0.250000,grid_scan,True,False,scanning
A_R006,A,6,scan47,168.000,14.0000,23.750000,5.036419,16.0483,4.2200,4.618163,0.39816340,,,,,0.250000,grid_scan,True,False,scanning
A_R006,A,6,scan48,168.000,14.0000,24.000000,5.232897,16.1676,4.2200,4.626939,0.40693853,,,,,0.250000,grid_scan,True,False,scanning
A_R006,A,6,scan49,168.000,14.0000,24.250000,5.427908,16.2872,4.2200,4.635806,0.41580597,,,,,0.250000,grid_scan,True,False,scanning
A_R006,A,6,scan50,168.000,14.0000,24.500000,5.621498,16.4071,4.2200,4.644766,0.42476573,,,,,0.250000,grid_scan,True,False,scanning
A_R006,A,6,scan51,168.000,14.0000,24.750000,5.813709,16.5272,4.2200,4.653818,0.43381782,,,,,0.250000,grid_scan,True,False,scanning
A_R006,A,6,scan52,168.000,14.0000,25.000000,6.004583,16.6476,4.2200,4.662962,0.44296227,,,,,0.250000,grid_scan,True,False,scanning
A_R006,A,6,scan53,168.000,14.0000,25.250000,6.194158,16.7682,4.2200,4.672199,0.45219909,,,,,0.250000,grid_scan,True,False,scanning
A_R006,A,6,scan54,168.000,14.0000,25.500000,6.382474,16.8892,4.2200,4.681528,0.46152830,,,,,0.250000,grid_scan,True,False,scanning
A_R006,A,6,scan55,168.000,14.0000,25.750000,6.569567,17.0103,4.2200,4.690950,0.47094992,,,,,0.250000,grid_scan,True,False,scanning
A_R006,A,6,scan56,168.000,14.0000,26.000000,6.755471,17.1318,4.2200,4.700464,0.48046396,,,,,0.250000,grid_scan,True,False,scanning
A_R006,A,6,scan57,168.000,14.0000,26.250000,6.940221,17.2534,4.2200,4.710070,0.49007044,,,,,0.250000,grid_scan,True,False,scanning
A_R006,A,6,scan58,168.000,14.0000,26.500000,7.123850,17.3754,4.2200,4.719769,0.49976938,,,,,0.250000,grid_scan,True,False,scanning
A_R006,A,6,scan59,168.000,14.0000,26.750000,7.306388,17.4975,4.2200,4.729561,0.50956080,,,,,0.250000,grid_scan,True,False,scanning
A_R006,A,6,scan60,168.000,14.0000,27.000000,7.487866,17.6199,4.2200,4.739445,0.51944471,,,,,0.250000,grid_scan,True,False,scanning
A_R006,A,6,scan61,168.000,14.0000,27.250000,7.668314,17.7425,4.2200,4.749421,0.52942113,,,,,0.250000,grid_scan,True,False,scanning
A_R006,A,6,scan62,168.000,14.0000,27.500000,7.847758,17.8653,4.2200,4.759490,0.53949008,,,,,0.250000,grid_scan,True,False,scanning
A_R006,A,6,scan63,168.000,14.0000,27.750000,8.026226,17.9883,4.2200,4.769652,0.54965158,,,,,0.250000,grid_scan,True,False,scanning
A_R006,A,6,scan64,168.000,14.0000,28.000000,8.203745,18.1116,4.2200,4.779906,0.55990565,,,,,0.250000,grid_scan,True,False,scanning
A_R006,A,6,scan65,168.000,14.0000,28.250000,8.380339,18.2350,4.2200,4.790252,0.57025231,,,,,0.250000,grid_scan,True,False,scanning
A_R006,A,6,scan66,168.000,14.0000,28.500000,8.556032,18.3587,4.2200,4.800692,0.58069157,,,,,0.250000,grid_scan,True,False,scanning
A_R006,A,6,scan67,168.000,14.0000,28.750000,8.730849,18.4826,4.2200,4.811223,0.59122345,,,,,0.250000,grid_scan,True,False,scanning
A_R006,A,6,scan68,168.000,14.0000,29.000000,8.904811,18.6067,4.2200,4.821848,0.60184797,,,,,0.250000,grid_scan,True,False,scanning
A_R006,A,6,scan69,168.000,14.0000,29.250000,9.077941,18.7309,4.2200,4.832565,0.61256516,,,,,0.250000,grid_scan,True,False,scanning
A_R006,A,6,scan70,168.000,14.0000,29.500000,9.250260,18.8554,4.2200,4.843375,0.62337502,,,,,0.250000,grid_scan,True,False,scanning
A_R006,A,6,scan71,168.000,14.0000,29.750000,9.421787,18.9800,4.2200,4.854278,0.63427759,,,,,0.250000,grid_scan,True,False,scanning
A_R006,A,6,scan72,168.000,14.0000,30.000000,9.592544,19.1048,4.2200,4.865273,0.64527287,,,,,0.250000,grid_scan,True,False,scanning
A_R006,A,6,scan73,168.000,14.0000,30.250000,9.762548,19.2299,4.2200,4.876361,0.65636089,,,,,0.250000,grid_scan,True,False,scanning
A_R006,A,6,scan74,168.000,14.0000,30.500000,9.931819,19.3550,4.2200,4.887542,0.66754166,,,,,0.250000,grid_scan,True,False,scanning
A_R006,A,6,scan75,168.000,14.0000,30.750000,10.100373,19.4804,4.2200,4.898815,0.67881521,,,,,0.250000,grid_scan,True,False,scanning
A_R006,A,6,scan76,168.000,14.0000,31.000000,10.268230,19.6059,4.2200,4.910182,0.69018157,,,,,0.250000,grid_scan,True,False,scanning
A_R006,A,6,scan77,168.000,14.0000,31.250000,10.435404,19.7317,4.2200,4.921641,0.70164073,,,,,0.250000,grid_scan,True,False,scanning
A_R006,A,6,scan78,168.000,14.0000,31.500000,10.601913,19.8575,4.2200,4.933193,0.71319274,,,,,0.250000,grid_scan,True,False,scanning
A_R006,A,6,scan79,168.000,14.0000,31.750000,10.767772,19.9836,4.2200,4.944838,0.72483760,,,,,0.250000,grid_scan,True,False,scanning
A_R006,A,6,scan80,168.000,14.0000,32.000000,10.932997,20.1098,4.2200,4.956575,0.73657534,,,,,0.250000,grid_scan,True,False,scanning
A_R006,A,6,scan81,168.000,14.0000,32.250000,11.097601,20.2361,4.2200,4.968406,0.74840598,,,,,0.250000,grid_scan,True,False,scanning
A_R006,A,6,scan82,168.000,14.0000,32.500000,11.261600,20.3626,4.2200,4.980330,0.76032954,,,,,0.250000,grid_scan,True,False,scanning
A_R006,A,6,scan83,168.000,14.0000,32.750000,11.425007,20.4893,4.2200,4.992346,0.77234604,,,,,0.250000,grid_scan,True,False,scanning
A_R006,A,6,scan84,168.000,14.0000,33.000000,11.587835,20.6161,4.2200,5.004455,0.78445550,,,,,0.250000,grid_scan,True,False,scanning
A_R006,A,6,scan85,168.000,14.0000,33.250000,11.750098,20.7431,4.2200,5.016658,0.79665794,,,,,0.250000,grid_scan,True,False,scanning
A_R006,A,6,scan86,168.000,14.0000,33.500000,11.911809,20.8702,4.2200,5.028953,0.80895338,,,,,0.250000,grid_scan,True,False,scanning
A_R006,A,6,scan87,168.000,14.0000,33.750000,12.072979,20.9975,4.2200,5.041342,0.82134186,,,,,0.250000,grid_scan,True,False,scanning
A_R006,A,6,scan88,168.000,14.0000,34.000000,12.233620,21.1249,4.2200,5.053823,0.83382337,,,,,0.250000,grid_scan,True,False,scanning
A_R006,A,6,scan89,168.000,14.0000,34.250000,12.393744,21.2524,4.2200,5.066398,0.84639796,,,,,0.250000,grid_scan,True,False,scanning
A_R006,A,6,scan90,168.000,14.0000,34.500000,12.553363,21.3801,4.2200,5.079066,0.85906564,,,,,0.250000,grid_scan,True,False,scanning
A_R006,A,6,scan91,168.000,14.0000,34.750000,12.712487,21.5079,4.2200,5.091826,0.87182643,,,,,0.250000,grid_scan,True,False,scanning
A_R006,A,6,scan92,168.000,14.0000,35.000000,12.871126,21.6358,4.2200,5.104680,0.88468036,,,,,0.250000,grid_scan,True,False,scanning
A_R006,A,6,scan93,168.000,14.0000,35.250000,13.029292,21.7639,4.2200,5.117627,0.89762744,,,,,0.250000,grid_scan,True,False,scanning
A_R006,A,6,scan94,168.000,14.0000,35.500000,13.186993,21.8921,4.2200,5.130668,0.91066771,,,,,0.250000,grid_scan,True,False,scanning
A_R006,A,6,scan95,168.000,14.0000,35.750000,13.344240,22.0205,4.2200,5.143801,0.92380118,,,,,0.250000,grid_scan,True,False,scanning
A_R006,A,6,scan96,168.000,14.0000,36.000000,13.501042,22.1489,4.2200,5.157028,0.93702787,,,,,0.250000,grid_scan,True,False,scanning
A_R006,A,6,scan97,168.000,14.0000,36.250000,13.657409,22.2775,4.2200,5.170348,0.95034781,,,,,0.250000,grid_scan,True,False,scanning
A_R006,A,6,scan98,168.000,14.0000,36.500000,13.813349,22.4062,4.2200,5.183761,0.96376103,,,,,0.250000,grid_scan,True,False,scanning
A_R006,A,6,scan99,168.000,14.0000,36.750000,13.968871,22.5350,4.2200,5.197268,0.97726754,,,,,0.250000,grid_scan,True,False,scanning
A_R006,A,6,scan100,168.000,14.0000,37.000000,14.123983,22.6640,4.2200,5.210867,0.99086737,,,,,0.250000,grid_scan,True,False,scanning
A_R006,A,6,scan101,168.000,14.0000,37.250000,14.278694,22.7930,4.2200,5.224561,1.00456054,,,,,0.250000,grid_scan,True,False,scanning
A_R006,A,6,scan102,168.000,14.0000,37.500000,14.433012,22.9222,4.2200,5.238347,1.01834708,,,,,0.250000,grid_scan,True,False,scanning
A_R006,A,6,scan103,168.000,14.0000,37.750000,14.586944,23.0515,4.2200,5.252227,1.03222701,,,,,0.250000,grid_scan,True,False,scanning
A_R006,A,6,scan104,168.000,14.0000,38.000000,14.740498,23.1809,4.2200,5.266200,1.04620036,,,,,0.250000,grid_scan,True,False,scanning
A_R006,A,6,scan105,168.000,14.0000,38.250000,14.893682,23.3104,4.2200,5.280267,1.06026714,,,,,0.250000,grid_scan,True,False,scanning
A_R006,A,6,scan106,168.000,14.0000,38.500000,15.046503,23.4400,4.2200,5.294427,1.07442739,,,,,0.250000,grid_scan,True,False,scanning
A_R006,A,6,scan107,168.000,14.0000,38.750000,15.198967,23.5697,4.2200,5.308681,1.08868112,,,,,0.250000,grid_scan,True,False,scanning
A_R006,A,6,scan108,168.000,14.0000,39.000000,15.351082,23.6995,4.2200,5.323028,1.10302837,,,,,0.250000,grid_scan,True,False,scanning
A_R006,A,6,scan109,168.000,14.0000,39.250000,15.502854,23.8294,4.2200,5.337469,1.11746916,,,,,0.250000,grid_scan,True,False,scanning
A_R006,A,6,scan110,168.000,14.0000,39.500000,15.654290,23.9595,4.2200,5.352004,1.13200351,,,,,0.250000,grid_scan,True,False,scanning
A_R006,A,6,scan111,168.000,14.0000,39.750000,15.805396,24.0896,4.2200,5.366631,1.14663146,,,,,0.250000,grid_scan,True,False,scanning
A_R006,A,6,scan112,168.000,14.0000,40.000000,15.956178,24.2198,4.2200,5.381353,1.16135301,,,,,0.250000,grid_scan,True,False,scanning
A_R006,A,6,,168.000,14.0000,,,,4.2200,,,,,,12.000,,bisection,,False,no_root
A_R007,A,7,scan0,180.000,15.0000,12.000000,-8.494585,10.9601,4.2200,4.308429,0.08842865,,,,,,grid_scan,False,False,scanning
A_R007,A,7,scan1,180.000,15.0000,12.250000,-8.075307,11.0511,4.2200,4.312590,0.09259011,,,,,0.250000,grid_scan,False,False,scanning
A_R007,A,7,scan2,180.000,15.0000,12.500000,-7.667685,11.1433,4.2200,4.316837,0.09683661,,,,,0.250000,grid_scan,False,False,scanning
A_R007,A,7,scan3,180.000,15.0000,12.750000,-7.271042,11.2367,4.2200,4.321168,0.10116819,,,,,0.250000,grid_scan,False,False,scanning
A_R007,A,7,scan4,180.000,15.0000,13.000000,-6.884753,11.3312,4.2200,4.325585,0.10558490,,,,,0.250000,grid_scan,False,False,scanning
A_R007,A,7,scan5,180.000,15.0000,13.250000,-6.508237,11.4269,4.2200,4.330087,0.11008680,,,,,0.250000,grid_scan,False,False,scanning
A_R007,A,7,scan6,180.000,15.0000,13.500000,-6.140956,11.5235,4.2200,4.334674,0.11467392,,,,,0.250000,grid_scan,False,False,scanning
A_R007,A,7,scan7,180.000,15.0000,13.750000,-5.782413,11.6212,4.2200,4.339346,0.11934631,,,,,0.250000,grid_scan,False,False,scanning
A_R007,A,7,scan8,180.000,15.0000,14.000000,-5.432145,11.7198,4.2200,4.344104,0.12410401,,,,,0.250000,grid_scan,False,False,scanning
A_R007,A,7,scan9,180.000,15.0000,14.250000,-5.089718,11.8193,4.2200,4.348947,0.12894706,,,,,0.250000,grid_scan,False,False,scanning
A_R007,A,7,scan10,180.000,15.0000,14.500000,-4.754733,11.9197,4.2200,4.353875,0.13387547,,,,,0.250000,grid_scan,False,False,scanning
A_R007,A,7,scan11,180.000,15.0000,14.750000,-4.426813,12.0209,4.2200,4.358889,0.13888930,,,,,0.250000,grid_scan,False,False,scanning
A_R007,A,7,scan12,180.000,15.0000,15.000000,-4.105608,12.1230,4.2200,4.363989,0.14398856,,,,,0.250000,grid_scan,False,False,scanning
A_R007,A,7,scan13,180.000,15.0000,15.250000,-3.790792,12.2259,4.2200,4.369173,0.14917328,,,,,0.250000,grid_scan,False,False,scanning
A_R007,A,7,scan14,180.000,15.0000,15.500000,-3.482057,12.3295,4.2200,4.374443,0.15444350,,,,,0.250000,grid_scan,False,False,scanning
A_R007,A,7,scan15,180.000,15.0000,15.750000,-3.179115,12.4338,4.2200,4.379799,0.15979923,,,,,0.250000,grid_scan,False,False,scanning
A_R007,A,7,scan16,180.000,15.0000,16.000000,-2.881698,12.5388,4.2200,4.385240,0.16524050,,,,,0.250000,grid_scan,False,False,scanning
A_R007,A,7,scan17,180.000,15.0000,16.250000,-2.589553,12.6445,4.2200,4.390767,0.17076732,,,,,0.250000,grid_scan,False,False,scanning
A_R007,A,7,scan18,180.000,15.0000,16.500000,-2.302440,12.7509,4.2200,4.396380,0.17637974,,,,,0.250000,grid_scan,False,False,scanning
A_R007,A,7,scan19,180.000,15.0000,16.750000,-2.020138,12.8579,4.2200,4.402078,0.18207775,,,,,0.250000,grid_scan,False,False,scanning
A_R007,A,7,scan20,180.000,15.0000,17.000000,-1.742433,12.9655,4.2200,4.407861,0.18786139,,,,,0.250000,grid_scan,False,False,scanning
A_R007,A,7,scan21,180.000,15.0000,17.250000,-1.469130,13.0737,4.2200,4.413731,0.19373067,,,,,0.250000,grid_scan,False,False,scanning
A_R007,A,7,scan22,180.000,15.0000,17.500000,-1.200038,13.1825,4.2200,4.419686,0.19968561,,,,,0.250000,grid_scan,False,False,scanning
A_R007,A,7,scan23,180.000,15.0000,17.750000,-0.934983,13.2918,4.2200,4.425726,0.20572623,,,,,0.250000,grid_scan,False,False,scanning
A_R007,A,7,scan24,180.000,15.0000,18.000000,-0.673796,13.4017,4.2200,4.431853,0.21185255,,,,,0.250000,grid_scan,False,False,scanning
A_R007,A,7,scan25,180.000,15.0000,18.250000,-0.416320,13.5121,4.2200,4.438065,0.21806458,,,,,0.250000,grid_scan,False,False,scanning
A_R007,A,7,scan26,180.000,15.0000,18.500000,-0.162404,13.6230,4.2200,4.444362,0.22436234,,,,,0.250000,grid_scan,False,False,scanning
A_R007,A,7,scan27,180.000,15.0000,18.750000,0.088092,13.7344,4.2200,4.450746,0.23074585,,,,,0.250000,grid_scan,True,False,scanning
A_R007,A,7,scan28,180.000,15.0000,19.000000,0.335303,13.8463,4.2200,4.457215,0.23721512,,,,,0.250000,grid_scan,True,False,scanning
A_R007,A,7,scan29,180.000,15.0000,19.250000,0.579356,13.9586,4.2200,4.463770,0.24377017,,,,,0.250000,grid_scan,True,False,scanning
A_R007,A,7,scan30,180.000,15.0000,19.500000,0.820372,14.0714,4.2200,4.470411,0.25041101,,,,,0.250000,grid_scan,True,False,scanning
A_R007,A,7,scan31,180.000,15.0000,19.750000,1.058467,14.1846,4.2200,4.477138,0.25713766,,,,,0.250000,grid_scan,True,False,scanning
A_R007,A,7,scan32,180.000,15.0000,20.000000,1.293748,14.2983,4.2200,4.483950,0.26395014,,,,,0.250000,grid_scan,True,False,scanning
A_R007,A,7,scan33,180.000,15.0000,20.250000,1.526320,14.4124,4.2200,4.490848,0.27084845,,,,,0.250000,grid_scan,True,False,scanning
A_R007,A,7,scan34,180.000,15.0000,20.500000,1.756281,14.5269,4.2200,4.497833,0.27783262,,,,,0.250000,grid_scan,True,False,scanning
A_R007,A,7,scan35,180.000,15.0000,20.750000,1.983725,14.6418,4.2200,4.504903,0.28490266,,,,,0.250000,grid_scan,True,False,scanning
A_R007,A,7,scan36,180.000,15.0000,21.000000,2.208743,14.7571,4.2200,4.512059,0.29205858,,,,,0.250000,grid_scan,True,False,scanning
A_R007,A,7,scan37,180.000,15.0000,21.250000,2.431418,14.8728,4.2200,4.519300,0.29930039,,,,,0.250000,grid_scan,True,False,scanning
A_R007,A,7,scan38,180.000,15.0000,21.500000,2.651833,14.9888,4.2200,4.526628,0.30662812,,,,,0.250000,grid_scan,True,False,scanning
A_R007,A,7,scan39,180.000,15.0000,21.750000,2.870064,15.1052,4.2200,4.534042,0.31404177,,,,,0.250000,grid_scan,True,False,scanning
A_R007,A,7,scan40,180.000,15.0000,22.000000,3.086187,15.2219,4.2200,4.541541,0.32154136,,,,,0.250000,grid_scan,True,False,scanning
A_R007,A,7,scan41,180.000,15.0000,22.250000,3.300272,15.3390,4.2200,4.549127,0.32912691,,,,,0.250000,grid_scan,True,False,scanning
A_R007,A,7,scan42,180.000,15.0000,22.500000,3.512386,15.4564,4.2200,4.556798,0.33679842,,,,,0.250000,grid_scan,True,False,scanning
A_R007,A,7,scan43,180.000,15.0000,22.750000,3.722595,15.5742,4.2200,4.564556,0.34455591,,,,,0.250000,grid_scan,True,False,scanning
A_R007,A,7,scan44,180.000,15.0000,23.000000,3.930960,15.6923,4.2200,4.572399,0.35239939,,,,,0.250000,grid_scan,True,False,scanning
A_R007,A,7,scan45,180.000,15.0000,23.250000,4.137541,15.8107,4.2200,4.580329,0.36032889,,,,,0.250000,grid_scan,True,False,scanning
A_R007,A,7,scan46,180.000,15.0000,23.500000,4.342394,15.9293,4.2200,4.588344,0.36834441,,,,,0.250000,grid_scan,True,False,scanning
A_R007,A,7,scan47,180.000,15.0000,23.750000,4.545574,16.0483,4.2200,4.596446,0.37644596,,,,,0.250000,grid_scan,True,False,scanning
A_R007,A,7,scan48,180.000,15.0000,24.000000,4.747133,16.1676,4.2200,4.604634,0.38463357,,,,,0.250000,grid_scan,True,False,scanning
A_R007,A,7,scan49,180.000,15.0000,24.250000,4.947120,16.2872,4.2200,4.612907,0.39290724,,,,,0.250000,grid_scan,True,False,scanning
A_R007,A,7,scan50,180.000,15.0000,24.500000,5.145584,16.4071,4.2200,4.621267,0.40126698,,,,,0.250000,grid_scan,True,False,scanning
A_R007,A,7,scan51,180.000,15.0000,24.750000,5.342571,16.5272,4.2200,4.629713,0.40971283,,,,,0.250000,grid_scan,True,False,scanning
A_R007,A,7,scan52,180.000,15.0000,25.000000,5.538124,16.6476,4.2200,4.638245,0.41824478,,,,,0.250000,grid_scan,True,False,scanning
A_R007,A,7,scan53,180.000,15.0000,25.250000,5.732288,16.7682,4.2200,4.646863,0.42686285,,,,,0.250000,grid_scan,True,False,scanning
A_R007,A,7,scan54,180.000,15.0000,25.500000,5.925101,16.8892,4.2200,4.655567,0.43556705,,,,,0.250000,grid_scan,True,False,scanning
A_R007,A,7,scan55,180.000,15.0000,25.750000,6.116603,17.0103,4.2200,4.664357,0.44435741,,,,,0.250000,grid_scan,True,False,scanning
A_R007,A,7,scan56,180.000,15.0000,26.000000,6.306833,17.1318,4.2200,4.673234,0.45323393,,,,,0.250000,grid_scan,True,False,scanning
A_R007,A,7,scan57,180.000,15.0000,26.250000,6.495826,17.2534,4.2200,4.682197,0.46219663,,,,,0.250000,grid_scan,True,False,scanning
A_R007,A,7,scan58,180.000,15.0000,26.500000,6.683617,17.3754,4.2200,4.691246,0.47124552,,,,,0.250000,grid_scan,True,False,scanning
A_R007,A,7,scan59,180.000,15.0000,26.750000,6.870240,17.4975,4.2200,4.700381,0.48038062,,,,,0.250000,grid_scan,True,False,scanning
A_R007,A,7,scan60,180.000,15.0000,27.000000,7.055727,17.6199,4.2200,4.709602,0.48960194,,,,,0.250000,grid_scan,True,False,scanning
A_R007,A,7,scan61,180.000,15.0000,27.250000,7.240110,17.7425,4.2200,4.718909,0.49890950,,,,,0.250000,grid_scan,True,False,scanning
A_R007,A,7,scan62,180.000,15.0000,27.500000,7.423418,17.8653,4.2200,4.728303,0.50830331,,,,,0.250000,grid_scan,True,False,scanning
A_R007,A,7,scan63,180.000,15.0000,27.750000,7.605680,17.9883,4.2200,4.737783,0.51778339,,,,,0.250000,grid_scan,True,False,scanning
A_R007,A,7,scan64,180.000,15.0000,28.000000,7.786925,18.1116,4.2200,4.747350,0.52734974,,,,,0.250000,grid_scan,True,False,scanning
A_R007,A,7,scan65,180.000,15.0000,28.250000,7.967179,18.2350,4.2200,4.757002,0.53700240,,,,,0.250000,grid_scan,True,False,scanning
A_R007,A,7,scan66,180.000,15.0000,28.500000,8.146469,18.3587,4.2200,4.766741,0.54674137,,,,,0.250000,grid_scan,True,False,scanning
A_R007,A,7,scan67,180.000,15.0000,28.750000,8.324819,18.4826,4.2200,4.776567,0.55656666,,,,,0.250000,grid_scan,True,False,scanning
A_R007,A,7,scan68,180.000,15.0000,29.000000,8.502253,18.6067,4.2200,4.786478,0.56647830,,,,,0.250000,grid_scan,True,False,scanning
A_R007,A,7,scan69,180.000,15.0000,29.250000,8.678795,18.7309,4.2200,4.796476,0.57647630,,,,,0.250000,grid_scan,True,False,scanning
A_R007,A,7,scan70,180.000,15.0000,29.500000,8.854469,18.8554,4.2200,4.806561,0.58656067,,,,,0.250000,grid_scan,True,False,scanning
A_R007,A,7,scan71,180.000,15.0000,29.750000,9.029295,18.9800,4.2200,4.816731,0.59673143,,,,,0.250000,grid_scan,True,False,scanning
A_R007,A,7,scan72,180.000,15.0000,30.000000,9.203294,19.1048,4.2200,4.826989,0.60698859,,,,,0.250000,grid_scan,True,False,scanning
A_R007,A,7,scan73,180.000,15.0000,30.250000,9.376488,19.2299,4.2200,4.837332,0.61733218,,,,,0.250000,grid_scan,True,False,scanning
A_R007,A,7,scan74,180.000,15.0000,30.500000,9.548895,19.3550,4.2200,4.847762,0.62776220,,,,,0.250000,grid_scan,True,False,scanning
A_R007,A,7,scan75,180.000,15.0000,30.750000,9.720536,19.4804,4.2200,4.858279,0.63827867,,,,,0.250000,grid_scan,True,False,scanning
A_R007,A,7,scan76,180.000,15.0000,31.000000,9.891428,19.6059,4.2200,4.868882,0.64888162,,,,,0.250000,grid_scan,True,False,scanning
A_R007,A,7,scan77,180.000,15.0000,31.250000,10.061590,19.7317,4.2200,4.879571,0.65957105,,,,,0.250000,grid_scan,True,False,scanning
A_R007,A,7,scan78,180.000,15.0000,31.500000,10.231039,19.8575,4.2200,4.890347,0.67034698,,,,,0.250000,grid_scan,True,False,scanning
A_R007,A,7,scan79,180.000,15.0000,31.750000,10.399791,19.9836,4.2200,4.901209,0.68120943,,,,,0.250000,grid_scan,True,False,scanning
A_R007,A,7,scan80,180.000,15.0000,32.000000,10.567863,20.1098,4.2200,4.912158,0.69215842,,,,,0.250000,grid_scan,True,False,scanning
A_R007,A,7,scan81,180.000,15.0000,32.250000,10.735271,20.2361,4.2200,4.923194,0.70319396,,,,,0.250000,grid_scan,True,False,scanning
A_R007,A,7,scan82,180.000,15.0000,32.500000,10.902030,20.3626,4.2200,4.934316,0.71431607,,,,,0.250000,grid_scan,True,False,scanning
A_R007,A,7,scan83,180.000,15.0000,32.750000,11.068156,20.4893,4.2200,4.945525,0.72552476,,,,,0.250000,grid_scan,True,False,scanning
A_R007,A,7,scan84,180.000,15.0000,33.000000,11.233661,20.6161,4.2200,4.956820,0.73682005,,,,,0.250000,grid_scan,True,False,scanning
A_R007,A,7,scan85,180.000,15.0000,33.250000,11.398560,20.7431,4.2200,4.968202,0.74820197,,,,,0.250000,grid_scan,True,False,scanning
A_R007,A,7,scan86,180.000,15.0000,33.500000,11.562868,20.8702,4.2200,4.979671,0.75967053,,,,,0.250000,grid_scan,True,False,scanning
A_R007,A,7,scan87,180.000,15.0000,33.750000,11.726596,20.9975,4.2200,4.991226,0.77122573,,,,,0.250000,grid_scan,True,False,scanning
A_R007,A,7,scan88,180.000,15.0000,34.000000,11.889758,21.1249,4.2200,5.002868,0.78286762,,,,,0.250000,grid_scan,True,False,scanning
A_R007,A,7,scan89,180.000,15.0000,34.250000,12.052366,21.2524,4.2200,5.014596,0.79459619,,,,,0.250000,grid_scan,True,False,scanning
A_R007,A,7,scan90,180.000,15.0000,34.500000,12.214432,21.3801,4.2200,5.026411,0.80641147,,,,,0.250000,grid_scan,True,False,scanning
A_R007,A,7,scan91,180.000,15.0000,34.750000,12.375968,21.5079,4.2200,5.038313,0.81831348,,,,,0.250000,grid_scan,True,False,scanning
A_R007,A,7,scan92,180.000,15.0000,35.000000,12.536985,21.6358,4.2200,5.050302,0.83030223,,,,,0.250000,grid_scan,True,False,scanning
A_R007,A,7,scan93,180.000,15.0000,35.250000,12.697494,21.7639,4.2200,5.062378,0.84237774,,,,,0.250000,grid_scan,True,False,scanning
A_R007,A,7,scan94,180.000,15.0000,35.500000,12.857506,21.8921,4.2200,5.074540,0.85454004,,,,,0.250000,grid_scan,True,False,scanning
A_R007,A,7,scan95,180.000,15.0000,35.750000,13.017031,22.0205,4.2200,5.086789,0.86678913,,,,,0.250000,grid_scan,True,False,scanning
A_R007,A,7,scan96,180.000,15.0000,36.000000,13.176079,22.1489,4.2200,5.099125,0.87912504,,,,,0.250000,grid_scan,True,False,scanning
A_R007,A,7,scan97,180.000,15.0000,36.250000,13.334661,22.2775,4.2200,5.111548,0.89154779,,,,,0.250000,grid_scan,True,False,scanning
A_R007,A,7,scan98,180.000,15.0000,36.500000,13.492786,22.4062,4.2200,5.124057,0.90405739,,,,,0.250000,grid_scan,True,False,scanning
A_R007,A,7,scan99,180.000,15.0000,36.750000,13.650462,22.5350,4.2200,5.136654,0.91665387,,,,,0.250000,grid_scan,True,False,scanning
A_R007,A,7,scan100,180.000,15.0000,37.000000,13.807700,22.6640,4.2200,5.149337,0.92933724,,,,,0.250000,grid_scan,True,False,scanning
A_R007,A,7,scan101,180.000,15.0000,37.250000,13.964508,22.7930,4.2200,5.162108,0.94210753,,,,,0.250000,grid_scan,True,False,scanning
A_R007,A,7,scan102,180.000,15.0000,37.500000,14.120895,22.9222,4.2200,5.174965,0.95496475,,,,,0.250000,grid_scan,True,False,scanning
A_R007,A,7,scan103,180.000,15.0000,37.750000,14.276868,23.0515,4.2200,5.187909,0.96790891,,,,,0.250000,grid_scan,True,False,scanning
A_R007,A,7,scan104,180.000,15.0000,38.000000,14.432437,23.1809,4.2200,5.200940,0.98094005,,,,,0.250000,grid_scan,True,False,scanning
A_R007,A,7,scan105,180.000,15.0000,38.250000,14.587608,23.3104,4.2200,5.214058,0.99405818,,,,,0.250000,grid_scan,True,False,scanning
A_R007,A,7,scan106,180.000,15.0000,38.500000,14.742391,23.4400,4.2200,5.227263,1.00726333,,,,,0.250000,grid_scan,True,False,scanning
A_R007,A,7,scan107,180.000,15.0000,38.750000,14.896791,23.5697,4.2200,5.240555,1.02055550,,,,,0.250000,grid_scan,True,False,scanning
A_R007,A,7,scan108,180.000,15.0000,39.000000,15.050818,23.6995,4.2200,5.253935,1.03393472,,,,,0.250000,grid_scan,True,False,scanning
A_R007,A,7,scan109,180.000,15.0000,39.250000,15.204477,23.8294,4.2200,5.267401,1.04740102,,,,,0.250000,grid_scan,True,False,scanning
A_R007,A,7,scan110,180.000,15.0000,39.500000,15.357775,23.9595,4.2200,5.280954,1.06095440,,,,,0.250000,grid_scan,True,False,scanning
A_R007,A,7,scan111,180.000,15.0000,39.750000,15.510721,24.0896,4.2200,5.294595,1.07459490,,,,,0.250000,grid_scan,True,False,scanning
A_R007,A,7,scan112,180.000,15.0000,40.000000,15.663319,24.2198,4.2200,5.308323,1.08832253,,,,,0.250000,grid_scan,True,False,scanning
A_R007,A,7,,180.000,15.0000,,,,4.2200,,,,,,12.000,,bisection,,False,no_root
A_R008,A,8,scan0,192.000,16.0000,12.000000,-9.461938,10.9601,4.2200,4.307476,0.08747625,,,,,,grid_scan,False,False,scanning
A_R008,A,8,scan1,192.000,16.0000,12.250000,-9.023063,11.0511,4.2200,4.311377,0.09137744,,,,,0.250000,grid_scan,False,False,scanning
A_R008,A,8,scan2,192.000,16.0000,12.500000,-8.596622,11.1433,4.2200,4.315358,0.09535832,,,,,0.250000,grid_scan,False,False,scanning
A_R008,A,8,scan3,192.000,16.0000,12.750000,-8.181892,11.2367,4.2200,4.319419,0.09941895,,,,,0.250000,grid_scan,False,False,scanning
A_R008,A,8,scan4,192.000,16.0000,13.000000,-7.778205,11.3312,4.2200,4.323559,0.10355938,,,,,0.250000,grid_scan,False,False,scanning
A_R008,A,8,scan5,192.000,16.0000,13.250000,-7.384942,11.4269,4.2200,4.327780,0.10777965,,,,,0.250000,grid_scan,False,False,scanning
A_R008,A,8,scan6,192.000,16.0000,13.500000,-7.001532,11.5235,4.2200,4.332080,0.11207980,,,,,0.250000,grid_scan,False,False,scanning
A_R008,A,8,scan7,192.000,16.0000,13.750000,-6.627441,11.6212,4.2200,4.336460,0.11645988,,,,,0.250000,grid_scan,False,False,scanning
A_R008,A,8,scan8,192.000,16.0000,14.000000,-6.262176,11.7198,4.2200,4.340920,0.12091990,,,,,0.250000,grid_scan,False,False,scanning
A_R008,A,8,scan9,192.000,16.0000,14.250000,-5.905277,11.8193,4.2200,4.345460,0.12545992,,,,,0.250000,grid_scan,False,False,scanning
A_R008,A,8,scan10,192.000,16.0000,14.500000,-5.556314,11.9197,4.2200,4.350080,0.13007996,,,,,0.250000,grid_scan,False,False,scanning
A_R008,A,8,scan11,192.000,16.0000,14.750000,-5.214888,12.0209,4.2200,4.354780,0.13478004,,,,,0.250000,grid_scan,False,False,scanning
A_R008,A,8,scan12,192.000,16.0000,15.000000,-4.880625,12.1230,4.2200,4.359560,0.13956019,,,,,0.250000,grid_scan,False,False,scanning
A_R008,A,8,scan13,192.000,16.0000,15.250000,-4.553175,12.2259,4.2200,4.364420,0.14442044,,,,,0.250000,grid_scan,False,False,scanning
A_R008,A,8,scan14,192.000,16.0000,15.500000,-4.232213,12.3295,4.2200,4.369361,0.14936082,,,,,0.250000,grid_scan,False,False,scanning
A_R008,A,8,scan15,192.000,16.0000,15.750000,-3.917431,12.4338,4.2200,4.374381,0.15438134,,,,,0.250000,grid_scan,False,False,scanning
A_R008,A,8,scan16,192.000,16.0000,16.000000,-3.608541,12.5388,4.2200,4.379482,0.15948202,,,,,0.250000,grid_scan,False,False,scanning
A_R008,A,8,scan17,192.000,16.0000,16.250000,-3.305274,12.6445,4.2200,4.384663,0.16466289,,,,,0.250000,grid_scan,False,False,scanning
A_R008,A,8,scan18,192.000,16.0000,16.500000,-3.007376,12.7509,4.2200,4.389924,0.16992396,,,,,0.250000,grid_scan,False,False,scanning
A_R008,A,8,scan19,192.000,16.0000,16.750000,-2.714608,12.8579,4.2200,4.395265,0.17526526,,,,,0.250000,grid_scan,False,False,scanning
A_R008,A,8,scan20,192.000,16.0000,17.000000,-2.426745,12.9655,4.2200,4.400687,0.18068680,,,,,0.250000,grid_scan,False,False,scanning
A_R008,A,8,scan21,192.000,16.0000,17.250000,-2.143576,13.0737,4.2200,4.406189,0.18618860,,,,,0.250000,grid_scan,False,False,scanning
A_R008,A,8,scan22,192.000,16.0000,17.500000,-1.864901,13.1825,4.2200,4.411771,0.19177067,,,,,0.250000,grid_scan,False,False,scanning
A_R008,A,8,scan23,192.000,16.0000,17.750000,-1.590530,13.2918,4.2200,4.417433,0.19743304,,,,,0.250000,grid_scan,False,False,scanning
A_R008,A,8,scan24,192.000,16.0000,18.000000,-1.320286,13.4017,4.2200,4.423176,0.20317571,,,,,0.250000,grid_scan,False,False,scanning
A_R008,A,8,scan25,192.000,16.0000,18.250000,-1.054000,13.5121,4.2200,4.428999,0.20899870,,,,,0.250000,grid_scan,False,False,scanning
A_R008,A,8,scan26,192.000,16.0000,18.500000,-0.791512,13.6230,4.2200,4.434902,0.21490202,,,,,0.250000,grid_scan,False,False,scanning
A_R008,A,8,scan27,192.000,16.0000,18.750000,-0.532671,13.7344,4.2200,4.440886,0.22088570,,,,,0.250000,grid_scan,False,False,scanning
A_R008,A,8,scan28,192.000,16.0000,19.000000,-0.277335,13.8463,4.2200,4.446950,0.22694974,,,,,0.250000,grid_scan,False,False,scanning
A_R008,A,8,scan29,192.000,16.0000,19.250000,-0.025366,13.9586,4.2200,4.453094,0.23309416,,,,,0.250000,grid_scan,False,False,scanning
A_R008,A,8,scan30,192.000,16.0000,19.500000,0.223363,14.0714,4.2200,4.459319,0.23931897,,,,,0.250000,grid_scan,True,False,scanning
A_R008,A,8,scan31,192.000,16.0000,19.750000,0.468975,14.1846,4.2200,4.465624,0.24562418,,,,,0.250000,grid_scan,True,False,scanning
A_R008,A,8,scan32,192.000,16.0000,20.000000,0.711586,14.2983,4.2200,4.472010,0.25200981,,,,,0.250000,grid_scan,True,False,scanning
A_R008,A,8,scan33,192.000,16.0000,20.250000,0.951308,14.4124,4.2200,4.478476,0.25847587,,,,,0.250000,grid_scan,True,False,scanning
A_R008,A,8,scan34,192.000,16.0000,20.500000,1.188245,14.5269,4.2200,4.485022,0.26502238,,,,,0.250000,grid_scan,True,False,scanning
A_R008,A,8,scan35,192.000,16.0000,20.750000,1.422497,14.6418,4.2200,4.491649,0.27164933,,,,,0.250000,grid_scan,True,False,scanning
A_R008,A,8,scan36,192.000,16.0000,21.000000,1.654160,14.7571,4.2200,4.498357,0.27835676,,,,,0.250000,grid_scan,True,False,scanning
A_R008,A,8,scan37,192.000,16.0000,21.250000,1.883325,14.8728,4.2200,4.505145,0.28514466,,,,,0.250000,grid_scan,True,False,scanning
A_R008,A,8,scan38,192.000,16.0000,21.500000,2.110079,14.9888,4.2200,4.512013,0.29201305,,,,,0.250000,grid_scan,True,False,scanning
A_R008,A,8,scan39,192.000,16.0000,21.750000,2.334504,15.1052,4.2200,4.518962,0.29896195,,,,,0.250000,grid_scan,True,False,scanning
A_R008,A,8,scan40,192.000,16.0000,22.000000,2.556680,15.2219,4.2200,4.525991,0.30599136,,,,,0.250000,grid_scan,True,False,scanning
A_R008,A,8,scan41,192.000,16.0000,22.250000,2.776682,15.3390,4.2200,4.533101,0.31310130,,,,,0.250000,grid_scan,True,False,scanning
A_R008,A,8,scan42,192.000,16.0000,22.500000,2.994582,15.4564,4.2200,4.540292,0.32029178,,,,,0.250000,grid_scan,True,False,scanning
A_R008,A,8,scan43,192.000,16.0000,22.750000,3.210450,15.5742,4.2200,4.547563,0.32756281,,,,,0.250000,grid_scan,True,False,scanning
A_R008,A,8,scan44,192.000,16.0000,23.000000,3.424351,15.6923,4.2200,4.554914,0.33491440,,,,,0.250000,grid_scan,True,False,scanning
A_R008,A,8,scan45,192.000,16.0000,23.250000,3.636349,15.8107,4.2200,4.562347,0.34234656,,,,,0.250000,grid_scan,True,False,scanning
A_R008,A,8,scan46,192.000,16.0000,23.500000,3.846503,15.9293,4.2200,4.569859,0.34985931,,,,,0.250000,grid_scan,True,False,scanning
A_R008,A,8,scan47,192.000,16.0000,23.750000,4.054873,16.0483,4.2200,4.577453,0.35745266,,,,,0.250000,grid_scan,True,False,scanning
A_R008,A,8,scan48,192.000,16.0000,24.000000,4.261514,16.1676,4.2200,4.585127,0.36512662,,,,,0.250000,grid_scan,True,False,scanning
A_R008,A,8,scan49,192.000,16.0000,24.250000,4.466478,16.2872,4.2200,4.592881,0.37288120,,,,,0.250000,grid_scan,True,False,scanning
A_R008,A,8,scan50,192.000,16.0000,24.500000,4.669818,16.4071,4.2200,4.600716,0.38071641,,,,,0.250000,grid_scan,True,False,scanning
A_R008,A,8,scan51,192.000,16.0000,24.750000,4.871582,16.5272,4.2200,4.608632,0.38863226,,,,,0.250000,grid_scan,True,False,scanning
A_R008,A,8,scan52,192.000,16.0000,25.000000,5.071818,16.6476,4.2200,4.616629,0.39662877,,,,,0.250000,grid_scan,True,False,scanning
A_R008,A,8,scan53,192.000,16.0000,25.250000,5.270570,16.7682,4.2200,4.624706,0.40470596,,,,,0.250000,grid_scan,True,False,scanning
A_R008,A,8,scan54,192.000,16.0000,25.500000,5.467882,16.8892,4.2200,4.632864,0.41286382,,,,,0.250000,grid_scan,True,False,scanning
A_R008,A,8,scan55,192.000,16.0000,25.750000,5.663796,17.0103,4.2200,4.641102,0.42110237,,,,,0.250000,grid_scan,True,False,scanning
A_R008,A,8,scan56,192.000,16.0000,26.000000,5.858352,17.1318,4.2200,4.649422,0.42942163,,,,,0.250000,grid_scan,True,False,scanning
A_R008,A,8,scan57,192.000,16.0000,26.250000,6.051590,17.2534,4.2200,4.657822,0.43782160,,,,,0.250000,grid_scan,True,False,scanning
A_R008,A,8,scan58,192.000,16.0000,26.500000,6.243545,17.3754,4.2200,4.666302,0.44630230,,,,,0.250000,grid_scan,True,False,scanning
A_R008,A,8,scan59,192.000,16.0000,26.750000,6.434254,17.4975,4.2200,4.674864,0.45486374,,,,,0.250000,grid_scan,True,False,scanning
A_R008,A,8,scan60,192.000,16.0000,27.000000,6.623752,17.6199,4.2200,4.683506,0.46350594,,,,,0.250000,grid_scan,True,False,scanning
A_R008,A,8,scan61,192.000,16.0000,27.250000,6.812072,17.7425,4.2200,4.692229,0.47222890,,,,,0.250000,grid_scan,True,False,scanning
A_R008,A,8,scan62,192.000,16.0000,27.500000,6.999245,17.8653,4.2200,4.701033,0.48103263,,,,,0.250000,grid_scan,True,False,scanning
A_R008,A,8,scan63,192.000,16.0000,27.750000,7.185303,17.9883,4.2200,4.709917,0.48991716,,,,,0.250000,grid_scan,True,False,scanning
A_R008,A,8,scan64,192.000,16.0000,28.000000,7.370276,18.1116,4.2200,4.718882,0.49888248,,,,,0.250000,grid_scan,True,False,scanning
A_R008,A,8,scan65,192.000,16.0000,28.250000,7.554191,18.2350,4.2200,4.727929,0.50792863,,,,,0.250000,grid_scan,True,False,scanning
A_R008,A,8,scan66,192.000,16.0000,28.500000,7.737078,18.3587,4.2200,4.737056,0.51705559,,,,,0.250000,grid_scan,True,False,scanning
A_R008,A,8,scan67,192.000,16.0000,28.750000,7.918963,18.4826,4.2200,4.746263,0.52626340,,,,,0.250000,grid_scan,True,False,scanning
A_R008,A,8,scan68,192.000,16.0000,29.000000,8.099871,18.6067,4.2200,4.755552,0.53555206,,,,,0.250000,grid_scan,True,False,scanning
A_R008,A,8,scan69,192.000,16.0000,29.250000,8.279828,18.7309,4.2200,4.764922,0.54492159,,,,,0.250000,grid_scan,True,False,scanning
A_R008,A,8,scan70,192.000,16.0000,29.500000,8.458857,18.8554,4.2200,4.774372,0.55437199,,,,,0.250000,grid_scan,True,False,scanning
A_R008,A,8,scan71,192.000,16.0000,29.750000,8.636983,18.9800,4.2200,4.783903,0.56390328,,,,,0.250000,grid_scan,True,False,scanning
A_R008,A,8,scan72,192.000,16.0000,30.000000,8.814227,19.1048,4.2200,4.793515,0.57351548,,,,,0.250000,grid_scan,True,False,scanning
A_R008,A,8,scan73,192.000,16.0000,30.250000,8.990611,19.2299,4.2200,4.803209,0.58320860,,,,,0.250000,grid_scan,True,False,scanning
A_R008,A,8,scan74,192.000,16.0000,30.500000,9.166158,19.3550,4.2200,4.812983,0.59298264,,,,,0.250000,grid_scan,True,False,scanning
A_R008,A,8,scan75,192.000,16.0000,30.750000,9.340886,19.4804,4.2200,4.822838,0.60283763,,,,,0.250000,grid_scan,True,False,scanning
A_R008,A,8,scan76,192.000,16.0000,31.000000,9.514815,19.6059,4.2200,4.832774,0.61277358,,,,,0.250000,grid_scan,True,False,scanning
A_R008,A,8,scan77,192.000,16.0000,31.250000,9.687966,19.7317,4.2200,4.842790,0.62279049,,,,,0.250000,grid_scan,True,False,scanning
A_R008,A,8,scan78,192.000,16.0000,31.500000,9.860356,19.8575,4.2200,4.852888,0.63288839,,,,,0.250000,grid_scan,True,False,scanning
A_R008,A,8,scan79,192.000,16.0000,31.750000,10.032003,19.9836,4.2200,4.863067,0.64306729,,,,,0.250000,grid_scan,True,False,scanning
A_R008,A,8,scan80,192.000,16.0000,32.000000,10.202925,20.1098,4.2200,4.873327,0.65332720,,,,,0.250000,grid_scan,True,False,scanning
A_R008,A,8,scan81,192.000,16.0000,32.250000,10.373138,20.2361,4.2200,4.883668,0.66366814,,,,,0.250000,grid_scan,True,False,scanning
A_R008,A,8,scan82,192.000,16.0000,32.500000,10.542659,20.3626,4.2200,4.894090,0.67409011,,,,,0.250000,grid_scan,True,False,scanning
A_R008,A,8,scan83,192.000,16.0000,32.750000,10.711504,20.4893,4.2200,4.904593,0.68459314,,,,,0.250000,grid_scan,True,False,scanning
A_R008,A,8,scan84,192.000,16.0000,33.000000,10.879688,20.6161,4.2200,4.915177,0.69517723,,,,,0.250000,grid_scan,True,False,scanning
A_R008,A,8,scan85,192.000,16.0000,33.250000,11.047225,20.7431,4.2200,4.925842,0.70584241,,,,,0.250000,grid_scan,True,False,scanning
A_R008,A,8,scan86,192.000,16.0000,33.500000,11.214131,20.8702,4.2200,4.936589,0.71658868,,,,,0.250000,grid_scan,True,False,scanning
A_R008,A,8,scan87,192.000,16.0000,33.750000,11.380419,20.9975,4.2200,4.947416,0.72741606,,,,,0.250000,grid_scan,True,False,scanning
A_R008,A,8,scan88,192.000,16.0000,34.000000,11.546103,21.1249,4.2200,4.958325,0.73832457,,,,,0.250000,grid_scan,True,False,scanning
A_R008,A,8,scan89,192.000,16.0000,34.250000,11.711196,21.2524,4.2200,4.969314,0.74931422,,,,,0.250000,grid_scan,True,False,scanning
A_R008,A,8,scan90,192.000,16.0000,34.500000,11.875711,21.3801,4.2200,4.980385,0.76038502,,,,,0.250000,grid_scan,True,False,scanning
A_R008,A,8,scan91,192.000,16.0000,34.750000,12.039661,21.5079,4.2200,4.991537,0.77153699,,,,,0.250000,grid_scan,True,False,scanning
A_R008,A,8,scan92,192.000,16.0000,35.000000,12.203057,21.6358,4.2200,5.002770,0.78277014,,,,,0.250000,grid_scan,True,False,scanning
A_R008,A,8,scan93,192.000,16.0000,35.250000,12.365911,21.7639,4.2200,5.014084,0.79408449,,,,,0.250000,grid_scan,True,False,scanning
A_R008,A,8,scan94,192.000,16.0000,35.500000,12.528235,21.8921,4.2200,5.025480,0.80548006,,,,,0.250000,grid_scan,True,False,scanning
A_R008,A,8,scan95,192.000,16.0000,35.750000,12.690040,22.0205,4.2200,5.036957,0.81695685,,,,,0.250000,grid_scan,True,False,scanning
A_R008,A,8,scan96,192.000,16.0000,36.000000,12.851336,22.1489,4.2200,5.048515,0.82851489,,,,,0.250000,grid_scan,True,False,scanning
A_R008,A,8,scan97,192.000,16.0000,36.250000,13.012135,22.2775,4.2200,5.060154,0.84015419,,,,,0.250000,grid_scan,True,False,scanning
A_R008,A,8,scan98,192.000,16.0000,36.500000,13.172446,22.4062,4.2200,5.071875,0.85187477,,,,,0.250000,grid_scan,True,False,scanning
A_R008,A,8,scan99,192.000,16.0000,36.750000,13.332279,22.5350,4.2200,5.083677,0.86367663,,,,,0.250000,grid_scan,True,False,scanning
A_R008,A,8,scan100,192.000,16.0000,37.000000,13.491644,22.6640,4.2200,5.095560,0.87555980,,,,,0.250000,grid_scan,True,False,scanning
A_R008,A,8,scan101,192.000,16.0000,37.250000,13.650550,22.7930,4.2200,5.107524,0.88752430,,,,,0.250000,grid_scan,True,False,scanning
A_R008,A,8,scan102,192.000,16.0000,37.500000,13.809007,22.9222,4.2200,5.119570,0.89957013,,,,,0.250000,grid_scan,True,False,scanning
A_R008,A,8,scan103,192.000,16.0000,37.750000,13.967023,23.0515,4.2200,5.131697,0.91169732,,,,,0.250000,grid_scan,True,False,scanning
A_R008,A,8,scan104,192.000,16.0000,38.000000,14.124608,23.1809,4.2200,5.143906,0.92390587,,,,,0.250000,grid_scan,True,False,scanning
A_R008,A,8,scan105,192.000,16.0000,38.250000,14.281769,23.3104,4.2200,5.156196,0.93619582,,,,,0.250000,grid_scan,True,False,scanning
A_R008,A,8,scan106,192.000,16.0000,38.500000,14.438514,23.4400,4.2200,5.168567,0.94856717,,,,,0.250000,grid_scan,True,False,scanning
A_R008,A,8,scan107,192.000,16.0000,38.750000,14.594853,23.5697,4.2200,5.181020,0.96101993,,,,,0.250000,grid_scan,True,False,scanning
A_R008,A,8,scan108,192.000,16.0000,39.000000,14.750792,23.6995,4.2200,5.193554,0.97355413,,,,,0.250000,grid_scan,True,False,scanning
A_R008,A,8,scan109,192.000,16.0000,39.250000,14.906340,23.8294,4.2200,5.206170,0.98616979,,,,,0.250000,grid_scan,True,False,scanning
A_R008,A,8,scan110,192.000,16.0000,39.500000,15.061503,23.9595,4.2200,5.218867,0.99886691,,,,,0.250000,grid_scan,True,False,scanning
A_R008,A,8,scan111,192.000,16.0000,39.750000,15.216289,24.0896,4.2200,5.231646,1.01164553,,,,,0.250000,grid_scan,True,False,scanning
A_R008,A,8,scan112,192.000,16.0000,40.000000,15.370705,24.2198,4.2200,5.244506,1.02450564,,,,,0.250000,grid_scan,True,False,scanning
A_R008,A,8,,192.000,16.0000,,,,4.2200,,,,,,12.000,,bisection,,False,no_root
A_R009,A,9,scan0,204.000,17.0000,12.000000,-10.429232,10.9601,4.2200,4.306636,0.08663602,,,,,,grid_scan,False,False,scanning
A_R009,A,9,scan1,204.000,17.0000,12.250000,-9.970759,11.0511,4.2200,4.310308,0.09030757,,,,,0.250000,grid_scan,False,False,scanning
A_R009,A,9,scan2,204.000,17.0000,12.500000,-9.525497,11.1433,4.2200,4.314054,0.09405413,,,,,0.250000,grid_scan,False,False,scanning
A_R009,A,9,scan3,204.000,17.0000,12.750000,-9.092678,11.2367,4.2200,4.317876,0.09787573,,,,,0.250000,grid_scan,False,False,scanning
A_R009,A,9,scan4,204.000,17.0000,13.000000,-8.671592,11.3312,4.2200,4.321772,0.10177242,,,,,0.250000,grid_scan,False,False,scanning
A_R009,A,9,scan5,204.000,17.0000,13.250000,-8.261582,11.4269,4.2200,4.325744,0.10574424,,,,,0.250000,grid_scan,False,False,scanning
A_R009,A,9,scan6,204.000,17.0000,13.500000,-7.862040,11.5235,4.2200,4.329791,0.10979124,,,,,0.250000,grid_scan,False,False,scanning
A_R009,A,9,scan7,204.000,17.0000,13.750000,-7.472400,11.6212,4.2200,4.333913,0.11391343,,,,,0.250000,grid_scan,False,False,scanning
A_R009,A,9,scan8,204.000,17.0000,14.000000,-7.092138,11.7198,4.2200,4.338111,0.11811087,,,,,0.250000,grid_scan,False,False,scanning
A_R009,A,9,scan9,204.000,17.0000,14.250000,-6.720764,11.8193,4.2200,4.342384,0.12238357,,,,,0.250000,grid_scan,False,False,scanning
A_R009,A,9,scan10,204.000,17.0000,14.500000,-6.357822,11.9197,4.2200,4.346732,0.12673156,,,,,0.250000,grid_scan,False,False,scanning
A_R009,A,9,scan11,204.000,17.0000,14.750000,-6.002889,12.0209,4.2200,4.351155,0.13115487,,,,,0.250000,grid_scan,False,False,scanning
A_R009,A,9,scan12,204.000,17.0000,15.000000,-5.655566,12.1230,4.2200,4.355654,0.13565353,,,,,0.250000,grid_scan,False,False,scanning
A_R009,A,9,scan13,204.000,17.0000,15.250000,-5.315483,12.2259,4.2200,4.360228,0.14022756,,,,,0.250000,grid_scan,False,False,scanning
A_R009,A,9,scan14,204.000,17.0000,15.500000,-4.982292,12.3295,4.2200,4.364877,0.14487698,,,,,0.250000,grid_scan,False,False,scanning
A_R009,A,9,scan15,204.000,17.0000,15.750000,-4.655667,12.4338,4.2200,4.369602,0.14960180,,,,,0.250000,grid_scan,False,False,scanning
A_R009,A,9,scan16,204.000,17.0000,16.000000,-4.335304,12.5388,4.2200,4.374402,0.15440206,,,,,0.250000,grid_scan,False,False,scanning
A_R009,A,9,scan17,204.000,17.0000,16.250000,-4.020914,12.6445,4.2200,4.379278,0.15927776,,,,,0.250000,grid_scan,False,False,scanning
A_R009,A,9,scan18,204.000,17.0000,16.500000,-3.712229,12.7509,4.2200,4.384229,0.16422893,,,,,0.250000,grid_scan,False,False,scanning
A_R009,A,9,scan19,204.000,17.0000,16.750000,-3.408995,12.8579,4.2200,4.389256,0.16925558,,,,,0.250000,grid_scan,False,False,scanning
A_R009,A,9,scan20,204.000,17.0000,17.000000,-3.110973,12.9655,4.2200,4.394358,0.17435773,,,,,0.250000,grid_scan,False,False,scanning
A_R009,A,9,scan21,204.000,17.0000,17.250000,-2.817937,13.0737,4.2200,4.399535,0.17953539,,,,,0.250000,grid_scan,False,False,scanning
A_R009,A,9,scan22,204.000,17.0000,17.500000,-2.529676,13.1825,4.2200,4.404789,0.18478857,,,,,0.250000,grid_scan,False,False,scanning
A_R009,A,9,scan23,204.000,17.0000,17.750000,-2.245989,13.2918,4.2200,4.410117,0.19011730,,,,,0.250000,grid_scan,False,False,scanning
A_R009,A,9,scan24,204.000,17.0000,18.000000,-1.966686,13.4017,4.2200,4.415522,0.19552159,,,,,0.250000,grid_scan,False,False,scanning
A_R009,A,9,scan25,204.000,17.0000,18.250000,-1.691589,13.5121,4.2200,4.421001,0.20100144,,,,,0.250000,grid_scan,False,False,scanning
A_R009,A,9,scan26,204.000,17.0000,18.500000,-1.420527,13.6230,4.2200,4.426557,0.20655688,,,,,0.250000,grid_scan,False,False,scanning
A_R009,A,9,scan27,204.000,17.0000,18.750000,-1.153341,13.7344,4.2200,4.432188,0.21218791,,,,,0.250000,grid_scan,False,False,scanning
A_R009,A,9,scan28,204.000,17.0000,19.000000,-0.889877,13.8463,4.2200,4.437895,0.21789454,,,,,0.250000,grid_scan,False,False,scanning
A_R009,A,9,scan29,204.000,17.0000,19.250000,-0.629993,13.9586,4.2200,4.443677,0.22367680,,,,,0.250000,grid_scan,False,False,scanning
A_R009,A,9,scan30,204.000,17.0000,19.500000,-0.373550,14.0714,4.2200,4.449535,0.22953468,,,,,0.250000,grid_scan,False,False,scanning
A_R009,A,9,scan31,204.000,17.0000,19.750000,-0.120419,14.1846,4.2200,4.455468,0.23546821,,,,,0.250000,grid_scan,False,False,scanning
A_R009,A,9,scan32,204.000,17.0000,20.000000,0.129524,14.2983,4.2200,4.461477,0.24147739,,,,,0.250000,grid_scan,True,False,scanning
A_R009,A,9,scan33,204.000,17.0000,20.250000,0.376397,14.4124,4.2200,4.467562,0.24756224,,,,,0.250000,grid_scan,True,False,scanning
A_R009,A,9,scan34,204.000,17.0000,20.500000,0.620310,14.5269,4.2200,4.473723,0.25372275,,,,,0.250000,grid_scan,True,False,scanning
A_R009,A,9,scan35,204.000,17.0000,20.750000,0.861372,14.6418,4.2200,4.479959,0.25995896,,,,,0.250000,grid_scan,True,False,scanning
A_R009,A,9,scan36,204.000,17.0000,21.000000,1.099682,14.7571,4.2200,4.486271,0.26627086,,,,,0.250000,grid_scan,True,False,scanning
A_R009,A,9,scan37,204.000,17.0000,21.250000,1.335338,14.8728,4.2200,4.492658,0.27265847,,,,,0.250000,grid_scan,True,False,scanning
A_R009,A,9,scan38,204.000,17.0000,21.500000,1.568432,14.9888,4.2200,4.499122,0.27912179,,,,,0.250000,grid_scan,True,False,scanning
A_R009,A,9,scan39,204.000,17.0000,21.750000,1.799053,15.1052,4.2200,4.505661,0.28566085,,,,,0.250000,grid_scan,True,False,scanning
A_R009,A,9,scan40,204.000,17.0000,22.000000,2.027283,15.2219,4.2200,4.512276,0.29227564,,,,,0.250000,grid_scan,True,False,scanning
A_R009,A,9,scan41,204.000,17.0000,22.250000,2.253203,15.3390,4.2200,4.518966,0.29896618,,,,,0.250000,grid_scan,True,False,scanning
A_R009,A,9,scan42,204.000,17.0000,22.500000,2.476890,15.4564,4.2200,4.525732,0.30573247,,,,,0.250000,grid_scan,True,False,scanning
A_R009,A,9,scan43,204.000,17.0000,22.750000,2.698418,15.5742,4.2200,4.532575,0.31257454,,,,,0.250000,grid_scan,True,False,scanning
A_R009,A,9,scan44,204.000,17.0000,23.000000,2.917856,15.6923,4.2200,4.539492,0.31949238,,,,,0.250000,grid_scan,True,False,scanning
A_R009,A,9,scan45,204.000,17.0000,23.250000,3.135272,15.8107,4.2200,4.546486,0.32648602,,,,,0.250000,grid_scan,True,False,scanning
A_R009,A,9,scan46,204.000,17.0000,23.500000,3.350730,15.9293,4.2200,4.553555,0.33355545,,,,,0.250000,grid_scan,True,False,scanning
A_R009,A,9,scan47,204.000,17.0000,23.750000,3.564291,16.0483,4.2200,4.560701,0.34070069,,,,,0.250000,grid_scan,True,False,scanning
A_R009,A,9,scan48,204.000,17.0000,24.000000,3.776015,16.1676,4.2200,4.567922,0.34792174,,,,,0.250000,grid_scan,True,False,scanning
A_R009,A,9,scan49,204.000,17.0000,24.250000,3.985958,16.2872,4.2200,4.575219,0.35521863,,,,,0.250000,grid_scan,True,False,scanning
A_R009,A,9,scan50,204.000,17.0000,24.500000,4.194175,16.4071,4.2200,4.582591,0.36259135,,,,,0.250000,grid_scan,True,False,scanning
A_R009,A,9,scan51,204.000,17.0000,24.750000,4.400717,16.5272,4.2200,4.590040,0.37003993,,,,,0.250000,grid_scan,True,False,scanning
A_R009,A,9,scan52,204.000,17.0000,25.000000,4.605635,16.6476,4.2200,4.597564,0.37756436,,,,,0.250000,grid_scan,True,False,scanning
A_R009,A,9,scan53,204.000,17.0000,25.250000,4.808978,16.7682,4.2200,4.605165,0.38516466,,,,,0.250000,grid_scan,True,False,scanning
A_R009,A,9,scan54,204.000,17.0000,25.500000,5.010790,16.8892,4.2200,4.612841,0.39284083,,,,,0.250000,grid_scan,True,False,scanning
A_R009,A,9,scan55,204.000,17.0000,25.750000,5.211117,17.0103,4.2200,4.620593,0.40059290,,,,,0.250000,grid_scan,True,False,scanning
A_R009,A,9,scan56,204.000,17.0000,26.000000,5.410002,17.1318,4.2200,4.628421,0.40842086,,,,,0.250000,grid_scan,True,False,scanning
A_R009,A,9,scan57,204.000,17.0000,26.250000,5.607485,17.2534,4.2200,4.636325,0.41632474,,,,,0.250000,grid_scan,True,False,scanning
A_R009,A,9,scan58,204.000,17.0000,26.500000,5.803605,17.3754,4.2200,4.644305,0.42430453,,,,,0.250000,grid_scan,True,False,scanning
A_R009,A,9,scan59,204.000,17.0000,26.750000,5.998402,17.4975,4.2200,4.652360,0.43236025,,,,,0.250000,grid_scan,True,False,scanning
A_R009,A,9,scan60,204.000,17.0000,27.000000,6.191912,17.6199,4.2200,4.660492,0.44049191,,,,,0.250000,grid_scan,True,False,scanning
A_R009,A,9,scan61,204.000,17.0000,27.250000,6.384170,17.7425,4.2200,4.668700,0.44869952,,,,,0.250000,grid_scan,True,False,scanning
A_R009,A,9,scan62,204.000,17.0000,27.500000,6.575210,17.8653,4.2200,4.676983,0.45698309,,,,,0.250000,grid_scan,True,False,scanning
A_R009,A,9,scan63,204.000,17.0000,27.750000,6.765064,17.9883,4.2200,4.685343,0.46534263,,,,,0.250000,grid_scan,True,False,scanning
A_R009,A,9,scan64,204.000,17.0000,28.000000,6.953766,18.1116,4.2200,4.693778,0.47377815,,,,,0.250000,grid_scan,True,False,scanning
A_R009,A,9,scan65,204.000,17.0000,28.250000,7.141345,18.2350,4.2200,4.702290,0.48228967,,,,,0.250000,grid_scan,True,False,scanning
A_R009,A,9,scan66,204.000,17.0000,28.500000,7.327830,18.3587,4.2200,4.710877,0.49087718,,,,,0.250000,grid_scan,True,False,scanning
A_R009,A,9,scan67,204.000,17.0000,28.750000,7.513250,18.4826,4.2200,4.719541,0.49954071,,,,,0.250000,grid_scan,True,False,scanning
A_R009,A,9,scan68,204.000,17.0000,29.000000,7.697634,18.6067,4.2200,4.728280,0.50828026,,,,,0.250000,grid_scan,True,False,scanning
A_R009,A,9,scan69,204.000,17.0000,29.250000,7.881006,18.7309,4.2200,4.737096,0.51709584,,,,,0.250000,grid_scan,True,False,scanning
A_R009,A,9,scan70,204.000,17.0000,29.500000,8.063393,18.8554,4.2200,4.745987,0.52598747,,,,,0.250000,grid_scan,True,False,scanning
A_R009,A,9,scan71,204.000,17.0000,29.750000,8.244819,18.9800,4.2200,4.754955,0.53495516,,,,,0.250000,grid_scan,True,False,scanning
A_R009,A,9,scan72,204.000,17.0000,30.000000,8.425310,19.1048,4.2200,4.763999,0.54399891,,,,,0.250000,grid_scan,True,False,scanning
A_R009,A,9,scan73,204.000,17.0000,30.250000,8.604886,19.2299,4.2200,4.773119,0.55311873,,,,,0.250000,grid_scan,True,False,scanning
A_R009,A,9,scan74,204.000,17.0000,30.500000,8.783572,19.3550,4.2200,4.782315,0.56231465,,,,,0.250000,grid_scan,True,False,scanning
A_R009,A,9,scan75,204.000,17.0000,30.750000,8.961389,19.4804,4.2200,4.791587,0.57158667,,,,,0.250000,grid_scan,True,False,scanning
A_R009,A,9,scan76,204.000,17.0000,31.000000,9.138358,19.6059,4.2200,4.800935,0.58093480,,,,,0.250000,grid_scan,True,False,scanning
A_R009,A,9,scan77,204.000,17.0000,31.250000,9.314498,19.7317,4.2200,4.810359,0.59035905,,,,,0.250000,grid_scan,True,False,scanning
A_R009,A,9,scan78,204.000,17.0000,31.500000,9.489831,19.8575,4.2200,4.819859,0.59985943,,,,,0.250000,grid_scan,True,False,scanning
A_R009,A,9,scan79,204.000,17.0000,31.750000,9.664374,19.9836,4.2200,4.829436,0.60943596,,,,,0.250000,grid_scan,True,False,scanning
A_R009,A,9,scan80,204.000,17.0000,32.000000,9.838147,20.1098,4.2200,4.839089,0.61908864,,,,,0.250000,grid_scan,True,False,scanning
A_R009,A,9,scan81,204.000,17.0000,32.250000,10.011167,20.2361,4.2200,4.848817,0.62881749,,,,,0.250000,grid_scan,True,False,scanning
A_R009,A,9,scan82,204.000,17.0000,32.500000,10.183451,20.3626,4.2200,4.858623,0.63862252,,,,,0.250000,grid_scan,True,False,scanning
A_R009,A,9,scan83,204.000,17.0000,32.750000,10.355016,20.4893,4.2200,4.868504,0.64850375,,,,,0.250000,grid_scan,True,False,scanning
A_R009,A,9,scan84,204.000,17.0000,33.000000,10.525880,20.6161,4.2200,4.878461,0.65846117,,,,,0.250000,grid_scan,True,False,scanning
A_R009,A,9,scan85,204.000,17.0000,33.250000,10.696057,20.7431,4.2200,4.888495,0.66849481,,,,,0.250000,grid_scan,True,False,scanning
A_R009,A,9,scan86,204.000,17.0000,33.500000,10.865562,20.8702,4.2200,4.898605,0.67860468,,,,,0.250000,grid_scan,True,False,scanning
A_R009,A,9,scan87,204.000,17.0000,33.750000,11.034411,20.9975,4.2200,4.908791,0.68879079,,,,,0.250000,grid_scan,True,False,scanning
A_R009,A,9,scan88,204.000,17.0000,34.000000,11.202619,21.1249,4.2200,4.919053,0.69905314,,,,,0.250000,grid_scan,True,False,scanning
A_R009,A,9,scan89,204.000,17.0000,34.250000,11.370199,21.2524,4.2200,4.929392,0.70939176,,,,,0.250000,grid_scan,True,False,scanning
A_R009,A,9,scan90,204.000,17.0000,34.500000,11.537164,21.3801,4.2200,4.939807,0.71980666,,,,,0.250000,grid_scan,True,False,scanning
A_R009,A,9,scan91,204.000,17.0000,34.750000,11.703528,21.5079,4.2200,4.950298,0.73029784,,,,,0.250000,grid_scan,True,False,scanning
A_R009,A,9,scan92,204.000,17.0000,35.000000,11.869305,21.6358,4.2200,4.960865,0.74086533,,,,,0.250000,grid_scan,True,False,scanning
A_R009,A,9,scan93,204.000,17.0000,35.250000,12.034506,21.7639,4.2200,4.971509,0.75150912,,,,,0.250000,grid_scan,True,False,scanning
A_R009,A,9,scan94,204.000,17.0000,35.500000,12.199143,21.8921,4.2200,4.982229,0.76222925,,,,,0.250000,grid_scan,True,False,scanning
A_R009,A,9,scan95,204.000,17.0000,35.750000,12.363229,22.0205,4.2200,4.993026,0.77302571,,,,,0.250000,grid_scan,True,False,scanning
A_R009,A,9,scan96,204.000,17.0000,36.000000,12.526774,22.1489,4.2200,5.003899,0.78389852,,,,,0.250000,grid_scan,True,False,scanning
A_R009,A,9,scan97,204.000,17.0000,36.250000,12.689791,22.2775,4.2200,5.014848,0.79484769,,,,,0.250000,grid_scan,True,False,scanning
A_R009,A,9,scan98,204.000,17.0000,36.500000,12.852289,22.4062,4.2200,5.025873,0.80587324,,,,,0.250000,grid_scan,True,False,scanning
A_R009,A,9,scan99,204.000,17.0000,36.750000,13.014280,22.5350,4.2200,5.036975,0.81697518,,,,,0.250000,grid_scan,True,False,scanning
A_R009,A,9,scan100,204.000,17.0000,37.000000,13.175773,22.6640,4.2200,5.048154,0.82815352,,,,,0.250000,grid_scan,True,False,scanning
A_R009,A,9,scan101,204.000,17.0000,37.250000,13.336779,22.7930,4.2200,5.059408,0.83940828,,,,,0.250000,grid_scan,True,False,scanning
A_R009,A,9,scan102,204.000,17.0000,37.500000,13.497308,22.9222,4.2200,5.070739,0.85073947,,,,,0.250000,grid_scan,True,False,scanning
A_R009,A,9,scan103,204.000,17.0000,37.750000,13.657368,23.0515,4.2200,5.082147,0.86214710,,,,,0.250000,grid_scan,True,False,scanning
A_R009,A,9,scan104,204.000,17.0000,38.000000,13.816970,23.1809,4.2200,5.093631,0.87363118,,,,,0.250000,grid_scan,True,False,scanning
A_R009,A,9,scan105,204.000,17.0000,38.250000,13.976121,23.3104,4.2200,5.105192,0.88519173,,,,,0.250000,grid_scan,True,False,scanning
A_R009,A,9,scan106,204.000,17.0000,38.500000,14.134832,23.4400,4.2200,5.116829,0.89682877,,,,,0.250000,grid_scan,True,False,scanning
A_R009,A,9,scan107,204.000,17.0000,38.750000,14.293110,23.5697,4.2200,5.128542,0.90854230,,,,,0.250000,grid_scan,True,False,scanning
A_R009,A,9,scan108,204.000,17.0000,39.000000,14.450963,23.6995,4.2200,5.140332,0.92033235,,,,,0.250000,grid_scan,True,False,scanning
A_R009,A,9,scan109,204.000,17.0000,39.250000,14.608400,23.8294,4.2200,5.152199,0.93219892,,,,,0.250000,grid_scan,True,False,scanning
A_R009,A,9,scan110,204.000,17.0000,39.500000,14.765429,23.9595,4.2200,5.164142,0.94414202,,,,,0.250000,grid_scan,True,False,scanning
A_R009,A,9,scan111,204.000,17.0000,39.750000,14.922058,24.0896,4.2200,5.176162,0.95616168,,,,,0.250000,grid_scan,True,False,scanning
A_R009,A,9,scan112,204.000,17.0000,40.000000,15.078293,24.2198,4.2200,5.188258,0.96825790,,,,,0.250000,grid_scan,True,False,scanning
A_R009,A,9,,204.000,17.0000,,,,4.2200,,,,,,12.000,,bisection,,False,no_root
A_R010,A,10,scan0,216.000,18.0000,12.000000,-11.396477,10.9601,4.2200,4.305889,0.08588922,,,,,,grid_scan,False,False,scanning
A_R010,A,10,scan1,216.000,18.0000,12.250000,-10.918404,11.0511,4.2200,4.309357,0.08935669,,,,,0.250000,grid_scan,False,False,scanning
A_R010,A,10,scan2,216.000,18.0000,12.500000,-10.454320,11.1433,4.2200,4.312895,0.09289498,,,,,0.250000,grid_scan,False,False,scanning
A_R010,A,10,scan3,216.000,18.0000,12.750000,-10.003411,11.2367,4.2200,4.316504,0.09650414,,,,,0.250000,grid_scan,False,False,scanning
A_R010,A,10,scan4,216.000,18.0000,13.000000,-9.564925,11.3312,4.2200,4.320184,0.10018421,,,,,0.250000,grid_scan,False,False,scanning
A_R010,A,10,scan5,216.000,18.0000,13.250000,-9.138167,11.4269,4.2200,4.323935,0.10393522,,,,,0.250000,grid_scan,False,False,scanning
A_R010,A,10,scan6,216.000,18.0000,13.500000,-8.722492,11.5235,4.2200,4.327757,0.10775722,,,,,0.250000,grid_scan,False,False,scanning
A_R010,A,10,scan7,216.000,18.0000,13.750000,-8.317303,11.6212,4.2200,4.331650,0.11165023,,,,,0.250000,grid_scan,False,False,scanning
A_R010,A,10,scan8,216.000,18.0000,14.000000,-7.922042,11.7198,4.2200,4.335614,0.11561429,,,,,0.250000,grid_scan,False,False,scanning
A_R010,A,10,scan9,216.000,18.0000,14.250000,-7.536192,11.8193,4.2200,4.339649,0.11964941,,,,,0.250000,grid_scan,False,False,scanning
A_R010,A,10,scan10,216.000,18.0000,14.500000,-7.159271,11.9197,4.2200,4.343756,0.12375564,,,,,0.250000,grid_scan,False,False,scanning
A_R010,A,10,scan11,216.000,18.0000,14.750000,-6.790829,12.0209,4.2200,4.347933,0.12793299,,,,,0.250000,grid_scan,False,False,scanning
A_R010,A,10,scan12,216.000,18.0000,15.000000,-6.430445,12.1230,4.2200,4.352181,0.13218148,,,,,0.250000,grid_scan,False,False,scanning
A_R010,A,10,scan13,216.000,18.0000,15.250000,-6.077727,12.2259,4.2200,4.356501,0.13650114,,,,,0.250000,grid_scan,False,False,scanning
A_R010,A,10,scan14,216.000,18.0000,15.500000,-5.732307,12.3295,4.2200,4.360892,0.14089198,,,,,0.250000,grid_scan,False,False,scanning
A_R010,A,10,scan15,216.000,18.0000,15.750000,-5.393839,12.4338,4.2200,4.365354,0.14535403,,,,,0.250000,grid_scan,False,False,scanning
A_R010,A,10,scan16,216.000,18.0000,16.000000,-5.062000,12.5388,4.2200,4.369887,0.14988730,,,,,0.250000,grid_scan,False,False,scanning
A_R010,A,10,scan17,216.000,18.0000,16.250000,-4.736487,12.6445,4.2200,4.374492,0.15449182,,,,,0.250000,grid_scan,False,False,scanning
A_R010,A,10,scan18,216.000,18.0000,16.500000,-4.417014,12.7509,4.2200,4.379168,0.15916758,,,,,0.250000,grid_scan,False,False,scanning
A_R010,A,10,scan19,216.000,18.0000,16.750000,-4.103313,12.8579,4.2200,4.383915,0.16391462,,,,,0.250000,grid_scan,False,False,scanning
A_R010,A,10,scan20,216.000,18.0000,17.000000,-3.795130,12.9655,4.2200,4.388733,0.16873294,,,,,0.250000,grid_scan,False,False,scanning
A_R010,A,10,scan21,216.000,18.0000,17.250000,-3.492227,13.0737,4.2200,4.393623,0.17362256,,,,,0.250000,grid_scan,False,False,scanning
A_R010,A,10,scan22,216.000,18.0000,17.500000,-3.194379,13.1825,4.2200,4.398583,0.17858349,,,,,0.250000,grid_scan,False,False,scanning
A_R010,A,10,scan23,216.000,18.0000,17.750000,-2.901375,13.2918,4.2200,4.403616,0.18361574,,,,,0.250000,grid_scan,False,False,scanning
A_R010,A,10,scan24,216.000,18.0000,18.000000,-2.613012,13.4017,4.2200,4.408719,0.18871933,,,,,0.250000,grid_scan,False,False,scanning
A_R010,A,10,scan25,216.000,18.0000,18.250000,-2.329102,13.5121,4.2200,4.413894,0.19389427,,,,,0.250000,grid_scan,False,False,scanning
A_R010,A,10,scan26,216.000,18.0000,18.500000,-2.049466,13.6230,4.2200,4.419141,0.19914058,,,,,0.250000,grid_scan,False,False,scanning
A_R010,A,10,scan27,216.000,18.0000,18.750000,-1.773932,13.7344,4.2200,4.424458,0.20445825,,,,,0.250000,grid_scan,False,False,scanning
A_R010,A,10,scan28,216.000,18.0000,19.000000,-1.502341,13.8463,4.2200,4.429847,0.20984730,,,,,0.250000,grid_scan,False,False,scanning
A_R010,A,10,scan29,216.000,18.0000,19.250000,-1.234539,13.9586,4.2200,4.435308,0.21530775,,,,,0.250000,grid_scan,False,False,scanning
A_R010,A,10,scan30,216.000,18.0000,19.500000,-0.970381,14.0714,4.2200,4.440840,0.22083960,,,,,0.250000,grid_scan,False,False,scanning
A_R010,A,10,scan31,216.000,18.0000,19.750000,-0.709730,14.1846,4.2200,4.446443,0.22644287,,,,,0.250000,grid_scan,False,False,scanning
A_R010,A,10,scan32,216.000,18.0000,20.000000,-0.452455,14.2983,4.2200,4.452118,0.23211756,,,,,0.250000,grid_scan,False,False,scanning
A_R010,A,10,scan33,216.000,18.0000,20.250000,-0.198430,14.4124,4.2200,4.457864,0.23786368,,,,,0.250000,grid_scan,False,False,scanning
A_R010,A,10,scan34,216.000,18.0000,20.500000,0.052461,14.5269,4.2200,4.463681,0.24368125,,,,,0.250000,grid_scan,True,False,scanning
A_R010,A,10,scan35,216.000,18.0000,20.750000,0.300333,14.6418,4.2200,4.469570,0.24957027,,,,,0.250000,grid_scan,True,False,scanning
A_R010,A,10,scan36,216.000,18.0000,21.000000,0.545291,14.7571,4.2200,4.475531,0.25553074,,,,,0.250000,grid_scan,True,False,scanning
A_R010,A,10,scan37,216.000,18.0000,21.250000,0.787440,14.8728,4.2200,4.481563,0.26156270,,,,,0.250000,grid_scan,True,False,scanning
A_R010,A,10,scan38,216.000,18.0000,21.500000,1.026875,14.9888,4.2200,4.487666,0.26766613,,,,,0.250000,grid_scan,True,False,scanning
A_R010,A,10,scan39,216.000,18.0000,21.750000,1.263691,15.1052,4.2200,4.493841,0.27384105,,,,,0.250000,grid_scan,True,False,scanning
A_R010,A,10,scan40,216.000,18.0000,22.000000,1.497977,15.2219,4.2200,4.500087,0.28008746,,,,,0.250000,grid_scan,True,False,scanning
A_R010,A,10,scan41,216.000,18.0000,22.250000,1.729817,15.3390,4.2200,4.506405,0.28640539,,,,,0.250000,grid_scan,True,False,scanning
A_R010,A,10,scan42,216.000,18.0000,22.500000,1.959292,15.4564,4.2200,4.512795,0.29279483,,,,,0.250000,grid_scan,True,False,scanning
A_R010,A,10,scan43,216.000,18.0000,22.750000,2.186481,15.5742,4.2200,4.519256,0.29925579,,,,,0.250000,grid_scan,True,False,scanning
A_R010,A,10,scan44,216.000,18.0000,23.000000,2.411457,15.6923,4.2200,4.525788,0.30578829,,,,,0.250000,grid_scan,True,False,scanning
A_R010,A,10,scan45,216.000,18.0000,23.250000,2.634292,15.8107,4.2200,4.532392,0.31239232,,,,,0.250000,grid_scan,True,False,scanning
A_R010,A,10,scan46,216.000,18.0000,23.500000,2.855053,15.9293,4.2200,4.539068,0.31906791,,,,,0.250000,grid_scan,True,False,scanning
A_R010,A,10,scan47,216.000,18.0000,23.750000,3.073807,16.0483,4.2200,4.545815,0.32581506,,,,,0.250000,grid_scan,True,False,scanning
A_R010,A,10,scan48,216.000,18.0000,24.000000,3.290615,16.1676,4.2200,4.552634,0.33263377,,,,,0.250000,grid_scan,True,False,scanning
A_R010,A,10,scan49,216.000,18.0000,24.250000,3.505538,16.2872,4.2200,4.559524,0.33952407,,,,,0.250000,grid_scan,True,False,scanning
A_R010,A,10,scan50,216.000,18.0000,24.500000,3.718633,16.4071,4.2200,4.566486,0.34648594,,,,,0.250000,grid_scan,True,False,scanning
A_R010,A,10,scan51,216.000,18.0000,24.750000,3.929955,16.5272,4.2200,4.573519,0.35351941,,,,,0.250000,grid_scan,True,False,scanning
A_R010,A,10,scan52,216.000,18.0000,25.000000,4.139557,16.6476,4.2200,4.580624,0.36062448,,,,,0.250000,grid_scan,True,False,scanning
A_R010,A,10,scan53,216.000,18.0000,25.250000,4.347491,16.7682,4.2200,4.587801,0.36780116,,,,,0.250000,grid_scan,True,False,scanning
A_R010,A,10,scan54,216.000,18.0000,25.500000,4.553805,16.8892,4.2200,4.595049,0.37504946,,,,,0.250000,grid_scan,True,False,scanning
A_R010,A,10,scan55,216.000,18.0000,25.750000,4.758546,17.0103,4.2200,4.602369,0.38236938,,,,,0.250000,grid_scan,True,False,scanning
A_R010,A,10,scan56,216.000,18.0000,26.000000,4.961759,17.1318,4.2200,4.609761,0.38976095,,,,,0.250000,grid_scan,True,False,scanning
A_R010,A,10,scan57,216.000,18.0000,26.250000,5.163489,17.2534,4.2200,4.617224,0.39722415,,,,,0.250000,grid_scan,True,False,scanning
A_R010,A,10,scan58,216.000,18.0000,26.500000,5.363776,17.3754,4.2200,4.624759,0.40475901,,,,,0.250000,grid_scan,True,False,scanning
A_R010,A,10,scan59,216.000,18.0000,26.750000,5.562661,17.4975,4.2200,4.632366,0.41236554,,,,,0.250000,grid_scan,True,False,scanning
A_R010,A,10,scan60,216.000,18.0000,27.000000,5.760184,17.6199,4.2200,4.640044,0.42004373,,,,,0.250000,grid_scan,True,False,scanning
A_R010,A,10,scan61,216.000,18.0000,27.250000,5.956381,17.7425,4.2200,4.647794,0.42779360,,,,,0.250000,grid_scan,True,False,scanning
A_R010,A,10,scan62,216.000,18.0000,27.500000,6.151288,17.8653,4.2200,4.655615,0.43561516,,,,,0.250000,grid_scan,True,False,scanning
A_R010,A,10,scan63,216.000,18.0000,27.750000,6.344941,17.9883,4.2200,4.663508,0.44350842,,,,,0.250000,grid_scan,True,False,scanning
A_R010,A,10,scan64,216.000,18.0000,28.000000,6.537373,18.1116,4.2200,4.671473,0.45147339,,,,,0.250000,grid_scan,True,False,scanning
A_R010,A,10,scan65,216.000,18.0000,28.250000,6.728615,18.2350,4.2200,4.679510,0.45951006,,,,,0.250000,grid_scan,True,False,scanning
A_R010,A,10,scan66,216.000,18.0000,28.500000,6.918700,18.3587,4.2200,4.687618,0.46761847,,,,,0.250000,grid_scan,True,False,scanning
A_R010,A,10,scan67,216.000,18.0000,28.750000,7.107658,18.4826,4.2200,4.695799,0.47579860,,,,,0.250000,grid_scan,True,False,scanning
A_R010,A,10,scan68,216.000,18.0000,29.000000,7.295517,18.6067,4.2200,4.704050,0.48405048,,,,,0.250000,grid_scan,True,False,scanning
A_R010,A,10,scan69,216.000,18.0000,29.250000,7.482306,18.7309,4.2200,4.712374,0.49237411,,,,,0.250000,grid_scan,True,False,scanning
A_R010,A,10,scan70,216.000,18.0000,29.500000,7.668051,18.8554,4.2200,4.720770,0.50076950,,,,,0.250000,grid_scan,True,False,scanning
A_R010,A,10,scan71,216.000,18.0000,29.750000,7.852780,18.9800,4.2200,4.729237,0.50923666,,,,,0.250000,grid_scan,True,False,scanning
A_R010,A,10,scan72,216.000,18.0000,30.000000,8.036517,19.1048,4.2200,4.737776,0.51777560,,,,,0.250000,grid_scan,True,False,scanning
A_R010,A,10,scan73,216.000,18.0000,30.250000,8.219287,19.2299,4.2200,4.746386,0.52638632,,,,,0.250000,grid_scan,True,False,scanning
A_R010,A,10,scan74,216.000,18.0000,30.500000,8.401114,19.3550,4.2200,4.755069,0.53506884,,,,,0.250000,grid_scan,True,False,scanning
A_R010,A,10,scan75,216.000,18.0000,30.750000,8.582021,19.4804,4.2200,4.763823,0.54382317,,,,,0.250000,grid_scan,True,False,scanning
A_R010,A,10,scan76,216.000,18.0000,31.000000,8.762029,19.6059,4.2200,4.772649,0.55264932,,,,,0.250000,grid_scan,True,False,scanning
A_R010,A,10,scan77,216.000,18.0000,31.250000,8.941161,19.7317,4.2200,4.781547,0.56154729,,,,,0.250000,grid_scan,True,False,scanning
A_R010,A,10,scan78,216.000,18.0000,31.500000,9.119437,19.8575,4.2200,4.790517,0.57051710,,,,,0.250000,grid_scan,True,False,scanning
A_R010,A,10,scan79,216.000,18.0000,31.750000,9.296878,19.9836,4.2200,4.799559,0.57955875,,,,,0.250000,grid_scan,True,False,scanning
A_R010,A,10,scan80,216.000,18.0000,32.000000,9.473502,20.1098,4.2200,4.808672,0.58867225,,,,,0.250000,grid_scan,True,False,scanning
A_R010,A,10,scan81,216.000,18.0000,32.250000,9.649329,20.2361,4.2200,4.817858,0.59785762,,,,,0.250000,grid_scan,True,False,scanning
A_R010,A,10,scan82,216.000,18.0000,32.500000,9.824378,20.3626,4.2200,4.827115,0.60711487,,,,,0.250000,grid_scan,True,False,scanning
A_R010,A,10,scan83,216.000,18.0000,32.750000,9.998666,20.4893,4.2200,4.836444,0.61644400,,,,,0.250000,grid_scan,True,False,scanning
A_R010,A,10,scan84,216.000,18.0000,33.000000,10.172210,20.6161,4.2200,4.845845,0.62584502,,,,,0.250000,grid_scan,True,False,scanning
A_R010,A,10,scan85,216.000,18.0000,33.250000,10.345027,20.7431,4.2200,4.855318,0.63531795,,,,,0.250000,grid_scan,True,False,scanning
A_R010,A,10,scan86,216.000,18.0000,33.500000,10.517133,20.8702,4.2200,4.864863,0.64486279,,,,,0.250000,grid_scan,True,False,scanning
A_R010,A,10,scan87,216.000,18.0000,33.750000,10.688545,20.9975,4.2200,4.874480,0.65447955,,,,,0.250000,grid_scan,True,False,scanning
A_R010,A,10,scan88,216.000,18.0000,34.000000,10.859276,21.1249,4.2200,4.884168,0.66416825,,,,,0.250000,grid_scan,True,False,scanning
A_R010,A,10,scan89,216.000,18.0000,34.250000,11.029344,21.2524,4.2200,4.893929,0.67392890,,,,,0.250000,grid_scan,True,False,scanning
A_R010,A,10,scan90,216.000,18.0000,34.500000,11.198760,21.3801,4.2200,4.903761,0.68376149,,,,,0.250000,grid_scan,True,False,scanning
A_R010,A,10,scan91,216.000,18.0000,34.750000,11.367541,21.5079,4.2200,4.913666,0.69366606,,,,,0.250000,grid_scan,True,False,scanning
A_R010,A,10,scan92,216.000,18.0000,35.000000,11.535699,21.6358,4.2200,4.923643,0.70364260,,,,,0.250000,grid_scan,True,False,scanning
A_R010,A,10,scan93,216.000,18.0000,35.250000,11.703247,21.7639,4.2200,4.933691,0.71369113,,,,,0.250000,grid_scan,True,False,scanning
A_R010,A,10,scan94,216.000,18.0000,35.500000,11.870199,21.8921,4.2200,4.943812,0.72381165,,,,,0.250000,grid_scan,True,False,scanning
A_R010,A,10,scan95,216.000,18.0000,35.750000,12.036567,22.0205,4.2200,4.954004,0.73400418,,,,,0.250000,grid_scan,True,False,scanning
A_R010,A,10,scan96,216.000,18.0000,36.000000,12.202362,22.1489,4.2200,4.964269,0.74426874,,,,,0.250000,grid_scan,True,False,scanning
A_R010,A,10,scan97,216.000,18.0000,36.250000,12.367598,22.2775,4.2200,4.974605,0.75460532,,,,,0.250000,grid_scan,True,False,scanning
A_R010,A,10,scan98,216.000,18.0000,36.500000,12.532285,22.4062,4.2200,4.985014,0.76501394,,,,,0.250000,grid_scan,True,False,scanning
A_R010,A,10,scan99,216.000,18.0000,36.750000,12.696434,22.5350,4.2200,4.995495,0.77549461,,,,,0.250000,grid_scan,True,False,scanning
A_R010,A,10,scan100,216.000,18.0000,37.000000,12.860057,22.6640,4.2200,5.006047,0.78604734,,,,,0.250000,grid_scan,True,False,scanning
A_R010,A,10,scan101,216.000,18.0000,37.250000,13.023164,22.7930,4.2200,5.016672,0.79667215,,,,,0.250000,grid_scan,True,False,scanning
A_R010,A,10,scan102,216.000,18.0000,37.500000,13.185765,22.9222,4.2200,5.027369,0.80736904,,,,,0.250000,grid_scan,True,False,scanning
A_R010,A,10,scan103,216.000,18.0000,37.750000,13.347871,23.0515,4.2200,5.038138,0.81813803,,,,,0.250000,grid_scan,True,False,scanning
A_R010,A,10,scan104,216.000,18.0000,38.000000,13.509491,23.1809,4.2200,5.048979,0.82897912,,,,,0.250000,grid_scan,True,False,scanning
A_R010,A,10,scan105,216.000,18.0000,38.250000,13.670634,23.3104,4.2200,5.059892,0.83989233,,,,,0.250000,grid_scan,True,False,scanning
A_R010,A,10,scan106,216.000,18.0000,38.500000,13.831310,23.4400,4.2200,5.070878,0.85087768,,,,,0.250000,grid_scan,True,False,scanning
A_R010,A,10,scan107,216.000,18.0000,38.750000,13.991528,23.5697,4.2200,5.081935,0.86193516,,,,,0.250000,grid_scan,True,False,scanning
A_R010,A,10,scan108,216.000,18.0000,39.000000,14.151297,23.6995,4.2200,5.093065,0.87306480,,,,,0.250000,grid_scan,True,False,scanning
A_R010,A,10,scan109,216.000,18.0000,39.250000,14.310625,23.8294,4.2200,5.104267,0.88426660,,,,,0.250000,grid_scan,True,False,scanning
A_R010,A,10,scan110,216.000,18.0000,39.500000,14.469521,23.9595,4.2200,5.115541,0.89554057,,,,,0.250000,grid_scan,True,False,scanning
A_R010,A,10,scan111,216.000,18.0000,39.750000,14.627993,24.0896,4.2200,5.126887,0.90688674,,,,,0.250000,grid_scan,True,False,scanning
A_R010,A,10,scan112,216.000,18.0000,40.000000,14.786048,24.2198,4.2200,5.138305,0.91830511,,,,,0.250000,grid_scan,True,False,scanning
A_R010,A,10,,216.000,18.0000,,,,4.2200,,,,,,12.000,,bisection,,False,no_root
A_R011,A,11,scan0,228.000,19.0000,12.000000,-12.363679,10.9601,4.2200,4.305221,0.08522110,,,,,,grid_scan,False,False,scanning
A_R011,A,11,scan1,228.000,19.0000,12.250000,-11.866007,11.0511,4.2200,4.308506,0.08850598,,,,,0.250000,grid_scan,False,False,scanning
A_R011,A,11,scan2,228.000,19.0000,12.500000,-11.383100,11.1433,4.2200,4.311858,0.09185795,,,,,0.250000,grid_scan,False,False,scanning
A_R011,A,11,scan3,228.000,19.0000,12.750000,-10.914099,11.2367,4.2200,4.315277,0.09527705,,,,,0.250000,grid_scan,False,False,scanning
A_R011,A,11,scan4,228.000,19.0000,13.000000,-10.458213,11.3312,4.2200,4.318763,0.09876332,,,,,0.250000,grid_scan,False,False,scanning
A_R011,A,11,scan5,228.000,19.0000,13.250000,-10.014706,11.4269,4.2200,4.322317,0.10231679,,,,,0.250000,grid_scan,False,False,scanning
A_R011,A,11,scan6,228.000,19.0000,13.500000,-9.582898,11.5235,4.2200,4.325938,0.10593751,,,,,0.250000,grid_scan,False,False,scanning
A_R011,A,11,scan7,228.000,19.0000,13.750000,-9.162157,11.6212,4.2200,4.329625,0.10962548,,,,,0.250000,grid_scan,False,False,scanning
A_R011,A,11,scan8,228.000,19.0000,14.000000,-8.751897,11.7198,4.2200,4.333381,0.11338076,,,,,0.250000,grid_scan,False,False,scanning
A_R011,A,11,scan9,228.000,19.0000,14.250000,-8.351571,11.8193,4.2200,4.337203,0.11720335,,,,,0.250000,grid_scan,False,False,scanning
A_R011,A,11,scan10,228.000,19.0000,14.500000,-7.960669,11.9197,4.2200,4.341093,0.12109329,,,,,0.250000,grid_scan,False,False,scanning
A_R011,A,11,scan11,228.000,19.0000,14.750000,-7.578718,12.0209,4.2200,4.345051,0.12505060,,,,,0.250000,grid_scan,False,False,scanning
A_R011,A,11,scan12,228.000,19.0000,15.000000,-7.205272,12.1230,4.2200,4.349075,0.12907530,,,,,0.250000,grid_scan,False,False,scanning
A_R011,A,11,scan13,228.000,19.0000,15.250000,-6.839919,12.2259,4.2200,4.353167,0.13316741,,,,,0.250000,grid_scan,False,False,scanning
A_R011,A,11,scan14,228.000,19.0000,15.500000,-6.482268,12.3295,4.2200,4.357327,0.13732694,,,,,0.250000,grid_scan,False,False,scanning
A_R011,A,11,scan15,228.000,19.0000,15.750000,-6.131956,12.4338,4.2200,4.361554,0.14155392,,,,,0.250000,grid_scan,False,False,scanning
A_R011,A,11,scan16,228.000,19.0000,16.000000,-5.788641,12.5388,4.2200,4.365848,0.14584836,,,,,0.250000,grid_scan,False,False,scanning
A_R011,A,11,scan17,228.000,19.0000,16.250000,-5.452004,12.6445,4.2200,4.370210,0.15021027,,,,,0.250000,grid_scan,False,False,scanning
A_R011,A,11,scan18,228.000,19.0000,16.500000,-5.121742,12.7509,4.2200,4.374640,0.15463968,,,,,0.250000,grid_scan,False,False,scanning
A_R011,A,11,scan19,228.000,19.0000,16.750000,-4.797572,12.8579,4.2200,4.379137,0.15913659,,,,,0.250000,grid_scan,False,False,scanning
A_R011,A,11,scan20,228.000,19.0000,17.000000,-4.479227,12.9655,4.2200,4.383701,0.16370102,,,,,0.250000,grid_scan,False,False,scanning
A_R011,A,11,scan21,228.000,19.0000,17.250000,-4.166456,13.0737,4.2200,4.388333,0.16833298,,,,,0.250000,grid_scan,False,False,scanning
A_R011,A,11,scan22,228.000,19.0000,17.500000,-3.859021,13.1825,4.2200,4.393032,0.17303248,,,,,0.250000,grid_scan,False,False,scanning
A_R011,A,11,scan23,228.000,19.0000,17.750000,-3.556698,13.2918,4.2200,4.397800,0.17779953,,,,,0.250000,grid_scan,False,False,scanning
A_R011,A,11,scan24,228.000,19.0000,18.000000,-3.259275,13.4017,4.2200,4.402634,0.18263415,,,,,0.250000,grid_scan,False,False,scanning
A_R011,A,11,scan25,228.000,19.0000,18.250000,-2.966552,13.5121,4.2200,4.407536,0.18753635,,,,,0.250000,grid_scan,False,False,scanning
A_R011,A,11,scan26,228.000,19.0000,18.500000,-2.678340,13.6230,4.2200,4.412506,0.19250613,,,,,0.250000,grid_scan,False,False,scanning
A_R011,A,11,scan27,228.000,19.0000,18.750000,-2.394459,13.7344,4.2200,4.417544,0.19754352,,,,,0.250000,grid_scan,False,False,scanning
A_R011,A,11,scan28,228.000,19.0000,19.000000,-2.114739,13.8463,4.2200,4.422649,0.20264850,,,,,0.250000,grid_scan,False,False,scanning
A_R011,A,11,scan29,228.000,19.0000,19.250000,-1.839018,13.9586,4.2200,4.427821,0.20782111,,,,,0.250000,grid_scan,False,False,scanning
A_R011,A,11,scan30,228.000,19.0000,19.500000,-1.567145,14.0714,4.2200,4.433061,0.21306134,,,,,0.250000,grid_scan,False,False,scanning
A_R011,A,11,scan31,228.000,19.0000,19.750000,-1.298973,14.1846,4.2200,4.438369,0.21836920,,,,,0.250000,grid_scan,False,False,scanning
A_R011,A,11,scan32,228.000,19.0000,20.000000,-1.034364,14.2983,4.2200,4.443745,0.22374470,,,,,0.250000,grid_scan,False,False,scanning
A_R011,A,11,scan33,228.000,19.0000,20.250000,-0.773187,14.4124,4.2200,4.449188,0.22918786,,,,,0.250000,grid_scan,False,False,scanning
A_R011,A,11,scan34,228.000,19.0000,20.500000,-0.515316,14.5269,4.2200,4.454699,0.23469868,,,,,0.250000,grid_scan,False,False,scanning
A_R011,A,11,scan35,228.000,19.0000,20.750000,-0.260634,14.6418,4.2200,4.460277,0.24027717,,,,,0.250000,grid_scan,False,False,scanning
A_R011,A,11,scan36,228.000,19.0000,21.000000,-0.009026,14.7571,4.2200,4.465923,0.24592334,,,,,0.250000,grid_scan,False,False,scanning
A_R011,A,11,scan37,228.000,19.0000,21.250000,0.239615,14.8728,4.2200,4.471637,0.25163719,,,,,0.250000,grid_scan,True,False,scanning
A_R011,A,11,scan38,228.000,19.0000,21.500000,0.485393,14.9888,4.2200,4.477419,0.25741873,,,,,0.250000,grid_scan,True,False,scanning
A_R011,A,11,scan39,228.000,19.0000,21.750000,0.728406,15.1052,4.2200,4.483268,0.26326797,,,,,0.250000,grid_scan,True,False,scanning
A_R011,A,11,scan40,228.000,19.0000,22.000000,0.968748,15.2219,4.2200,4.489185,0.26918493,,,,,0.250000,grid_scan,True,False,scanning
A_R011,A,11,scan41,228.000,19.0000,22.250000,1.206508,15.3390,4.2200,4.495170,0.27516960,,,,,0.250000,grid_scan,True,False,scanning
A_R011,A,11,scan42,228.000,19.0000,22.500000,1.441772,15.4564,4.2200,4.501222,0.28122199,,,,,0.250000,grid_scan,True,False,scanning
A_R011,A,11,scan43,228.000,19.0000,22.750000,1.674623,15.5742,4.2200,4.507342,0.28734212,,,,,0.250000,grid_scan,True,False,scanning
A_R011,A,11,scan44,228.000,19.0000,23.000000,1.905138,15.6923,4.2200,4.513530,0.29352999,,,,,0.250000,grid_scan,True,False,scanning
A_R011,A,11,scan45,228.000,19.0000,23.250000,2.133393,15.8107,4.2200,4.519786,0.29978560,,,,,0.250000,grid_scan,True,False,scanning
A_R011,A,11,scan46,228.000,19.0000,23.500000,2.359459,15.9293,4.2200,4.526109,0.30610897,,,,,0.250000,grid_scan,True,False,scanning
A_R011,A,11,scan47,228.000,19.0000,23.750000,2.583406,16.0483,4.2200,4.532500,0.31250010,,,,,0.250000,grid_scan,True,False,scanning
A_R011,A,11,scan48,228.000,19.0000,24.000000,2.805300,16.1676,4.2200,4.538959,0.31895900,,,,,0.250000,grid_scan,True,False,scanning
A_R011,A,11,scan49,228.000,19.0000,24.250000,3.025203,16.2872,4.2200,4.545486,0.32548568,,,,,0.250000,grid_scan,True,False,scanning
A_R011,A,11,scan50,228.000,19.0000,24.500000,3.243177,16.4071,4.2200,4.552080,0.33208014,,,,,0.250000,grid_scan,True,False,scanning
A_R011,A,11,scan51,228.000,19.0000,24.750000,3.459279,16.5272,4.2200,4.558742,0.33874239,,,,,0.250000,grid_scan,True,False,scanning
A_R011,A,11,scan52,228.000,19.0000,25.000000,3.673566,16.6476,4.2200,4.565472,0.34547244,,,,,0.250000,grid_scan,True,False,scanning
A_R011,A,11,scan53,228.000,19.0000,25.250000,3.886092,16.7682,4.2200,4.572270,0.35227030,,,,,0.250000,grid_scan,True,False,scanning
A_R011,A,11,scan54,228.000,19.0000,25.500000,4.096908,16.8892,4.2200,4.579136,0.35913598,,,,,0.250000,grid_scan,True,False,scanning
A_R011,A,11,scan55,228.000,19.0000,25.750000,4.306064,17.0103,4.2200,4.586069,0.36606947,,,,,0.250000,grid_scan,True,False,scanning
A_R011,A,11,scan56,228.000,19.0000,26.000000,4.513607,17.1318,4.2200,4.593071,0.37307079,,,,,0.250000,grid_scan,True,False,scanning
A_R011,A,11,scan57,228.000,19.0000,26.250000,4.719584,17.2534,4.2200,4.600140,0.38013995,,,,,0.250000,grid_scan,True,False,scanning
A_R011,A,11,scan58,228.000,19.0000,26.500000,4.924039,17.3754,4.2200,4.607277,0.38727696,,,,,0.250000,grid_scan,True,False,scanning
A_R011,A,11,scan59,228.000,19.0000,26.750000,5.127014,17.4975,4.2200,4.614482,0.39448181,,,,,0.250000,grid_scan,True,False,scanning
A_R011,A,11,scan60,228.000,19.0000,27.000000,5.328550,17.6199,4.2200,4.621755,0.40175453,,,,,0.250000,grid_scan,True,False,scanning
A_R011,A,11,scan61,228.000,19.0000,27.250000,5.528687,17.7425,4.2200,4.629095,0.40909511,,,,,0.250000,grid_scan,True,False,scanning
A_R011,A,11,scan62,228.000,19.0000,27.500000,5.727463,17.8653,4.2200,4.636504,0.41650356,,,,,0.250000,grid_scan,True,False,scanning
A_R011,A,11,scan63,228.000,19.0000,27.750000,5.924915,17.9883,4.2200,4.643980,0.42397990,,,,,0.250000,grid_scan,True,False,scanning
A_R011,A,11,scan64,228.000,19.0000,28.000000,6.121077,18.1116,4.2200,4.651524,0.43152413,,,,,0.250000,grid_scan,True,False,scanning
A_R011,A,11,scan65,228.000,19.0000,28.250000,6.315985,18.2350,4.2200,4.659136,0.43913625,,,,,0.250000,grid_scan,True,False,scanning
A_R011,A,11,scan66,228.000,19.0000,28.500000,6.509671,18.3587,4.2200,4.666816,0.44681628,,,,,0.250000,grid_scan,True,False,scanning
A_R011,A,11,scan67,228.000,19.0000,28.750000,6.702166,18.4826,4.2200,4.674564,0.45456421,,,,,0.250000,grid_scan,True,False,scanning
A_R011,A,11,scan68,228.000,19.0000,29.000000,6.893502,18.6067,4.2200,4.682380,0.46238007,,,,,0.250000,grid_scan,True,False,scanning
A_R011,A,11,scan69,228.000,19.0000,29.250000,7.083708,18.7309,4.2200,4.690264,0.47026386,,,,,0.250000,grid_scan,True,False,scanning
A_R011,A,11,scan70,228.000,19.0000,29.500000,7.272813,18.8554,4.2200,4.698216,0.47821558,,,,,0.250000,grid_scan,True,False,scanning
A_R011,A,11,scan71,228.000,19.0000,29.750000,7.460845,18.9800,4.2200,4.706235,0.48623525,,,,,0.250000,grid_scan,True,False,scanning
A_R011,A,11,scan72,228.000,19.0000,30.000000,7.647830,19.1048,4.2200,4.714323,0.49432286,,,,,0.250000,grid_scan,True,False,scanning
A_R011,A,11,scan73,228.000,19.0000,30.250000,7.833794,19.2299,4.2200,4.722478,0.50247844,,,,,0.250000,grid_scan,True,False,scanning
A_R011,A,11,scan74,228.000,19.0000,30.500000,8.018763,19.3550,4.2200,4.730702,0.51070198,,,,,0.250000,grid_scan,True,False,scanning
A_R011,A,11,scan75,228.000,19.0000,30.750000,8.202760,19.4804,4.2200,4.738994,0.51899350,,,,,0.250000,grid_scan,True,False,scanning
A_R011,A,11,scan76,228.000,19.0000,31.000000,8.385809,19.6059,4.2200,4.747353,0.52735300,,,,,0.250000,grid_scan,True,False,scanning
A_R011,A,11,scan77,228.000,19.0000,31.250000,8.567933,19.7317,4.2200,4.755780,0.53578050,,,,,0.250000,grid_scan,True,False,scanning
A_R011,A,11,scan78,228.000,19.0000,31.500000,8.749154,19.8575,4.2200,4.764276,0.54427599,,,,,0.250000,grid_scan,True,False,scanning
A_R011,A,11,scan79,228.000,19.0000,31.750000,8.929492,19.9836,4.2200,4.772839,0.55283949,,,,,0.250000,grid_scan,True,False,scanning
A_R011,A,11,scan80,228.000,19.0000,32.000000,9.108969,20.1098,4.2200,4.781471,0.56147101,,,,,0.250000,grid_scan,True,False,scanning
A_R011,A,11,scan81,228.000,19.0000,32.250000,9.287605,20.2361,4.2200,4.790171,0.57017055,,,,,0.250000,grid_scan,True,False,scanning
A_R011,A,11,scan82,228.000,19.0000,32.500000,9.465419,20.3626,4.2200,4.798938,0.57893812,,,,,0.250000,grid_scan,True,False,scanning
A_R011,A,11,scan83,228.000,19.0000,32.750000,9.642430,20.4893,4.2200,4.807774,0.58777374,,,,,0.250000,grid_scan,True,False,scanning
A_R011,A,11,scan84,228.000,19.0000,33.000000,9.818655,20.6161,4.2200,4.816677,0.59667740,,,,,0.250000,grid_scan,True,False,scanning
A_R011,A,11,scan85,228.000,19.0000,33.250000,9.994113,20.7431,4.2200,4.825649,0.60564913,,,,,0.250000,grid_scan,True,False,scanning
A_R011,A,11,scan86,228.000,19.0000,33.500000,10.168822,20.8702,4.2200,4.834689,0.61468892,,,,,0.250000,grid_scan,True,False,scanning
A_R011,A,11,scan87,228.000,19.0000,33.750000,10.342796,20.9975,4.2200,4.843797,0.62379678,,,,,0.250000,grid_scan,True,False,scanning
A_R011,A,11,scan88,228.000,19.0000,34.000000,10.516053,21.1249,4.2200,4.852973,0.63297273,,,,,0.250000,grid_scan,True,False,scanning
A_R011,A,11,scan89,228.000,19.0000,34.250000,10.688609,21.2524,4.2200,4.862217,0.64221678,,,,,0.250000,grid_scan,True,False,scanning
A_R011,A,11,scan90,228.000,19.0000,34.500000,10.860478,21.3801,4.2200,4.871529,0.65152892,,,,,0.250000,grid_scan,True,False,scanning
A_R011,A,11,scan91,228.000,19.0000,34.750000,11.031676,21.5079,4.2200,4.880909,0.66090918,,,,,0.250000,grid_scan,True,False,scanning
A_R011,A,11,scan92,228.000,19.0000,35.000000,11.202216,21.6358,4.2200,4.890358,0.67035755,,,,,0.250000,grid_scan,True,False,scanning
A_R011,A,11,scan93,228.000,19.0000,35.250000,11.372113,21.7639,4.2200,4.899874,0.67987406,,,,,0.250000,grid_scan,True,False,scanning
A_R011,A,11,scan94,228.000,19.0000,35.500000,11.541380,21.8921,4.2200,4.909459,0.68945870,,,,,0.250000,grid_scan,True,False,scanning
A_R011,A,11,scan95,228.000,19.0000,35.750000,11.710030,22.0205,4.2200,4.919111,0.69911149,,,,,0.250000,grid_scan,True,False,scanning
A_R011,A,11,scan96,228.000,19.0000,36.000000,11.878077,22.1489,4.2200,4.928832,0.70883243,,,,,0.250000,grid_scan,True,False,scanning
A_R011,A,11,scan97,228.000,19.0000,36.250000,12.045533,22.2775,4.2200,4.938622,0.71862154,,,,,0.250000,grid_scan,True,False,scanning
A_R011,A,11,scan98,228.000,19.0000,36.500000,12.212409,22.4062,4.2200,4.948479,0.72847882,,,,,0.250000,grid_scan,True,False,scanning
A_R011,A,11,scan99,228.000,19.0000,36.750000,12.378718,22.5350,4.2200,4.958404,0.73840429,,,,,0.250000,grid_scan,True,False,scanning
A_R011,A,11,scan100,228.000,19.0000,37.000000,12.544472,22.6640,4.2200,4.968398,0.74839795,,,,,0.250000,grid_scan,True,False,scanning
A_R011,A,11,scan101,228.000,19.0000,37.250000,12.709680,22.7930,4.2200,4.978460,0.75845981,,,,,0.250000,grid_scan,True,False,scanning
A_R011,A,11,scan102,228.000,19.0000,37.500000,12.874355,22.9222,4.2200,4.988590,0.76858988,,,,,0.250000,grid_scan,True,False,scanning
A_R011,A,11,scan103,228.000,19.0000,37.750000,13.038507,23.0515,4.2200,4.998788,0.77878818,,,,,0.250000,grid_scan,True,False,scanning
A_R011,A,11,scan104,228.000,19.0000,38.000000,13.202145,23.1809,4.2200,5.009055,0.78905470,,,,,0.250000,grid_scan,True,False,scanning
A_R011,A,11,scan105,228.000,19.0000,38.250000,13.365281,23.3104,4.2200,5.019389,0.79938947,,,,,0.250000,grid_scan,True,False,scanning
A_R011,A,11,scan106,228.000,19.0000,38.500000,13.527924,23.4400,4.2200,5.029792,0.80979249,,,,,0.250000,grid_scan,True,False,scanning
A_R011,A,11,scan107,228.000,19.0000,38.750000,13.690083,23.5697,4.2200,5.040264,0.82026376,,,,,0.250000,grid_scan,True,False,scanning
A_R011,A,11,scan108,228.000,19.0000,39.000000,13.851769,23.6995,4.2200,5.050803,0.83080331,,,,,0.250000,grid_scan,True,False,scanning
A_R011,A,11,scan109,228.000,19.0000,39.250000,14.012989,23.8294,4.2200,5.061411,0.84141114,,,,,0.250000,grid_scan,True,False,scanning
A_R011,A,11,scan110,228.000,19.0000,39.500000,14.173752,23.9595,4.2200,5.072087,0.85208725,,,,,0.250000,grid_scan,True,False,scanning
A_R011,A,11,scan111,228.000,19.0000,39.750000,14.334068,24.0896,4.2200,5.082832,0.86283167,,,,,0.250000,grid_scan,True,False,scanning
A_R011,A,11,scan112,228.000,19.0000,40.000000,14.493944,24.2198,4.2200,5.093644,0.87364440,,,,,0.250000,grid_scan,True,False,scanning
A_R011,A,11,,228.000,19.0000,,,,4.2200,,,,,,12.000,,bisection,,False,no_root
A_R012,A,12,scan0,240.000,20.0000,12.000000,-13.330846,10.9601,4.2200,4.304620,0.08461983,,,,,,grid_scan,False,False,scanning
A_R012,A,12,scan1,240.000,20.0000,12.250000,-12.813573,11.0511,4.2200,4.307740,0.08774040,,,,,0.250000,grid_scan,False,False,scanning
A_R012,A,12,scan2,240.000,20.0000,12.500000,-12.311842,11.1433,4.2200,4.310925,0.09092470,,,,,0.250000,grid_scan,False,False,scanning
A_R012,A,12,scan3,240.000,20.0000,12.750000,-11.824750,11.2367,4.2200,4.314173,0.09417276,,,,,0.250000,grid_scan,False,False,scanning
A_R012,A,12,scan4,240.000,20.0000,13.000000,-11.351462,11.3312,4.2200,4.317485,0.09748463,,,,,0.250000,grid_scan,False,False,scanning
A_R012,A,12,scan5,240.000,20.0000,13.250000,-10.891205,11.4269,4.2200,4.320860,0.10086034,,,,,0.250000,grid_scan,False,False,scanning
A_R012,A,12,scan6,240.000,20.0000,13.500000,-10.443263,11.5235,4.2200,4.324300,0.10429991,,,,,0.250000,grid_scan,False,False,scanning
A_R012,A,12,scan7,240.000,20.0000,13.750000,-10.006971,11.6212,4.2200,4.327803,0.10780338,,,,,0.250000,grid_scan,False,False,scanning
A_R012,A,12,scan8,240.000,20.0000,14.000000,-9.581710,11.7198,4.2200,4.331371,0.11137077,,,,,0.250000,grid_scan,False,False,scanning
A_R012,A,12,scan9,240.000,20.0000,14.250000,-9.166907,11.8193,4.2200,4.335002,0.11500211,,,,,0.250000,grid_scan,False,False,scanning
A_R012,A,12,scan10,240.000,20.0000,14.500000,-8.762024,11.9197,4.2200,4.338697,0.11869742,,,,,0.250000,grid_scan,False,False,scanning
A_R012,A,12,scan11,240.000,20.0000,14.750000,-8.366563,12.0209,4.2200,4.342457,0.12245672,,,,,0.250000,grid_scan,False,False,scanning
A_R012,A,12,scan12,240.000,20.0000,15.000000,-7.980055,12.1230,4.2200,4.346280,0.12628004,,,,,0.250000,grid_scan,False,False,scanning
A_R012,A,12,scan13,240.000,20.0000,15.250000,-7.602065,12.2259,4.2200,4.350167,0.13016738,,,,,0.250000,grid_scan,False,False,scanning
A_R012,A,12,scan14,240.000,20.0000,15.500000,-7.232182,12.3295,4.2200,4.354119,0.13411876,,,,,0.250000,grid_scan,False,False,scanning
A_R012,A,12,scan15,240.000,20.0000,15.750000,-6.870026,12.4338,4.2200,4.358134,0.13813421,,,,,0.250000,grid_scan,False,False,scanning
A_R012,A,12,scan16,240.000,20.0000,16.000000,-6.515235,12.5388,4.2200,4.362214,0.14221374,,,,,0.250000,grid_scan,False,False,scanning
A_R012,A,12,scan17,240.000,20.0000,16.250000,-6.167472,12.6445,4.2200,4.366357,0.14635735,,,,,0.250000,grid_scan,False,False,scanning
A_R012,A,12,scan18,240.000,20.0000,16.500000,-5.826421,12.7509,4.2200,4.370565,0.15056507,,,,,0.250000,grid_scan,False,False,scanning
A_R012,A,12,scan19,240.000,20.0000,16.750000,-5.491782,12.8579,4.2200,4.374837,0.15483691,,,,,0.250000,grid_scan,False,False,scanning
A_R012,A,12,scan20,240.000,20.0000,17.000000,-5.163275,12.9655,4.2200,4.379173,0.15917288,,,,,0.250000,grid_scan,False,False,scanning
A_R012,A,12,scan21,240.000,20.0000,17.250000,-4.840634,13.0737,4.2200,4.383573,0.16357299,,,,,0.250000,grid_scan,False,False,scanning
A_R012,A,12,scan22,240.000,20.0000,17.500000,-4.523611,13.1825,4.2200,4.388037,0.16803726,,,,,0.250000,grid_scan,False,False,scanning
A_R012,A,12,scan23,240.000,20.0000,17.750000,-4.211969,13.2918,4.2200,4.392566,0.17256568,,,,,0.250000,grid_scan,False,False,scanning
A_R012,A,12,scan24,240.000,20.0000,18.000000,-3.905485,13.4017,4.2200,4.397158,0.17715828,,,,,0.250000,grid_scan,False,False,scanning
A_R012,A,12,scan25,240.000,20.0000,18.250000,-3.603948,13.5121,4.2200,4.401815,0.18181507,,,,,0.250000,grid_scan,False,False,scanning
A_R012,A,12,scan26,240.000,20.0000,18.500000,-3.307159,13.6230,4.2200,4.406536,0.18653604,,,,,0.250000,grid_scan,False,False,scanning
A_R012,A,12,scan27,240.000,20.0000,18.750000,-3.014930,13.7344,4.2200,4.411321,0.19132122,,,,,0.250000,grid_scan,False,False,scanning
A_R012,A,12,scan28,240.000,20.0000,19.000000,-2.727080,13.8463,4.2200,4.416171,0.19617061,,,,,0.250000,grid_scan,False,False,scanning
A_R012,A,12,scan29,240.000,20.0000,19.250000,-2.443441,13.9586,4.2200,4.421084,0.20108422,,,,,0.250000,grid_scan,False,False,scanning
A_R012,A,12,scan30,240.000,20.0000,19.500000,-2.163851,14.0714,4.2200,4.426062,0.20606206,,,,,0.250000,grid_scan,False,False,scanning
A_R012,A,12,scan31,240.000,20.0000,19.750000,-1.888157,14.1846,4.2200,4.431104,0.21110413,,,,,0.250000,grid_scan,False,False,scanning
A_R012,A,12,scan32,240.000,20.0000,20.000000,-1.616214,14.2983,4.2200,4.436210,0.21621045,,,,,0.250000,grid_scan,False,False,scanning
A_R012,A,12,scan33,240.000,20.0000,20.250000,-1.347883,14.4124,4.2200,4.441381,0.22138102,,,,,0.250000,grid_scan,False,False,scanning
A_R012,A,12,scan34,240.000,20.0000,20.500000,-1.083033,14.5269,4.2200,4.446616,0.22661585,,,,,0.250000,grid_scan,False,False,scanning
A_R012,A,12,scan35,240.000,20.0000,20.750000,-0.821539,14.6418,4.2200,4.451915,0.23191494,,,,,0.250000,grid_scan,False,False,scanning
A_R012,A,12,scan36,240.000,20.0000,21.000000,-0.563281,14.7571,4.2200,4.457278,0.23727831,,,,,0.250000,grid_scan,False,False,scanning
A_R012,A,12,scan37,240.000,20.0000,21.250000,-0.308146,14.8728,4.2200,4.462706,0.24270596,,,,,0.250000,grid_scan,False,False,scanning
A_R012,A,12,scan38,240.000,20.0000,21.500000,-0.056025,14.9888,4.2200,4.468198,0.24819790,,,,,0.250000,grid_scan,False,False,scanning
A_R012,A,12,scan39,240.000,20.0000,21.750000,0.193185,15.1052,4.2200,4.473754,0.25375414,,,,,0.250000,grid_scan,True,False,scanning
A_R012,A,12,scan40,240.000,20.0000,22.000000,0.439584,15.2219,4.2200,4.479375,0.25937468,,,,,0.250000,grid_scan,True,False,scanning
A_R012,A,12,scan41,240.000,20.0000,22.250000,0.683265,15.3390,4.2200,4.485060,0.26505953,,,,,0.250000,grid_scan,True,False,scanning
A_R012,A,12,scan42,240.000,20.0000,22.500000,0.924319,15.4564,4.2200,4.490809,0.27080869,,,,,0.250000,grid_scan,True,False,scanning
A_R012,A,12,scan43,240.000,20.0000,22.750000,1.162832,15.5742,4.2200,4.496622,0.27662218,,,,,0.250000,grid_scan,True,False,scanning
A_R012,A,12,scan44,240.000,20.0000,23.000000,1.398887,15.6923,4.2200,4.502500,0.28249999,,,,,0.250000,grid_scan,True,False,scanning
A_R012,A,12,scan45,240.000,20.0000,23.250000,1.632563,15.8107,4.2200,4.508442,0.28844215,,,,,0.250000,grid_scan,True,False,scanning
A_R012,A,12,scan46,240.000,20.0000,23.500000,1.863935,15.9293,4.2200,4.514449,0.29444864,,,,,0.250000,grid_scan,True,False,scanning
A_R012,A,12,scan47,240.000,20.0000,23.750000,2.093076,16.0483,4.2200,4.520519,0.30051949,,,,,0.250000,grid_scan,True,False,scanning
A_R012,A,12,scan48,240.000,20.0000,24.000000,2.320055,16.1676,4.2200,4.526655,0.30665469,,,,,0.250000,grid_scan,True,False,scanning
A_R012,A,12,scan49,240.000,20.0000,24.250000,2.544940,16.2872,4.2200,4.532854,0.31285425,,,,,0.250000,grid_scan,True,False,scanning
A_R012,A,12,scan50,240.000,20.0000,24.500000,2.767793,16.4071,4.2200,4.539118,0.31911818,,,,,0.250000,grid_scan,True,False,scanning
A_R012,A,12,scan51,240.000,20.0000,24.750000,2.988677,16.5272,4.2200,4.545446,0.32544649,,,,,0.250000,grid_scan,True,False,scanning
A_R012,A,12,scan52,240.000,20.0000,25.000000,3.207650,16.6476,4.2200,4.551839,0.33183918,,,,,0.250000,grid_scan,True,False,scanning
A_R012,A,12,scan53,240.000,20.0000,25.250000,3.424768,16.7682,4.2200,4.558296,0.33829626,,,,,0.250000,grid_scan,True,False,scanning
A_R012,A,12,scan54,240.000,20.0000,25.500000,3.640087,16.8892,4.2200,4.564818,0.34481773,,,,,0.250000,grid_scan,True,False,scanning
A_R012,A,12,scan55,240.000,20.0000,25.750000,3.853659,17.0103,4.2200,4.571404,0.35140361,,,,,0.250000,grid_scan,True,False,scanning
A_R012,A,12,scan56,240.000,20.0000,26.000000,4.065533,17.1318,4.2200,4.578054,0.35805389,,,,,0.250000,grid_scan,True,False,scanning
A_R012,A,12,scan57,240.000,20.0000,26.250000,4.275758,17.2534,4.2200,4.584769,0.36476858,,,,,0.250000,grid_scan,True,False,scanning
A_R012,A,12,scan58,240.000,20.0000,26.500000,4.484381,17.3754,4.2200,4.591548,0.37154770,,,,,0.250000,grid_scan,True,False,scanning
A_R012,A,12,scan59,240.000,20.0000,26.750000,4.691446,17.4975,4.2200,4.598391,0.37839125,,,,,0.250000,grid_scan,True,False,scanning
A_R012,A,12,scan60,240.000,20.0000,27.000000,4.896997,17.6199,4.2200,4.605299,0.38529922,,,,,0.250000,grid_scan,True,False,scanning
A_R012,A,12,scan61,240.000,20.0000,27.250000,5.101075,17.7425,4.2200,4.612272,0.39227164,,,,,0.250000,grid_scan,True,False,scanning
A_R012,A,12,scan62,240.000,20.0000,27.500000,5.303720,17.8653,4.2200,4.619309,0.39930851,,,,,0.250000,grid_scan,True,False,scanning
A_R012,A,12,scan63,240.000,20.0000,27.750000,5.504971,17.9883,4.2200,4.626410,0.40640983,,,,,0.250000,grid_scan,True,False,scanning
A_R012,A,12,scan64,240.000,20.0000,28.000000,5.704865,18.1116,4.2200,4.633576,0.41357560,,,,,0.250000,grid_scan,True,False,scanning
A_R012,A,12,scan65,240.000,20.0000,28.250000,5.903439,18.2350,4.2200,4.640806,0.42080585,,,,,0.250000,grid_scan,True,False,scanning
A_R012,A,12,scan66,240.000,20.0000,28.500000,6.100725,18.3587,4.2200,4.648101,0.42810057,,,,,0.250000,grid_scan,True,False,scanning
A_R012,A,12,scan67,240.000,20.0000,28.750000,6.296760,18.4826,4.2200,4.655460,0.43545977,,,,,0.250000,grid_scan,True,False,scanning
A_R012,A,12,scan68,240.000,20.0000,29.000000,6.491573,18.6067,4.2200,4.662883,0.44288345,,,,,0.250000,grid_scan,True,False,scanning
A_R012,A,12,scan69,240.000,20.0000,29.250000,6.685198,18.7309,4.2200,4.670372,0.45037163,,,,,0.250000,grid_scan,True,False,scanning
A_R012,A,12,scan70,240.000,20.0000,29.500000,6.877663,18.8554,4.2200,4.677924,0.45792431,,,,,0.250000,grid_scan,True,False,scanning
A_R012,A,12,scan71,240.000,20.0000,29.750000,7.068998,18.9800,4.2200,4.685541,0.46554149,,,,,0.250000,grid_scan,True,False,scanning
A_R012,A,12,scan72,240.000,20.0000,30.000000,7.259232,19.1048,4.2200,4.693223,0.47322319,,,,,0.250000,grid_scan,True,False,scanning
A_R012,A,12,scan73,240.000,20.0000,30.250000,7.448391,19.2299,4.2200,4.700969,0.48096941,,,,,0.250000,grid_scan,True,False,scanning
A_R012,A,12,scan74,240.000,20.0000,30.500000,7.636503,19.3550,4.2200,4.708780,0.48878016,,,,,0.250000,grid_scan,True,False,scanning
A_R012,A,12,scan75,240.000,20.0000,30.750000,7.823591,19.4804,4.2200,4.716655,0.49665544,,,,,0.250000,grid_scan,True,False,scanning
A_R012,A,12,scan76,240.000,20.0000,31.000000,8.009682,19.6059,4.2200,4.724595,0.50459526,,,,,0.250000,grid_scan,True,False,scanning
A_R012,A,12,scan77,240.000,20.0000,31.250000,8.194798,19.7317,4.2200,4.732600,0.51259963,,,,,0.250000,grid_scan,True,False,scanning
A_R012,A,12,scan78,240.000,20.0000,31.500000,8.378964,19.8575,4.2200,4.740669,0.52066855,,,,,0.250000,grid_scan,True,False,scanning
A_R012,A,12,scan79,240.000,20.0000,31.750000,8.562201,19.9836,4.2200,4.748802,0.52880204,,,,,0.250000,grid_scan,True,False,scanning
A_R012,A,12,scan80,240.000,20.0000,32.000000,8.744532,20.1098,4.2200,4.757000,0.53700010,,,,,0.250000,grid_scan,True,False,scanning
A_R012,A,12,scan81,240.000,20.0000,32.250000,8.925977,20.2361,4.2200,4.765263,0.54526273,,,,,0.250000,grid_scan,True,False,scanning
A_R012,A,12,scan82,240.000,20.0000,32.500000,9.106557,20.3626,4.2200,4.773590,0.55358995,,,,,0.250000,grid_scan,True,False,scanning
A_R012,A,12,scan83,240.000,20.0000,32.750000,9.286291,20.4893,4.2200,4.781982,0.56198176,,,,,0.250000,grid_scan,True,False,scanning
A_R012,A,12,scan84,240.000,20.0000,33.000000,9.465199,20.6161,4.2200,4.790438,0.57043817,,,,,0.250000,grid_scan,True,False,scanning
A_R012,A,12,scan85,240.000,20.0000,33.250000,9.643299,20.7431,4.2200,4.798959,0.57895918,,,,,0.250000,grid_scan,True,False,scanning
A_R012,A,12,scan86,240.000,20.0000,33.500000,9.820610,20.8702,4.2200,4.807545,0.58754481,,,,,0.250000,grid_scan,True,False,scanning
A_R012,A,12,scan87,240.000,20.0000,33.750000,9.997148,20.9975,4.2200,4.816195,0.59619506,,,,,0.250000,grid_scan,True,False,scanning
A_R012,A,12,scan88,240.000,20.0000,34.000000,10.172932,21.1249,4.2200,4.824910,0.60490993,,,,,0.250000,grid_scan,True,False,scanning
A_R012,A,12,scan89,240.000,20.0000,34.250000,10.347976,21.2524,4.2200,4.833689,0.61368944,,,,,0.250000,grid_scan,True,False,scanning
A_R012,A,12,scan90,240.000,20.0000,34.500000,10.522299,21.3801,4.2200,4.842534,0.62253360,,,,,0.250000,grid_scan,True,False,scanning
A_R012,A,12,scan91,240.000,20.0000,34.750000,10.695914,21.5079,4.2200,4.851442,0.63144240,,,,,0.250000,grid_scan,True,False,scanning
A_R012,A,12,scan92,240.000,20.0000,35.000000,10.868837,21.6358,4.2200,4.860416,0.64041586,,,,,0.250000,grid_scan,True,False,scanning
A_R012,A,12,scan93,240.000,20.0000,35.250000,11.041083,21.7639,4.2200,4.869454,0.64945399,,,,,0.250000,grid_scan,True,False,scanning
A_R012,A,12,scan94,240.000,20.0000,35.500000,11.212666,21.8921,4.2200,4.878557,0.65855680,,,,,0.250000,grid_scan,True,False,scanning
A_R012,A,12,scan95,240.000,20.0000,35.750000,11.383601,22.0205,4.2200,4.887724,0.66772428,,,,,0.250000,grid_scan,True,False,scanning
A_R012,A,12,scan96,240.000,20.0000,36.000000,11.553899,22.1489,4.2200,4.896956,0.67695645,,,,,0.250000,grid_scan,True,False,scanning
A_R012,A,12,scan97,240.000,20.0000,36.250000,11.723576,22.2775,4.2200,4.906253,0.68625333,,,,,0.250000,grid_scan,True,False,scanning
A_R012,A,12,scan98,240.000,20.0000,36.500000,11.892642,22.4062,4.2200,4.915615,0.69561490,,,,,0.250000,grid_scan,True,False,scanning
A_R012,A,12,scan99,240.000,20.0000,36.750000,12.061112,22.5350,4.2200,4.925041,0.70504119,,,,,0.250000,grid_scan,True,False,scanning
A_R012,A,12,scan100,240.000,20.0000,37.000000,12.228996,22.6640,4.2200,4.934532,0.71453220,,,,,0.250000,grid_scan,True,False,scanning
A_R012,A,12,scan101,240.000,20.0000,37.250000,12.396307,22.7930,4.2200,4.944088,0.72408794,,,,,0.250000,grid_scan,True,False,scanning
A_R012,A,12,scan102,240.000,20.0000,37.500000,12.563056,22.9222,4.2200,4.953708,0.73370842,,,,,0.250000,grid_scan,True,False,scanning
A_R012,A,12,scan103,240.000,20.0000,37.750000,12.729255,23.0515,4.2200,4.963394,0.74339365,,,,,0.250000,grid_scan,True,False,scanning
A_R012,A,12,scan104,240.000,20.0000,38.000000,12.894914,23.1809,4.2200,4.973144,0.75314362,,,,,0.250000,grid_scan,True,False,scanning
A_R012,A,12,scan105,240.000,20.0000,38.250000,13.060043,23.3104,4.2200,4.982958,0.76295836,,,,,0.250000,grid_scan,True,False,scanning
A_R012,A,12,scan106,240.000,20.0000,38.500000,13.224653,23.4400,4.2200,4.992838,0.77283787,,,,,0.250000,grid_scan,True,False,scanning
A_R012,A,12,scan107,240.000,20.0000,38.750000,13.388754,23.5697,4.2200,5.002782,0.78278216,,,,,0.250000,grid_scan,True,False,scanning
A_R012,A,12,scan108,240.000,20.0000,39.000000,13.552357,23.6995,4.2200,5.012791,0.79279124,,,,,0.250000,grid_scan,True,False,scanning
A_R012,A,12,scan109,240.000,20.0000,39.250000,13.715469,23.8294,4.2200,5.022865,0.80286511,,,,,0.250000,grid_scan,True,False,scanning
A_R012,A,12,scan110,240.000,20.0000,39.500000,13.878101,23.9595,4.2200,5.033004,0.81300379,,,,,0.250000,grid_scan,True,False,scanning
A_R012,A,12,scan111,240.000,20.0000,39.750000,14.040262,24.0896,4.2200,5.043207,0.82320728,,,,,0.250000,grid_scan,True,False,scanning
A_R012,A,12,scan112,240.000,20.0000,40.000000,14.201960,24.2198,4.2200,5.053476,0.83347559,,,,,0.250000,grid_scan,True,False,scanning
A_R012,A,12,,240.000,20.0000,,,,4.2200,,,,,,12.000,,bisection,,False,no_root
A_R013,A,13,scan0,252.000,21.0000,12.000000,-14.297982,10.9601,4.2200,4.304076,0.08407586,,,,,,grid_scan,False,False,scanning
A_R013,A,13,scan1,252.000,21.0000,12.250000,-13.761108,11.0511,4.2200,4.307048,0.08704778,,,,,0.250000,grid_scan,False,False,scanning
A_R013,A,13,scan2,252.000,21.0000,12.500000,-13.240553,11.1433,4.2200,4.310080,0.09008038,,,,,0.250000,grid_scan,False,False,scanning
A_R013,A,13,scan3,252.000,21.0000,12.750000,-12.735369,11.2367,4.2200,4.313174,0.09317371,,,,,0.250000,grid_scan,False,False,scanning
A_R013,A,13,scan4,252.000,21.0000,13.000000,-12.244678,11.3312,4.2200,4.316328,0.09632780,,,,,0.250000,grid_scan,False,False,scanning
A_R013,A,13,scan5,252.000,21.0000,13.250000,-11.767671,11.4269,4.2200,4.319543,0.09954269,,,,,0.250000,grid_scan,False,False,scanning
A_R013,A,13,scan6,252.000,21.0000,13.500000,-11.303594,11.5235,4.2200,4.322818,0.10281839,,,,,0.250000,grid_scan,False,False,scanning
A_R013,A,13,scan7,252.000,21.0000,13.750000,-10.851749,11.6212,4.2200,4.326155,0.10615494,,,,,0.250000,grid_scan,False,False,scanning
A_R013,A,13,scan8,252.000,21.0000,14.000000,-10.411488,11.7198,4.2200,4.329552,0.10955236,,,,,0.250000,grid_scan,False,False,scanning
A_R013,A,13,scan9,252.000,21.0000,14.250000,-9.982207,11.8193,4.2200,4.333011,0.11301068,,,,,0.250000,grid_scan,False,False,scanning
A_R013,A,13,scan10,252.000,21.0000,14.500000,-9.563343,11.9197,4.2200,4.336530,0.11652992,,,,,0.250000,grid_scan,False,False,scanning
A_R013,A,13,scan11,252.000,21.0000,14.750000,-9.154370,12.0209,4.2200,4.340110,0.12011009,,,,,0.250000,grid_scan,False,False,scanning
A_R013,A,13,scan12,252.000,21.0000,15.000000,-8.754799,12.1230,4.2200,4.343751,0.12375122,,,,,0.250000,grid_scan,False,False,scanning
A_R013,A,13,scan13,252.000,21.0000,15.250000,-8.364172,12.2259,4.2200,4.347453,0.12745331,,,,,0.250000,grid_scan,False,False,scanning
A_R013,A,13,scan14,252.000,21.0000,15.500000,-7.982058,12.3295,4.2200,4.351216,0.13121640,,,,,0.250000,grid_scan,False,False,scanning
A_R013,A,13,scan15,252.000,21.0000,15.750000,-7.608055,12.4338,4.2200,4.355040,0.13504049,,,,,0.250000,grid_scan,False,False,scanning
A_R013,A,13,scan16,252.000,21.0000,16.000000,-7.241787,12.5388,4.2200,4.358926,0.13892560,,,,,0.250000,grid_scan,False,False,scanning
A_R013,A,13,scan17,252.000,21.0000,16.250000,-6.882899,12.6445,4.2200,4.362872,0.14287174,,,,,0.250000,grid_scan,False,False,scanning
A_R013,A,13,scan18,252.000,21.0000,16.500000,-6.531057,12.7509,4.2200,4.366879,0.14687892,,,,,0.250000,grid_scan,False,False,scanning
A_R013,A,13,scan19,252.000,21.0000,16.750000,-6.185949,12.8579,4.2200,4.370947,0.15094715,,,,,0.250000,grid_scan,False,False,scanning
A_R013,A,13,scan20,252.000,21.0000,17.000000,-5.847279,12.9655,4.2200,4.375076,0.15507646,,,,,0.250000,grid_scan,False,False,scanning
A_R013,A,13,scan21,252.000,21.0000,17.250000,-5.514769,13.0737,4.2200,4.379267,0.15926684,,,,,0.250000,grid_scan,False,False,scanning
A_R013,A,13,scan22,252.000,21.0000,17.500000,-5.188157,13.1825,4.2200,4.383518,0.16351830,,,,,0.250000,grid_scan,False,False,scanning
A_R013,A,13,scan23,252.000,21.0000,17.750000,-4.867195,13.2918,4.2200,4.387831,0.16783087,,,,,0.250000,grid_scan,False,False,scanning
A_R013,A,13,scan24,252.000,21.0000,18.000000,-4.551649,13.4017,4.2200,4.392205,0.17220454,,,,,0.250000,grid_scan,False,False,scanning
A_R013,A,13,scan25,252.000,21.0000,18.250000,-4.241297,13.5121,4.2200,4.396639,0.17663932,,,,,0.250000,grid_scan,False,False,scanning
A_R013,A,13,scan26,252.000,21.0000,18.500000,-3.935932,13.6230,4.2200,4.401135,0.18113523,,,,,0.250000,grid_scan,False,False,scanning
A_R013,A,13,scan27,252.000,21.0000,18.750000,-3.635353,13.7344,4.2200,4.405692,0.18569227,,,,,0.250000,grid_scan,False,False,scanning
A_R013,A,13,scan28,252.000,21.0000,19.000000,-3.339373,13.8463,4.2200,4.410310,0.19031046,,,,,0.250000,grid_scan,False,False,scanning
A_R013,A,13,scan29,252.000,21.0000,19.250000,-3.047814,13.9586,4.2200,4.414990,0.19498979,,,,,0.250000,grid_scan,False,False,scanning
A_R013,A,13,scan30,252.000,21.0000,19.500000,-2.760507,14.0714,4.2200,4.419730,0.19973028,,,,,0.250000,grid_scan,False,False,scanning
A_R013,A,13,scan31,252.000,21.0000,19.750000,-2.477291,14.1846,4.2200,4.424532,0.20453193,,,,,0.250000,grid_scan,False,False,scanning
A_R013,A,13,scan32,252.000,21.0000,20.000000,-2.198013,14.2983,4.2200,4.429395,0.20939475,,,,,0.250000,grid_scan,False,False,scanning
A_R013,A,13,scan33,252.000,21.0000,20.250000,-1.922528,14.4124,4.2200,4.434319,0.21431875,,,,,0.250000,grid_scan,False,False,scanning
A_R013,A,13,scan34,252.000,21.0000,20.500000,-1.650698,14.5269,4.2200,4.439304,0.21930394,,,,,0.250000,grid_scan,False,False,scanning
A_R013,A,13,scan35,252.000,21.0000,20.750000,-1.382391,14.6418,4.2200,4.444350,0.22435032,,,,,0.250000,grid_scan,False,False,scanning
A_R013,A,13,scan36,252.000,21.0000,21.000000,-1.117483,14.7571,4.2200,4.449458,0.22945789,,,,,0.250000,grid_scan,False,False,scanning
A_R013,A,13,scan37,252.000,21.0000,21.250000,-0.855854,14.8728,4.2200,4.454627,0.23462667,,,,,0.250000,grid_scan,False,False,scanning
A_R013,A,13,scan38,252.000,21.0000,21.500000,-0.597389,14.9888,4.2200,4.459857,0.23985666,,,,,0.250000,grid_scan,False,False,scanning
A_R013,A,13,scan39,252.000,21.0000,21.750000,-0.341980,15.1052,4.2200,4.465148,0.24514787,,,,,0.250000,grid_scan,False,False,scanning
A_R013,A,13,scan40,252.000,21.0000,22.000000,-0.089524,15.2219,4.2200,4.470500,0.25050030,,,,,0.250000,grid_scan,False,False,scanning
A_R013,A,13,scan41,252.000,21.0000,22.250000,0.160079,15.3390,4.2200,4.475914,0.25591396,,,,,0.250000,grid_scan,True,False,scanning
A_R013,A,13,scan42,252.000,21.0000,22.500000,0.406923,15.4564,4.2200,4.481389,0.26138886,,,,,0.250000,grid_scan,True,False,scanning
A_R013,A,13,scan43,252.000,21.0000,22.750000,0.651100,15.5742,4.2200,4.486925,0.26692500,,,,,0.250000,grid_scan,True,False,scanning
A_R013,A,13,scan44,252.000,21.0000,23.000000,0.892695,15.6923,4.2200,4.492522,0.27252238,,,,,0.250000,grid_scan,True,False,scanning
A_R013,A,13,scan45,252.000,21.0000,23.250000,1.131792,15.8107,4.2200,4.498181,0.27818102,,,,,0.250000,grid_scan,True,False,scanning
A_R013,A,13,scan46,252.000,21.0000,23.500000,1.368470,15.9293,4.2200,4.503901,0.28390092,,,,,0.250000,grid_scan,True,False,scanning
A_R013,A,13,scan47,252.000,21.0000,23.750000,1.602806,16.0483,4.2200,4.509682,0.28968208,,,,,0.250000,grid_scan,True,False,scanning
A_R013,A,13,scan48,252.000,21.0000,24.000000,1.834872,16.1676,4.2200,4.515525,0.29552452,,,,,0.250000,grid_scan,True,False,scanning
A_R013,A,13,scan49,252.000,21.0000,24.250000,2.064738,16.2872,4.2200,4.521428,0.30142823,,,,,0.250000,grid_scan,True,False,scanning
A_R013,A,13,scan50,252.000,21.0000,24.500000,2.292472,16.4071,4.2200,4.527393,0.30739322,,,,,0.250000,grid_scan,True,False,scanning
A_R013,A,13,scan51,252.000,21.0000,24.750000,2.518138,16.5272,4.2200,4.533420,0.31341950,,,,,0.250000,grid_scan,True,False,scanning
A_R013,A,13,scan52,252.000,21.0000,25.000000,2.741797,16.6476,4.2200,4.539507,0.31950708,,,,,0.250000,grid_scan,True,False,scanning
A_R013,A,13,scan53,252.000,21.0000,25.250000,2.963509,16.7682,4.2200,4.545656,0.32565595,,,,,0.250000,grid_scan,True,False,scanning
A_R013,A,13,scan54,252.000,21.0000,25.500000,3.183332,16.8892,4.2200,4.551866,0.33186613,,,,,0.250000,grid_scan,True,False,scanning
A_R013,A,13,scan55,252.000,21.0000,25.750000,3.401319,17.0103,4.2200,4.558138,0.33813762,,,,,0.250000,grid_scan,True,False,scanning
A_R013,A,13,scan56,252.000,21.0000,26.000000,3.617525,17.1318,4.2200,4.564470,0.34447043,,,,,0.250000,grid_scan,True,False,scanning
A_R013,A,13,scan57,252.000,21.0000,26.250000,3.831999,17.2534,4.2200,4.570865,0.35086455,,,,,0.250000,grid_scan,True,False,scanning
A_R013,A,13,scan58,252.000,21.0000,26.500000,4.044790,17.3754,4.2200,4.577320,0.35732001,,,,,0.250000,grid_scan,True,False,scanning
A_R013,A,13,scan59,252.000,21.0000,26.750000,4.255946,17.4975,4.2200,4.583837,0.36383680,,,,,0.250000,grid_scan,True,False,scanning
A_R013,A,13,scan60,252.000,21.0000,27.000000,4.465512,17.6199,4.2200,4.590415,0.37041493,,,,,0.250000,grid_scan,True,False,scanning
A_R013,A,13,scan61,252.000,21.0000,27.250000,4.673532,17.7425,4.2200,4.597054,0.37705440,,,,,0.250000,grid_scan,True,False,scanning
A_R013,A,13,scan62,252.000,21.0000,27.500000,4.880047,17.8653,4.2200,4.603755,0.38375523,,,,,0.250000,grid_scan,True,False,scanning
A_R013,A,13,scan63,252.000,21.0000,27.750000,5.085098,17.9883,4.2200,4.610517,0.39051741,,,,,0.250000,grid_scan,True,False,scanning
A_R013,A,13,scan64,252.000,21.0000,28.000000,5.288725,18.1116,4.2200,4.617341,0.39734095,,,,,0.250000,grid_scan,True,False,scanning
A_R013,A,13,scan65,252.000,21.0000,28.250000,5.490964,18.2350,4.2200,4.624226,0.40422586,,,,,0.250000,grid_scan,True,False,scanning
A_R013,A,13,scan66,252.000,21.0000,28.500000,5.691853,18.3587,4.2200,4.631172,0.41117214,,,,,0.250000,grid_scan,True,False,scanning
A_R013,A,13,scan67,252.000,21.0000,28.750000,5.891426,18.4826,4.2200,4.638180,0.41817981,,,,,0.250000,grid_scan,True,False,scanning
A_R013,A,13,scan68,252.000,21.0000,29.000000,6.089718,18.6067,4.2200,4.645249,0.42524886,,,,,0.250000,grid_scan,True,False,scanning
A_R013,A,13,scan69,252.000,21.0000,29.250000,6.286762,18.7309,4.2200,4.652379,0.43237930,,,,,0.250000,grid_scan,True,False,scanning
A_R013,A,13,scan70,252.000,21.0000,29.500000,6.482588,18.8554,4.2200,4.659571,0.43957113,,,,,0.250000,grid_scan,True,False,scanning
A_R013,A,13,scan71,252.000,21.0000,29.750000,6.677228,18.9800,4.2200,4.666824,0.44682437,,,,,0.250000,grid_scan,True,False,scanning
A_R013,A,13,scan72,252.000,21.0000,30.000000,6.870711,19.1048,4.2200,4.674139,0.45413902,,,,,0.250000,grid_scan,True,False,scanning
A_R013,A,13,scan73,252.000,21.0000,30.250000,7.063065,19.2299,4.2200,4.681515,0.46151508,,,,,0.250000,grid_scan,True,False,scanning
A_R013,A,13,scan74,252.000,21.0000,30.500000,7.254320,19.3550,4.2200,4.688953,0.46895257,,,,,0.250000,grid_scan,True,False,scanning
A_R013,A,13,scan75,252.000,21.0000,30.750000,7.444500,19.4804,4.2200,4.696451,0.47645148,,,,,0.250000,grid_scan,True,False,scanning
A_R013,A,13,scan76,252.000,21.0000,31.000000,7.633633,19.6059,4.2200,4.704012,0.48401182,,,,,0.250000,grid_scan,True,False,scanning
A_R013,A,13,scan77,252.000,21.0000,31.250000,7.821743,19.7317,4.2200,4.711634,0.49163360,,,,,0.250000,grid_scan,True,False,scanning
A_R013,A,13,scan78,252.000,21.0000,31.500000,8.008855,19.8575,4.2200,4.719317,0.49931683,,,,,0.250000,grid_scan,True,False,scanning
A_R013,A,13,scan79,252.000,21.0000,31.750000,8.194992,19.9836,4.2200,4.727062,0.50706151,,,,,0.250000,grid_scan,True,False,scanning
A_R013,A,13,scan80,252.000,21.0000,32.000000,8.380176,20.1098,4.2200,4.734868,0.51486764,,,,,0.250000,grid_scan,True,False,scanning
A_R013,A,13,scan81,252.000,21.0000,32.250000,8.564431,20.2361,4.2200,4.742735,0.52273524,,,,,0.250000,grid_scan,True,False,scanning
A_R013,A,13,scan82,252.000,21.0000,32.500000,8.747778,20.3626,4.2200,4.750664,0.53066431,,,,,0.250000,grid_scan,True,False,scanning
A_R013,A,13,scan83,252.000,21.0000,32.750000,8.930236,20.4893,4.2200,4.758655,0.53865486,,,,,0.250000,grid_scan,True,False,scanning
A_R013,A,13,scan84,252.000,21.0000,33.000000,9.111827,20.6161,4.2200,4.766707,0.54670688,,,,,0.250000,grid_scan,True,False,scanning
A_R013,A,13,scan85,252.000,21.0000,33.250000,9.292570,20.7431,4.2200,4.774820,0.55482040,,,,,0.250000,grid_scan,True,False,scanning
A_R013,A,13,scan86,252.000,21.0000,33.500000,9.472484,20.8702,4.2200,4.782995,0.56299541,,,,,0.250000,grid_scan,True,False,scanning
A_R013,A,13,scan87,252.000,21.0000,33.750000,9.651587,20.9975,4.2200,4.791232,0.57123192,,,,,0.250000,grid_scan,True,False,scanning
A_R013,A,13,scan88,252.000,21.0000,34.000000,9.829897,21.1249,4.2200,4.799530,0.57952994,,,,,0.250000,grid_scan,True,False,scanning
A_R013,A,13,scan89,252.000,21.0000,34.250000,10.007431,21.2524,4.2200,4.807889,0.58788948,,,,,0.250000,grid_scan,True,False,scanning
A_R013,A,13,scan90,252.000,21.0000,34.500000,10.184207,21.3801,4.2200,4.816311,0.59631054,,,,,0.250000,grid_scan,True,False,scanning
A_R013,A,13,scan91,252.000,21.0000,34.750000,10.360241,21.5079,4.2200,4.824793,0.60479312,,,,,0.250000,grid_scan,True,False,scanning
A_R013,A,13,scan92,252.000,21.0000,35.000000,10.535548,21.6358,4.2200,4.833337,0.61333724,,,,,0.250000,grid_scan,True,False,scanning
A_R013,A,13,scan93,252.000,21.0000,35.250000,10.710144,21.7639,4.2200,4.841943,0.62194290,,,,,0.250000,grid_scan,True,False,scanning
A_R013,A,13,scan94,252.000,21.0000,35.500000,10.884044,21.8921,4.2200,4.850610,0.63061010,,,,,0.250000,grid_scan,True,False,scanning
A_R013,A,13,scan95,252.000,21.0000,35.750000,11.057262,22.0205,4.2200,4.859339,0.63933886,,,,,0.250000,grid_scan,True,False,scanning
A_R013,A,13,scan96,252.000,21.0000,36.000000,11.229813,22.1489,4.2200,4.868129,0.64812919,,,,,0.250000,grid_scan,True,False,scanning
A_R013,A,13,scan97,252.000,21.0000,36.250000,11.401711,22.2775,4.2200,4.876981,0.65698108,,,,,0.250000,grid_scan,True,False,scanning
A_R013,A,13,scan98,252.000,21.0000,36.500000,11.572969,22.4062,4.2200,4.885895,0.66589454,,,,,0.250000,grid_scan,True,False,scanning
A_R013,A,13,scan99,252.000,21.0000,36.750000,11.743599,22.5350,4.2200,4.894870,0.67486959,,,,,0.250000,grid_scan,True,False,scanning
A_R013,A,13,scan100,252.000,21.0000,37.000000,11.913615,22.6640,4.2200,4.903906,0.68390622,,,,,0.250000,grid_scan,True,False,scanning
A_R013,A,13,scan101,252.000,21.0000,37.250000,12.083030,22.7930,4.2200,4.913004,0.69300445,,,,,0.250000,grid_scan,True,False,scanning
A_R013,A,13,scan102,252.000,21.0000,37.500000,12.251854,22.9222,4.2200,4.922164,0.70216429,,,,,0.250000,grid_scan,True,False,scanning
A_R013,A,13,scan103,252.000,21.0000,37.750000,12.420100,23.0515,4.2200,4.931386,0.71138573,,,,,0.250000,grid_scan,True,False,scanning
A_R013,A,13,scan104,252.000,21.0000,38.000000,12.587779,23.1809,4.2200,4.940669,0.72066879,,,,,0.250000,grid_scan,True,False,scanning
A_R013,A,13,scan105,252.000,21.0000,38.250000,12.754902,23.3104,4.2200,4.950013,0.73001347,,,,,0.250000,grid_scan,True,False,scanning
A_R013,A,13,scan106,252.000,21.0000,38.500000,12.921481,23.4400,4.2200,4.959420,0.73941979,,,,,0.250000,grid_scan,True,False,scanning
A_R013,A,13,scan107,252.000,21.0000,38.750000,13.087525,23.5697,4.2200,4.968888,0.74888774,,,,,0.250000,grid_scan,True,False,scanning
A_R013,A,13,scan108,252.000,21.0000,39.000000,13.253044,23.6995,4.2200,4.978417,0.75841734,,,,,0.250000,grid_scan,True,False,scanning
A_R013,A,13,scan109,252.000,21.0000,39.250000,13.418050,23.8294,4.2200,4.988009,0.76800860,,,,,0.250000,grid_scan,True,False,scanning
A_R013,A,13,scan110,252.000,21.0000,39.500000,13.582551,23.9595,4.2200,4.997662,0.77766151,,,,,0.250000,grid_scan,True,False,scanning
A_R013,A,13,scan111,252.000,21.0000,39.750000,13.746557,24.0896,4.2200,5.007376,0.78737609,,,,,0.250000,grid_scan,True,False,scanning
A_R013,A,13,scan112,252.000,21.0000,40.000000,13.910078,24.2198,4.2200,5.017152,0.79715235,,,,,0.250000,grid_scan,True,False,scanning
A_R013,A,13,,252.000,21.0000,,,,4.2200,,,,,,12.000,,bisection,,False,no_root
A_R014,A,14,scan0,264.000,22.0000,12.000000,-15.265092,10.9601,4.2200,4.303581,0.08358137,,,,,,grid_scan,False,False,scanning
A_R014,A,14,scan1,264.000,22.0000,12.250000,-14.708616,11.0511,4.2200,4.306418,0.08641816,,,,,0.250000,grid_scan,False,False,scanning
A_R014,A,14,scan2,264.000,22.0000,12.500000,-14.169236,11.1433,4.2200,4.309313,0.08931287,,,,,0.250000,grid_scan,False,False,scanning
A_R014,A,14,scan3,264.000,22.0000,12.750000,-13.645959,11.2367,4.2200,4.312266,0.09226554,,,,,0.250000,grid_scan,False,False,scanning
A_R014,A,14,scan4,264.000,22.0000,13.000000,-13.137866,11.3312,4.2200,4.315276,0.09527621,,,,,0.250000,grid_scan,False,False,scanning
A_R014,A,14,scan5,264.000,22.0000,13.250000,-12.644108,11.4269,4.2200,4.318345,0.09834490,,,,,0.250000,grid_scan,False,False,scanning
A_R014,A,14,scan6,264.000,22.0000,13.500000,-12.163895,11.5235,4.2200,4.321472,0.10147164,,,,,0.250000,grid_scan,False,False,scanning
A_R014,A,14,scan7,264.000,22.0000,13.750000,-11.696498,11.6212,4.2200,4.324656,0.10465646,,,,,0.250000,grid_scan,False,False,scanning
A_R014,A,14,scan8,264.000,22.0000,14.000000,-11.241235,11.7198,4.2200,4.327899,0.10789937,,,,,0.250000,grid_scan,False,False,scanning
A_R014,A,14,scan9,264.000,22.0000,14.250000,-10.797476,11.8193,4.2200,4.331200,0.11120042,,,,,0.250000,grid_scan,False,False,scanning
A_R014,A,14,scan10,264.000,22.0000,14.500000,-10.364629,11.9197,4.2200,4.334560,0.11455960,,,,,0.250000,grid_scan,False,False,scanning
A_R014,A,14,scan11,264.000,22.0000,14.750000,-9.942145,12.0209,4.2200,4.337977,0.11797694,,,,,0.250000,grid_scan,False,False,scanning
A_R014,A,14,scan12,264.000,22.0000,15.000000,-9.529511,12.1230,4.2200,4.341452,0.12145246,,,,,0.250000,grid_scan,False,False,scanning
A_R014,A,14,scan13,264.000,22.0000,15.250000,-9.126245,12.2259,4.2200,4.344986,0.12498618,,,,,0.250000,grid_scan,False,False,scanning
A_R014,A,14,scan14,264.000,22.0000,15.500000,-8.731899,12.3295,4.2200,4.348578,0.12857811,,,,,0.250000,grid_scan,False,False,scanning
A_R014,A,14,scan15,264.000,22.0000,15.750000,-8.346051,12.4338,4.2200,4.352228,0.13222825,,,,,0.250000,grid_scan,False,False,scanning
A_R014,A,14,scan16,264.000,22.0000,16.000000,-7.968305,12.5388,4.2200,4.355937,0.13593664,,,,,0.250000,grid_scan,False,False,scanning
A_R014,A,14,scan17,264.000,22.0000,16.250000,-7.598290,12.6445,4.2200,4.359703,0.13970327,,,,,0.250000,grid_scan,False,False,scanning
A_R014,A,14,scan18,264.000,22.0000,16.500000,-7.235658,12.7509,4.2200,4.363528,0.14352817,,,,,0.250000,grid_scan,False,False,scanning
A_R014,A,14,scan19,264.000,22.0000,16.750000,-6.880079,12.8579,4.2200,4.367411,0.14741134,,,,,0.250000,grid_scan,False,False,scanning
A_R014,A,14,scan20,264.000,22.0000,17.000000,-6.531245,12.9655,4.2200,4.371353,0.15135279,,,,,0.250000,grid_scan,False,False,scanning
A_R014,A,14,scan21,264.000,22.0000,17.250000,-6.188865,13.0737,4.2200,4.375353,0.15535253,,,,,0.250000,grid_scan,False,False,scanning
A_R014,A,14,scan22,264.000,22.0000,17.500000,-5.852664,13.1825,4.2200,4.379411,0.15941057,,,,,0.250000,grid_scan,False,False,scanning
A_R014,A,14,scan23,264.000,22.0000,17.750000,-5.522381,13.2918,4.2200,4.383527,0.16352693,,,,,0.250000,grid_scan,False,False,scanning
A_R014,A,14,scan24,264.000,22.0000,18.000000,-5.197773,13.4017,4.2200,4.387702,0.16770160,,,,,0.250000,grid_scan,False,False,scanning
A_R014,A,14,scan25,264.000,22.0000,18.250000,-4.878607,13.5121,4.2200,4.391935,0.17193460,,,,,0.250000,grid_scan,False,False,scanning
A_R014,A,14,scan26,264.000,22.0000,18.500000,-4.564663,13.6230,4.2200,4.396226,0.17622594,,,,,0.250000,grid_scan,False,False,scanning
A_R014,A,14,scan27,264.000,22.0000,18.750000,-4.255735,13.7344,4.2200,4.400576,0.18057563,,,,,0.250000,grid_scan,False,False,scanning
A_R014,A,14,scan28,264.000,22.0000,19.000000,-3.951624,13.8463,4.2200,4.404984,0.18498366,,,,,0.250000,grid_scan,False,False,scanning
A_R014,A,14,scan29,264.000,22.0000,19.250000,-3.652145,13.9586,4.2200,4.409450,0.18945005,,,,,0.250000,grid_scan,False,False,scanning
A_R014,A,14,scan30,264.000,22.0000,19.500000,-3.357120,14.0714,4.2200,4.413975,0.19397481,,,,,0.250000,grid_scan,False,False,scanning
A_R014,A,14,scan31,264.000,22.0000,19.750000,-3.066381,14.1846,4.2200,4.418558,0.19855794,,,,,0.250000,grid_scan,False,False,scanning
A_R014,A,14,scan32,264.000,22.0000,20.000000,-2.779768,14.2983,4.2200,4.423199,0.20319945,,,,,0.250000,grid_scan,False,False,scanning
A_R014,A,14,scan33,264.000,22.0000,20.250000,-2.497128,14.4124,4.2200,4.427899,0.20789935,,,,,0.250000,grid_scan,False,False,scanning
A_R014,A,14,scan34,264.000,22.0000,20.500000,-2.218318,14.5269,4.2200,4.432658,0.21265763,,,,,0.250000,grid_scan,False,False,scanning
A_R014,A,14,scan35,264.000,22.0000,20.750000,-1.943198,14.6418,4.2200,4.437474,0.21747432,,,,,0.250000,grid_scan,False,False,scanning
A_R014,A,14,scan36,264.000,22.0000,21.000000,-1.671639,14.7571,4.2200,4.442349,0.22234940,,,,,0.250000,grid_scan,False,False,scanning
A_R014,A,14,scan37,264.000,22.0000,21.250000,-1.403514,14.8728,4.2200,4.447283,0.22728290,,,,,0.250000,grid_scan,False,False,scanning
A_R014,A,14,scan38,264.000,22.0000,21.500000,-1.138705,14.9888,4.2200,4.452275,0.23227481,,,,,0.250000,grid_scan,False,False,scanning
A_R014,A,14,scan39,264.000,22.0000,21.750000,-0.877098,15.1052,4.2200,4.457325,0.23732514,,,,,0.250000,grid_scan,False,False,scanning
A_R014,A,14,scan40,264.000,22.0000,22.000000,-0.618584,15.2219,4.2200,4.462434,0.24243390,,,,,0.250000,grid_scan,False,False,scanning
A_R014,A,14,scan41,264.000,22.0000,22.250000,-0.363059,15.3390,4.2200,4.467601,0.24760109,,,,,0.250000,grid_scan,False,False,scanning
A_R014,A,14,scan42,264.000,22.0000,22.500000,-0.110423,15.4564,4.2200,4.472827,0.25282672,,,,,0.250000,grid_scan,False,False,scanning
A_R014,A,14,scan43,264.000,22.0000,22.750000,0.139417,15.5742,4.2200,4.478111,0.25811079,,,,,0.250000,grid_scan,True,False,scanning
A_R014,A,14,scan44,264.000,22.0000,23.000000,0.386553,15.6923,4.2200,4.483453,0.26345331,,,,,0.250000,grid_scan,True,False,scanning
A_R014,A,14,scan45,264.000,22.0000,23.250000,0.631072,15.8107,4.2200,4.488854,0.26885429,,,,,0.250000,grid_scan,True,False,scanning
A_R014,A,14,scan46,264.000,22.0000,23.500000,0.873057,15.9293,4.2200,4.494314,0.27431372,,,,,0.250000,grid_scan,True,False,scanning
A_R014,A,14,scan47,264.000,22.0000,23.750000,1.112588,16.0483,4.2200,4.499832,0.27983161,,,,,0.250000,grid_scan,True,False,scanning
A_R014,A,14,scan48,264.000,22.0000,24.000000,1.349742,16.1676,4.2200,4.505408,0.28540797,,,,,0.250000,grid_scan,True,False,scanning
A_R014,A,14,scan49,264.000,22.0000,24.250000,1.584590,16.2872,4.2200,4.511043,0.29104281,,,,,0.250000,grid_scan,True,False,scanning
A_R014,A,14,scan50,264.000,22.0000,24.500000,1.817205,16.4071,4.2200,4.516736,0.29673613,,,,,0.250000,grid_scan,True,False,scanning
A_R014,A,14,scan51,264.000,22.0000,24.750000,2.047653,16.5272,4.2200,4.522488,0.30248793,,,,,0.250000,grid_scan,True,False,scanning
A_R014,A,14,scan52,264.000,22.0000,25.000000,2.275999,16.6476,4.2200,4.528298,0.30829822,,,,,0.250000,grid_scan,True,False,scanning
A_R014,A,14,scan53,264.000,22.0000,25.250000,2.502305,16.7682,4.2200,4.534167,0.31416700,,,,,0.250000,grid_scan,True,False,scanning
A_R014,A,14,scan54,264.000,22.0000,25.500000,2.726632,16.8892,4.2200,4.540094,0.32009429,,,,,0.250000,grid_scan,True,False,scanning
A_R014,A,14,scan55,264.000,22.0000,25.750000,2.949036,17.0103,4.2200,4.546080,0.32608007,,,,,0.250000,grid_scan,True,False,scanning
A_R014,A,14,scan56,264.000,22.0000,26.000000,3.169573,17.1318,4.2200,4.552124,0.33212437,,,,,0.250000,grid_scan,True,False,scanning
A_R014,A,14,scan57,264.000,22.0000,26.250000,3.388297,17.2534,4.2200,4.558227,0.33822718,,,,,0.250000,grid_scan,True,False,scanning
A_R014,A,14,scan58,264.000,22.0000,26.500000,3.605258,17.3754,4.2200,4.564389,0.34438851,,,,,0.250000,grid_scan,True,False,scanning
A_R014,A,14,scan59,264.000,22.0000,26.750000,3.820505,17.4975,4.2200,4.570608,0.35060836,,,,,0.250000,grid_scan,True,False,scanning
A_R014,A,14,scan60,264.000,22.0000,27.000000,4.034087,17.6199,4.2200,4.576887,0.35688675,,,,,0.250000,grid_scan,True,False,scanning
A_R014,A,14,scan61,264.000,22.0000,27.250000,4.246049,17.7425,4.2200,4.583224,0.36322367,,,,,0.250000,grid_scan,True,False,scanning
A_R014,A,14,scan62,264.000,22.0000,27.500000,4.456434,17.8653,4.2200,4.589619,0.36961912,,,,,0.250000,grid_scan,True,False,scanning
A_R014,A,14,scan63,264.000,22.0000,27.750000,4.665286,17.9883,4.2200,4.596073,0.37607312,,,,,0.250000,grid_scan,True,False,scanning
A_R014,A,14,scan64,264.000,22.0000,28.000000,4.872645,18.1116,4.2200,4.602586,0.38258568,,,,,0.250000,grid_scan,True,False,scanning
A_R014,A,14,scan65,264.000,22.0000,28.250000,5.078552,18.2350,4.2200,4.609157,0.38915678,,,,,0.250000,grid_scan,True,False,scanning
A_R014,A,14,scan66,264.000,22.0000,28.500000,5.283043,18.3587,4.2200,4.615786,0.39578645,,,,,0.250000,grid_scan,True,False,scanning
A_R014,A,14,scan67,264.000,22.0000,28.750000,5.486157,18.4826,4.2200,4.622475,0.40247468,,,,,0.250000,grid_scan,True,False,scanning
A_R014,A,14,scan68,264.000,22.0000,29.000000,5.687927,18.6067,4.2200,4.629221,0.40922147,,,,,0.250000,grid_scan,True,False,scanning
A_R014,A,14,scan69,264.000,22.0000,29.250000,5.888390,18.7309,4.2200,4.636027,0.41602685,,,,,0.250000,grid_scan,True,False,scanning
A_R014,A,14,scan70,264.000,22.0000,29.500000,6.087578,18.8554,4.2200,4.642891,0.42289080,,,,,0.250000,grid_scan,True,False,scanning
A_R014,A,14,scan71,264.000,22.0000,29.750000,6.285522,18.9800,4.2200,4.649813,0.42981334,,,,,0.250000,grid_scan,True,False,scanning
A_R014,A,14,scan72,264.000,22.0000,30.000000,6.482255,19.1048,4.2200,4.656794,0.43679447,,,,,0.250000,grid_scan,True,False,scanning
A_R014,A,14,scan73,264.000,22.0000,30.250000,6.677806,19.2299,4.2200,4.663834,0.44383420,,,,,0.250000,grid_scan,True,False,scanning
A_R014,A,14,scan74,264.000,22.0000,30.500000,6.872204,19.3550,4.2200,4.670933,0.45093252,,,,,0.250000,grid_scan,True,False,scanning
A_R014,A,14,scan75,264.000,22.0000,30.750000,7.065477,19.4804,4.2200,4.678089,0.45808946,,,,,0.250000,grid_scan,True,False,scanning
A_R014,A,14,scan76,264.000,22.0000,31.000000,7.257653,19.6059,4.2200,4.685305,0.46530500,,,,,0.250000,grid_scan,True,False,scanning
A_R014,A,14,scan77,264.000,22.0000,31.250000,7.448757,19.7317,4.2200,4.692579,0.47257916,,,,,0.250000,grid_scan,True,False,scanning
A_R014,A,14,scan78,264.000,22.0000,31.500000,7.638815,19.8575,4.2200,4.699912,0.47991194,,,,,0.250000,grid_scan,True,False,scanning
A_R014,A,14,scan79,264.000,22.0000,31.750000,7.827852,19.9836,4.2200,4.707303,0.48730335,,,,,0.250000,grid_scan,True,False,scanning
A_R014,A,14,scan80,264.000,22.0000,32.000000,8.015891,20.1098,4.2200,4.714753,0.49475340,,,,,0.250000,grid_scan,True,False,scanning
A_R014,A,14,scan81,264.000,22.0000,32.250000,8.202956,20.2361,4.2200,4.722262,0.50226208,,,,,0.250000,grid_scan,True,False,scanning
A_R014,A,14,scan82,264.000,22.0000,32.500000,8.389070,20.3626,4.2200,4.729829,0.50982940,,,,,0.250000,grid_scan,True,False,scanning
A_R014,A,14,scan83,264.000,22.0000,32.750000,8.574253,20.4893,4.2200,4.737455,0.51745538,,,,,0.250000,grid_scan,True,False,scanning
A_R014,A,14,scan84,264.000,22.0000,33.000000,8.758528,20.6161,4.2200,4.745140,0.52514000,,,,,0.250000,grid_scan,True,False,scanning
A_R014,A,14,scan85,264.000,22.0000,33.250000,8.941914,20.7431,4.2200,4.752883,0.53288329,,,,,0.250000,grid_scan,True,False,scanning
A_R014,A,14,scan86,264.000,22.0000,33.500000,9.124431,20.8702,4.2200,4.760685,0.54068525,,,,,0.250000,grid_scan,True,False,scanning
A_R014,A,14,scan87,264.000,22.0000,33.750000,9.306099,20.9975,4.2200,4.768546,0.54854587,,,,,0.250000,grid_scan,True,False,scanning
A_R014,A,14,scan88,264.000,22.0000,34.000000,9.486937,21.1249,4.2200,4.776465,0.55646518,,,,,0.250000,grid_scan,True,False,scanning
A_R014,A,14,scan89,264.000,22.0000,34.250000,9.666962,21.2524,4.2200,4.784443,0.56444316,,,,,0.250000,grid_scan,True,False,scanning
A_R014,A,14,scan90,264.000,22.0000,34.500000,9.846192,21.3801,4.2200,4.792480,0.57247984,,,,,0.250000,grid_scan,True,False,scanning
A_R014,A,14,scan91,264.000,22.0000,34.750000,10.024644,21.5079,4.2200,4.800575,0.58057521,,,,,0.250000,grid_scan,True,False,scanning
A_R014,A,14,scan92,264.000,22.0000,35.000000,10.202336,21.6358,4.2200,4.808729,0.58872928,,,,,0.250000,grid_scan,True,False,scanning
A_R014,A,14,scan93,264.000,22.0000,35.250000,10.379282,21.7639,4.2200,4.816942,0.59694205,,,,,0.250000,grid_scan,True,False,scanning
A_R014,A,14,scan94,264.000,22.0000,35.500000,10.555499,21.8921,4.2200,4.825214,0.60521354,,,,,0.250000,grid_scan,True,False,scanning
A_R014,A,14,scan95,264.000,22.0000,35.750000,10.731003,22.0205,4.2200,4.833544,0.61354374,,,,,0.250000,grid_scan,True,False,scanning
A_R014,A,14,scan96,264.000,22.0000,36.000000,10.905807,22.1489,4.2200,4.841933,0.62193267,,,,,0.250000,grid_scan,True,False,scanning
A_R014,A,14,scan97,264.000,22.0000,36.250000,11.079926,22.2775,4.2200,4.850380,0.63038032,,,,,0.250000,grid_scan,True,False,scanning
A_R014,A,14,scan98,264.000,22.0000,36.500000,11.253376,22.4062,4.2200,4.858887,0.63888671,,,,,0.250000,grid_scan,True,False,scanning
A_R014,A,14,scan99,264.000,22.0000,36.750000,11.426168,22.5350,4.2200,4.867452,0.64745185,,,,,0.250000,grid_scan,True,False,scanning
A_R014,A,14,scan100,264.000,22.0000,37.000000,11.598316,22.6640,4.2200,4.876076,0.65607573,,,,,0.250000,grid_scan,True,False,scanning
A_R014,A,14,scan101,264.000,22.0000,37.250000,11.769834,22.7930,4.2200,4.884758,0.66475836,,,,,0.250000,grid_scan,True,False,scanning
A_R014,A,14,scan102,264.000,22.0000,37.500000,11.940734,22.9222,4.2200,4.893500,0.67349975,,,,,0.250000,grid_scan,True,False,scanning
A_R014,A,14,scan103,264.000,22.0000,37.750000,12.111028,23.0515,4.2200,4.902300,0.68229991,,,,,0.250000,grid_scan,True,False,scanning
A_R014,A,14,scan104,264.000,22.0000,38.000000,12.280728,23.1809,4.2200,4.911159,0.69115884,,,,,0.250000,grid_scan,True,False,scanning
A_R014,A,14,scan105,264.000,22.0000,38.250000,12.449846,23.3104,4.2200,4.920077,0.70007655,,,,,0.250000,grid_scan,True,False,scanning
A_R014,A,14,scan106,264.000,22.0000,38.500000,12.618393,23.4400,4.2200,4.929053,0.70905305,,,,,0.250000,grid_scan,True,False,scanning
A_R014,A,14,scan107,264.000,22.0000,38.750000,12.786380,23.5697,4.2200,4.938088,0.71808833,,,,,0.250000,grid_scan,True,False,scanning
A_R014,A,14,scan108,264.000,22.0000,39.000000,12.953818,23.6995,4.2200,4.947182,0.72718241,,,,,0.250000,grid_scan,True,False,scanning
A_R014,A,14,scan109,264.000,22.0000,39.250000,13.120718,23.8294,4.2200,4.956335,0.73633530,,,,,0.250000,grid_scan,True,False,scanning
A_R014,A,14,scan110,264.000,22.0000,39.500000,13.287088,23.9595,4.2200,4.965547,0.74554699,,,,,0.250000,grid_scan,True,False,scanning
A_R014,A,14,scan111,264.000,22.0000,39.750000,13.452941,24.0896,4.2200,4.974818,0.75481750,,,,,0.250000,grid_scan,True,False,scanning
A_R014,A,14,scan112,264.000,22.0000,40.000000,13.618285,24.2198,4.2200,4.984147,0.76414684,,,,,0.250000,grid_scan,True,False,scanning
A_R014,A,14,,264.000,22.0000,,,,4.2200,,,,,,12.000,,bisection,,False,no_root
A_R015,A,15,scan0,276.000,23.0000,12.000000,-16.232179,10.9601,4.2200,4.303130,0.08312990,,,,,,grid_scan,False,False,scanning
A_R015,A,15,scan1,276.000,23.0000,12.250000,-15.656100,11.0511,4.2200,4.305843,0.08584331,,,,,0.250000,grid_scan,False,False,scanning
A_R015,A,15,scan2,276.000,23.0000,12.500000,-15.097895,11.1433,4.2200,4.308612,0.08861213,,,,,0.250000,grid_scan,False,False,scanning
A_R015,A,15,scan3,276.000,23.0000,12.750000,-14.556525,11.2367,4.2200,4.311436,0.09143638,,,,,0.250000,grid_scan,False,False,scanning
A_R015,A,15,scan4,276.000,23.0000,13.000000,-14.031029,11.3312,4.2200,4.314316,0.09431610,,,,,0.250000,grid_scan,False,False,scanning
A_R015,A,15,scan5,276.000,23.0000,13.250000,-13.520519,11.4269,4.2200,4.317251,0.09725132,,,,,0.250000,grid_scan,False,False,scanning
A_R015,A,15,scan6,276.000,23.0000,13.500000,-13.024171,11.5235,4.2200,4.320242,0.10024206,,,,,0.250000,grid_scan,False,False,scanning
A_R015,A,15,scan7,276.000,23.0000,13.750000,-12.541220,11.6212,4.2200,4.323288,0.10328835,,,,,0.250000,grid_scan,False,False,scanning
A_R015,A,15,scan8,276.000,23.0000,14.000000,-12.070956,11.7198,4.2200,4.326390,0.10639021,,,,,0.250000,grid_scan,False,False,scanning
A_R015,A,15,scan9,276.000,23.0000,14.250000,-11.612717,11.8193,4.2200,4.329548,0.10954766,,,,,0.250000,grid_scan,False,False,scanning
A_R015,A,15,scan10,276.000,23.0000,14.500000,-11.165888,11.9197,4.2200,4.332761,0.11276072,,,,,0.250000,grid_scan,False,False,scanning
A_R015,A,15,scan11,276.000,23.0000,14.750000,-10.729892,12.0209,4.2200,4.336029,0.11602941,,,,,0.250000,grid_scan,False,False,scanning
A_R015,A,15,scan12,276.000,23.0000,15.000000,-10.304194,12.1230,4.2200,4.339354,0.11935374,,,,,0.250000,grid_scan,False,False,scanning
A_R015,A,15,scan13,276.000,23.0000,15.250000,-9.888290,12.2259,4.2200,4.342734,0.12273373,,,,,0.250000,grid_scan,False,False,scanning
A_R015,A,15,scan14,276.000,23.0000,15.500000,-9.481711,12.3295,4.2200,4.346169,0.12616939,,,,,0.250000,grid_scan,False,False,scanning
A_R015,A,15,scan15,276.000,23.0000,15.750000,-9.084016,12.4338,4.2200,4.349661,0.12966074,,,,,0.250000,grid_scan,False,False,scanning
A_R015,A,15,scan16,276.000,23.0000,16.000000,-8.694792,12.5388,4.2200,4.353208,0.13320779,,,,,0.250000,grid_scan,False,False,scanning
A_R015,A,15,scan17,276.000,23.0000,16.250000,-8.313650,12.6445,4.2200,4.356811,0.13681055,,,,,0.250000,grid_scan,False,False,scanning
A_R015,A,15,scan18,276.000,23.0000,16.500000,-7.940227,12.7509,4.2200,4.360469,0.14046903,,,,,0.250000,grid_scan,False,False,scanning
A_R015,A,15,scan19,276.000,23.0000,16.750000,-7.574177,12.8579,4.2200,4.364183,0.14418324,,,,,0.250000,grid_scan,False,False,scanning
A_R015,A,15,scan20,276.000,23.0000,17.000000,-7.215180,12.9655,4.2200,4.367953,0.14795319,,,,,0.250000,grid_scan,False,False,scanning
A_R015,A,15,scan21,276.000,23.0000,17.250000,-6.862929,13.0737,4.2200,4.371779,0.15177889,,,,,0.250000,grid_scan,False,False,scanning
A_R015,A,15,scan22,276.000,23.0000,17.500000,-6.517137,13.1825,4.2200,4.375660,0.15566036,,,,,0.250000,grid_scan,False,False,scanning
A_R015,A,15,scan23,276.000,23.0000,17.750000,-6.177534,13.2918,4.2200,4.379598,0.15959759,,,,,0.250000,grid_scan,False,False,scanning
A_R015,A,15,scan24,276.000,23.0000,18.000000,-5.843863,13.4017,4.2200,4.383591,0.16359060,,,,,0.250000,grid_scan,False,False,scanning
A_R015,A,15,scan25,276.000,23.0000,18.250000,-5.515881,13.5121,4.2200,4.387639,0.16763939,,,,,0.250000,grid_scan,False,False,scanning
A_R015,A,15,scan26,276.000,23.0000,18.500000,-5.193360,13.6230,4.2200,4.391744,0.17174398,,,,,0.250000,grid_scan,False,False,scanning
A_R015,A,15,scan27,276.000,23.0000,18.750000,-4.876081,13.7344,4.2200,4.395904,0.17590436,,,,,0.250000,grid_scan,False,False,scanning
A_R015,A,15,scan28,276.000,23.0000,19.000000,-4.563839,13.8463,4.2200,4.400121,0.18012055,,,,,0.250000,grid_scan,False,False,scanning
A_R015,A,15,scan29,276.000,23.0000,19.250000,-4.256440,13.9586,4.2200,4.404393,0.18439255,,,,,0.250000,grid_scan,False,False,scanning
A_R015,A,15,scan30,276.000,23.0000,19.500000,-3.953696,14.0714,4.2200,4.408720,0.18872037,,,,,0.250000,grid_scan,False,False,scanning
A_R015,A,15,scan31,276.000,23.0000,19.750000,-3.655434,14.1846,4.2200,4.413104,0.19310401,,,,,0.250000,grid_scan,False,False,scanning
A_R015,A,15,scan32,276.000,23.0000,20.000000,-3.361485,14.2983,4.2200,4.417543,0.19754349,,,,,0.250000,grid_scan,False,False,scanning
A_R015,A,15,scan33,276.000,23.0000,20.250000,-3.071690,14.4124,4.2200,4.422039,0.20203880,,,,,0.250000,grid_scan,False,False,scanning
A_R015,A,15,scan34,276.000,23.0000,20.500000,-2.785898,14.5269,4.2200,4.426590,0.20658996,,,,,0.250000,grid_scan,False,False,scanning
A_R015,A,15,scan35,276.000,23.0000,20.750000,-2.503965,14.6418,4.2200,4.431197,0.21119696,,,,,0.250000,grid_scan,False,False,scanning
A_R015,A,15,scan36,276.000,23.0000,21.000000,-2.225754,14.7571,4.2200,4.435860,0.21585982,,,,,0.250000,grid_scan,False,False,scanning
A_R015,A,15,scan37,276.000,23.0000,21.250000,-1.951135,14.8728,4.2200,4.440579,0.22057854,,,,,0.250000,grid_scan,False,False,scanning
A_R015,A,15,scan38,276.000,23.0000,21.500000,-1.679981,14.9888,4.2200,4.445353,0.22535312,,,,,0.250000,grid_scan,False,False,scanning
A_R015,A,15,scan39,276.000,23.0000,21.750000,-1.412175,15.1052,4.2200,4.450184,0.23018357,,,,,0.250000,grid_scan,False,False,scanning
A_R015,A,15,scan40,276.000,23.0000,22.000000,-1.147602,15.2219,4.2200,4.455070,0.23506989,,,,,0.250000,grid_scan,False,False,scanning
A_R015,A,15,scan41,276.000,23.0000,22.250000,-0.886154,15.3390,4.2200,4.460012,0.24001210,,,,,0.250000,grid_scan,False,False,scanning
A_R015,A,15,scan42,276.000,23.0000,22.500000,-0.627727,15.4564,4.2200,4.465010,0.24501018,,,,,0.250000,grid_scan,False,False,scanning
A_R015,A,15,scan43,276.000,23.0000,22.750000,-0.372222,15.5742,4.2200,4.470064,0.25006416,,,,,0.250000,grid_scan,False,False,scanning
A_R015,A,15,scan44,276.000,23.0000,23.000000,-0.119545,15.6923,4.2200,4.475174,0.25517403,,,,,0.250000,grid_scan,False,False,scanning
A_R015,A,15,scan45,276.000,23.0000,23.250000,0.130397,15.8107,4.2200,4.480340,0.26033980,,,,,0.250000,grid_scan,True,False,scanning
A_R015,A,15,scan46,276.000,23.0000,23.500000,0.377689,15.9293,4.2200,4.485561,0.26556147,,,,,0.250000,grid_scan,True,False,scanning
A_R015,A,15,scan47,276.000,23.0000,23.750000,0.622416,16.0483,4.2200,4.490839,0.27083906,,,,,0.250000,grid_scan,True,False,scanning
A_R015,A,15,scan48,276.000,23.0000,24.000000,0.864657,16.1676,4.2200,4.496173,0.27617255,,,,,0.250000,grid_scan,True,False,scanning
A_R015,A,15,scan49,276.000,23.0000,24.250000,1.104488,16.2872,4.2200,4.501562,0.28156196,,,,,0.250000,grid_scan,True,False,scanning
A_R015,A,15,scan50,276.000,23.0000,24.500000,1.341984,16.4071,4.2200,4.507007,0.28700729,,,,,0.250000,grid_scan,True,False,scanning
A_R015,A,15,scan51,276.000,23.0000,24.750000,1.577215,16.5272,4.2200,4.512509,0.29250855,,,,,0.250000,grid_scan,True,False,scanning
A_R015,A,15,scan52,276.000,23.0000,25.000000,1.810248,16.6476,4.2200,4.518066,0.29806574,,,,,0.250000,grid_scan,True,False,scanning
A_R015,A,15,scan53,276.000,23.0000,25.250000,2.041149,16.7682,4.2200,4.523679,0.30367886,,,,,0.250000,grid_scan,True,False,scanning
A_R015,A,15,scan54,276.000,23.0000,25.500000,2.269981,16.8892,4.2200,4.529348,0.30934793,,,,,0.250000,grid_scan,True,False,scanning
A_R015,A,15,scan55,276.000,23.0000,25.750000,2.496802,17.0103,4.2200,4.535073,0.31507294,,,,,0.250000,grid_scan,True,False,scanning
A_R015,A,15,scan56,276.000,23.0000,26.000000,2.721672,17.1318,4.2200,4.540854,0.32085389,,,,,0.250000,grid_scan,True,False,scanning
A_R015,A,15,scan57,276.000,23.0000,26.250000,2.944645,17.2534,4.2200,4.546691,0.32669080,,,,,0.250000,grid_scan,True,False,scanning
A_R015,A,15,scan58,276.000,23.0000,26.500000,3.165776,17.3754,4.2200,4.552584,0.33258367,,,,,0.250000,grid_scan,True,False,scanning
A_R015,A,15,scan59,276.000,23.0000,26.750000,3.385115,17.4975,4.2200,4.558533,0.33853250,,,,,0.250000,grid_scan,True,False,scanning
A_R015,A,15,scan60,276.000,23.0000,27.000000,3.602713,17.6199,4.2200,4.564537,0.34453730,,,,,0.250000,grid_scan,True,False,scanning
A_R015,A,15,scan61,276.000,23.0000,27.250000,3.818617,17.7425,4.2200,4.570598,0.35059806,,,,,0.250000,grid_scan,True,False,scanning
A_R015,A,15,scan62,276.000,23.0000,27.500000,4.032874,17.8653,4.2200,4.576715,0.35671481,,,,,0.250000,grid_scan,True,False,scanning
A_R015,A,15,scan63,276.000,23.0000,27.750000,4.245527,17.9883,4.2200,4.582888,0.36288753,,,,,0.250000,grid_scan,True,False,scanning
A_R015,A,15,scan64,276.000,23.0000,28.000000,4.456620,18.1116,4.2200,4.589116,0.36911623,,,,,0.250000,grid_scan,True,False,scanning
A_R015,A,15,scan65,276.000,23.0000,28.250000,4.666193,18.2350,4.2200,4.595401,0.37540093,,,,,0.250000,grid_scan,True,False,scanning
A_R015,A,15,scan66,276.000,23.0000,28.500000,4.874288,18.3587,4.2200,4.601742,0.38174162,,,,,0.250000,grid_scan,True,False,scanning
A_R015,A,15,scan67,276.000,23.0000,28.750000,5.080942,18.4826,4.2200,4.608138,0.38813830,,,,,0.250000,grid_scan,True,False,scanning
A_R015,A,15,scan68,276.000,23.0000,29.000000,5.286192,18.6067,4.2200,4.614591,0.39459099,,,,,0.250000,grid_scan,True,False,scanning
A_R015,A,15,scan69,276.000,23.0000,29.250000,5.490074,18.7309,4.2200,4.621100,0.40109969,,,,,0.250000,grid_scan,True,False,scanning
A_R015,A,15,scan70,276.000,23.0000,29.500000,5.692624,18.8554,4.2200,4.627664,0.40766439,,,,,0.250000,grid_scan,True,False,scanning
A_R015,A,15,scan71,276.000,23.0000,29.750000,5.893874,18.9800,4.2200,4.634285,0.41428511,,,,,0.250000,grid_scan,True,False,scanning
A_R015,A,15,scan72,276.000,23.0000,30.000000,6.093857,19.1048,4.2200,4.640962,0.42096186,,,,,0.250000,grid_scan,True,False,scanning
A_R015,A,15,scan73,276.000,23.0000,30.250000,6.292605,19.2299,4.2200,4.647695,0.42769462,,,,,0.250000,grid_scan,True,False,scanning
A_R015,A,15,scan74,276.000,23.0000,30.500000,6.490147,19.3550,4.2200,4.654483,0.43448342,,,,,0.250000,grid_scan,True,False,scanning
A_R015,A,15,scan75,276.000,23.0000,30.750000,6.686513,19.4804,4.2200,4.661328,0.44132825,,,,,0.250000,grid_scan,True,False,scanning
A_R015,A,15,scan76,276.000,23.0000,31.000000,6.881732,19.6059,4.2200,4.668229,0.44822912,,,,,0.250000,grid_scan,True,False,scanning
A_R015,A,15,scan77,276.000,23.0000,31.250000,7.075830,19.7317,4.2200,4.675186,0.45518604,,,,,0.250000,grid_scan,True,False,scanning
A_R015,A,15,scan78,276.000,23.0000,31.500000,7.268835,19.8575,4.2200,4.682199,0.46219900,,,,,0.250000,grid_scan,True,False,scanning
A_R015,A,15,scan79,276.000,23.0000,31.750000,7.460773,19.9836,4.2200,4.689268,0.46926802,,,,,0.250000,grid_scan,True,False,scanning
A_R015,A,15,scan80,276.000,23.0000,32.000000,7.651667,20.1098,4.2200,4.696393,0.47639309,,,,,0.250000,grid_scan,True,False,scanning
A_R015,A,15,scan81,276.000,23.0000,32.250000,7.841543,20.2361,4.2200,4.703574,0.48357422,,,,,0.250000,grid_scan,True,False,scanning
A_R015,A,15,scan82,276.000,23.0000,32.500000,8.030424,20.3626,4.2200,4.710811,0.49081143,,,,,0.250000,grid_scan,True,False,scanning
A_R015,A,15,scan83,276.000,23.0000,32.750000,8.218333,20.4893,4.2200,4.718105,0.49810470,,,,,0.250000,grid_scan,True,False,scanning
A_R015,A,15,scan84,276.000,23.0000,33.000000,8.405292,20.6161,4.2200,4.725454,0.50545405,,,,,0.250000,grid_scan,True,False,scanning
A_R015,A,15,scan85,276.000,23.0000,33.250000,8.591321,20.7431,4.2200,4.732859,0.51285949,,,,,0.250000,grid_scan,True,False,scanning
A_R015,A,15,scan86,276.000,23.0000,33.500000,8.776443,20.8702,4.2200,4.740321,0.52032101,,,,,0.250000,grid_scan,True,False,scanning
A_R015,A,15,scan87,276.000,23.0000,33.750000,8.960677,20.9975,4.2200,4.747839,0.52783862,,,,,0.250000,grid_scan,True,False,scanning
A_R015,A,15,scan88,276.000,23.0000,34.000000,9.144042,21.1249,4.2200,4.755412,0.53541233,,,,,0.250000,grid_scan,True,False,scanning
A_R015,A,15,scan89,276.000,23.0000,34.250000,9.326558,21.2524,4.2200,4.763042,0.54304214,,,,,0.250000,grid_scan,True,False,scanning
A_R015,A,15,scan90,276.000,23.0000,34.500000,9.508242,21.3801,4.2200,4.770728,0.55072806,,,,,0.250000,grid_scan,True,False,scanning
A_R015,A,15,scan91,276.000,23.0000,34.750000,9.689114,21.5079,4.2200,4.778470,0.55847009,,,,,0.250000,grid_scan,True,False,scanning
A_R015,A,15,scan92,276.000,23.0000,35.000000,9.869190,21.6358,4.2200,4.786268,0.56626823,,,,,0.250000,grid_scan,True,False,scanning
A_R015,A,15,scan93,276.000,23.0000,35.250000,10.048488,21.7639,4.2200,4.794123,0.57412250,,,,,0.250000,grid_scan,True,False,scanning
A_R015,A,15,scan94,276.000,23.0000,35.500000,10.227023,21.8921,4.2200,4.802033,0.58203290,,,,,0.250000,grid_scan,True,False,scanning
A_R015,A,15,scan95,276.000,23.0000,35.750000,10.404811,22.0205,4.2200,4.809999,0.58999942,,,,,0.250000,grid_scan,True,False,scanning
A_R015,A,15,scan96,276.000,23.0000,36.000000,10.581869,22.1489,4.2200,4.818022,0.59802209,,,,,0.250000,grid_scan,True,False,scanning
A_R015,A,15,scan97,276.000,23.0000,36.250000,10.758211,22.2775,4.2200,4.826101,0.60610089,,,,,0.250000,grid_scan,True,False,scanning
A_R015,A,15,scan98,276.000,23.0000,36.500000,10.933852,22.4062,4.2200,4.834236,0.61423585,,,,,0.250000,grid_scan,True,False,scanning
A_R015,A,15,scan99,276.000,23.0000,36.750000,11.108807,22.5350,4.2200,4.842427,0.62242695,,,,,0.250000,grid_scan,True,False,scanning
A_R015,A,15,scan100,276.000,23.0000,37.000000,11.283088,22.6640,4.2200,4.850674,0.63067422,,,,,0.250000,grid_scan,True,False,scanning
A_R015,A,15,scan101,276.000,23.0000,37.250000,11.456710,22.7930,4.2200,4.858978,0.63897765,,,,,0.250000,grid_scan,True,False,scanning
A_R015,A,15,scan102,276.000,23.0000,37.500000,11.629686,22.9222,4.2200,4.867337,0.64733725,,,,,0.250000,grid_scan,True,False,scanning
A_R015,A,15,scan103,276.000,23.0000,37.750000,11.802028,23.0515,4.2200,4.875753,0.65575302,,,,,0.250000,grid_scan,True,False,scanning
A_R015,A,15,scan104,276.000,23.0000,38.000000,11.973750,23.1809,4.2200,4.884225,0.66422497,,,,,0.250000,grid_scan,True,False,scanning
A_R015,A,15,scan105,276.000,23.0000,38.250000,12.144863,23.3104,4.2200,4.892753,0.67275311,,,,,0.250000,grid_scan,True,False,scanning
A_R015,A,15,scan106,276.000,23.0000,38.500000,12.315379,23.4400,4.2200,4.901337,0.68133744,,,,,0.250000,grid_scan,True,False,scanning
A_R015,A,15,scan107,276.000,23.0000,38.750000,12.485310,23.5697,4.2200,4.909978,0.68997796,,,,,0.250000,grid_scan,True,False,scanning
A_R015,A,15,scan108,276.000,23.0000,39.000000,12.654667,23.6995,4.2200,4.918675,0.69867469,,,,,0.250000,grid_scan,True,False,scanning
A_R015,A,15,scan109,276.000,23.0000,39.250000,12.823460,23.8294,4.2200,4.927428,0.70742762,,,,,0.250000,grid_scan,True,False,scanning
A_R015,A,15,scan110,276.000,23.0000,39.500000,12.991702,23.9595,4.2200,4.936237,0.71623677,,,,,0.250000,grid_scan,True,False,scanning
A_R015,A,15,scan111,276.000,23.0000,39.750000,13.159401,24.0896,4.2200,4.945102,0.72510214,,,,,0.250000,grid_scan,True,False,scanning
A_R015,A,15,scan112,276.000,23.0000,40.000000,13.326568,24.2198,4.2200,4.954024,0.73402373,,,,,0.250000,grid_scan,True,False,scanning
A_R015,A,15,,276.000,23.0000,,,,4.2200,,,,,,12.000,,bisection,,False,no_root
A_R016,A,16,scan0,288.000,24.0000,12.000000,-17.199245,10.9601,4.2200,4.302716,0.08271606,,,,,,grid_scan,False,False,scanning
A_R016,A,16,scan1,288.000,24.0000,12.250000,-16.603564,11.0511,4.2200,4.305316,0.08531639,,,,,0.250000,grid_scan,False,False,scanning
A_R016,A,16,scan2,288.000,24.0000,12.500000,-16.026534,11.1433,4.2200,4.307970,0.08796981,,,,,0.250000,grid_scan,False,False,scanning
A_R016,A,16,scan3,288.000,24.0000,12.750000,-15.467070,11.2367,4.2200,4.310676,0.09067635,,,,,0.250000,grid_scan,False,False,scanning
A_R016,A,16,scan4,288.000,24.0000,13.000000,-14.924170,11.3312,4.2200,4.313436,0.09343605,,,,,0.250000,grid_scan,False,False,scanning
A_R016,A,16,scan5,288.000,24.0000,13.250000,-14.396908,11.4269,4.2200,4.316249,0.09624892,,,,,0.250000,grid_scan,False,False,scanning
A_R016,A,16,scan6,288.000,24.0000,13.500000,-13.884424,11.5235,4.2200,4.319115,0.09911501,,,,,0.250000,grid_scan,False,False,scanning
A_R016,A,16,scan7,288.000,24.0000,13.750000,-13.385919,11.6212,4.2200,4.322034,0.10203432,,,,,0.250000,grid_scan,False,False,scanning
A_R016,A,16,scan8,288.000,24.0000,14.000000,-12.900653,11.7198,4.2200,4.325007,0.10500689,,,,,0.250000,grid_scan,False,False,scanning
A_R016,A,16,scan9,288.000,24.0000,14.250000,-12.427935,11.8193,4.2200,4.328033,0.10803272,,,,,0.250000,grid_scan,False,False,scanning
A_R016,A,16,scan10,288.000,24.0000,14.500000,-11.967122,11.9197,4.2200,4.331112,0.11111184,,,,,0.250000,grid_scan,False,False,scanning
A_R016,A,16,scan11,288.000,24.0000,14.750000,-11.517615,12.0209,4.2200,4.334244,0.11424427,,,,,0.250000,grid_scan,False,False,scanning
A_R016,A,16,scan12,288.000,24.0000,15.000000,-11.078852,12.1230,4.2200,4.337430,0.11743002,,,,,0.250000,grid_scan,False,False,scanning
A_R016,A,16,scan13,288.000,24.0000,15.250000,-10.650309,12.2259,4.2200,4.340669,0.12066911,,,,,0.250000,grid_scan,False,False,scanning
A_R016,A,16,scan14,288.000,24.0000,15.500000,-10.231497,12.3295,4.2200,4.343962,0.12396154,,,,,0.250000,grid_scan,False,False,scanning
A_R016,A,16,scan15,288.000,24.0000,15.750000,-9.821955,12.4338,4.2200,4.347307,0.12730734,,,,,0.250000,grid_scan,False,False,scanning
A_R016,A,16,scan16,288.000,24.0000,16.000000,-9.421252,12.5388,4.2200,4.350707,0.13070650,,,,,0.250000,grid_scan,False,False,scanning
A_R016,A,16,scan17,288.000,24.0000,16.250000,-9.028983,12.6445,4.2200,4.354159,0.13415906,,,,,0.250000,grid_scan,False,False,scanning
A_R016,A,16,scan18,288.000,24.0000,16.500000,-8.644768,12.7509,4.2200,4.357665,0.13766500,,,,,0.250000,grid_scan,False,False,scanning
A_R016,A,16,scan19,288.000,24.0000,16.750000,-8.268248,12.8579,4.2200,4.361224,0.14122435,,,,,0.250000,grid_scan,False,False,scanning
A_R016,A,16,scan20,288.000,24.0000,17.000000,-7.899086,12.9655,4.2200,4.364837,0.14483712,,,,,0.250000,grid_scan,False,False,scanning
A_R016,A,16,scan21,288.000,24.0000,17.250000,-7.536964,13.0737,4.2200,4.368503,0.14850330,,,,,0.250000,grid_scan,False,False,scanning
A_R016,A,16,scan22,288.000,24.0000,17.500000,-7.181582,13.1825,4.2200,4.372223,0.15222292,,,,,0.250000,grid_scan,False,False,scanning
A_R016,A,16,scan23,288.000,24.0000,17.750000,-6.832657,13.2918,4.2200,4.375996,0.15599597,,,,,0.250000,grid_scan,False,False,scanning
A_R016,A,16,scan24,288.000,24.0000,18.000000,-6.489923,13.4017,4.2200,4.379822,0.15982247,,,,,0.250000,grid_scan,False,False,scanning
A_R016,A,16,scan25,288.000,24.0000,18.250000,-6.153125,13.5121,4.2200,4.383702,0.16370243,,,,,0.250000,grid_scan,False,False,scanning
A_R016,A,16,scan26,288.000,24.0000,18.500000,-5.822025,13.6230,4.2200,4.387636,0.16763584,,,,,0.250000,grid_scan,False,False,scanning
A_R016,A,16,scan27,288.000,24.0000,18.750000,-5.496396,13.7344,4.2200,4.391623,0.17162272,,,,,0.250000,grid_scan,False,False,scanning
A_R016,A,16,scan28,288.000,24.0000,19.000000,-5.176023,13.8463,4.2200,4.395663,0.17566308,,,,,0.250000,grid_scan,False,False,scanning
A_R016,A,16,scan29,288.000,24.0000,19.250000,-4.860702,13.9586,4.2200,4.399757,0.17975691,,,,,0.250000,grid_scan,False,False,scanning
A_R016,A,16,scan30,288.000,24.0000,19.500000,-4.550240,14.0714,4.2200,4.403904,0.18390423,,,,,0.250000,grid_scan,False,False,scanning
A_R016,A,16,scan31,288.000,24.0000,19.750000,-4.244454,14.1846,4.2200,4.408105,0.18810504,,,,,0.250000,grid_scan,False,False,scanning
A_R016,A,16,scan32,288.000,24.0000,20.000000,-3.943168,14.2983,4.2200,4.412359,0.19235935,,,,,0.250000,grid_scan,False,False,scanning
A_R016,A,16,scan33,288.000,24.0000,20.250000,-3.646218,14.4124,4.2200,4.416667,0.19666716,,,,,0.250000,grid_scan,False,False,scanning
A_R016,A,16,scan34,288.000,24.0000,20.500000,-3.353444,14.5269,4.2200,4.421028,0.20102848,,,,,0.250000,grid_scan,False,False,scanning
A_R016,A,16,scan35,288.000,24.0000,20.750000,-3.064698,14.6418,4.2200,4.425443,0.20544331,,,,,0.250000,grid_scan,False,False,scanning
A_R016,A,16,scan36,288.000,24.0000,21.000000,-2.779835,14.7571,4.2200,4.429912,0.20991165,,,,,0.250000,grid_scan,False,False,scanning
A_R016,A,16,scan37,288.000,24.0000,21.250000,-2.498719,14.8728,4.2200,4.434434,0.21443352,,,,,0.250000,grid_scan,False,False,scanning
A_R016,A,16,scan38,288.000,24.0000,21.500000,-2.221221,14.9888,4.2200,4.439009,0.21900892,,,,,0.250000,grid_scan,False,False,scanning
A_R016,A,16,scan39,288.000,24.0000,21.750000,-1.947214,15.1052,4.2200,4.443638,0.22363785,,,,,0.250000,grid_scan,False,False,scanning
A_R016,A,16,scan40,288.000,24.0000,22.000000,-1.676583,15.2219,4.2200,4.448320,0.22832031,,,,,0.250000,grid_scan,False,False,scanning
A_R016,A,16,scan41,288.000,24.0000,22.250000,-1.409211,15.3390,4.2200,4.453056,0.23305632,,,,,0.250000,grid_scan,False,False,scanning
A_R016,A,16,scan42,288.000,24.0000,22.500000,-1.144993,15.4564,4.2200,4.457846,0.23784587,,,,,0.250000,grid_scan,False,False,scanning
A_R016,A,16,scan43,288.000,24.0000,22.750000,-0.883823,15.5742,4.2200,4.462689,0.24268897,,,,,0.250000,grid_scan,False,False,scanning
A_R016,A,16,scan44,288.000,24.0000,23.000000,-0.625604,15.6923,4.2200,4.467586,0.24758562,,,,,0.250000,grid_scan,False,False,scanning
A_R016,A,16,scan45,288.000,24.0000,23.250000,-0.370240,15.8107,4.2200,4.472536,0.25253584,,,,,0.250000,grid_scan,False,False,scanning
A_R016,A,16,scan46,288.000,24.0000,23.500000,-0.117639,15.9293,4.2200,4.477540,0.25753961,,,,,0.250000,grid_scan,False,False,scanning
A_R016,A,16,scan47,288.000,24.0000,23.750000,0.132283,16.0483,4.2200,4.482597,0.26259696,,,,,0.250000,grid_scan,True,False,scanning
A_R016,A,16,scan48,288.000,24.0000,24.000000,0.379612,16.1676,4.2200,4.487708,0.26770787,,,,,0.250000,grid_scan,True,False,scanning
A_R016,A,16,scan49,288.000,24.0000,24.250000,0.624427,16.2872,4.2200,4.492872,0.27287236,,,,,0.250000,grid_scan,True,False,scanning
A_R016,A,16,scan50,288.000,24.0000,24.500000,0.866805,16.4071,4.2200,4.498090,0.27809043,,,,,0.250000,grid_scan,True,False,scanning
A_R016,A,16,scan51,288.000,24.0000,24.750000,1.106819,16.5272,4.2200,4.503362,0.28336208,,,,,0.250000,grid_scan,True,False,scanning
A_R016,A,16,scan52,288.000,24.0000,25.000000,1.344540,16.6476,4.2200,4.508687,0.28868732,,,,,0.250000,grid_scan,True,False,scanning
A_R016,A,16,scan53,288.000,24.0000,25.250000,1.580036,16.7682,4.2200,4.514066,0.29406615,,,,,0.250000,grid_scan,True,False,scanning
A_R016,A,16,scan54,288.000,24.0000,25.500000,1.813372,16.8892,4.2200,4.519499,0.29949857,,,,,0.250000,grid_scan,True,False,scanning
A_R016,A,16,scan55,288.000,24.0000,25.750000,2.044611,17.0103,4.2200,4.524985,0.30498460,,,,,0.250000,grid_scan,True,False,scanning
A_R016,A,16,scan56,288.000,24.0000,26.000000,2.273814,17.1318,4.2200,4.530524,0.31052423,,,,,0.250000,grid_scan,True,False,scanning
A_R016,A,16,scan57,288.000,24.0000,26.250000,2.501037,17.2534,4.2200,4.536117,0.31611746,,,,,0.250000,grid_scan,True,False,scanning
A_R016,A,16,scan58,288.000,24.0000,26.500000,2.726338,17.3754,4.2200,4.541764,0.32176431,,,,,0.250000,grid_scan,True,False,scanning
A_R016,A,16,scan59,288.000,24.0000,26.750000,2.949770,17.4975,4.2200,4.547465,0.32746477,,,,,0.250000,grid_scan,True,False,scanning
A_R016,A,16,scan60,288.000,24.0000,27.000000,3.171385,17.6199,4.2200,4.553219,0.33321886,,,,,0.250000,grid_scan,True,False,scanning
A_R016,A,16,scan61,288.000,24.0000,27.250000,3.391232,17.7425,4.2200,4.559027,0.33902656,,,,,0.250000,grid_scan,True,False,scanning
A_R016,A,16,scan62,288.000,24.0000,27.500000,3.609360,17.8653,4.2200,4.564888,0.34488789,,,,,0.250000,grid_scan,True,False,scanning
A_R016,A,16,scan63,288.000,24.0000,27.750000,3.825814,17.9883,4.2200,4.570803,0.35080286,,,,,0.250000,grid_scan,True,False,scanning
A_R016,A,16,scan64,288.000,24.0000,28.000000,4.040641,18.1116,4.2200,4.576771,0.35677146,,,,,0.250000,grid_scan,True,False,scanning
A_R016,A,16,scan65,288.000,24.0000,28.250000,4.253882,18.2350,4.2200,4.582794,0.36279369,,,,,0.250000,grid_scan,True,False,scanning
A_R016,A,16,scan66,288.000,24.0000,28.500000,4.465580,18.3587,4.2200,4.588870,0.36886957,,,,,0.250000,grid_scan,True,False,scanning
A_R016,A,16,scan67,288.000,24.0000,28.750000,4.675775,18.4826,4.2200,4.594999,0.37499910,,,,,0.250000,grid_scan,True,False,scanning
A_R016,A,16,scan68,288.000,24.0000,29.000000,4.884505,18.6067,4.2200,4.601182,0.38118228,,,,,0.250000,grid_scan,True,False,scanning
A_R016,A,16,scan69,288.000,24.0000,29.250000,5.091807,18.7309,4.2200,4.607419,0.38741912,,,,,0.250000,grid_scan,True,False,scanning
A_R016,A,16,scan70,288.000,24.0000,29.500000,5.297719,18.8554,4.2200,4.613710,0.39370961,,,,,0.250000,grid_scan,True,False,scanning
A_R016,A,16,scan71,288.000,24.0000,29.750000,5.502275,18.9800,4.2200,4.620054,0.40005377,,,,,0.250000,grid_scan,True,False,scanning
A_R016,A,16,scan72,288.000,24.0000,30.000000,5.705509,19.1048,4.2200,4.626452,0.40645159,,,,,0.250000,grid_scan,True,False,scanning
A_R016,A,16,scan73,288.000,24.0000,30.250000,5.907454,19.2299,4.2200,4.632903,0.41290309,,,,,0.250000,grid_scan,True,False,scanning
A_R016,A,16,scan74,288.000,24.0000,30.500000,6.108141,19.3550,4.2200,4.639408,0.41940826,,,,,0.250000,grid_scan,True,False,scanning
A_R016,A,16,scan75,288.000,24.0000,30.750000,6.307600,19.4804,4.2200,4.645967,0.42596711,,,,,0.250000,grid_scan,True,False,scanning
A_R016,A,16,scan76,288.000,24.0000,31.000000,6.505863,19.6059,4.2200,4.652580,0.43257964,,,,,0.250000,grid_scan,True,False,scanning
A_R016,A,16,scan77,288.000,24.0000,31.250000,6.702956,19.7317,4.2200,4.659246,0.43924586,,,,,0.250000,grid_scan,True,False,scanning
A_R016,A,16,scan78,288.000,24.0000,31.500000,6.898908,19.8575,4.2200,4.665966,0.44596578,,,,,0.250000,grid_scan,True,False,scanning
A_R016,A,16,scan79,288.000,24.0000,31.750000,7.093747,19.9836,4.2200,4.672739,0.45273939,,,,,0.250000,grid_scan,True,False,scanning
A_R016,A,16,scan80,288.000,24.0000,32.000000,7.287497,20.1098,4.2200,4.679567,0.45956670,,,,,0.250000,grid_scan,True,False,scanning
A_R016,A,16,scan81,288.000,24.0000,32.250000,7.480184,20.2361,4.2200,4.686448,0.46644772,,,,,0.250000,grid_scan,True,False,scanning
A_R016,A,16,scan82,288.000,24.0000,32.500000,7.671833,20.3626,4.2200,4.693382,0.47338244,,,,,0.250000,grid_scan,True,False,scanning
A_R016,A,16,scan83,288.000,24.0000,32.750000,7.862468,20.4893,4.2200,4.700371,0.48037088,,,,,0.250000,grid_scan,True,False,scanning
A_R016,A,16,scan84,288.000,24.0000,33.000000,8.052111,20.6161,4.2200,4.707413,0.48741303,,,,,0.250000,grid_scan,True,False,scanning
A_R016,A,16,scan85,288.000,24.0000,33.250000,8.240785,20.7431,4.2200,4.714509,0.49450891,,,,,0.250000,grid_scan,True,False,scanning
A_R016,A,16,scan86,288.000,24.0000,33.500000,8.428511,20.8702,4.2200,4.721659,0.50165851,,,,,0.250000,grid_scan,True,False,scanning
A_R016,A,16,scan87,288.000,24.0000,33.750000,8.615310,20.9975,4.2200,4.728862,0.50886184,,,,,0.250000,grid_scan,True,False,scanning
A_R016,A,16,scan88,288.000,24.0000,34.000000,8.801204,21.1249,4.2200,4.736119,0.51611891,,,,,0.250000,grid_scan,True,False,scanning
A_R016,A,16,scan89,288.000,24.0000,34.250000,8.986211,21.2524,4.2200,4.743430,0.52342972,,,,,0.250000,grid_scan,True,False,scanning
A_R016,A,16,scan90,288.000,24.0000,34.500000,9.170351,21.3801,4.2200,4.750794,0.53079427,,,,,0.250000,grid_scan,True,False,scanning
A_R016,A,16,scan91,288.000,24.0000,34.750000,9.353642,21.5079,4.2200,4.758213,0.53821257,,,,,0.250000,grid_scan,True,False,scanning
A_R016,A,16,scan92,288.000,24.0000,35.000000,9.536104,21.6358,4.2200,4.765685,0.54568462,,,,,0.250000,grid_scan,True,False,scanning
A_R016,A,16,scan93,288.000,24.0000,35.250000,9.717753,21.7639,4.2200,4.773210,0.55321042,,,,,0.250000,grid_scan,True,False,scanning
A_R016,A,16,scan94,288.000,24.0000,35.500000,9.898606,21.8921,4.2200,4.780790,0.56078999,,,,,0.250000,grid_scan,True,False,scanning
A_R016,A,16,scan95,288.000,24.0000,35.750000,10.078680,22.0205,4.2200,4.788423,0.56842333,,,,,0.250000,grid_scan,True,False,scanning
A_R016,A,16,scan96,288.000,24.0000,36.000000,10.257992,22.1489,4.2200,4.796110,0.57611043,,,,,0.250000,grid_scan,True,False,scanning
A_R016,A,16,scan97,288.000,24.0000,36.250000,10.436557,22.2775,4.2200,4.803851,0.58385131,,,,,0.250000,grid_scan,True,False,scanning
A_R016,A,16,scan98,288.000,24.0000,36.500000,10.614390,22.4062,4.2200,4.811646,0.59164597,,,,,0.250000,grid_scan,True,False,scanning
A_R016,A,16,scan99,288.000,24.0000,36.750000,10.791507,22.5350,4.2200,4.819494,0.59949442,,,,,0.250000,grid_scan,True,False,scanning
A_R016,A,16,scan100,288.000,24.0000,37.000000,10.967922,22.6640,4.2200,4.827397,0.60739665,,,,,0.250000,grid_scan,True,False,scanning
A_R016,A,16,scan101,288.000,24.0000,37.250000,11.143648,22.7930,4.2200,4.835353,0.61535268,,,,,0.250000,grid_scan,True,False,scanning
A_R016,A,16,scan102,288.000,24.0000,37.500000,11.318701,22.9222,4.2200,4.843363,0.62336251,,,,,0.250000,grid_scan,True,False,scanning
A_R016,A,16,scan103,288.000,24.0000,37.750000,11.493092,23.0515,4.2200,4.851426,0.63142614,,,,,0.250000,grid_scan,True,False,scanning
A_R016,A,16,scan104,288.000,24.0000,38.000000,11.666836,23.1809,4.2200,4.859544,0.63954358,,,,,0.250000,grid_scan,True,False,scanning
A_R016,A,16,scan105,288.000,24.0000,38.250000,11.839944,23.3104,4.2200,4.867715,0.64771483,,,,,0.250000,grid_scan,True,False,scanning
A_R016,A,16,scan106,288.000,24.0000,38.500000,12.012430,23.4400,4.2200,4.875940,0.65593990,,,,,0.250000,grid_scan,True,False,scanning
A_R016,A,16,scan107,288.000,24.0000,38.750000,12.184305,23.5697,4.2200,4.884219,0.66421879,,,,,0.250000,grid_scan,True,False,scanning
A_R016,A,16,scan108,288.000,24.0000,39.000000,12.355581,23.6995,4.2200,4.892552,0.67255151,,,,,0.250000,grid_scan,True,False,scanning
A_R016,A,16,scan109,288.000,24.0000,39.250000,12.526269,23.8294,4.2200,4.900938,0.68093806,,,,,0.250000,grid_scan,True,False,scanning
A_R016,A,16,scan110,288.000,24.0000,39.500000,12.696381,23.9595,4.2200,4.909378,0.68937844,,,,,0.250000,grid_scan,True,False,scanning
A_R016,A,16,scan111,288.000,24.0000,39.750000,12.865927,24.0896,4.2200,4.917873,0.69787268,,,,,0.250000,grid_scan,True,False,scanning
A_R016,A,16,scan112,288.000,24.0000,40.000000,13.034918,24.2198,4.2200,4.926421,0.70642075,,,,,0.250000,grid_scan,True,False,scanning
A_R016,A,16,,288.000,24.0000,,,,4.2200,,,,,,12.000,,bisection,,False,no_root
A_R017,A,17,scan0,300.000,25.0000,12.000000,-18.166295,10.9601,4.2200,4.302335,0.08233535,,,,,,grid_scan,False,False,scanning
A_R017,A,17,scan1,300.000,25.0000,12.250000,-17.551010,11.0511,4.2200,4.304832,0.08483164,,,,,0.250000,grid_scan,False,False,scanning
A_R017,A,17,scan2,300.000,25.0000,12.500000,-16.955154,11.1433,4.2200,4.307379,0.08737890,,,,,0.250000,grid_scan,False,False,scanning
A_R017,A,17,scan3,300.000,25.0000,12.750000,-16.377596,11.2367,4.2200,4.309977,0.08997715,,,,,0.250000,grid_scan,False,False,scanning
A_R017,A,17,scan4,300.000,25.0000,13.000000,-15.817292,11.3312,4.2200,4.312626,0.09262642,,,,,0.250000,grid_scan,False,False,scanning
A_R017,A,17,scan5,300.000,25.0000,13.250000,-15.273278,11.4269,4.2200,4.315327,0.09532675,,,,,0.250000,grid_scan,False,False,scanning
A_R017,A,17,scan6,300.000,25.0000,13.500000,-14.744657,11.5235,4.2200,4.318078,0.09807816,,,,,0.250000,grid_scan,False,False,scanning
A_R017,A,17,scan7,300.000,25.0000,13.750000,-14.230598,11.6212,4.2200,4.320881,0.10088066,,,,,0.250000,grid_scan,False,False,scanning
A_R017,A,17,scan8,300.000,25.0000,14.000000,-13.730330,11.7198,4.2200,4.323734,0.10373428,,,,,0.250000,grid_scan,False,False,scanning
A_R017,A,17,scan9,300.000,25.0000,14.250000,-13.243132,11.8193,4.2200,4.326639,0.10663904,,,,,0.250000,grid_scan,False,False,scanning
A_R017,A,17,scan10,300.000,25.0000,14.500000,-12.768335,11.9197,4.2200,4.329595,0.10959495,,,,,0.250000,grid_scan,False,False,scanning
A_R017,A,17,scan11,300.000,25.0000,14.750000,-12.305315,12.0209,4.2200,4.332602,0.11260202,,,,,0.250000,grid_scan,False,False,scanning
A_R017,A,17,scan12,300.000,25.0000,15.000000,-11.853487,12.1230,4.2200,4.335660,0.11566029,,,,,0.250000,grid_scan,False,False,scanning
A_R017,A,17,scan13,300.000,25.0000,15.250000,-11.412306,12.2259,4.2200,4.338770,0.11876975,,,,,0.250000,grid_scan,False,False,scanning
A_R017,A,17,scan14,300.000,25.0000,15.500000,-10.981260,12.3295,4.2200,4.341930,0.12193042,,,,,0.250000,grid_scan,False,False,scanning
A_R017,A,17,scan15,300.000,25.0000,15.750000,-10.559871,12.4338,4.2200,4.345142,0.12514232,,,,,0.250000,grid_scan,False,False,scanning
A_R017,A,17,scan16,300.000,25.0000,16.000000,-10.147689,12.5388,4.2200,4.348405,0.12840545,,,,,0.250000,grid_scan,False,False,scanning
A_R017,A,17,scan17,300.000,25.0000,16.250000,-9.744293,12.6445,4.2200,4.351720,0.13171982,,,,,0.250000,grid_scan,False,False,scanning
A_R017,A,17,scan18,300.000,25.0000,16.500000,-9.349285,12.7509,4.2200,4.355085,0.13508545,,,,,0.250000,grid_scan,False,False,scanning
A_R017,A,17,scan19,300.000,25.0000,16.750000,-8.962293,12.8579,4.2200,4.358502,0.13850234,,,,,0.250000,grid_scan,False,False,scanning
A_R017,A,17,scan20,300.000,25.0000,17.000000,-8.582966,12.9655,4.2200,4.361971,0.14197050,,,,,0.250000,grid_scan,False,False,scanning
A_R017,A,17,scan21,300.000,25.0000,17.250000,-8.210973,13.0737,4.2200,4.365490,0.14548995,,,,,0.250000,grid_scan,False,False,scanning
A_R017,A,17,scan22,300.000,25.0000,17.500000,-7.846001,13.1825,4.2200,4.369061,0.14906068,,,,,0.250000,grid_scan,False,False,scanning
A_R017,A,17,scan23,300.000,25.0000,17.750000,-7.487755,13.2918,4.2200,4.372683,0.15268271,,,,,0.250000,grid_scan,False,False,scanning
A_R017,A,17,scan24,300.000,25.0000,18.000000,-7.135956,13.4017,4.2200,4.376356,0.15635604,,,,,0.250000,grid_scan,False,False,scanning
A_R017,A,17,scan25,300.000,25.0000,18.250000,-6.790342,13.5121,4.2200,4.380081,0.16008068,,,,,0.250000,grid_scan,False,False,scanning
A_R017,A,17,scan26,300.000,25.0000,18.500000,-6.450663,13.6230,4.2200,4.383857,0.16385663,,,,,0.250000,grid_scan,False,False,scanning
A_R017,A,17,scan27,300.000,25.0000,18.750000,-6.116683,13.7344,4.2200,4.387684,0.16768391,,,,,0.250000,grid_scan,False,False,scanning
A_R017,A,17,scan28,300.000,25.0000,19.000000,-5.788178,13.8463,4.2200,4.391563,0.17156252,,,,,0.250000,grid_scan,False,False,scanning
A_R017,A,17,scan29,300.000,25.0000,19.250000,-5.464936,13.9586,4.2200,4.395492,0.17549246,,,,,0.250000,grid_scan,False,False,scanning
A_R017,A,17,scan30,300.000,25.0000,19.500000,-5.146755,14.0714,4.2200,4.399474,0.17947374,,,,,0.250000,grid_scan,False,False,scanning
A_R017,A,17,scan31,300.000,25.0000,19.750000,-4.833444,14.1846,4.2200,4.403506,0.18350636,,,,,0.250000,grid_scan,False,False,scanning
A_R017,A,17,scan32,300.000,25.0000,20.000000,-4.524822,14.2983,4.2200,4.407590,0.18759034,,,,,0.250000,grid_scan,False,False,scanning
A_R017,A,17,scan33,300.000,25.0000,20.250000,-4.220716,14.4124,4.2200,4.411726,0.19172567,,,,,0.250000,grid_scan,False,False,scanning
A_R017,A,17,scan34,300.000,25.0000,20.500000,-3.920961,14.5269,4.2200,4.415912,0.19591236,,,,,0.250000,grid_scan,False,False,scanning
A_R017,A,17,scan35,300.000,25.0000,20.750000,-3.625400,14.6418,4.2200,4.420150,0.20015041,,,,,0.250000,grid_scan,False,False,scanning
A_R017,A,17,scan36,300.000,25.0000,21.000000,-3.333885,14.7571,4.2200,4.424440,0.20443984,,,,,0.250000,grid_scan,False,False,scanning
A_R017,A,17,scan37,300.000,25.0000,21.250000,-3.046273,14.8728,4.2200,4.428781,0.20878064,,,,,0.250000,grid_scan,False,False,scanning
A_R017,A,17,scan38,300.000,25.0000,21.500000,-2.762429,14.9888,4.2200,4.433173,0.21317281,,,,,0.250000,grid_scan,False,False,scanning
A_R017,A,17,scan39,300.000,25.0000,21.750000,-2.482222,15.1052,4.2200,4.437616,0.21761637,,,,,0.250000,grid_scan,False,False,scanning
A_R017,A,17,scan40,300.000,25.0000,22.000000,-2.205531,15.2219,4.2200,4.442111,0.22211131,,,,,0.250000,grid_scan,False,False,scanning
A_R017,A,17,scan41,300.000,25.0000,22.250000,-1.932237,15.3390,4.2200,4.446658,0.22665765,,,,,0.250000,grid_scan,False,False,scanning
A_R017,A,17,scan42,300.000,25.0000,22.500000,-1.662226,15.4564,4.2200,4.451255,0.23125538,,,,,0.250000,grid_scan,False,False,scanning
A_R017,A,17,scan43,300.000,25.0000,22.750000,-1.395391,15.5742,4.2200,4.455905,0.23590451,,,,,0.250000,grid_scan,False,False,scanning
A_R017,A,17,scan44,300.000,25.0000,23.000000,-1.131630,15.6923,4.2200,4.460605,0.24060504,,,,,0.250000,grid_scan,False,False,scanning
A_R017,A,17,scan45,300.000,25.0000,23.250000,-0.870842,15.8107,4.2200,4.465357,0.24535698,,,,,0.250000,grid_scan,False,False,scanning
A_R017,A,17,scan46,300.000,25.0000,23.500000,-0.612934,15.9293,4.2200,4.470160,0.25016033,,,,,0.250000,grid_scan,False,False,scanning
A_R017,A,17,scan47,300.000,25.0000,23.750000,-0.357814,16.0483,4.2200,4.475015,0.25501509,,,,,0.250000,grid_scan,False,False,scanning
A_R017,A,17,scan48,300.000,25.0000,24.000000,-0.105397,16.1676,4.2200,4.479921,0.25992128,,,,,0.250000,grid_scan,False,False,scanning
A_R017,A,17,scan49,300.000,25.0000,24.250000,0.144401,16.2872,4.2200,4.484879,0.26487888,,,,,0.250000,grid_scan,True,False,scanning
A_R017,A,17,scan50,300.000,25.0000,24.500000,0.391661,16.4071,4.2200,4.489888,0.26988791,,,,,0.250000,grid_scan,True,False,scanning
A_R017,A,17,scan51,300.000,25.0000,24.750000,0.636459,16.5272,4.2200,4.494948,0.27494837,,,,,0.250000,grid_scan,True,False,scanning
A_R017,A,17,scan52,300.000,25.0000,25.000000,0.878868,16.6476,4.2200,4.500060,0.28006026,,,,,0.250000,grid_scan,True,False,scanning
A_R017,A,17,scan53,300.000,25.0000,25.250000,1.118959,16.7682,4.2200,4.505224,0.28522359,,,,,0.250000,grid_scan,True,False,scanning
A_R017,A,17,scan54,300.000,25.0000,25.500000,1.356801,16.8892,4.2200,4.510438,0.29043835,,,,,0.250000,grid_scan,True,False,scanning
A_R017,A,17,scan55,300.000,25.0000,25.750000,1.592458,17.0103,4.2200,4.515705,0.29570457,,,,,0.250000,grid_scan,True,False,scanning
A_R017,A,17,scan56,300.000,25.0000,26.000000,1.825994,17.1318,4.2200,4.521022,0.30102223,,,,,0.250000,grid_scan,True,False,scanning
A_R017,A,17,scan57,300.000,25.0000,26.250000,2.057468,17.2534,4.2200,4.526391,0.30639134,,,,,0.250000,grid_scan,True,False,scanning
A_R017,A,17,scan58,300.000,25.0000,26.500000,2.286940,17.3754,4.2200,4.531812,0.31181190,,,,,0.250000,grid_scan,True,False,scanning
A_R017,A,17,scan59,300.000,25.0000,26.750000,2.514464,17.4975,4.2200,4.537284,0.31728393,,,,,0.250000,grid_scan,True,False,scanning
A_R017,A,17,scan60,300.000,25.0000,27.000000,2.740096,17.6199,4.2200,4.542807,0.32280741,,,,,0.250000,grid_scan,True,False,scanning
A_R017,A,17,scan61,300.000,25.0000,27.250000,2.963886,17.7425,4.2200,4.548382,0.32838236,,,,,0.250000,grid_scan,True,False,scanning
A_R017,A,17,scan62,300.000,25.0000,27.500000,3.185886,17.8653,4.2200,4.554009,0.33400878,,,,,0.250000,grid_scan,True,False,scanning
A_R017,A,17,scan63,300.000,25.0000,27.750000,3.406143,17.9883,4.2200,4.559687,0.33968667,,,,,0.250000,grid_scan,True,False,scanning
A_R017,A,17,scan64,300.000,25.0000,28.000000,3.624703,18.1116,4.2200,4.565416,0.34541604,,,,,0.250000,grid_scan,True,False,scanning
A_R017,A,17,scan65,300.000,25.0000,28.250000,3.841613,18.2350,4.2200,4.571197,0.35119688,,,,,0.250000,grid_scan,True,False,scanning
A_R017,A,17,scan66,300.000,25.0000,28.500000,4.056914,18.3587,4.2200,4.577029,0.35702921,,,,,0.250000,grid_scan,True,False,scanning
A_R017,A,17,scan67,300.000,25.0000,28.750000,4.270650,18.4826,4.2200,4.582913,0.36291303,,,,,0.250000,grid_scan,True,False,scanning
A_R017,A,17,scan68,300.000,25.0000,29.000000,4.482860,18.6067,4.2200,4.588848,0.36884833,,,,,0.250000,grid_scan,True,False,scanning
A_R017,A,17,scan69,300.000,25.0000,29.250000,4.693583,18.7309,4.2200,4.594835,0.37483513,,,,,0.250000,grid_scan,True,False,scanning
A_R017,A,17,scan70,300.000,25.0000,29.500000,4.902858,18.8554,4.2200,4.600873,0.38087343,,,,,0.250000,grid_scan,True,False,scanning
A_R017,A,17,scan71,300.000,25.0000,29.750000,5.110720,18.9800,4.2200,4.606963,0.38696323,,,,,0.250000,grid_scan,True,False,scanning
A_R017,A,17,scan72,300.000,25.0000,30.000000,5.317205,19.1048,4.2200,4.613105,0.39310453,,,,,0.250000,grid_scan,True,False,scanning
A_R017,A,17,scan73,300.000,25.0000,30.250000,5.522347,19.2299,4.2200,4.619297,0.39929735,,,,,0.250000,grid_scan,True,False,scanning
A_R017,A,17,scan74,300.000,25.0000,30.500000,5.726179,19.3550,4.2200,4.625542,0.40554167,,,,,0.250000,grid_scan,True,False,scanning
A_R017,A,17,scan75,300.000,25.0000,30.750000,5.928733,19.4804,4.2200,4.631838,0.41183751,,,,,0.250000,grid_scan,True,False,scanning
A_R017,A,17,scan76,300.000,25.0000,31.000000,6.130039,19.6059,4.2200,4.638185,0.41818486,,,,,0.250000,grid_scan,True,False,scanning
A_R017,A,17,scan77,300.000,25.0000,31.250000,6.330128,19.7317,4.2200,4.644584,0.42458375,,,,,0.250000,grid_scan,True,False,scanning
A_R017,A,17,scan78,300.000,25.0000,31.500000,6.529028,19.8575,4.2200,4.651034,0.43103415,,,,,0.250000,grid_scan,True,False,scanning
A_R017,A,17,scan79,300.000,25.0000,31.750000,6.726767,19.9836,4.2200,4.657536,0.43753609,,,,,0.250000,grid_scan,True,False,scanning
A_R017,A,17,scan80,300.000,25.0000,32.000000,6.923374,20.1098,4.2200,4.664090,0.44408956,,,,,0.250000,grid_scan,True,False,scanning
A_R017,A,17,scan81,300.000,25.0000,32.250000,7.118873,20.2361,4.2200,4.670695,0.45069457,,,,,0.250000,grid_scan,True,False,scanning
A_R017,A,17,scan82,300.000,25.0000,32.500000,7.313290,20.3626,4.2200,4.677351,0.45735112,,,,,0.250000,grid_scan,True,False,scanning
A_R017,A,17,scan83,300.000,25.0000,32.750000,7.506651,20.4893,4.2200,4.684059,0.46405922,,,,,0.250000,grid_scan,True,False,scanning
A_R017,A,17,scan84,300.000,25.0000,33.000000,7.698979,20.6161,4.2200,4.690819,0.47081887,,,,,0.250000,grid_scan,True,False,scanning
A_R017,A,17,scan85,300.000,25.0000,33.250000,7.890297,20.7431,4.2200,4.697630,0.47763006,,,,,0.250000,grid_scan,True,False,scanning
A_R017,A,17,scan86,300.000,25.0000,33.500000,8.080628,20.8702,4.2200,4.704493,0.48449282,,,,,0.250000,grid_scan,True,False,scanning
A_R017,A,17,scan87,300.000,25.0000,33.750000,8.269994,20.9975,4.2200,4.711407,0.49140714,,,,,0.250000,grid_scan,True,False,scanning
A_R017,A,17,scan88,300.000,25.0000,34.000000,8.458416,21.1249,4.2200,4.718373,0.49837302,,,,,0.250000,grid_scan,True,False,scanning
A_R017,A,17,scan89,300.000,25.0000,34.250000,8.645915,21.2524,4.2200,4.725390,0.50539047,,,,,0.250000,grid_scan,True,False,scanning
A_R017,A,17,scan90,300.000,25.0000,34.500000,8.832510,21.3801,4.2200,4.732459,0.51245949,,,,,0.250000,grid_scan,True,False,scanning
A_R017,A,17,scan91,300.000,25.0000,34.750000,9.018222,21.5079,4.2200,4.739580,0.51958009,,,,,0.250000,grid_scan,True,False,scanning
A_R017,A,17,scan92,300.000,25.0000,35.000000,9.203069,21.6358,4.2200,4.746752,0.52675226,,,,,0.250000,grid_scan,True,False,scanning
A_R017,A,17,scan93,300.000,25.0000,35.250000,9.387069,21.7639,4.2200,4.753976,0.53397603,,,,,0.250000,grid_scan,True,False,scanning
A_R017,A,17,scan94,300.000,25.0000,35.500000,9.570241,21.8921,4.2200,4.761251,0.54125138,,,,,0.250000,grid_scan,True,False,scanning
A_R017,A,17,scan95,300.000,25.0000,35.750000,9.752602,22.0205,4.2200,4.768578,0.54857832,,,,,0.250000,grid_scan,True,False,scanning
A_R017,A,17,scan96,300.000,25.0000,36.000000,9.934168,22.1489,4.2200,4.775957,0.55595686,,,,,0.250000,grid_scan,True,False,scanning
A_R017,A,17,scan97,300.000,25.0000,36.250000,10.114956,22.2775,4.2200,4.783387,0.56338700,,,,,0.250000,grid_scan,True,False,scanning
A_R017,A,17,scan98,300.000,25.0000,36.500000,10.294982,22.4062,4.2200,4.790869,0.57086874,,,,,0.250000,grid_scan,True,False,scanning
A_R017,A,17,scan99,300.000,25.0000,36.750000,10.474262,22.5350,4.2200,4.798402,0.57840210,,,,,0.250000,grid_scan,True,False,scanning
A_R017,A,17,scan100,300.000,25.0000,37.000000,10.652810,22.6640,4.2200,4.805987,0.58598706,,,,,0.250000,grid_scan,True,False,scanning
A_R017,A,17,scan101,300.000,25.0000,37.250000,10.830642,22.7930,4.2200,4.813624,0.59362365,,,,,0.250000,grid_scan,True,False,scanning
A_R017,A,17,scan102,300.000,25.0000,37.500000,11.007771,22.9222,4.2200,4.821312,0.60131185,,,,,0.250000,grid_scan,True,False,scanning
A_R017,A,17,scan103,300.000,25.0000,37.750000,11.184212,23.0515,4.2200,4.829052,0.60905168,,,,,0.250000,grid_scan,True,False,scanning
A_R017,A,17,scan104,300.000,25.0000,38.000000,11.359978,23.1809,4.2200,4.836843,0.61684314,,,,,0.250000,grid_scan,True,False,scanning
A_R017,A,17,scan105,300.000,25.0000,38.250000,11.535082,23.3104,4.2200,4.844686,0.62468623,,,,,0.250000,grid_scan,True,False,scanning
A_R017,A,17,scan106,300.000,25.0000,38.500000,11.709538,23.4400,4.2200,4.852581,0.63258096,,,,,0.250000,grid_scan,True,False,scanning
A_R017,A,17,scan107,300.000,25.0000,38.750000,11.883357,23.5697,4.2200,4.860527,0.64052734,,,,,0.250000,grid_scan,True,False,scanning
A_R017,A,17,scan108,300.000,25.0000,39.000000,12.056552,23.6995,4.2200,4.868525,0.64852536,,,,,0.250000,grid_scan,True,False,scanning
A_R017,A,17,scan109,300.000,25.0000,39.250000,12.229136,23.8294,4.2200,4.876575,0.65657503,,,,,0.250000,grid_scan,True,False,scanning
A_R017,A,17,scan110,300.000,25.0000,39.500000,12.401118,23.9595,4.2200,4.884676,0.66467636,,,,,0.250000,grid_scan,True,False,scanning
A_R017,A,17,scan111,300.000,25.0000,39.750000,12.572512,24.0896,4.2200,4.892829,0.67282934,,,,,0.250000,grid_scan,True,False,scanning
A_R017,A,17,scan112,300.000,25.0000,40.000000,12.743328,24.2198,4.2200,4.901034,0.68103399,,,,,0.250000,grid_scan,True,False,scanning
A_R017,A,17,,300.000,25.0000,,,,4.2200,,,,,,12.000,,bisection,,False,no_root
A_R018,A,18,scan0,312.000,26.0000,12.000000,-19.133328,10.9601,4.2200,4.301984,0.08198393,,,,,,grid_scan,False,False,scanning
A_R018,A,18,scan1,312.000,26.0000,12.250000,-18.498441,11.0511,4.2200,4.304384,0.08438419,,,,,0.250000,grid_scan,False,False,scanning
A_R018,A,18,scan2,312.000,26.0000,12.500000,-17.883758,11.1433,4.2200,4.306833,0.08683346,,,,,0.250000,grid_scan,False,False,scanning
A_R018,A,18,scan3,312.000,26.0000,12.750000,-17.288105,11.2367,4.2200,4.309332,0.08933175,,,,,0.250000,grid_scan,False,False,scanning
A_R018,A,18,scan4,312.000,26.0000,13.000000,-16.710397,11.3312,4.2200,4.311879,0.09187911,,,,,0.250000,grid_scan,False,False,scanning
A_R018,A,18,scan5,312.000,26.0000,13.250000,-16.149630,11.4269,4.2200,4.314476,0.09447555,,,,,0.250000,grid_scan,False,False,scanning
A_R018,A,18,scan6,312.000,26.0000,13.500000,-15.604872,11.5235,4.2200,4.317121,0.09712110,,,,,0.250000,grid_scan,False,False,scanning
A_R018,A,18,scan7,312.000,26.0000,13.750000,-15.075259,11.6212,4.2200,4.319816,0.09981578,,,,,0.250000,grid_scan,False,False,scanning
A_R018,A,18,scan8,312.000,26.0000,14.000000,-14.559988,11.7198,4.2200,4.322560,0.10255961,,,,,0.250000,grid_scan,False,False,scanning
A_R018,A,18,scan9,312.000,26.0000,14.250000,-14.058310,11.8193,4.2200,4.325353,0.10535261,,,,,0.250000,grid_scan,False,False,scanning
A_R018,A,18,scan10,312.000,26.0000,14.500000,-13.569530,11.9197,4.2200,4.328195,0.10819479,,,,,0.250000,grid_scan,False,False,scanning
A_R018,A,18,scan11,312.000,26.0000,14.750000,-13.092997,12.0209,4.2200,4.331086,0.11108617,,,,,0.250000,grid_scan,False,False,scanning
A_R018,A,18,scan12,312.000,26.0000,15.000000,-12.628104,12.1230,4.2200,4.334027,0.11402676,,,,,0.250000,grid_scan,False,False,scanning
A_R018,A,18,scan13,312.000,26.0000,15.250000,-12.174283,12.2259,4.2200,4.337017,0.11701657,,,,,0.250000,grid_scan,False,False,scanning
A_R018,A,18,scan14,312.000,26.0000,15.500000,-11.731003,12.3295,4.2200,4.340056,0.12005563,,,,,0.250000,grid_scan,False,False,scanning
A_R018,A,18,scan15,312.000,26.0000,15.750000,-11.297766,12.4338,4.2200,4.343144,0.12314393,,,,,0.250000,grid_scan,False,False,scanning
A_R018,A,18,scan16,312.000,26.0000,16.000000,-10.874105,12.5388,4.2200,4.346281,0.12628150,,,,,0.250000,grid_scan,False,False,scanning
A_R018,A,18,scan17,312.000,26.0000,16.250000,-10.459581,12.6445,4.2200,4.349468,0.12946833,,,,,0.250000,grid_scan,False,False,scanning
A_R018,A,18,scan18,312.000,26.0000,16.500000,-10.053781,12.7509,4.2200,4.352704,0.13270444,,,,,0.250000,grid_scan,False,False,scanning
A_R018,A,18,scan19,312.000,26.0000,16.750000,-9.656317,12.8579,4.2200,4.355990,0.13598984,,,,,0.250000,grid_scan,False,False,scanning
A_R018,A,18,scan20,312.000,26.0000,17.000000,-9.266825,12.9655,4.2200,4.359325,0.13932454,,,,,0.250000,grid_scan,False,False,scanning
A_R018,A,18,scan21,312.000,26.0000,17.250000,-8.884960,13.0737,4.2200,4.362709,0.14270854,,,,,0.250000,grid_scan,False,False,scanning
A_R018,A,18,scan22,312.000,26.0000,17.500000,-8.510397,13.1825,4.2200,4.366142,0.14614185,,,,,0.250000,grid_scan,False,False,scanning
A_R018,A,18,scan23,312.000,26.0000,17.750000,-8.142829,13.2918,4.2200,4.369624,0.14962448,,,,,0.250000,grid_scan,False,False,scanning
A_R018,A,18,scan24,312.000,26.0000,18.000000,-7.781967,13.4017,4.2200,4.373156,0.15315644,,,,,0.250000,grid_scan,False,False,scanning
A_R018,A,18,scan25,312.000,26.0000,18.250000,-7.427536,13.5121,4.2200,4.376738,0.15673772,,,,,0.250000,grid_scan,False,False,scanning
A_R018,A,18,scan26,312.000,26.0000,18.500000,-7.079278,13.6230,4.2200,4.380368,0.16036835,,,,,0.250000,grid_scan,False,False,scanning
A_R018,A,18,scan27,312.000,26.0000,18.750000,-6.736946,13.7344,4.2200,4.384048,0.16404832,,,,,0.250000,grid_scan,False,False,scanning
A_R018,A,18,scan28,312.000,26.0000,19.000000,-6.400309,13.8463,4.2200,4.387778,0.16777763,,,,,0.250000,grid_scan,False,False,scanning
A_R018,A,18,scan29,312.000,26.0000,19.250000,-6.069145,13.9586,4.2200,4.391556,0.17155630,,,,,0.250000,grid_scan,False,False,scanning
A_R018,A,18,scan30,312.000,26.0000,19.500000,-5.743245,14.0714,4.2200,4.395384,0.17538433,,,,,0.250000,grid_scan,False,False,scanning
A_R018,A,18,scan31,312.000,26.0000,19.750000,-5.422410,14.1846,4.2200,4.399262,0.17926173,,,,,0.250000,grid_scan,False,False,scanning
A_R018,A,18,scan32,312.000,26.0000,20.000000,-5.106451,14.2983,4.2200,4.403188,0.18318849,,,,,0.250000,grid_scan,False,False,scanning
A_R018,A,18,scan33,312.000,26.0000,20.250000,-4.795188,14.4124,4.2200,4.407165,0.18716463,,,,,0.250000,grid_scan,False,False,scanning
A_R018,A,18,scan34,312.000,26.0000,20.500000,-4.488450,14.5269,4.2200,4.411190,0.19119015,,,,,0.250000,grid_scan,False,False,scanning
A_R018,A,18,scan35,312.000,26.0000,20.750000,-4.186075,14.6418,4.2200,4.415265,0.19526505,,,,,0.250000,grid_scan,False,False,scanning
A_R018,A,18,scan36,312.000,26.0000,21.000000,-3.887907,14.7571,4.2200,4.419389,0.19938933,,,,,0.250000,grid_scan,False,False,scanning
A_R018,A,18,scan37,312.000,26.0000,21.250000,-3.593799,14.8728,4.2200,4.423563,0.20356301,,,,,0.250000,grid_scan,False,False,scanning
A_R018,A,18,scan38,312.000,26.0000,21.500000,-3.303609,14.9888,4.2200,4.427786,0.20778608,,,,,0.250000,grid_scan,False,False,scanning
A_R018,A,18,scan39,312.000,26.0000,21.750000,-3.017202,15.1052,4.2200,4.432059,0.21205855,,,,,0.250000,grid_scan,False,False,scanning
A_R018,A,18,scan40,312.000,26.0000,22.000000,-2.734451,15.2219,4.2200,4.436380,0.21638043,,,,,0.250000,grid_scan,False,False,scanning
A_R018,A,18,scan41,312.000,26.0000,22.250000,-2.455233,15.3390,4.2200,4.440752,0.22075171,,,,,0.250000,grid_scan,False,False,scanning
A_R018,A,18,scan42,312.000,26.0000,22.500000,-2.179430,15.4564,4.2200,4.445172,0.22517240,,,,,0.250000,grid_scan,False,False,scanning
A_R018,A,18,scan43,312.000,26.0000,22.750000,-1.906930,15.5742,4.2200,4.449643,0.22964251,,,,,0.250000,grid_scan,False,False,scanning
A_R018,A,18,scan44,312.000,26.0000,23.000000,-1.637625,15.6923,4.2200,4.454162,0.23416203,,,,,0.250000,grid_scan,False,False,scanning
A_R018,A,18,scan45,312.000,26.0000,23.250000,-1.371414,15.8107,4.2200,4.458731,0.23873098,,,,,0.250000,grid_scan,False,False,scanning
A_R018,A,18,scan46,312.000,26.0000,23.500000,-1.108197,15.9293,4.2200,4.463349,0.24334935,,,,,0.250000,grid_scan,False,False,scanning
A_R018,A,18,scan47,312.000,26.0000,23.750000,-0.847881,16.0483,4.2200,4.468017,0.24801715,,,,,0.250000,grid_scan,False,False,scanning
A_R018,A,18,scan48,312.000,26.0000,24.000000,-0.590375,16.1676,4.2200,4.472734,0.25273439,,,,,0.250000,grid_scan,False,False,scanning
A_R018,A,18,scan49,312.000,26.0000,24.250000,-0.335593,16.2872,4.2200,4.477501,0.25750105,,,,,0.250000,grid_scan,False,False,scanning
A_R018,A,18,scan50,312.000,26.0000,24.500000,-0.083451,16.4071,4.2200,4.482317,0.26231716,,,,,0.250000,grid_scan,False,False,scanning
A_R018,A,18,scan51,312.000,26.0000,24.750000,0.166131,16.5272,4.2200,4.487183,0.26718271,,,,,0.250000,grid_scan,True,False,scanning
A_R018,A,18,scan52,312.000,26.0000,25.000000,0.413229,16.6476,4.2200,4.492098,0.27209770,,,,,0.250000,grid_scan,True,False,scanning
A_R018,A,18,scan53,312.000,26.0000,25.250000,0.657916,16.7682,4.2200,4.497062,0.27706214,,,,,0.250000,grid_scan,True,False,scanning
A_R018,A,18,scan54,312.000,26.0000,25.500000,0.900263,16.8892,4.2200,4.502076,0.28207604,,,,,0.250000,grid_scan,True,False,scanning
A_R018,A,18,scan55,312.000,26.0000,25.750000,1.140339,17.0103,4.2200,4.507139,0.28713939,,,,,0.250000,grid_scan,True,False,scanning
A_R018,A,18,scan56,312.000,26.0000,26.000000,1.378208,17.1318,4.2200,4.512252,0.29225220,,,,,0.250000,grid_scan,True,False,scanning
A_R018,A,18,scan57,312.000,26.0000,26.250000,1.613933,17.2534,4.2200,4.517414,0.29741447,,,,,0.250000,grid_scan,True,False,scanning
A_R018,A,18,scan58,312.000,26.0000,26.500000,1.847576,17.3754,4.2200,4.522626,0.30262620,,,,,0.250000,grid_scan,True,False,scanning
A_R018,A,18,scan59,312.000,26.0000,26.750000,2.079193,17.4975,4.2200,4.527887,0.30788740,,,,,0.250000,grid_scan,True,False,scanning
A_R018,A,18,scan60,312.000,26.0000,27.000000,2.308842,17.6199,4.2200,4.533198,0.31319808,,,,,0.250000,grid_scan,True,False,scanning
A_R018,A,18,scan61,312.000,26.0000,27.250000,2.536576,17.7425,4.2200,4.538558,0.31855823,,,,,0.250000,grid_scan,True,False,scanning
A_R018,A,18,scan62,312.000,26.0000,27.500000,2.762448,17.8653,4.2200,4.543968,0.32396786,,,,,0.250000,grid_scan,True,False,scanning
A_R018,A,18,scan63,312.000,26.0000,27.750000,2.986507,17.9883,4.2200,4.549427,0.32942696,,,,,0.250000,grid_scan,True,False,scanning
A_R018,A,18,scan64,312.000,26.0000,28.000000,3.208802,18.1116,4.2200,4.554936,0.33493556,,,,,0.250000,grid_scan,True,False,scanning
A_R018,A,18,scan65,312.000,26.0000,28.250000,3.429380,18.2350,4.2200,4.560494,0.34049364,,,,,0.250000,grid_scan,True,False,scanning
A_R018,A,18,scan66,312.000,26.0000,28.500000,3.648286,18.3587,4.2200,4.566101,0.34610121,,,,,0.250000,grid_scan,True,False,scanning
A_R018,A,18,scan67,312.000,26.0000,28.750000,3.865563,18.4826,4.2200,4.571758,0.35175827,,,,,0.250000,grid_scan,True,False,scanning
A_R018,A,18,scan68,312.000,26.0000,29.000000,4.081253,18.6067,4.2200,4.577465,0.35746483,,,,,0.250000,grid_scan,True,False,scanning
A_R018,A,18,scan69,312.000,26.0000,29.250000,4.295398,18.7309,4.2200,4.583221,0.36322090,,,,,0.250000,grid_scan,True,False,scanning
A_R018,A,18,scan70,312.000,26.0000,29.500000,4.508035,18.8554,4.2200,4.589026,0.36902646,,,,,0.250000,grid_scan,True,False,scanning
A_R018,A,18,scan71,312.000,26.0000,29.750000,4.719204,18.9800,4.2200,4.594882,0.37488153,,,,,0.250000,grid_scan,True,False,scanning
A_R018,A,18,scan72,312.000,26.0000,30.000000,4.928941,19.1048,4.2200,4.600786,0.38078612,,,,,0.250000,grid_scan,True,False,scanning
A_R018,A,18,scan73,312.000,26.0000,30.250000,5.137280,19.2299,4.2200,4.606740,0.38674021,,,,,0.250000,grid_scan,True,False,scanning
A_R018,A,18,scan74,312.000,26.0000,30.500000,5.344257,19.3550,4.2200,4.612744,0.39274382,,,,,0.250000,grid_scan,True,False,scanning
A_R018,A,18,scan75,312.000,26.0000,30.750000,5.549905,19.4804,4.2200,4.618797,0.39879696,,,,,0.250000,grid_scan,True,False,scanning
A_R018,A,18,scan76,312.000,26.0000,31.000000,5.754256,19.6059,4.2200,4.624900,0.40489961,,,,,0.250000,grid_scan,True,False,scanning
A_R018,A,18,scan77,312.000,26.0000,31.250000,5.957340,19.7317,4.2200,4.631052,0.41105179,,,,,0.250000,grid_scan,True,False,scanning
A_R018,A,18,scan78,312.000,26.0000,31.500000,6.159188,19.8575,4.2200,4.637254,0.41725350,,,,,0.250000,grid_scan,True,False,scanning
A_R018,A,18,scan79,312.000,26.0000,31.750000,6.359829,19.9836,4.2200,4.643505,0.42350475,,,,,0.250000,grid_scan,True,False,scanning
A_R018,A,18,scan80,312.000,26.0000,32.000000,6.559292,20.1098,4.2200,4.649806,0.42980553,,,,,0.250000,grid_scan,True,False,scanning
A_R018,A,18,scan81,312.000,26.0000,32.250000,6.757603,20.2361,4.2200,4.656156,0.43615585,,,,,0.250000,grid_scan,True,False,scanning
A_R018,A,18,scan82,312.000,26.0000,32.500000,6.954789,20.3626,4.2200,4.662556,0.44255571,,,,,0.250000,grid_scan,True,False,scanning
A_R018,A,18,scan83,312.000,26.0000,32.750000,7.150876,20.4893,4.2200,4.669005,0.44900512,,,,,0.250000,grid_scan,True,False,scanning
A_R018,A,18,scan84,312.000,26.0000,33.000000,7.345889,20.6161,4.2200,4.675504,0.45550408,,,,,0.250000,grid_scan,True,False,scanning
A_R018,A,18,scan85,312.000,26.0000,33.250000,7.539852,20.7431,4.2200,4.682053,0.46205259,,,,,0.250000,grid_scan,True,False,scanning
A_R018,A,18,scan86,312.000,26.0000,33.500000,7.732789,20.8702,4.2200,4.688651,0.46865066,,,,,0.250000,grid_scan,True,False,scanning
A_R018,A,18,scan87,312.000,26.0000,33.750000,7.924721,20.9975,4.2200,4.695298,0.47529829,,,,,0.250000,grid_scan,True,False,scanning
A_R018,A,18,scan88,312.000,26.0000,34.000000,8.115672,21.1249,4.2200,4.701995,0.48199549,,,,,0.250000,grid_scan,True,False,scanning
A_R018,A,18,scan89,312.000,26.0000,34.250000,8.305663,21.2524,4.2200,4.708742,0.48874225,,,,,0.250000,grid_scan,True,False,scanning
A_R018,A,18,scan90,312.000,26.0000,34.500000,8.494714,21.3801,4.2200,4.715539,0.49553858,,,,,0.250000,grid_scan,True,False,scanning
A_R018,A,18,scan91,312.000,26.0000,34.750000,8.682847,21.5079,4.2200,4.722384,0.50238449,,,,,0.250000,grid_scan,True,False,scanning
A_R018,A,18,scan92,312.000,26.0000,35.000000,8.870079,21.6358,4.2200,4.729280,0.50927997,,,,,0.250000,grid_scan,True,False,scanning
A_R018,A,18,scan93,312.000,26.0000,35.250000,9.056432,21.7639,4.2200,4.736225,0.51622503,,,,,0.250000,grid_scan,True,False,scanning
A_R018,A,18,scan94,312.000,26.0000,35.500000,9.241923,21.8921,4.2200,4.743220,0.52321968,,,,,0.250000,grid_scan,True,False,scanning
A_R018,A,18,scan95,312.000,26.0000,35.750000,9.426570,22.0205,4.2200,4.750264,0.53026392,,,,,0.250000,grid_scan,True,False,scanning
A_R018,A,18,scan96,312.000,26.0000,36.000000,9.610390,22.1489,4.2200,4.757358,0.53735775,,,,,0.250000,grid_scan,True,False,scanning
A_R018,A,18,scan97,312.000,26.0000,36.250000,9.793402,22.2775,4.2200,4.764501,0.54450117,,,,,0.250000,grid_scan,True,False,scanning
A_R018,A,18,scan98,312.000,26.0000,36.500000,9.975621,22.4062,4.2200,4.771694,0.55169420,,,,,0.250000,grid_scan,True,False,scanning
A_R018,A,18,scan99,312.000,26.0000,36.750000,10.157064,22.5350,4.2200,4.778937,0.55893683,,,,,0.250000,grid_scan,True,False,scanning
A_R018,A,18,scan100,312.000,26.0000,37.000000,10.337747,22.6640,4.2200,4.786229,0.56622906,,,,,0.250000,grid_scan,True,False,scanning
A_R018,A,18,scan101,312.000,26.0000,37.250000,10.517683,22.7930,4.2200,4.793571,0.57357090,,,,,0.250000,grid_scan,True,False,scanning
A_R018,A,18,scan102,312.000,26.0000,37.500000,10.696890,22.9222,4.2200,4.800962,0.58096236,,,,,0.250000,grid_scan,True,False,scanning
A_R018,A,18,scan103,312.000,26.0000,37.750000,10.875380,23.0515,4.2200,4.808403,0.58840344,,,,,0.250000,grid_scan,True,False,scanning
A_R018,A,18,scan104,312.000,26.0000,38.000000,11.053169,23.1809,4.2200,4.815894,0.59589414,,,,,0.250000,grid_scan,True,False,scanning
A_R018,A,18,scan105,312.000,26.0000,38.250000,11.230270,23.3104,4.2200,4.823434,0.60343446,,,,,0.250000,grid_scan,True,False,scanning
A_R018,A,18,scan106,312.000,26.0000,38.500000,11.406695,23.4400,4.2200,4.831024,0.61102441,,,,,0.250000,grid_scan,True,False,scanning
A_R018,A,18,scan107,312.000,26.0000,38.750000,11.582460,23.5697,4.2200,4.838664,0.61866400,,,,,0.250000,grid_scan,True,False,scanning
A_R018,A,18,scan108,312.000,26.0000,39.000000,11.757575,23.6995,4.2200,4.846353,0.62635322,,,,,0.250000,grid_scan,True,False,scanning
A_R018,A,18,scan109,312.000,26.0000,39.250000,11.932053,23.8294,4.2200,4.854092,0.63409208,,,,,0.250000,grid_scan,True,False,scanning
A_R018,A,18,scan110,312.000,26.0000,39.500000,12.105908,23.9595,4.2200,4.861881,0.64188059,,,,,0.250000,grid_scan,True,False,scanning
A_R018,A,18,scan111,312.000,26.0000,39.750000,12.279149,24.0896,4.2200,4.869719,0.64971875,,,,,0.250000,grid_scan,True,False,scanning
A_R018,A,18,scan112,312.000,26.0000,40.000000,12.451789,24.2198,4.2200,4.877607,0.65760655,,,,,0.250000,grid_scan,True,False,scanning
A_R018,A,18,,312.000,26.0000,,,,4.2200,,,,,,12.000,,bisection,,False,no_root
A_R019,A,19,scan0,324.000,27.0000,12.000000,-20.100348,10.9601,4.2200,4.301659,0.08165856,,,,,,grid_scan,False,False,scanning
A_R019,A,19,scan1,324.000,27.0000,12.250000,-19.445857,11.0511,4.2200,4.303970,0.08396990,,,,,0.250000,grid_scan,False,False,scanning
A_R019,A,19,scan2,324.000,27.0000,12.500000,-18.812347,11.1433,4.2200,4.306328,0.08632843,,,,,0.250000,grid_scan,False,False,scanning
A_R019,A,19,scan3,324.000,27.0000,12.750000,-18.198600,11.2367,4.2200,4.308734,0.08873418,,,,,0.250000,grid_scan,False,False,scanning
A_R019,A,19,scan4,324.000,27.0000,13.000000,-17.603488,11.3312,4.2200,4.311187,0.09118717,,,,,0.250000,grid_scan,False,False,scanning
A_R019,A,19,scan5,324.000,27.0000,13.250000,-17.025967,11.4269,4.2200,4.313687,0.09368742,,,,,0.250000,grid_scan,False,False,scanning
A_R019,A,19,scan6,324.000,27.0000,13.500000,-16.465072,11.5235,4.2200,4.316235,0.09623496,,,,,0.250000,grid_scan,False,False,scanning
A_R019,A,19,scan7,324.000,27.0000,13.750000,-15.919905,11.6212,4.2200,4.318830,0.09882981,,,,,0.250000,grid_scan,False,False,scanning
A_R019,A,19,scan8,324.000,27.0000,14.000000,-15.389630,11.7198,4.2200,4.321472,0.10147199,,,,,0.250000,grid_scan,False,False,scanning
A_R019,A,19,scan9,324.000,27.0000,14.250000,-14.873472,11.8193,4.2200,4.324162,0.10416151,,,,,0.250000,grid_scan,False,False,scanning
A_R019,A,19,scan10,324.000,27.0000,14.500000,-14.370708,11.9197,4.2200,4.326898,0.10689839,,,,,0.250000,grid_scan,False,False,scanning
A_R019,A,19,scan11,324.000,27.0000,14.750000,-13.880661,12.0209,4.2200,4.329683,0.10968264,,,,,0.250000,grid_scan,False,False,scanning
A_R019,A,19,scan12,324.000,27.0000,15.000000,-13.402703,12.1230,4.2200,4.332514,0.11251429,,,,,0.250000,grid_scan,False,False,scanning
A_R019,A,19,scan13,324.000,27.0000,15.250000,-12.936242,12.2259,4.2200,4.335393,0.11539333,,,,,0.250000,grid_scan,False,False,scanning
A_R019,A,19,scan14,324.000,27.0000,15.500000,-12.480728,12.3295,4.2200,4.338320,0.11831978,,,,,0.250000,grid_scan,False,False,scanning
A_R019,A,19,scan15,324.000,27.0000,15.750000,-12.035644,12.4338,4.2200,4.341294,0.12129365,,,,,0.250000,grid_scan,False,False,scanning
A_R019,A,19,scan16,324.000,27.0000,16.000000,-11.600503,12.5388,4.2200,4.344315,0.12431496,,,,,0.250000,grid_scan,False,False,scanning
A_R019,A,19,scan17,324.000,27.0000,16.250000,-11.174850,12.6445,4.2200,4.347384,0.12738371,,,,,0.250000,grid_scan,False,False,scanning
A_R019,A,19,scan18,324.000,27.0000,16.500000,-10.758258,12.7509,4.2200,4.350500,0.13049991,,,,,0.250000,grid_scan,False,False,scanning
A_R019,A,19,scan19,324.000,27.0000,16.750000,-10.350322,12.8579,4.2200,4.353664,0.13366357,,,,,0.250000,grid_scan,False,False,scanning
A_R019,A,19,scan20,324.000,27.0000,17.000000,-9.950665,12.9655,4.2200,4.356875,0.13687469,,,,,0.250000,grid_scan,False,False,scanning
A_R019,A,19,scan21,324.000,27.0000,17.250000,-9.558927,13.0737,4.2200,4.360133,0.14013329,,,,,0.250000,grid_scan,False,False,scanning
A_R019,A,19,scan22,324.000,27.0000,17.500000,-9.174773,13.1825,4.2200,4.363439,0.14343937,,,,,0.250000,grid_scan,False,False,scanning
A_R019,A,19,scan23,324.000,27.0000,17.750000,-8.797882,13.2918,4.2200,4.366793,0.14679294,,,,,0.250000,grid_scan,False,False,scanning
A_R019,A,19,scan24,324.000,27.0000,18.000000,-8.427956,13.4017,4.2200,4.370194,0.15019400,,,,,0.250000,grid_scan,False,False,scanning
A_R019,A,19,scan25,324.000,27.0000,18.250000,-8.064708,13.5121,4.2200,4.373643,0.15364257,,,,,0.250000,grid_scan,False,False,scanning
A_R019,A,19,scan26,324.000,27.0000,18.500000,-7.707870,13.6230,4.2200,4.377139,0.15713864,,,,,0.250000,grid_scan,False,False,scanning
A_R019,A,19,scan27,324.000,27.0000,18.750000,-7.357187,13.7344,4.2200,4.380682,0.16068222,,,,,0.250000,grid_scan,False,False,scanning
A_R019,A,19,scan28,324.000,27.0000,19.000000,-7.012417,13.8463,4.2200,4.384273,0.16427331,,,,,0.250000,grid_scan,False,False,scanning
A_R019,A,19,scan29,324.000,27.0000,19.250000,-6.673331,13.9586,4.2200,4.387912,0.16791193,,,,,0.250000,grid_scan,False,False,scanning
A_R019,A,19,scan30,324.000,27.0000,19.500000,-6.339712,14.0714,4.2200,4.391598,0.17159808,,,,,0.250000,grid_scan,False,False,scanning
A_R019,A,19,scan31,324.000,27.0000,19.750000,-6.011352,14.1846,4.2200,4.395332,0.17533176,,,,,0.250000,grid_scan,False,False,scanning
A_R019,A,19,scan32,324.000,27.0000,20.000000,-5.688056,14.2983,4.2200,4.399113,0.17911297,,,,,0.250000,grid_scan,False,False,scanning
A_R019,A,19,scan33,324.000,27.0000,20.250000,-5.369636,14.4124,4.2200,4.402942,0.18294172,,,,,0.250000,grid_scan,False,False,scanning
A_R019,A,19,scan34,324.000,27.0000,20.500000,-5.055916,14.5269,4.2200,4.406818,0.18681802,,,,,0.250000,grid_scan,False,False,scanning
A_R019,A,19,scan35,324.000,27.0000,20.750000,-4.746726,14.6418,4.2200,4.410742,0.19074187,,,,,0.250000,grid_scan,False,False,scanning
A_R019,A,19,scan36,324.000,27.0000,21.000000,-4.441905,14.7571,4.2200,4.414713,0.19471327,,,,,0.250000,grid_scan,False,False,scanning
A_R019,A,19,scan37,324.000,27.0000,21.250000,-4.141300,14.8728,4.2200,4.418732,0.19873222,,,,,0.250000,grid_scan,False,False,scanning
A_R019,A,19,scan38,324.000,27.0000,21.500000,-3.844764,14.9888,4.2200,4.422799,0.20279874,,,,,0.250000,grid_scan,False,False,scanning
A_R019,A,19,scan39,324.000,27.0000,21.750000,-3.552157,15.1052,4.2200,4.426913,0.20691281,,,,,0.250000,grid_scan,False,False,scanning
A_R019,A,19,scan40,324.000,27.0000,22.000000,-3.263346,15.2219,4.2200,4.431074,0.21107446,,,,,0.250000,grid_scan,False,False,scanning
A_R019,A,19,scan41,324.000,27.0000,22.250000,-2.978203,15.3390,4.2200,4.435284,0.21528368,,,,,0.250000,grid_scan,False,False,scanning
A_R019,A,19,scan42,324.000,27.0000,22.500000,-2.696607,15.4564,4.2200,4.439540,0.21954047,,,,,0.250000,grid_scan,False,False,scanning
A_R019,A,19,scan43,324.000,27.0000,22.750000,-2.418442,15.5742,4.2200,4.443845,0.22384484,,,,,0.250000,grid_scan,False,False,scanning
A_R019,A,19,scan44,324.000,27.0000,23.000000,-2.143594,15.6923,4.2200,4.448197,0.22819679,,,,,0.250000,grid_scan,False,False,scanning
A_R019,A,19,scan45,324.000,27.0000,23.250000,-1.871959,15.8107,4.2200,4.452596,0.23259632,,,,,0.250000,grid_scan,False,False,scanning
A_R019,A,19,scan46,324.000,27.0000,23.500000,-1.603434,15.9293,4.2200,4.457043,0.23704344,,,,,0.250000,grid_scan,False,False,scanning
A_R019,A,19,scan47,324.000,27.0000,23.750000,-1.337921,16.0483,4.2200,4.461538,0.24153815,,,,,0.250000,grid_scan,False,False,scanning
A_R019,A,19,scan48,324.000,27.0000,24.000000,-1.075326,16.1676,4.2200,4.466080,0.24608046,,,,,0.250000,grid_scan,False,False,scanning
A_R019,A,19,scan49,324.000,27.0000,24.250000,-0.815559,16.2872,4.2200,4.470670,0.25067036,,,,,0.250000,grid_scan,False,False,scanning
A_R019,A,19,scan50,324.000,27.0000,24.500000,-0.558534,16.4071,4.2200,4.475308,0.25530787,,,,,0.250000,grid_scan,False,False,scanning
A_R019,A,19,scan51,324.000,27.0000,24.750000,-0.304168,16.5272,4.2200,4.479993,0.25999297,,,,,0.250000,grid_scan,False,False,scanning
A_R019,A,19,scan52,324.000,27.0000,25.000000,-0.052382,16.6476,4.2200,4.484726,0.26472568,,,,,0.250000,grid_scan,False,False,scanning
A_R019,A,19,scan53,324.000,27.0000,25.250000,0.196901,16.7682,4.2200,4.489506,0.26950601,,,,,0.250000,grid_scan,True,False,scanning
A_R019,A,19,scan54,324.000,27.0000,25.500000,0.443755,16.8892,4.2200,4.494334,0.27433394,,,,,0.250000,grid_scan,True,False,scanning
A_R019,A,19,scan55,324.000,27.0000,25.750000,0.688249,17.0103,4.2200,4.499209,0.27920949,,,,,0.250000,grid_scan,True,False,scanning
A_R019,A,19,scan56,324.000,27.0000,26.000000,0.930452,17.1318,4.2200,4.504133,0.28413266,,,,,0.250000,grid_scan,True,False,scanning
A_R019,A,19,scan57,324.000,27.0000,26.250000,1.170429,17.2534,4.2200,4.509103,0.28910344,,,,,0.250000,grid_scan,True,False,scanning
A_R019,A,19,scan58,324.000,27.0000,26.500000,1.408242,17.3754,4.2200,4.514122,0.29412186,,,,,0.250000,grid_scan,True,False,scanning
A_R019,A,19,scan59,324.000,27.0000,26.750000,1.643953,17.4975,4.2200,4.519188,0.29918789,,,,,0.250000,grid_scan,True,False,scanning
A_R019,A,19,scan60,324.000,27.0000,27.000000,1.877620,17.6199,4.2200,4.524302,0.30430156,,,,,0.250000,grid_scan,True,False,scanning
A_R019,A,19,scan61,324.000,27.0000,27.250000,2.109298,17.7425,4.2200,4.529463,0.30946286,,,,,0.250000,grid_scan,True,False,scanning
A_R019,A,19,scan62,324.000,27.0000,27.500000,2.339041,17.8653,4.2200,4.534672,0.31467180,,,,,0.250000,grid_scan,True,False,scanning
A_R019,A,19,scan63,324.000,27.0000,27.750000,2.566903,17.9883,4.2200,4.539928,0.31992838,,,,,0.250000,grid_scan,True,False,scanning
A_R019,A,19,scan64,324.000,27.0000,28.000000,2.792933,18.1116,4.2200,4.545233,0.32523259,,,,,0.250000,grid_scan,True,False,scanning
A_R019,A,19,scan65,324.000,27.0000,28.250000,3.017180,18.2350,4.2200,4.550584,0.33058445,,,,,0.250000,grid_scan,True,False,scanning
A_R019,A,19,scan66,324.000,27.0000,28.500000,3.239690,18.3587,4.2200,4.555984,0.33598396,,,,,0.250000,grid_scan,True,False,scanning
A_R019,A,19,scan67,324.000,27.0000,28.750000,3.460509,18.4826,4.2200,4.561431,0.34143112,,,,,0.250000,grid_scan,True,False,scanning
A_R019,A,19,scan68,324.000,27.0000,29.000000,3.679680,18.6067,4.2200,4.566926,0.34692593,,,,,0.250000,grid_scan,True,False,scanning
A_R019,A,19,scan69,324.000,27.0000,29.250000,3.897246,18.7309,4.2200,4.572468,0.35246840,,,,,0.250000,grid_scan,True,False,scanning
A_R019,A,19,scan70,324.000,27.0000,29.500000,4.113247,18.8554,4.2200,4.578059,0.35805852,,,,,0.250000,grid_scan,True,False,scanning
A_R019,A,19,scan71,324.000,27.0000,29.750000,4.327722,18.9800,4.2200,4.583696,0.36369631,,,,,0.250000,grid_scan,True,False,scanning
A_R019,A,19,scan72,324.000,27.0000,30.000000,4.540710,19.1048,4.2200,4.589382,0.36938176,,,,,0.250000,grid_scan,True,False,scanning
A_R019,A,19,scan73,324.000,27.0000,30.250000,4.752248,19.2299,4.2200,4.595115,0.37511488,,,,,0.250000,grid_scan,True,False,scanning
A_R019,A,19,scan74,324.000,27.0000,30.500000,4.962371,19.3550,4.2200,4.600896,0.38089568,,,,,0.250000,grid_scan,True,False,scanning
A_R019,A,19,scan75,324.000,27.0000,30.750000,5.171113,19.4804,4.2200,4.606724,0.38672414,,,,,0.250000,grid_scan,True,False,scanning
A_R019,A,19,scan76,324.000,27.0000,31.000000,5.378508,19.6059,4.2200,4.612600,0.39260028,,,,,0.250000,grid_scan,True,False,scanning
A_R019,A,19,scan77,324.000,27.0000,31.250000,5.584588,19.7317,4.2200,4.618524,0.39852410,,,,,0.250000,grid_scan,True,False,scanning
A_R019,A,19,scan78,324.000,27.0000,31.500000,5.789385,19.8575,4.2200,4.624496,0.40449560,,,,,0.250000,grid_scan,True,False,scanning
A_R019,A,19,scan79,324.000,27.0000,31.750000,5.992928,19.9836,4.2200,4.630515,0.41051479,,,,,0.250000,grid_scan,True,False,scanning
A_R019,A,19,scan80,324.000,27.0000,32.000000,6.195247,20.1098,4.2200,4.636582,0.41658166,,,,,0.250000,grid_scan,True,False,scanning
A_R019,A,19,scan81,324.000,27.0000,32.250000,6.396371,20.2361,4.2200,4.642696,0.42269623,,,,,0.250000,grid_scan,True,False,scanning
A_R019,A,19,scan82,324.000,27.0000,32.500000,6.596326,20.3626,4.2200,4.648858,0.42885849,,,,,0.250000,grid_scan,True,False,scanning
A_R019,A,19,scan83,324.000,27.0000,32.750000,6.795140,20.4893,4.2200,4.655068,0.43506845,,,,,0.250000,grid_scan,True,False,scanning
A_R019,A,19,scan84,324.000,27.0000,33.000000,6.992838,20.6161,4.2200,4.661326,0.44132611,,,,,0.250000,grid_scan,True,False,scanning
A_R019,A,19,scan85,324.000,27.0000,33.250000,7.189446,20.7431,4.2200,4.667631,0.44763147,,,,,0.250000,grid_scan,True,False,scanning
A_R019,A,19,scan86,324.000,27.0000,33.500000,7.384988,20.8702,4.2200,4.673985,0.45398454,,,,,0.250000,grid_scan,True,False,scanning
A_R019,A,19,scan87,324.000,27.0000,33.750000,7.579488,20.9975,4.2200,4.680385,0.46038532,,,,,0.250000,grid_scan,True,False,scanning
A_R019,A,19,scan88,324.000,27.0000,34.000000,7.772968,21.1249,4.2200,4.686834,0.46683381,,,,,0.250000,grid_scan,True,False,scanning
A_R019,A,19,scan89,324.000,27.0000,34.250000,7.965451,21.2524,4.2200,4.693330,0.47333002,,,,,0.250000,grid_scan,True,False,scanning
A_R019,A,19,scan90,324.000,27.0000,34.500000,8.156958,21.3801,4.2200,4.699874,0.47987395,,,,,0.250000,grid_scan,True,False,scanning
A_R019,A,19,scan91,324.000,27.0000,34.750000,8.347511,21.5079,4.2200,4.706466,0.48646560,,,,,0.250000,grid_scan,True,False,scanning
A_R019,A,19,scan92,324.000,27.0000,35.000000,8.537131,21.6358,4.2200,4.713105,0.49310497,,,,,0.250000,grid_scan,True,False,scanning
A_R019,A,19,scan93,324.000,27.0000,35.250000,8.725835,21.7639,4.2200,4.719792,0.49979207,,,,,0.250000,grid_scan,True,False,scanning
A_R019,A,19,scan94,324.000,27.0000,35.500000,8.913645,21.8921,4.2200,4.726527,0.50652691,,,,,0.250000,grid_scan,True,False,scanning
A_R019,A,19,scan95,324.000,27.0000,35.750000,9.100579,22.0205,4.2200,4.733309,0.51330948,,,,,0.250000,grid_scan,True,False,scanning
A_R019,A,19,scan96,324.000,27.0000,36.000000,9.286655,22.1489,4.2200,4.740140,0.52013979,,,,,0.250000,grid_scan,True,False,scanning
A_R019,A,19,scan97,324.000,27.0000,36.250000,9.471890,22.2775,4.2200,4.747018,0.52701783,,,,,0.250000,grid_scan,True,False,scanning
A_R019,A,19,scan98,324.000,27.0000,36.500000,9.656303,22.4062,4.2200,4.753944,0.53394363,,,,,0.250000,grid_scan,True,False,scanning
A_R019,A,19,scan99,324.000,27.0000,36.750000,9.839909,22.5350,4.2200,4.760917,0.54091717,,,,,0.250000,grid_scan,True,False,scanning
A_R019,A,19,scan100,324.000,27.0000,37.000000,10.022726,22.6640,4.2200,4.767938,0.54793846,,,,,0.250000,grid_scan,True,False,scanning
A_R019,A,19,scan101,324.000,27.0000,37.250000,10.204768,22.7930,4.2200,4.775008,0.55500751,,,,,0.250000,grid_scan,True,False,scanning
A_R019,A,19,scan102,324.000,27.0000,37.500000,10.386052,22.9222,4.2200,4.782124,0.56212432,,,,,0.250000,grid_scan,True,False,scanning
A_R019,A,19,scan103,324.000,27.0000,37.750000,10.566593,23.0515,4.2200,4.789289,0.56928888,,,,,0.250000,grid_scan,True,False,scanning
A_R019,A,19,scan104,324.000,27.0000,38.000000,10.746404,23.1809,4.2200,4.796501,0.57650122,,,,,0.250000,grid_scan,True,False,scanning
A_R019,A,19,scan105,324.000,27.0000,38.250000,10.925501,23.3104,4.2200,4.803761,0.58376132,,,,,0.250000,grid_scan,True,False,scanning
A_R019,A,19,scan106,324.000,27.0000,38.500000,11.103898,23.4400,4.2200,4.811069,0.59106919,,,,,0.250000,grid_scan,True,False,scanning
A_R019,A,19,scan107,324.000,27.0000,38.750000,11.281607,23.5697,4.2200,4.818425,0.59842483,,,,,0.250000,grid_scan,True,False,scanning
A_R019,A,19,scan108,324.000,27.0000,39.000000,11.458642,23.6995,4.2200,4.825828,0.60582826,,,,,0.250000,grid_scan,True,False,scanning
A_R019,A,19,scan109,324.000,27.0000,39.250000,11.635017,23.8294,4.2200,4.833279,0.61327946,,,,,0.250000,grid_scan,True,False,scanning
A_R019,A,19,scan110,324.000,27.0000,39.500000,11.810743,23.9595,4.2200,4.840778,0.62077846,,,,,0.250000,grid_scan,True,False,scanning
A_R019,A,19,scan111,324.000,27.0000,39.750000,11.985832,24.0896,4.2200,4.848325,0.62832524,,,,,0.250000,grid_scan,True,False,scanning
A_R019,A,19,scan112,324.000,27.0000,40.000000,12.160297,24.2198,4.2200,4.855920,0.63591981,,,,,0.250000,grid_scan,True,False,scanning
A_R019,A,19,,324.000,27.0000,,,,4.2200,,,,,,12.000,,bisection,,False,no_root
A_R020,A,20,scan0,336.000,28.0000,12.000000,-21.067356,10.9601,4.2200,4.301356,0.08135643,,,,,,grid_scan,False,False,scanning
A_R020,A,20,scan1,336.000,28.0000,12.250000,-20.393260,11.0511,4.2200,4.303585,0.08358521,,,,,0.250000,grid_scan,False,False,scanning
A_R020,A,20,scan2,336.000,28.0000,12.500000,-19.740924,11.1433,4.2200,4.305859,0.08585949,,,,,0.250000,grid_scan,False,False,scanning
A_R020,A,20,scan3,336.000,28.0000,12.750000,-19.109081,11.2367,4.2200,4.308179,0.08817930,,,,,0.250000,grid_scan,False,False,scanning
A_R020,A,20,scan4,336.000,28.0000,13.000000,-18.496564,11.3312,4.2200,4.310545,0.09054467,,,,,0.250000,grid_scan,False,False,scanning
A_R020,A,20,scan5,336.000,28.0000,13.250000,-17.902291,11.4269,4.2200,4.312956,0.09295561,,,,,0.250000,grid_scan,False,False,scanning
A_R020,A,20,scan6,336.000,28.0000,13.500000,-17.325258,11.5235,4.2200,4.315412,0.09541214,,,,,0.250000,grid_scan,False,False,scanning
A_R020,A,20,scan7,336.000,28.0000,13.750000,-16.764536,11.6212,4.2200,4.317914,0.09791430,,,,,0.250000,grid_scan,False,False,scanning
A_R020,A,20,scan8,336.000,28.0000,14.000000,-16.219258,11.7198,4.2200,4.320462,0.10046209,,,,,0.250000,grid_scan,False,False,scanning
A_R020,A,20,scan9,336.000,28.0000,14.250000,-15.688619,11.8193,4.2200,4.323056,0.10305553,,,,,0.250000,grid_scan,False,False,scanning
A_R020,A,20,scan10,336.000,28.0000,14.500000,-15.171870,11.9197,4.2200,4.325695,0.10569463,,,,,0.250000,grid_scan,False,False,scanning
A_R020,A,20,scan11,336.000,28.0000,14.750000,-14.668310,12.0209,4.2200,4.328379,0.10837942,,,,,0.250000,grid_scan,False,False,scanning
A_R020,A,20,scan12,336.000,28.0000,15.000000,-14.177286,12.1230,4.2200,4.331110,0.11110989,,,,,0.250000,grid_scan,False,False,scanning
A_R020,A,20,scan13,336.000,28.0000,15.250000,-13.698186,12.2259,4.2200,4.333886,0.11388608,,,,,0.250000,grid_scan,False,False,scanning
A_R020,A,20,scan14,336.000,28.0000,15.500000,-13.230438,12.3295,4.2200,4.336708,0.11670797,,,,,0.250000,grid_scan,False,False,scanning
A_R020,A,20,scan15,336.000,28.0000,15.750000,-12.773505,12.4338,4.2200,4.339576,0.11957560,,,,,0.250000,grid_scan,False,False,scanning
A_R020,A,20,scan16,336.000,28.0000,16.000000,-12.326884,12.5388,4.2200,4.342489,0.12248896,,,,,0.250000,grid_scan,False,False,scanning
A_R020,A,20,scan17,336.000,28.0000,16.250000,-11.890103,12.6445,4.2200,4.345448,0.12544806,,,,,0.250000,grid_scan,False,False,scanning
A_R020,A,20,scan18,336.000,28.0000,16.500000,-11.462717,12.7509,4.2200,4.348453,0.12845292,,,,,0.250000,grid_scan,False,False,scanning
A_R020,A,20,scan19,336.000,28.0000,16.750000,-11.044310,12.8579,4.2200,4.351504,0.13150354,,,,,0.250000,grid_scan,False,False,scanning
A_R020,A,20,scan20,336.000,28.0000,17.000000,-10.634486,12.9655,4.2200,4.354600,0.13459993,,,,,0.250000,grid_scan,False,False,scanning
A_R020,A,20,scan21,336.000,28.0000,17.250000,-10.232876,13.0737,4.2200,4.357742,0.13774209,,,,,0.250000,grid_scan,False,False,scanning
A_R020,A,20,scan22,336.000,28.0000,17.500000,-9.839130,13.1825,4.2200,4.360930,0.14093003,,,,,0.250000,grid_scan,False,False,scanning
A_R020,A,20,scan23,336.000,28.0000,17.750000,-9.452918,13.2918,4.2200,4.364164,0.14416377,,,,,0.250000,grid_scan,False,False,scanning
A_R020,A,20,scan24,336.000,28.0000,18.000000,-9.073927,13.4017,4.2200,4.367443,0.14744330,,,,,0.250000,grid_scan,False,False,scanning
A_R020,A,20,scan25,336.000,28.0000,18.250000,-8.701862,13.5121,4.2200,4.370769,0.15076863,,,,,0.250000,grid_scan,False,False,scanning
A_R020,A,20,scan26,336.000,28.0000,18.500000,-8.336444,13.6230,4.2200,4.374140,0.15413976,,,,,0.250000,grid_scan,False,False,scanning
A_R020,A,20,scan27,336.000,28.0000,18.750000,-7.977409,13.7344,4.2200,4.377557,0.15755671,,,,,0.250000,grid_scan,False,False,scanning
A_R020,A,20,scan28,336.000,28.0000,19.000000,-7.624507,13.8463,4.2200,4.381019,0.16101947,,,,,0.250000,grid_scan,False,False,scanning
A_R020,A,20,scan29,336.000,28.0000,19.250000,-7.277498,13.9586,4.2200,4.384528,0.16452805,,,,,0.250000,grid_scan,False,False,scanning
A_R020,A,20,scan30,336.000,28.0000,19.500000,-6.936159,14.0714,4.2200,4.388082,0.16808246,,,,,0.250000,grid_scan,False,False,scanning
A_R020,A,20,scan31,336.000,28.0000,19.750000,-6.600274,14.1846,4.2200,4.391683,0.17168270,,,,,0.250000,grid_scan,False,False,scanning
A_R020,A,20,scan32,336.000,28.0000,20.000000,-6.269640,14.2983,4.2200,4.395329,0.17532877,,,,,0.250000,grid_scan,False,False,scanning
A_R020,A,20,scan33,336.000,28.0000,20.250000,-5.944064,14.4124,4.2200,4.399021,0.17902068,,,,,0.250000,grid_scan,False,False,scanning
A_R020,A,20,scan34,336.000,28.0000,20.500000,-5.623361,14.5269,4.2200,4.402758,0.18275843,,,,,0.250000,grid_scan,False,False,scanning
A_R020,A,20,scan35,336.000,28.0000,20.750000,-5.307356,14.6418,4.2200,4.406542,0.18654203,,,,,0.250000,grid_scan,False,False,scanning
A_R020,A,20,scan36,336.000,28.0000,21.000000,-4.995882,14.7571,4.2200,4.410371,0.19037147,,,,,0.250000,grid_scan,False,False,scanning
A_R020,A,20,scan37,336.000,28.0000,21.250000,-4.688780,14.8728,4.2200,4.414247,0.19424677,,,,,0.250000,grid_scan,False,False,scanning
A_R020,A,20,scan38,336.000,28.0000,21.500000,-4.385897,14.9888,4.2200,4.418168,0.19816793,,,,,0.250000,grid_scan,False,False,scanning
A_R020,A,20,scan39,336.000,28.0000,21.750000,-4.087089,15.1052,4.2200,4.422135,0.20213494,,,,,0.250000,grid_scan,False,False,scanning
A_R020,A,20,scan40,336.000,28.0000,22.000000,-3.792218,15.2219,4.2200,4.426148,0.20614782,,,,,0.250000,grid_scan,False,False,scanning
A_R020,A,20,scan41,336.000,28.0000,22.250000,-3.501151,15.3390,4.2200,4.430207,0.21020657,,,,,0.250000,grid_scan,False,False,scanning
A_R020,A,20,scan42,336.000,28.0000,22.500000,-3.213762,15.4564,4.2200,4.434311,0.21431118,,,,,0.250000,grid_scan,False,False,scanning
A_R020,A,20,scan43,336.000,28.0000,22.750000,-2.929930,15.5742,4.2200,4.438462,0.21846167,,,,,0.250000,grid_scan,False,False,scanning
A_R020,A,20,scan44,336.000,28.0000,23.000000,-2.649540,15.6923,4.2200,4.442658,0.22265804,,,,,0.250000,grid_scan,False,False,scanning
A_R020,A,20,scan45,336.000,28.0000,23.250000,-2.372481,15.8107,4.2200,4.446900,0.22690028,,,,,0.250000,grid_scan,False,False,scanning
A_R020,A,20,scan46,336.000,28.0000,23.500000,-2.098646,15.9293,4.2200,4.451188,0.23118840,,,,,0.250000,grid_scan,False,False,scanning
A_R020,A,20,scan47,336.000,28.0000,23.750000,-1.827936,16.0483,4.2200,4.455522,0.23552241,,,,,0.250000,grid_scan,False,False,scanning
A_R020,A,20,scan48,336.000,28.0000,24.000000,-1.560252,16.1676,4.2200,4.459902,0.23990231,,,,,0.250000,grid_scan,False,False,scanning
A_R020,A,20,scan49,336.000,28.0000,24.250000,-1.295500,16.2872,4.2200,4.464328,0.24432810,,,,,0.250000,grid_scan,False,False,scanning
A_R020,A,20,scan50,336.000,28.0000,24.500000,-1.033592,16.4071,4.2200,4.468800,0.24879978,,,,,0.250000,grid_scan,False,False,scanning
A_R020,A,20,scan51,336.000,28.0000,24.750000,-0.774442,16.5272,4.2200,4.473317,0.25331736,,,,,0.250000,grid_scan,False,False,scanning
A_R020,A,20,scan52,336.000,28.0000,25.000000,-0.517967,16.6476,4.2200,4.477881,0.25788084,,,,,0.250000,grid_scan,False,False,scanning
A_R020,A,20,scan53,336.000,28.0000,25.250000,-0.264087,16.7682,4.2200,4.482490,0.26249021,,,,,0.250000,grid_scan,False,False,scanning
A_R020,A,20,scan54,336.000,28.0000,25.500000,-0.012727,16.8892,4.2200,4.487145,0.26714550,,,,,0.250000,grid_scan,False,False,scanning
A_R020,A,20,scan55,336.000,28.0000,25.750000,0.236186,17.0103,4.2200,4.491847,0.27184669,,,,,0.250000,grid_scan,True,False,scanning
A_R020,A,20,scan56,336.000,28.0000,26.000000,0.482723,17.1318,4.2200,4.496594,0.27659379,,,,,0.250000,grid_scan,True,False,scanning
A_R020,A,20,scan57,336.000,28.0000,26.250000,0.726951,17.2534,4.2200,4.501387,0.28138680,,,,,0.250000,grid_scan,True,False,scanning
A_R020,A,20,scan58,336.000,28.0000,26.500000,0.968936,17.3754,4.2200,4.506226,0.28622573,,,,,0.250000,grid_scan,True,False,scanning
A_R020,A,20,scan59,336.000,28.0000,26.750000,1.208741,17.4975,4.2200,4.511111,0.29111058,,,,,0.250000,grid_scan,True,False,scanning
A_R020,A,20,scan60,336.000,28.0000,27.000000,1.446425,17.6199,4.2200,4.516041,0.29604135,,,,,0.250000,grid_scan,True,False,scanning
A_R020,A,20,scan61,336.000,28.0000,27.250000,1.682047,17.7425,4.2200,4.521018,0.30101804,,,,,0.250000,grid_scan,True,False,scanning
A_R020,A,20,scan62,336.000,28.0000,27.500000,1.915664,17.8653,4.2200,4.526041,0.30604065,,,,,0.250000,grid_scan,True,False,scanning
A_R020,A,20,scan63,336.000,28.0000,27.750000,2.147328,17.9883,4.2200,4.531109,0.31110920,,,,,0.250000,grid_scan,True,False,scanning
A_R020,A,20,scan64,336.000,28.0000,28.000000,2.377093,18.1116,4.2200,4.536224,0.31622367,,,,,0.250000,grid_scan,True,False,scanning
A_R020,A,20,scan65,336.000,28.0000,28.250000,2.605009,18.2350,4.2200,4.541384,0.32138408,,,,,0.250000,grid_scan,True,False,scanning
A_R020,A,20,scan66,336.000,28.0000,28.500000,2.831124,18.3587,4.2200,4.546590,0.32659043,,,,,0.250000,grid_scan,True,False,scanning
A_R020,A,20,scan67,336.000,28.0000,28.750000,3.055484,18.4826,4.2200,4.551843,0.33184272,,,,,0.250000,grid_scan,True,False,scanning
A_R020,A,20,scan68,336.000,28.0000,29.000000,3.278137,18.6067,4.2200,4.557141,0.33714094,,,,,0.250000,grid_scan,True,False,scanning
A_R020,A,20,scan69,336.000,28.0000,29.250000,3.499124,18.7309,4.2200,4.562485,0.34248512,,,,,0.250000,grid_scan,True,False,scanning
A_R020,A,20,scan70,336.000,28.0000,29.500000,3.718488,18.8554,4.2200,4.567875,0.34787523,,,,,0.250000,grid_scan,True,False,scanning
A_R020,A,20,scan71,336.000,28.0000,29.750000,3.936271,18.9800,4.2200,4.573311,0.35331130,,,,,0.250000,grid_scan,True,False,scanning
A_R020,A,20,scan72,336.000,28.0000,30.000000,4.152511,19.1048,4.2200,4.578793,0.35879332,,,,,0.250000,grid_scan,True,False,scanning
A_R020,A,20,scan73,336.000,28.0000,30.250000,4.367247,19.2299,4.2200,4.584321,0.36432130,,,,,0.250000,grid_scan,True,False,scanning
A_R020,A,20,scan74,336.000,28.0000,30.500000,4.580516,19.3550,4.2200,4.589895,0.36989523,,,,,0.250000,grid_scan,True,False,scanning
A_R020,A,20,scan75,336.000,28.0000,30.750000,4.792353,19.4804,4.2200,4.595515,0.37551513,,,,,0.250000,grid_scan,True,False,scanning
A_R020,A,20,scan76,336.000,28.0000,31.000000,5.002793,19.6059,4.2200,4.601181,0.38118098,,,,,0.250000,grid_scan,True,False,scanning
A_R020,A,20,scan77,336.000,28.0000,31.250000,5.211869,19.7317,4.2200,4.606893,0.38689280,,,,,0.250000,grid_scan,True,False,scanning
A_R020,A,20,scan78,336.000,28.0000,31.500000,5.419614,19.8575,4.2200,4.612651,0.39265059,,,,,0.250000,grid_scan,True,False,scanning
A_R020,A,20,scan79,336.000,28.0000,31.750000,5.626060,19.9836,4.2200,4.618454,0.39845436,,,,,0.250000,grid_scan,True,False,scanning
A_R020,A,20,scan80,336.000,28.0000,32.000000,5.831235,20.1098,4.2200,4.624304,0.40430409,,,,,0.250000,grid_scan,True,False,scanning
A_R020,A,20,scan81,336.000,28.0000,32.250000,6.035171,20.2361,4.2200,4.630200,0.41019980,,,,,0.250000,grid_scan,True,False,scanning
A_R020,A,20,scan82,336.000,28.0000,32.500000,6.237896,20.3626,4.2200,4.636141,0.41614149,,,,,0.250000,grid_scan,True,False,scanning
A_R020,A,20,scan83,336.000,28.0000,32.750000,6.439437,20.4893,4.2200,4.642129,0.42212916,,,,,0.250000,grid_scan,True,False,scanning
A_R020,A,20,scan84,336.000,28.0000,33.000000,6.639821,20.6161,4.2200,4.648163,0.42816282,,,,,0.250000,grid_scan,True,False,scanning
A_R020,A,20,scan85,336.000,28.0000,33.250000,6.839074,20.7431,4.2200,4.654242,0.43424246,,,,,0.250000,grid_scan,True,False,scanning
A_R020,A,20,scan86,336.000,28.0000,33.500000,7.037222,20.8702,4.2200,4.660368,0.44036810,,,,,0.250000,grid_scan,True,False,scanning
A_R020,A,20,scan87,336.000,28.0000,33.750000,7.234289,20.9975,4.2200,4.666540,0.44653973,,,,,0.250000,grid_scan,True,False,scanning
A_R020,A,20,scan88,336.000,28.0000,34.000000,7.430299,21.1249,4.2200,4.672757,0.45275735,,,,,0.250000,grid_scan,True,False,scanning
A_R020,A,20,scan89,336.000,28.0000,34.250000,7.625274,21.2524,4.2200,4.679021,0.45902097,,,,,0.250000,grid_scan,True,False,scanning
A_R020,A,20,scan90,336.000,28.0000,34.500000,7.819238,21.3801,4.2200,4.685331,0.46533059,,,,,0.250000,grid_scan,True,False,scanning
A_R020,A,20,scan91,336.000,28.0000,34.750000,8.012212,21.5079,4.2200,4.691686,0.47168622,,,,,0.250000,grid_scan,True,False,scanning
A_R020,A,20,scan92,336.000,28.0000,35.000000,8.204218,21.6358,4.2200,4.698088,0.47808785,,,,,0.250000,grid_scan,True,False,scanning
A_R020,A,20,scan93,336.000,28.0000,35.250000,8.395275,21.7639,4.2200,4.704535,0.48453550,,,,,0.250000,grid_scan,True,False,scanning
A_R020,A,20,scan94,336.000,28.0000,35.500000,8.585405,21.8921,4.2200,4.711029,0.49102915,,,,,0.250000,grid_scan,True,False,scanning
A_R020,A,20,scan95,336.000,28.0000,35.750000,8.774625,22.0205,4.2200,4.717569,0.49756882,,,,,0.250000,grid_scan,True,False,scanning
A_R020,A,20,scan96,336.000,28.0000,36.000000,8.962956,22.1489,4.2200,4.724155,0.50415452,,,,,0.250000,grid_scan,True,False,scanning
A_R020,A,20,scan97,336.000,28.0000,36.250000,9.150416,22.2775,4.2200,4.730786,0.51078623,,,,,0.250000,grid_scan,True,False,scanning
A_R020,A,20,scan98,336.000,28.0000,36.500000,9.337022,22.4062,4.2200,4.737464,0.51746396,,,,,0.250000,grid_scan,True,False,scanning
A_R020,A,20,scan99,336.000,28.0000,36.750000,9.522792,22.5350,4.2200,4.744188,0.52418773,,,,,0.250000,grid_scan,True,False,scanning
A_R020,A,20,scan100,336.000,28.0000,37.000000,9.707744,22.6640,4.2200,4.750958,0.53095752,,,,,0.250000,grid_scan,True,False,scanning
A_R020,A,20,scan101,336.000,28.0000,37.250000,9.891892,22.7930,4.2200,4.757773,0.53777335,,,,,0.250000,grid_scan,True,False,scanning
A_R020,A,20,scan102,336.000,28.0000,37.500000,10.075254,22.9222,4.2200,4.764635,0.54463521,,,,,0.250000,grid_scan,True,False,scanning
A_R020,A,20,scan103,336.000,28.0000,37.750000,10.257844,23.0515,4.2200,4.771543,0.55154312,,,,,0.250000,grid_scan,True,False,scanning
A_R020,A,20,scan104,336.000,28.0000,38.000000,10.439679,23.1809,4.2200,4.778497,0.55849706,,,,,0.250000,grid_scan,True,False,scanning
A_R020,A,20,scan105,336.000,28.0000,38.250000,10.620773,23.3104,4.2200,4.785497,0.56549705,,,,,0.250000,grid_scan,True,False,scanning
A_R020,A,20,scan106,336.000,28.0000,38.500000,10.801140,23.4400,4.2200,4.792543,0.57254309,,,,,0.250000,grid_scan,True,False,scanning
A_R020,A,20,scan107,336.000,28.0000,38.750000,10.980795,23.5697,4.2200,4.799635,0.57963518,,,,,0.250000,grid_scan,True,False,scanning
A_R020,A,20,scan108,336.000,28.0000,39.000000,11.159750,23.6995,4.2200,4.806773,0.58677333,,,,,0.250000,grid_scan,True,False,scanning
A_R020,A,20,scan109,336.000,28.0000,39.250000,11.338021,23.8294,4.2200,4.813958,0.59395753,,,,,0.250000,grid_scan,True,False,scanning
A_R020,A,20,scan110,336.000,28.0000,39.500000,11.515618,23.9595,4.2200,4.821188,0.60118780,,,,,0.250000,grid_scan,True,False,scanning
A_R020,A,20,scan111,336.000,28.0000,39.750000,11.692556,24.0896,4.2200,4.828464,0.60846413,,,,,0.250000,grid_scan,True,False,scanning
A_R020,A,20,scan112,336.000,28.0000,40.000000,11.868846,24.2198,4.2200,4.835787,0.61578652,,,,,0.250000,grid_scan,True,False,scanning
A_R020,A,20,,336.000,28.0000,,,,4.2200,,,,,,12.000,,bisection,,False,no_root
A_R021,A,21,scan0,348.000,29.0000,12.000000,-22.034352,10.9601,4.2200,4.301075,0.08107514,,,,,,grid_scan,False,False,scanning
A_R021,A,21,scan1,348.000,29.0000,12.250000,-21.340652,11.0511,4.2200,4.303227,0.08322706,,,,,0.250000,grid_scan,False,False,scanning
A_R021,A,21,scan2,348.000,29.0000,12.500000,-20.669488,11.1433,4.2200,4.305423,0.08542290,,,,,0.250000,grid_scan,False,False,scanning
A_R021,A,21,scan3,348.000,29.0000,12.750000,-20.019551,11.2367,4.2200,4.307663,0.08766271,,,,,0.250000,grid_scan,False,False,scanning
A_R021,A,21,scan4,348.000,29.0000,13.000000,-19.389629,11.3312,4.2200,4.309946,0.08994649,,,,,0.250000,grid_scan,False,False,scanning
A_R021,A,21,scan5,348.000,29.0000,13.250000,-18.778602,11.4269,4.2200,4.312274,0.09227428,,,,,0.250000,grid_scan,False,False,scanning
A_R021,A,21,scan6,348.000,29.0000,13.500000,-18.185432,11.5235,4.2200,4.314646,0.09464609,,,,,0.250000,grid_scan,False,False,scanning
A_R021,A,21,scan7,348.000,29.0000,13.750000,-17.609154,11.6212,4.2200,4.317062,0.09706194,,,,,0.250000,grid_scan,False,False,scanning
A_R021,A,21,scan8,348.000,29.0000,14.000000,-17.048872,11.7198,4.2200,4.319522,0.09952186,,,,,0.250000,grid_scan,False,False,scanning
A_R021,A,21,scan9,348.000,29.0000,14.250000,-16.503753,11.8193,4.2200,4.322026,0.10202584,,,,,0.250000,grid_scan,False,False,scanning
A_R021,A,21,scan10,348.000,29.0000,14.500000,-15.973020,11.9197,4.2200,4.324574,0.10457392,,,,,0.250000,grid_scan,False,False,scanning
A_R021,A,21,scan11,348.000,29.0000,14.750000,-15.455946,12.0209,4.2200,4.327166,0.10716610,,,,,0.250000,grid_scan,False,False,scanning
A_R021,A,21,scan12,348.000,29.0000,15.000000,-14.951856,12.1230,4.2200,4.329802,0.10980239,,,,,0.250000,grid_scan,False,False,scanning
A_R021,A,21,scan13,348.000,29.0000,15.250000,-14.460116,12.2259,4.2200,4.332483,0.11248282,,,,,0.250000,grid_scan,False,False,scanning
A_R021,A,21,scan14,348.000,29.0000,15.500000,-13.980133,12.3295,4.2200,4.335207,0.11520737,,,,,0.250000,grid_scan,False,False,scanning
A_R021,A,21,scan15,348.000,29.0000,15.750000,-13.511351,12.4338,4.2200,4.337976,0.11797608,,,,,0.250000,grid_scan,False,False,scanning
A_R021,A,21,scan16,348.000,29.0000,16.000000,-13.053250,12.5388,4.2200,4.340789,0.12078894,,,,,0.250000,grid_scan,False,False,scanning
A_R021,A,21,scan17,348.000,29.0000,16.250000,-12.605340,12.6445,4.2200,4.343646,0.12364597,,,,,0.250000,grid_scan,False,False,scanning
A_R021,A,21,scan18,348.000,29.0000,16.500000,-12.167162,12.7509,4.2200,4.346547,0.12654717,,,,,0.250000,grid_scan,False,False,scanning
A_R021,A,21,scan19,348.000,29.0000,16.750000,-11.738281,12.8579,4.2200,4.349493,0.12949255,,,,,0.250000,grid_scan,False,False,scanning
A_R021,A,21,scan20,348.000,29.0000,17.000000,-11.318292,12.9655,4.2200,4.352482,0.13248212,,,,,0.250000,grid_scan,False,False,scanning
A_R021,A,21,scan21,348.000,29.0000,17.250000,-10.906810,13.0737,4.2200,4.355516,0.13551588,,,,,0.250000,grid_scan,False,False,scanning
A_R021,A,21,scan22,348.000,29.0000,17.500000,-10.503472,13.1825,4.2200,4.358594,0.13859385,,,,,0.250000,grid_scan,False,False,scanning
A_R021,A,21,scan23,348.000,29.0000,17.750000,-10.107937,13.2918,4.2200,4.361716,0.14171602,,,,,0.250000,grid_scan,False,False,scanning
A_R021,A,21,scan24,348.000,29.0000,18.000000,-9.719881,13.4017,4.2200,4.364882,0.14488240,,,,,0.250000,grid_scan,False,False,scanning
A_R021,A,21,scan25,348.000,29.0000,18.250000,-9.338999,13.5121,4.2200,4.368093,0.14809300,,,,,0.250000,grid_scan,False,False,scanning
A_R021,A,21,scan26,348.000,29.0000,18.500000,-8.965001,13.6230,4.2200,4.371348,0.15134783,,,,,0.250000,grid_scan,False,False,scanning
A_R021,A,21,scan27,348.000,29.0000,18.750000,-8.597614,13.7344,4.2200,4.374647,0.15464688,,,,,0.250000,grid_scan,False,False,scanning
A_R021,A,21,scan28,348.000,29.0000,19.000000,-8.236578,13.8463,4.2200,4.377990,0.15799017,,,,,0.250000,grid_scan,False,False,scanning
A_R021,A,21,scan29,348.000,29.0000,19.250000,-7.881647,13.9586,4.2200,4.381378,0.16137769,,,,,0.250000,grid_scan,False,False,scanning
A_R021,A,21,scan30,348.000,29.0000,19.500000,-7.532588,14.0714,4.2200,4.384809,0.16480946,,,,,0.250000,grid_scan,False,False,scanning
A_R021,A,21,scan31,348.000,29.0000,19.750000,-7.189178,14.1846,4.2200,4.388285,0.16828547,,,,,0.250000,grid_scan,False,False,scanning
A_R021,A,21,scan32,348.000,29.0000,20.000000,-6.851206,14.2983,4.2200,4.391806,0.17180573,,,,,0.250000,grid_scan,False,False,scanning
A_R021,A,21,scan33,348.000,29.0000,20.250000,-6.518473,14.4124,4.2200,4.395370,0.17537024,,,,,0.250000,grid_scan,False,False,scanning
A_R021,A,21,scan34,348.000,29.0000,20.500000,-6.190787,14.5269,4.2200,4.398979,0.17897901,,,,,0.250000,grid_scan,False,False,scanning
A_R021,A,21,scan35,348.000,29.0000,20.750000,-5.867967,14.6418,4.2200,4.402632,0.18263204,,,,,0.250000,grid_scan,False,False,scanning
A_R021,A,21,scan36,348.000,29.0000,21.000000,-5.549839,14.7571,4.2200,4.406329,0.18632934,,,,,0.250000,grid_scan,False,False,scanning
A_R021,A,21,scan37,348.000,29.0000,21.250000,-5.236239,14.8728,4.2200,4.410071,0.19007090,,,,,0.250000,grid_scan,False,False,scanning
A_R021,A,21,scan38,348.000,29.0000,21.500000,-4.927010,14.9888,4.2200,4.413857,0.19385674,,,,,0.250000,grid_scan,False,False,scanning
A_R021,A,21,scan39,348.000,29.0000,21.750000,-4.622001,15.1052,4.2200,4.417687,0.19768685,,,,,0.250000,grid_scan,False,False,scanning
A_R021,A,21,scan40,348.000,29.0000,22.000000,-4.321069,15.2219,4.2200,4.421561,0.20156123,,,,,0.250000,grid_scan,False,False,scanning
A_R021,A,21,scan41,348.000,29.0000,22.250000,-4.024078,15.3390,4.2200,4.425480,0.20547990,,,,,0.250000,grid_scan,False,False,scanning
A_R021,A,21,scan42,348.000,29.0000,22.500000,-3.730896,15.4564,4.2200,4.429443,0.20944285,,,,,0.250000,grid_scan,False,False,scanning
A_R021,A,21,scan43,348.000,29.0000,22.750000,-3.441398,15.5742,4.2200,4.433450,0.21345008,,,,,0.250000,grid_scan,False,False,scanning
A_R021,A,21,scan44,348.000,29.0000,23.000000,-3.155464,15.6923,4.2200,4.437502,0.21750161,,,,,0.250000,grid_scan,False,False,scanning
A_R021,A,21,scan45,348.000,29.0000,23.250000,-2.872980,15.8107,4.2200,4.441597,0.22159743,,,,,0.250000,grid_scan,False,False,scanning
A_R021,A,21,scan46,348.000,29.0000,23.500000,-2.593837,15.9293,4.2200,4.445738,0.22573754,,,,,0.250000,grid_scan,False,False,scanning
A_R021,A,21,scan47,348.000,29.0000,23.750000,-2.317929,16.0483,4.2200,4.449922,0.22992194,,,,,0.250000,grid_scan,False,False,scanning
A_R021,A,21,scan48,348.000,29.0000,24.000000,-2.045155,16.1676,4.2200,4.454151,0.23415065,,,,,0.250000,grid_scan,False,False,scanning
A_R021,A,21,scan49,348.000,29.0000,24.250000,-1.775419,16.2872,4.2200,4.458424,0.23842366,,,,,0.250000,grid_scan,False,False,scanning
A_R021,A,21,scan50,348.000,29.0000,24.500000,-1.508628,16.4071,4.2200,4.462741,0.24274098,,,,,0.250000,grid_scan,False,False,scanning
A_R021,A,21,scan51,348.000,29.0000,24.750000,-1.244693,16.5272,4.2200,4.467103,0.24710261,,,,,0.250000,grid_scan,False,False,scanning
A_R021,A,21,scan52,348.000,29.0000,25.000000,-0.983528,16.6476,4.2200,4.471509,0.25150854,,,,,0.250000,grid_scan,False,False,scanning
A_R021,A,21,scan53,348.000,29.0000,25.250000,-0.725052,16.7682,4.2200,4.475959,0.25595879,,,,,0.250000,grid_scan,False,False,scanning
A_R021,A,21,scan54,348.000,29.0000,25.500000,-0.469186,16.8892,4.2200,4.480453,0.26045335,,,,,0.250000,grid_scan,False,False,scanning
A_R021,A,21,scan55,348.000,29.0000,25.750000,-0.215854,17.0103,4.2200,4.484992,0.26499223,,,,,0.250000,grid_scan,False,False,scanning
A_R021,A,21,scan56,348.000,29.0000,26.000000,0.035017,17.1318,4.2200,4.489575,0.26957543,,,,,0.250000,grid_scan,True,False,scanning
A_R021,A,21,scan57,348.000,29.0000,26.250000,0.283498,17.2534,4.2200,4.494203,0.27420296,,,,,0.250000,grid_scan,True,False,scanning
A_R021,A,21,scan58,348.000,29.0000,26.500000,0.529654,17.3754,4.2200,4.498875,0.27887481,,,,,0.250000,grid_scan,True,False,scanning
A_R021,A,21,scan59,348.000,29.0000,26.750000,0.773553,17.4975,4.2200,4.503591,0.28359098,,,,,0.250000,grid_scan,True,False,scanning
A_R021,A,21,scan60,348.000,29.0000,27.000000,1.015255,17.6199,4.2200,4.508351,0.28835149,,,,,0.250000,grid_scan,True,False,scanning
A_R021,A,21,scan61,348.000,29.0000,27.250000,1.254822,17.7425,4.2200,4.513156,0.29315633,,,,,0.250000,grid_scan,True,False,scanning
A_R021,A,21,scan62,348.000,29.0000,27.500000,1.492311,17.8653,4.2200,4.518006,0.29800551,,,,,0.250000,grid_scan,True,False,scanning
A_R021,A,21,scan63,348.000,29.0000,27.750000,1.727779,17.9883,4.2200,4.522899,0.30289902,,,,,0.250000,grid_scan,True,False,scanning
A_R021,A,21,scan64,348.000,29.0000,28.000000,1.961279,18.1116,4.2200,4.527837,0.30783687,,,,,0.250000,grid_scan,True,False,scanning
A_R021,A,21,scan65,348.000,29.0000,28.250000,2.192864,18.2350,4.2200,4.532819,0.31281907,,,,,0.250000,grid_scan,True,False,scanning
A_R021,A,21,scan66,348.000,29.0000,28.500000,2.422583,18.3587,4.2200,4.537846,0.31784561,,,,,0.250000,grid_scan,True,False,scanning
A_R021,A,21,scan67,348.000,29.0000,28.750000,2.650487,18.4826,4.2200,4.542916,0.32291649,,,,,0.250000,grid_scan,True,False,scanning
A_R021,A,21,scan68,348.000,29.0000,29.000000,2.876620,18.6067,4.2200,4.548032,0.32803173,,,,,0.250000,grid_scan,True,False,scanning
A_R021,A,21,scan69,348.000,29.0000,29.250000,3.101029,18.7309,4.2200,4.553191,0.33319132,,,,,0.250000,grid_scan,True,False,scanning
A_R021,A,21,scan70,348.000,29.0000,29.500000,3.323758,18.8554,4.2200,4.558395,0.33839526,,,,,0.250000,grid_scan,True,False,scanning
A_R021,A,21,scan71,348.000,29.0000,29.750000,3.544848,18.9800,4.2200,4.563644,0.34364356,,,,,0.250000,grid_scan,True,False,scanning
A_R021,A,21,scan72,348.000,29.0000,30.000000,3.764340,19.1048,4.2200,4.568936,0.34893621,,,,,0.250000,grid_scan,True,False,scanning
A_R021,A,21,scan73,348.000,29.0000,30.250000,3.982274,19.2299,4.2200,4.574273,0.35427323,,,,,0.250000,grid_scan,True,False,scanning
A_R021,A,21,scan74,348.000,29.0000,30.500000,4.198689,19.3550,4.2200,4.579655,0.35965461,,,,,0.250000,grid_scan,True,False,scanning
A_R021,A,21,scan75,348.000,29.0000,30.750000,4.413621,19.4804,4.2200,4.585080,0.36508036,,,,,0.250000,grid_scan,True,False,scanning
A_R021,A,21,scan76,348.000,29.0000,31.000000,4.627106,19.6059,4.2200,4.590550,0.37055048,,,,,0.250000,grid_scan,True,False,scanning
A_R021,A,21,scan77,348.000,29.0000,31.250000,4.839179,19.7317,4.2200,4.596065,0.37606497,,,,,0.250000,grid_scan,True,False,scanning
A_R021,A,21,scan78,348.000,29.0000,31.500000,5.049873,19.8575,4.2200,4.601624,0.38162383,,,,,0.250000,grid_scan,True,False,scanning
A_R021,A,21,scan79,348.000,29.0000,31.750000,5.259220,19.9836,4.2200,4.607227,0.38722707,,,,,0.250000,grid_scan,True,False,scanning
A_R021,A,21,scan80,348.000,29.0000,32.000000,5.467253,20.1098,4.2200,4.612875,0.39287468,,,,,0.250000,grid_scan,True,False,scanning
A_R021,A,21,scan81,348.000,29.0000,32.250000,5.674002,20.2361,4.2200,4.618567,0.39856668,,,,,0.250000,grid_scan,True,False,scanning
A_R021,A,21,scan82,348.000,29.0000,32.500000,5.879496,20.3626,4.2200,4.624303,0.40430306,,,,,0.250000,grid_scan,True,False,scanning
A_R021,A,21,scan83,348.000,29.0000,32.750000,6.083764,20.4893,4.2200,4.630084,0.41008383,,,,,0.250000,grid_scan,True,False,scanning
A_R021,A,21,scan84,348.000,29.0000,33.000000,6.286835,20.6161,4.2200,4.635909,0.41590898,,,,,0.250000,grid_scan,True,False,scanning
A_R021,A,21,scan85,348.000,29.0000,33.250000,6.488733,20.7431,4.2200,4.641779,0.42177853,,,,,0.250000,grid_scan,True,False,scanning
A_R021,A,21,scan86,348.000,29.0000,33.500000,6.689487,20.8702,4.2200,4.647692,0.42769247,,,,,0.250000,grid_scan,True,False,scanning
A_R021,A,21,scan87,348.000,29.0000,33.750000,6.889121,20.9975,4.2200,4.653651,0.43365080,,,,,0.250000,grid_scan,True,False,scanning
A_R021,A,21,scan88,348.000,29.0000,34.000000,7.087661,21.1249,4.2200,4.659654,0.43965353,,,,,0.250000,grid_scan,True,False,scanning
A_R021,A,21,scan89,348.000,29.0000,34.250000,7.285129,21.2524,4.2200,4.665701,0.44570067,,,,,0.250000,grid_scan,True,False,scanning
A_R021,A,21,scan90,348.000,29.0000,34.500000,7.481550,21.3801,4.2200,4.671792,0.45179220,,,,,0.250000,grid_scan,True,False,scanning
A_R021,A,21,scan91,348.000,29.0000,34.750000,7.676945,21.5079,4.2200,4.677928,0.45792815,,,,,0.250000,grid_scan,True,False,scanning
A_R021,A,21,scan92,348.000,29.0000,35.000000,7.871337,21.6358,4.2200,4.684108,0.46410850,,,,,0.250000,grid_scan,True,False,scanning
A_R021,A,21,scan93,348.000,29.0000,35.250000,8.064748,21.7639,4.2200,4.690333,0.47033326,,,,,0.250000,grid_scan,True,False,scanning
A_R021,A,21,scan94,348.000,29.0000,35.500000,8.257197,21.8921,4.2200,4.696602,0.47660244,,,,,0.250000,grid_scan,True,False,scanning
A_R021,A,21,scan95,348.000,29.0000,35.750000,8.448705,22.0205,4.2200,4.702916,0.48291603,,,,,0.250000,grid_scan,True,False,scanning
A_R021,A,21,scan96,348.000,29.0000,36.000000,8.639291,22.1489,4.2200,4.709274,0.48927404,,,,,0.250000,grid_scan,True,False,scanning
A_R021,A,21,scan97,348.000,29.0000,36.250000,8.828975,22.2775,4.2200,4.715676,0.49567647,,,,,0.250000,grid_scan,True,False,scanning
A_R021,A,21,scan98,348.000,29.0000,36.500000,9.017775,22.4062,4.2200,4.722123,0.50212333,,,,,0.250000,grid_scan,True,False,scanning
A_R021,A,21,scan99,348.000,29.0000,36.750000,9.205710,22.5350,4.2200,4.728615,0.50861462,,,,,0.250000,grid_scan,True,False,scanning
A_R021,A,21,scan100,348.000,29.0000,37.000000,9.392795,22.6640,4.2200,4.735150,0.51515033,,,,,0.250000,grid_scan,True,False,scanning
A_R021,A,21,scan101,348.000,29.0000,37.250000,9.579050,22.7930,4.2200,4.741730,0.52173048,,,,,0.250000,grid_scan,True,False,scanning
A_R021,A,21,scan102,348.000,29.0000,37.500000,9.764490,22.9222,4.2200,4.748355,0.52835506,,,,,0.250000,grid_scan,True,False,scanning
A_R021,A,21,scan103,348.000,29.0000,37.750000,9.949131,23.0515,4.2200,4.755024,0.53502408,,,,,0.250000,grid_scan,True,False,scanning
A_R021,A,21,scan104,348.000,29.0000,38.000000,10.132989,23.1809,4.2200,4.761738,0.54173754,,,,,0.250000,grid_scan,True,False,scanning
A_R021,A,21,scan105,348.000,29.0000,38.250000,10.316080,23.3104,4.2200,4.768495,0.54849544,,,,,0.250000,grid_scan,True,False,scanning
A_R021,A,21,scan106,348.000,29.0000,38.500000,10.498418,23.4400,4.2200,4.775298,0.55529779,,,,,0.250000,grid_scan,True,False,scanning
A_R021,A,21,scan107,348.000,29.0000,38.750000,10.680018,23.5697,4.2200,4.782145,0.56214459,,,,,0.250000,grid_scan,True,False,scanning
A_R021,A,21,scan108,348.000,29.0000,39.000000,10.860895,23.6995,4.2200,4.789036,0.56903583,,,,,0.250000,grid_scan,True,False,scanning
A_R021,A,21,scan109,348.000,29.0000,39.250000,11.041061,23.8294,4.2200,4.795972,0.57597154,,,,,0.250000,grid_scan,True,False,scanning
A_R021,A,21,scan110,348.000,29.0000,39.500000,11.220531,23.9595,4.2200,4.802952,0.58295170,,,,,0.250000,grid_scan,True,False,scanning
A_R021,A,21,scan111,348.000,29.0000,39.750000,11.399317,24.0896,4.2200,4.809976,0.58997632,,,,,0.250000,grid_scan,True,False,scanning
A_R021,A,21,scan112,348.000,29.0000,40.000000,11.577433,24.2198,4.2200,4.817045,0.59704540,,,,,0.250000,grid_scan,True,False,scanning
A_R021,A,21,,348.000,29.0000,,,,4.2200,,,,,,12.000,,bisection,,False,no_root
A_R022,A,22,scan0,360.000,30.0000,12.000000,-23.001338,10.9601,4.2200,4.300813,0.08081261,,,,,,grid_scan,False,False,scanning
A_R022,A,22,scan1,360.000,30.0000,12.250000,-22.288034,11.0511,4.2200,4.302893,0.08289279,,,,,0.250000,grid_scan,False,False,scanning
A_R022,A,22,scan2,360.000,30.0000,12.500000,-21.598043,11.1433,4.2200,4.305015,0.08501543,,,,,0.250000,grid_scan,False,False,scanning
A_R022,A,22,scan3,360.000,30.0000,12.750000,-20.930010,11.2367,4.2200,4.307181,0.08718056,,,,,0.250000,grid_scan,False,False,scanning
A_R022,A,22,scan4,360.000,30.0000,13.000000,-20.282683,11.3312,4.2200,4.309388,0.08938821,,,,,0.250000,grid_scan,False,False,scanning
A_R022,A,22,scan5,360.000,30.0000,13.250000,-19.654903,11.4269,4.2200,4.311638,0.09163839,,,,,0.250000,grid_scan,False,False,scanning
A_R022,A,22,scan6,360.000,30.0000,13.500000,-19.045594,11.5235,4.2200,4.313931,0.09393112,,,,,0.250000,grid_scan,False,False,scanning
A_R022,A,22,scan7,360.000,30.0000,13.750000,-18.453761,11.6212,4.2200,4.316266,0.09626643,,,,,0.250000,grid_scan,False,False,scanning
A_R022,A,22,scan8,360.000,30.0000,14.000000,-17.878476,11.7198,4.2200,4.318644,0.09864433,,,,,0.250000,grid_scan,False,False,scanning
A_R022,A,22,scan9,360.000,30.0000,14.250000,-17.318875,11.8193,4.2200,4.321065,0.10106483,,,,,0.250000,grid_scan,False,False,scanning
A_R022,A,22,scan10,360.000,30.0000,14.500000,-16.774157,11.9197,4.2200,4.323528,0.10352795,,,,,0.250000,grid_scan,False,False,scanning
A_R022,A,22,scan11,360.000,30.0000,14.750000,-16.243569,12.0209,4.2200,4.326034,0.10603370,,,,,0.250000,grid_scan,False,False,scanning
A_R022,A,22,scan12,360.000,30.0000,15.000000,-15.726413,12.1230,4.2200,4.328582,0.10858209,,,,,0.250000,grid_scan,False,False,scanning
A_R022,A,22,scan13,360.000,30.0000,15.250000,-15.222032,12.2259,4.2200,4.331173,0.11117314,,,,,0.250000,grid_scan,False,False,scanning
A_R022,A,22,scan14,360.000,30.0000,15.500000,-14.729814,12.3295,4.2200,4.333807,0.11380685,,,,,0.250000,grid_scan,False,False,scanning
A_R022,A,22,scan15,360.000,30.0000,15.750000,-14.249184,12.4338,4.2200,4.336483,0.11648324,,,,,0.250000,grid_scan,False,False,scanning
A_R022,A,22,scan16,360.000,30.0000,16.000000,-13.779603,12.5388,4.2200,4.339202,0.11920231,,,,,0.250000,grid_scan,False,False,scanning
A_R022,A,22,scan17,360.000,30.0000,16.250000,-13.320564,12.6445,4.2200,4.341964,0.12196407,,,,,0.250000,grid_scan,False,False,scanning
A_R022,A,22,scan18,360.000,30.0000,16.500000,-12.871592,12.7509,4.2200,4.344769,0.12476852,,,,,0.250000,grid_scan,False,False,scanning
A_R022,A,22,scan19,360.000,30.0000,16.750000,-12.432239,12.8579,4.2200,4.347616,0.12761569,,,,,0.250000,grid_scan,False,False,scanning
A_R022,A,22,scan20,360.000,30.0000,17.000000,-12.002084,12.9655,4.2200,4.350506,0.13050556,,,,,0.250000,grid_scan,False,False,scanning
A_R022,A,22,scan21,360.000,30.0000,17.250000,-11.580729,13.0737,4.2200,4.353438,0.13343816,,,,,0.250000,grid_scan,False,False,scanning
A_R022,A,22,scan22,360.000,30.0000,17.500000,-11.167799,13.1825,4.2200,4.356413,0.13641348,,,,,0.250000,grid_scan,False,False,scanning
A_R022,A,22,scan23,360.000,30.0000,17.750000,-10.762941,13.2918,4.2200,4.359432,0.13943153,,,,,0.250000,grid_scan,False,False,scanning
A_R022,A,22,scan24,360.000,30.0000,18.000000,-10.365820,13.4017,4.2200,4.362492,0.14249232,,,,,0.250000,grid_scan,False,False,scanning
A_R022,A,22,scan25,360.000,30.0000,18.250000,-9.976120,13.5121,4.2200,4.365596,0.14559585,,,,,0.250000,grid_scan,False,False,scanning
A_R022,A,22,scan26,360.000,30.0000,18.500000,-9.593542,13.6230,4.2200,4.368742,0.14874213,,,,,0.250000,grid_scan,False,False,scanning
A_R022,A,22,scan27,360.000,30.0000,18.750000,-9.217803,13.7344,4.2200,4.371931,0.15193115,,,,,0.250000,grid_scan,False,False,scanning
A_R022,A,22,scan28,360.000,30.0000,19.000000,-8.848634,13.8463,4.2200,4.375163,0.15516293,,,,,0.250000,grid_scan,False,False,scanning
A_R022,A,22,scan29,360.000,30.0000,19.250000,-8.485781,13.9586,4.2200,4.378437,0.15843748,,,,,0.250000,grid_scan,False,False,scanning
A_R022,A,22,scan30,360.000,30.0000,19.500000,-8.129001,14.0714,4.2200,4.381755,0.16175478,,,,,0.250000,grid_scan,False,False,scanning
A_R022,A,22,scan31,360.000,30.0000,19.750000,-7.778065,14.1846,4.2200,4.385115,0.16511486,,,,,0.250000,grid_scan,False,False,scanning
A_R022,A,22,scan32,360.000,30.0000,20.000000,-7.432756,14.2983,4.2200,4.388518,0.16851770,,,,,0.250000,grid_scan,False,False,scanning
A_R022,A,22,scan33,360.000,30.0000,20.250000,-7.092865,14.4124,4.2200,4.391963,0.17196332,,,,,0.250000,grid_scan,False,False,scanning
A_R022,A,22,scan34,360.000,30.0000,20.500000,-6.758196,14.5269,4.2200,4.395452,0.17545172,,,,,0.250000,grid_scan,False,False,scanning
A_R022,A,22,scan35,360.000,30.0000,20.750000,-6.428560,14.6418,4.2200,4.398983,0.17898290,,,,,0.250000,grid_scan,False,False,scanning
A_R022,A,22,scan36,360.000,30.0000,21.000000,-6.103779,14.7571,4.2200,4.402557,0.18255687,,,,,0.250000,grid_scan,False,False,scanning
A_R022,A,22,scan37,360.000,30.0000,21.250000,-5.783681,14.8728,4.2200,4.406174,0.18617362,,,,,0.250000,grid_scan,False,False,scanning
A_R022,A,22,scan38,360.000,30.0000,21.500000,-5.468105,14.9888,4.2200,4.409833,0.18983317,,,,,0.250000,grid_scan,False,False,scanning
A_R022,A,22,scan39,360.000,30.0000,21.750000,-5.156895,15.1052,4.2200,4.413536,0.19353551,,,,,0.250000,grid_scan,False,False,scanning
A_R022,A,22,scan40,360.000,30.0000,22.000000,-4.849903,15.2219,4.2200,4.417281,0.19728065,,,,,0.250000,grid_scan,False,False,scanning
A_R022,A,22,scan41,360.000,30.0000,22.250000,-4.546986,15.3390,4.2200,4.421069,0.20106858,,,,,0.250000,grid_scan,False,False,scanning
A_R022,A,22,scan42,360.000,30.0000,22.500000,-4.248011,15.4564,4.2200,4.424899,0.20489932,,,,,0.250000,grid_scan,False,False,scanning
A_R022,A,22,scan43,360.000,30.0000,22.750000,-3.952846,15.5742,4.2200,4.428773,0.20877287,,,,,0.250000,grid_scan,False,False,scanning
A_R022,A,22,scan44,360.000,30.0000,23.000000,-3.661369,15.6923,4.2200,4.432689,0.21268923,,,,,0.250000,grid_scan,False,False,scanning
A_R022,A,22,scan45,360.000,30.0000,23.250000,-3.373461,15.8107,4.2200,4.436648,0.21664839,,,,,0.250000,grid_scan,False,False,scanning
A_R022,A,22,scan46,360.000,30.0000,23.500000,-3.089008,15.9293,4.2200,4.440650,0.22065037,,,,,0.250000,grid_scan,False,False,scanning
A_R022,A,22,scan47,360.000,30.0000,23.750000,-2.807902,16.0483,4.2200,4.444695,0.22469517,,,,,0.250000,grid_scan,False,False,scanning
A_R022,A,22,scan48,360.000,30.0000,24.000000,-2.530039,16.1676,4.2200,4.448783,0.22878278,,,,,0.250000,grid_scan,False,False,scanning
A_R022,A,22,scan49,360.000,30.0000,24.250000,-2.255317,16.2872,4.2200,4.452913,0.23291322,,,,,0.250000,grid_scan,False,False,scanning
A_R022,A,22,scan50,360.000,30.0000,24.500000,-1.983643,16.4071,4.2200,4.457086,0.23708648,,,,,0.250000,grid_scan,False,False,scanning
A_R022,A,22,scan51,360.000,30.0000,24.750000,-1.714923,16.5272,4.2200,4.461303,0.24130256,,,,,0.250000,grid_scan,False,False,scanning
A_R022,A,22,scan52,360.000,30.0000,25.000000,-1.449069,16.6476,4.2200,4.465561,0.24556148,,,,,0.250000,grid_scan,False,False,scanning
A_R022,A,22,scan53,360.000,30.0000,25.250000,-1.185996,16.7682,4.2200,4.469863,0.24986322,,,,,0.250000,grid_scan,False,False,scanning
A_R022,A,22,scan54,360.000,30.0000,25.500000,-0.925623,16.8892,4.2200,4.474208,0.25420780,,,,,0.250000,grid_scan,False,False,scanning
A_R022,A,22,scan55,360.000,30.0000,25.750000,-0.667872,17.0103,4.2200,4.478595,0.25859521,,,,,0.250000,grid_scan,False,False,scanning
A_R022,A,22,scan56,360.000,30.0000,26.000000,-0.412666,17.1318,4.2200,4.483025,0.26302546,,,,,0.250000,grid_scan,False,False,scanning
A_R022,A,22,scan57,360.000,30.0000,26.250000,-0.159934,17.2534,4.2200,4.487499,0.26749855,,,,,0.250000,grid_scan,False,False,scanning
A_R022,A,22,scan58,360.000,30.0000,26.500000,0.090395,17.3754,4.2200,4.492014,0.27201448,,,,,0.250000,grid_scan,True,False,scanning
A_R022,A,22,scan59,360.000,30.0000,26.750000,0.338387,17.4975,4.2200,4.496573,0.27657325,,,,,0.250000,grid_scan,True,False,scanning
A_R022,A,22,scan60,360.000,30.0000,27.000000,0.584108,17.6199,4.2200,4.501175,0.28117487,,,,,0.250000,grid_scan,True,False,scanning
A_R022,A,22,scan61,360.000,30.0000,27.250000,0.827619,17.7425,4.2200,4.505819,0.28581934,,,,,0.250000,grid_scan,True,False,scanning
A_R022,A,22,scan62,360.000,30.0000,27.500000,1.068981,17.8653,4.2200,4.510507,0.29050666,,,,,0.250000,grid_scan,True,False,scanning
A_R022,A,22,scan63,360.000,30.0000,27.750000,1.308252,17.9883,4.2200,4.515237,0.29523684,,,,,0.250000,grid_scan,True,False,scanning
A_R022,A,22,scan64,360.000,30.0000,28.000000,1.545488,18.1116,4.2200,4.520010,0.30000987,,,,,0.250000,grid_scan,True,False,scanning
A_R022,A,22,scan65,360.000,30.0000,28.250000,1.780742,18.2350,4.2200,4.524826,0.30482575,,,,,0.250000,grid_scan,True,False,scanning
A_R022,A,22,scan66,360.000,30.0000,28.500000,2.014067,18.3587,4.2200,4.529685,0.30968450,,,,,0.250000,grid_scan,True,False,scanning
A_R022,A,22,scan67,360.000,30.0000,28.750000,2.245513,18.4826,4.2200,4.534586,0.31458611,,,,,0.250000,grid_scan,True,False,scanning
A_R022,A,22,scan68,360.000,30.0000,29.000000,2.475128,18.6067,4.2200,4.539531,0.31953058,,,,,0.250000,grid_scan,True,False,scanning
A_R022,A,22,scan69,360.000,30.0000,29.250000,2.702959,18.7309,4.2200,4.544518,0.32451792,,,,,0.250000,grid_scan,True,False,scanning
A_R022,A,22,scan70,360.000,30.0000,29.500000,2.929051,18.8554,4.2200,4.549548,0.32954813,,,,,0.250000,grid_scan,True,False,scanning
A_R022,A,22,scan71,360.000,30.0000,29.750000,3.153449,18.9800,4.2200,4.554621,0.33462120,,,,,0.250000,grid_scan,True,False,scanning
A_R022,A,22,scan72,360.000,30.0000,30.000000,3.376194,19.1048,4.2200,4.559737,0.33973715,,,,,0.250000,grid_scan,True,False,scanning
A_R022,A,22,scan73,360.000,30.0000,30.250000,3.597327,19.2299,4.2200,4.564896,0.34489598,,,,,0.250000,grid_scan,True,False,scanning
A_R022,A,22,scan74,360.000,30.0000,30.500000,3.816888,19.3550,4.2200,4.570098,0.35009768,,,,,0.250000,grid_scan,True,False,scanning
A_R022,A,22,scan75,360.000,30.0000,30.750000,4.034915,19.4804,4.2200,4.575342,0.35534226,,,,,0.250000,grid_scan,True,False,scanning
A_R022,A,22,scan76,360.000,30.0000,31.000000,4.251445,19.6059,4.2200,4.580630,0.36062973,,,,,0.250000,grid_scan,True,False,scanning
A_R022,A,22,scan77,360.000,30.0000,31.250000,4.466514,19.7317,4.2200,4.585960,0.36596007,,,,,0.250000,grid_scan,True,False,scanning
A_R022,A,22,scan78,360.000,30.0000,31.500000,4.680157,19.8575,4.2200,4.591333,0.37133331,,,,,0.250000,grid_scan,True,False,scanning
A_R022,A,22,scan79,360.000,30.0000,31.750000,4.892408,19.9836,4.2200,4.596749,0.37674943,,,,,0.250000,grid_scan,True,False,scanning
A_R022,A,22,scan80,360.000,30.0000,32.000000,5.103298,20.1098,4.2200,4.602208,0.38220844,,,,,0.250000,grid_scan,True,False,scanning
A_R022,A,22,scan81,360.000,30.0000,32.250000,5.312860,20.2361,4.2200,4.607710,0.38771034,,,,,0.250000,grid_scan,True,False,scanning
A_R022,A,22,scan82,360.000,30.0000,32.500000,5.521124,20.3626,4.2200,4.613255,0.39325514,,,,,0.250000,grid_scan,True,False,scanning
A_R022,A,22,scan83,360.000,30.0000,32.750000,5.728119,20.4893,4.2200,4.618843,0.39884284,,,,,0.250000,grid_scan,True,False,scanning
A_R022,A,22,scan84,360.000,30.0000,33.000000,5.933875,20.6161,4.2200,4.624473,0.40447344,,,,,0.250000,grid_scan,True,False,scanning
A_R022,A,22,scan85,360.000,30.0000,33.250000,6.138420,20.7431,4.2200,4.630147,0.41014693,,,,,0.250000,grid_scan,True,False,scanning
A_R022,A,22,scan86,360.000,30.0000,33.500000,6.341780,20.8702,4.2200,4.635863,0.41586334,,,,,0.250000,grid_scan,True,False,scanning
A_R022,A,22,scan87,360.000,30.0000,33.750000,6.543982,20.9975,4.2200,4.641623,0.42162264,,,,,0.250000,grid_scan,True,False,scanning
A_R022,A,22,scan88,360.000,30.0000,34.000000,6.745051,21.1249,4.2200,4.647425,0.42742486,,,,,0.250000,grid_scan,True,False,scanning
A_R022,A,22,scan89,360.000,30.0000,34.250000,6.945013,21.2524,4.2200,4.653270,0.43326999,,,,,0.250000,grid_scan,True,False,scanning
A_R022,A,22,scan90,360.000,30.0000,34.500000,7.143890,21.3801,4.2200,4.659158,0.43915803,,,,,0.250000,grid_scan,True,False,scanning
A_R022,A,22,scan91,360.000,30.0000,34.750000,7.341707,21.5079,4.2200,4.665089,0.44508898,,,,,0.250000,grid_scan,True,False,scanning
A_R022,A,22,scan92,360.000,30.0000,35.000000,7.538486,21.6358,4.2200,4.671063,0.45106286,,,,,0.250000,grid_scan,True,False,scanning
A_R022,A,22,scan93,360.000,30.0000,35.250000,7.734250,21.7639,4.2200,4.677080,0.45707965,,,,,0.250000,grid_scan,True,False,scanning
A_R022,A,22,scan94,360.000,30.0000,35.500000,7.929019,21.8921,4.2200,4.683139,0.46313937,,,,,0.250000,grid_scan,True,False,scanning
A_R022,A,22,scan95,360.000,30.0000,35.750000,8.122814,22.0205,4.2200,4.689242,0.46924201,,,,,0.250000,grid_scan,True,False,scanning
A_R022,A,22,scan96,360.000,30.0000,36.000000,8.315656,22.1489,4.2200,4.695388,0.47538758,,,,,0.250000,grid_scan,True,False,scanning
A_R022,A,22,scan97,360.000,30.0000,36.250000,8.507565,22.2775,4.2200,4.701576,0.48157607,,,,,0.250000,grid_scan,True,False,scanning
A_R022,A,22,scan98,360.000,30.0000,36.500000,8.698559,22.4062,4.2200,4.707808,0.48780750,,,,,0.250000,grid_scan,True,False,scanning
A_R022,A,22,scan99,360.000,30.0000,36.750000,8.888657,22.5350,4.2200,4.714082,0.49408187,,,,,0.250000,grid_scan,True,False,scanning
A_R022,A,22,scan100,360.000,30.0000,37.000000,9.077878,22.6640,4.2200,4.720399,0.50039917,,,,,0.250000,grid_scan,True,False,scanning
A_R022,A,22,scan101,360.000,30.0000,37.250000,9.266239,22.7930,4.2200,4.726759,0.50675941,,,,,0.250000,grid_scan,True,False,scanning
A_R022,A,22,scan102,360.000,30.0000,37.500000,9.453757,22.9222,4.2200,4.733163,0.51316259,,,,,0.250000,grid_scan,True,False,scanning
A_R022,A,22,scan103,360.000,30.0000,37.750000,9.640449,23.0515,4.2200,4.739609,0.51960872,,,,,0.250000,grid_scan,True,False,scanning
A_R022,A,22,scan104,360.000,30.0000,38.000000,9.826330,23.1809,4.2200,4.746098,0.52609779,,,,,0.250000,grid_scan,True,False,scanning
A_R022,A,22,scan105,360.000,30.0000,38.250000,10.011418,23.3104,4.2200,4.752630,0.53262982,,,,,0.250000,grid_scan,True,False,scanning
A_R022,A,22,scan106,360.000,30.0000,38.500000,10.195728,23.4400,4.2200,4.759205,0.53920479,,,,,0.250000,grid_scan,True,False,scanning
A_R022,A,22,scan107,360.000,30.0000,38.750000,10.379274,23.5697,4.2200,4.765823,0.54582272,,,,,0.250000,grid_scan,True,False,scanning
A_R022,A,22,scan108,360.000,30.0000,39.000000,10.562071,23.6995,4.2200,4.772484,0.55248360,,,,,0.250000,grid_scan,True,False,scanning
A_R022,A,22,scan109,360.000,30.0000,39.250000,10.744134,23.8294,4.2200,4.779187,0.55918745,,,,,0.250000,grid_scan,True,False,scanning
A_R022,A,22,scan110,360.000,30.0000,39.500000,10.925476,23.9595,4.2200,4.785934,0.56593425,,,,,0.250000,grid_scan,True,False,scanning
A_R022,A,22,scan111,360.000,30.0000,39.750000,11.106111,24.0896,4.2200,4.792724,0.57272403,,,,,0.250000,grid_scan,True,False,scanning
A_R022,A,22,scan112,360.000,30.0000,40.000000,11.286052,24.2198,4.2200,4.799557,0.57955676,,,,,0.250000,grid_scan,True,False,scanning
A_R022,A,22,,360.000,30.0000,,,,4.2200,,,,,,12.000,,bisection,,False,no_root
A_R023,A,23,scan0,372.000,31.0000,12.000000,-23.968315,10.9601,4.2200,4.300567,0.08056702,,,,,,grid_scan,False,False,scanning
A_R023,A,23,scan1,372.000,31.0000,12.250000,-23.235407,11.0511,4.2200,4.302580,0.08258009,,,,,0.250000,grid_scan,False,False,scanning
A_R023,A,23,scan2,372.000,31.0000,12.500000,-22.526588,11.1433,4.2200,4.304634,0.08463425,,,,,0.250000,grid_scan,False,False,scanning
A_R023,A,23,scan3,372.000,31.0000,12.750000,-21.840460,11.2367,4.2200,4.306730,0.08672953,,,,,0.250000,grid_scan,False,False,scanning
A_R023,A,23,scan4,372.000,31.0000,13.000000,-21.175727,11.3312,4.2200,4.308866,0.08886595,,,,,0.250000,grid_scan,False,False,scanning
A_R023,A,23,scan5,372.000,31.0000,13.250000,-20.531193,11.4269,4.2200,4.311044,0.09104353,,,,,0.250000,grid_scan,False,False,scanning
A_R023,A,23,scan6,372.000,31.0000,13.500000,-19.905747,11.5235,4.2200,4.313262,0.09326229,,,,,0.250000,grid_scan,False,False,scanning
A_R023,A,23,scan7,372.000,31.0000,13.750000,-19.298358,11.6212,4.2200,4.315522,0.09552225,,,,,0.250000,grid_scan,False,False,scanning
A_R023,A,23,scan8,372.000,31.0000,14.000000,-18.708068,11.7198,4.2200,4.317823,0.09782343,,,,,0.250000,grid_scan,False,False,scanning
A_R023,A,23,scan9,372.000,31.0000,14.250000,-18.133987,11.8193,4.2200,4.320166,0.10016583,,,,,0.250000,grid_scan,False,False,scanning
A_R023,A,23,scan10,372.000,31.0000,14.500000,-17.575283,11.9197,4.2200,4.322549,0.10254948,,,,,0.250000,grid_scan,False,False,scanning
A_R023,A,23,scan11,372.000,31.0000,14.750000,-17.031182,12.0209,4.2200,4.324974,0.10497438,,,,,0.250000,grid_scan,False,False,scanning
A_R023,A,23,scan12,372.000,31.0000,15.000000,-16.500959,12.1230,4.2200,4.327441,0.10744055,,,,,0.250000,grid_scan,False,False,scanning
A_R023,A,23,scan13,372.000,31.0000,15.250000,-15.983938,12.2259,4.2200,4.329948,0.10994799,,,,,0.250000,grid_scan,False,False,scanning
A_R023,A,23,scan14,372.000,31.0000,15.500000,-15.479485,12.3295,4.2200,4.332497,0.11249672,,,,,0.250000,grid_scan,False,False,scanning
A_R023,A,23,scan15,372.000,31.0000,15.750000,-14.987006,12.4338,4.2200,4.335087,0.11508675,,,,,0.250000,grid_scan,False,False,scanning
A_R023,A,23,scan16,372.000,31.0000,16.000000,-14.505944,12.5388,4.2200,4.337718,0.11771808,,,,,0.250000,grid_scan,False,False,scanning
A_R023,A,23,scan17,372.000,31.0000,16.250000,-14.035776,12.6445,4.2200,4.340391,0.12039072,,,,,0.250000,grid_scan,False,False,scanning
A_R023,A,23,scan18,372.000,31.0000,16.500000,-13.576011,12.7509,4.2200,4.343105,0.12310468,,,,,0.250000,grid_scan,False,False,scanning
A_R023,A,23,scan19,372.000,31.0000,16.750000,-13.126185,12.8579,4.2200,4.345860,0.12585996,,,,,0.250000,grid_scan,False,False,scanning
A_R023,A,23,scan20,372.000,31.0000,17.000000,-12.685863,12.9655,4.2200,4.348657,0.12865658,,,,,0.250000,grid_scan,False,False,scanning
A_R023,A,23,scan21,372.000,31.0000,17.250000,-12.254635,13.0737,4.2200,4.351495,0.13149454,,,,,0.250000,grid_scan,False,False,scanning
A_R023,A,23,scan22,372.000,31.0000,17.500000,-11.832113,13.1825,4.2200,4.354374,0.13437385,,,,,0.250000,grid_scan,False,False,scanning
A_R023,A,23,scan23,372.000,31.0000,17.750000,-11.417932,13.2918,4.2200,4.357295,0.13729450,,,,,0.250000,grid_scan,False,False,scanning
A_R023,A,23,scan24,372.000,31.0000,18.000000,-11.011746,13.4017,4.2200,4.360257,0.14025651,,,,,0.250000,grid_scan,False,False,scanning
A_R023,A,23,scan25,372.000,31.0000,18.250000,-10.613228,13.5121,4.2200,4.363260,0.14325988,,,,,0.250000,grid_scan,False,False,scanning
A_R023,A,23,scan26,372.000,31.0000,18.500000,-10.222070,13.6230,4.2200,4.366305,0.14630462,,,,,0.250000,grid_scan,False,False,scanning
A_R023,A,23,scan27,372.000,31.0000,18.750000,-9.837978,13.7344,4.2200,4.369391,0.14939072,,,,,0.250000,grid_scan,False,False,scanning
A_R023,A,23,scan28,372.000,31.0000,19.000000,-9.460676,13.8463,4.2200,4.372518,0.15251820,,,,,0.250000,grid_scan,False,False,scanning
A_R023,A,23,scan29,372.000,31.0000,19.250000,-9.089899,13.9586,4.2200,4.375687,0.15568705,,,,,0.250000,grid_scan,False,False,scanning
A_R023,A,23,scan30,372.000,31.0000,19.500000,-8.725399,14.0714,4.2200,4.378897,0.15889729,,,,,0.250000,grid_scan,False,False,scanning
A_R023,A,23,scan31,372.000,31.0000,19.750000,-8.366938,14.1846,4.2200,4.382149,0.16214892,,,,,0.250000,grid_scan,False,False,scanning
A_R023,A,23,scan32,372.000,31.0000,20.000000,-8.014290,14.2983,4.2200,4.385442,0.16544193,,,,,0.250000,grid_scan,False,False,scanning
A_R023,A,23,scan33,372.000,31.0000,20.250000,-7.667242,14.4124,4.2200,4.388776,0.16877633,,,,,0.250000,grid_scan,False,False,scanning
A_R023,A,23,scan34,372.000,31.0000,20.500000,-7.325589,14.5269,4.2200,4.392152,0.17215213,,,,,0.250000,grid_scan,False,False,scanning
A_R023,A,23,scan35,372.000,31.0000,20.750000,-6.989138,14.6418,4.2200,4.395569,0.17556933,,,,,0.250000,grid_scan,False,False,scanning
A_R023,A,23,scan36,372.000,31.0000,21.000000,-6.657703,14.7571,4.2200,4.399028,0.17902794,,,,,0.250000,grid_scan,False,False,scanning
A_R023,A,23,scan37,372.000,31.0000,21.250000,-6.331108,14.8728,4.2200,4.402528,0.18252794,,,,,0.250000,grid_scan,False,False,scanning
A_R023,A,23,scan38,372.000,31.0000,21.500000,-6.009185,14.9888,4.2200,4.406069,0.18606936,,,,,0.250000,grid_scan,False,False,scanning
A_R023,A,23,scan39,372.000,31.0000,21.750000,-5.691773,15.1052,4.2200,4.409652,0.18965218,,,,,0.250000,grid_scan,False,False,scanning
A_R023,A,23,scan40,372.000,31.0000,22.000000,-5.378720,15.2219,4.2200,4.413276,0.19327642,,,,,0.250000,grid_scan,False,False,scanning
A_R023,A,23,scan41,372.000,31.0000,22.250000,-5.069878,15.3390,4.2200,4.416942,0.19694207,,,,,0.250000,grid_scan,False,False,scanning
A_R023,A,23,scan42,372.000,31.0000,22.500000,-4.765109,15.4564,4.2200,4.420649,0.20064915,,,,,0.250000,grid_scan,False,False,scanning
A_R023,A,23,scan43,372.000,31.0000,22.750000,-4.464278,15.5742,4.2200,4.424398,0.20439764,,,,,0.250000,grid_scan,False,False,scanning
A_R023,A,23,scan44,372.000,31.0000,23.000000,-4.167257,15.6923,4.2200,4.428188,0.20818756,,,,,0.250000,grid_scan,False,False,scanning
A_R023,A,23,scan45,372.000,31.0000,23.250000,-3.873924,15.8107,4.2200,4.432019,0.21201890,,,,,0.250000,grid_scan,False,False,scanning
A_R023,A,23,scan46,372.000,31.0000,23.500000,-3.584162,15.9293,4.2200,4.435892,0.21589167,,,,,0.250000,grid_scan,False,False,scanning
A_R023,A,23,scan47,372.000,31.0000,23.750000,-3.297858,16.0483,4.2200,4.439806,0.21980588,,,,,0.250000,grid_scan,False,False,scanning
A_R023,A,23,scan48,372.000,31.0000,24.000000,-3.014904,16.1676,4.2200,4.443762,0.22376152,,,,,0.250000,grid_scan,False,False,scanning
A_R023,A,23,scan49,372.000,31.0000,24.250000,-2.735198,16.2872,4.2200,4.447759,0.22775859,,,,,0.250000,grid_scan,False,False,scanning
A_R023,A,23,scan50,372.000,31.0000,24.500000,-2.458640,16.4071,4.2200,4.451797,0.23179710,,,,,0.250000,grid_scan,False,False,scanning
A_R023,A,23,scan51,372.000,31.0000,24.750000,-2.185134,16.5272,4.2200,4.455877,0.23587705,,,,,0.250000,grid_scan,False,False,scanning
A_R023,A,23,scan52,372.000,31.0000,25.000000,-1.914591,16.6476,4.2200,4.459998,0.23999844,,,,,0.250000,grid_scan,False,False,scanning
A_R023,A,23,scan53,372.000,31.0000,25.250000,-1.646921,16.7682,4.2200,4.464161,0.24416128,,,,,0.250000,grid_scan,False,False,scanning
A_R023,A,23,scan54,372.000,31.0000,25.500000,-1.382042,16.8892,4.2200,4.468366,0.24836556,,,,,0.250000,grid_scan,False,False,scanning
A_R023,A,23,scan55,372.000,31.0000,25.750000,-1.119870,17.0103,4.2200,4.472611,0.25261129,,,,,0.250000,grid_scan,False,False,scanning
A_R023,A,23,scan56,372.000,31.0000,26.000000,-0.860330,17.1318,4.2200,4.476898,0.25689847,,,,,0.250000,grid_scan,False,False,scanning
A_R023,A,23,scan57,372.000,31.0000,26.250000,-0.603346,17.2534,4.2200,4.481227,0.26122711,,,,,0.250000,grid_scan,False,False,scanning
A_R023,A,23,scan58,372.000,31.0000,26.500000,-0.348845,17.3754,4.2200,4.485597,0.26559720,,,,,0.250000,grid_scan,False,False,scanning
A_R023,A,23,scan59,372.000,31.0000,26.750000,-0.096758,17.4975,4.2200,4.490009,0.27000874,,,,,0.250000,grid_scan,False,False,scanning
A_R023,A,23,scan60,372.000,31.0000,27.000000,0.152981,17.6199,4.2200,4.494462,0.27446175,,,,,0.250000,grid_scan,True,False,scanning
A_R023,A,23,scan61,372.000,31.0000,27.250000,0.400437,17.7425,4.2200,4.498956,0.27895622,,,,,0.250000,grid_scan,True,False,scanning
A_R023,A,23,scan62,372.000,31.0000,27.500000,0.645672,17.8653,4.2200,4.503492,0.28349215,,,,,0.250000,grid_scan,True,False,scanning
A_R023,A,23,scan63,372.000,31.0000,27.750000,0.888747,17.9883,4.2200,4.508070,0.28806954,,,,,0.250000,grid_scan,True,False,scanning
A_R023,A,23,scan64,372.000,31.0000,28.000000,1.129718,18.1116,4.2200,4.512688,0.29268840,,,,,0.250000,grid_scan,True,False,scanning
A_R023,A,23,scan65,372.000,31.0000,28.250000,1.368642,18.2350,4.2200,4.517349,0.29734873,,,,,0.250000,grid_scan,True,False,scanning
A_R023,A,23,scan66,372.000,31.0000,28.500000,1.605572,18.3587,4.2200,4.522051,0.30205053,,,,,0.250000,grid_scan,True,False,scanning
A_R023,A,23,scan67,372.000,31.0000,28.750000,1.840561,18.4826,4.2200,4.526794,0.30679381,,,,,0.250000,grid_scan,True,False,scanning
A_R023,A,23,scan68,372.000,31.0000,29.000000,2.073657,18.6067,4.2200,4.531579,0.31157856,,,,,0.250000,grid_scan,True,False,scanning
A_R023,A,23,scan69,372.000,31.0000,29.250000,2.304910,18.7309,4.2200,4.536405,0.31640479,,,,,0.250000,grid_scan,True,False,scanning
A_R023,A,23,scan70,372.000,31.0000,29.500000,2.534367,18.8554,4.2200,4.541272,0.32127249,,,,,0.250000,grid_scan,True,False,scanning
A_R023,A,23,scan71,372.000,31.0000,29.750000,2.762072,18.9800,4.2200,4.546182,0.32618168,,,,,0.250000,grid_scan,True,False,scanning
A_R023,A,23,scan72,372.000,31.0000,30.000000,2.988070,19.1048,4.2200,4.551132,0.33113235,,,,,0.250000,grid_scan,True,False,scanning
A_R023,A,23,scan73,372.000,31.0000,30.250000,3.212402,19.2299,4.2200,4.556125,0.33612451,,,,,0.250000,grid_scan,True,False,scanning
A_R023,A,23,scan74,372.000,31.0000,30.500000,3.435109,19.3550,4.2200,4.561158,0.34115815,,,,,0.250000,grid_scan,True,False,scanning
A_R023,A,23,scan75,372.000,31.0000,30.750000,3.656232,19.4804,4.2200,4.566233,0.34623328,,,,,0.250000,grid_scan,True,False,scanning
A_R023,A,23,scan76,372.000,31.0000,31.000000,3.875808,19.6059,4.2200,4.571350,0.35134991,,,,,0.250000,grid_scan,True,False,scanning
A_R023,A,23,scan77,372.000,31.0000,31.250000,4.093874,19.7317,4.2200,4.576508,0.35650802,,,,,0.250000,grid_scan,True,False,scanning
A_R023,A,23,scan78,372.000,31.0000,31.500000,4.310466,19.8575,4.2200,4.581708,0.36170764,,,,,0.250000,grid_scan,True,False,scanning
A_R023,A,23,scan79,372.000,31.0000,31.750000,4.525619,19.9836,4.2200,4.586949,0.36694875,,,,,0.250000,grid_scan,True,False,scanning
A_R023,A,23,scan80,372.000,31.0000,32.000000,4.739367,20.1098,4.2200,4.592231,0.37223135,,,,,0.250000,grid_scan,True,False,scanning
A_R023,A,23,scan81,372.000,31.0000,32.250000,4.951742,20.2361,4.2200,4.597555,0.37755546,,,,,0.250000,grid_scan,True,False,scanning
A_R023,A,23,scan82,372.000,31.0000,32.500000,5.162775,20.3626,4.2200,4.602921,0.38292108,,,,,0.250000,grid_scan,True,False,scanning
A_R023,A,23,scan83,372.000,31.0000,32.750000,5.372499,20.4893,4.2200,4.608328,0.38832820,,,,,0.250000,grid_scan,True,False,scanning
A_R023,A,23,scan84,372.000,31.0000,33.000000,5.580941,20.6161,4.2200,4.613777,0.39377682,,,,,0.250000,grid_scan,True,False,scanning
A_R023,A,23,scan85,372.000,31.0000,33.250000,5.788132,20.7431,4.2200,4.619267,0.39926696,,,,,0.250000,grid_scan,True,False,scanning
A_R023,A,23,scan86,372.000,31.0000,33.500000,5.994098,20.8702,4.2200,4.624799,0.40479860,,,,,0.250000,grid_scan,True,False,scanning
A_R023,A,23,scan87,372.000,31.0000,33.750000,6.198868,20.9975,4.2200,4.630372,0.41037177,,,,,0.250000,grid_scan,True,False,scanning
A_R023,A,23,scan88,372.000,31.0000,34.000000,6.402468,21.1249,4.2200,4.635986,0.41598644,,,,,0.250000,grid_scan,True,False,scanning
A_R023,A,23,scan89,372.000,31.0000,34.250000,6.604922,21.2524,4.2200,4.641643,0.42164264,,,,,0.250000,grid_scan,True,False,scanning
A_R023,A,23,scan90,372.000,31.0000,34.500000,6.806257,21.3801,4.2200,4.647340,0.42734035,,,,,0.250000,grid_scan,True,False,scanning
A_R023,A,23,scan91,372.000,31.0000,34.750000,7.006495,21.5079,4.2200,4.653080,0.43307959,,,,,0.250000,grid_scan,True,False,scanning
A_R023,A,23,scan92,372.000,31.0000,35.000000,7.205661,21.6358,4.2200,4.658860,0.43886035,,,,,0.250000,grid_scan,True,False,scanning
A_R023,A,23,scan93,372.000,31.0000,35.250000,7.403778,21.7639,4.2200,4.664683,0.44468264,,,,,0.250000,grid_scan,True,False,scanning
A_R023,A,23,scan94,372.000,31.0000,35.500000,7.600867,21.8921,4.2200,4.670546,0.45054645,,,,,0.250000,grid_scan,True,False,scanning
A_R023,A,23,scan95,372.000,31.0000,35.750000,7.796950,22.0205,4.2200,4.676452,0.45645180,,,,,0.250000,grid_scan,True,False,scanning
A_R023,A,23,scan96,372.000,31.0000,36.000000,7.992048,22.1489,4.2200,4.682399,0.46239868,,,,,0.250000,grid_scan,True,False,scanning
A_R023,A,23,scan97,372.000,31.0000,36.250000,8.186182,22.2775,4.2200,4.688387,0.46838709,,,,,0.250000,grid_scan,True,False,scanning
A_R023,A,23,scan98,372.000,31.0000,36.500000,8.379370,22.4062,4.2200,4.694417,0.47441704,,,,,0.250000,grid_scan,True,False,scanning
A_R023,A,23,scan99,372.000,31.0000,36.750000,8.571633,22.5350,4.2200,4.700489,0.48048853,,,,,0.250000,grid_scan,True,False,scanning
A_R023,A,23,scan100,372.000,31.0000,37.000000,8.762989,22.6640,4.2200,4.706602,0.48660157,,,,,0.250000,grid_scan,True,False,scanning
A_R023,A,23,scan101,372.000,31.0000,37.250000,8.953456,22.7930,4.2200,4.712756,0.49275614,,,,,0.250000,grid_scan,True,False,scanning
A_R023,A,23,scan102,372.000,31.0000,37.500000,9.143052,22.9222,4.2200,4.718952,0.49895226,,,,,0.250000,grid_scan,True,False,scanning
A_R023,A,23,scan103,372.000,31.0000,37.750000,9.331795,23.0515,4.2200,4.725190,0.50518993,,,,,0.250000,grid_scan,True,False,scanning
A_R023,A,23,scan104,372.000,31.0000,38.000000,9.519701,23.1809,4.2200,4.731469,0.51146915,,,,,0.250000,grid_scan,True,False,scanning
A_R023,A,23,scan105,372.000,31.0000,38.250000,9.706786,23.3104,4.2200,4.737790,0.51778993,,,,,0.250000,grid_scan,True,False,scanning
A_R023,A,23,scan106,372.000,31.0000,38.500000,9.893067,23.4400,4.2200,4.744152,0.52415226,,,,,0.250000,grid_scan,True,False,scanning
A_R023,A,23,scan107,372.000,31.0000,38.750000,10.078559,23.5697,4.2200,4.750556,0.53055614,,,,,0.250000,grid_scan,True,False,scanning
A_R023,A,23,scan108,372.000,31.0000,39.000000,10.263277,23.6995,4.2200,4.757002,0.53700159,,,,,0.250000,grid_scan,True,False,scanning
A_R023,A,23,scan109,372.000,31.0000,39.250000,10.447236,23.8294,4.2200,4.763489,0.54348859,,,,,0.250000,grid_scan,True,False,scanning
A_R023,A,23,scan110,372.000,31.0000,39.500000,10.630451,23.9595,4.2200,4.770017,0.55001717,,,,,0.250000,grid_scan,True,False,scanning
A_R023,A,23,scan111,372.000,31.0000,39.750000,10.812935,24.0896,4.2200,4.776587,0.55658730,,,,,0.250000,grid_scan,True,False,scanning
A_R023,A,23,scan112,372.000,31.0000,40.000000,10.994702,24.2198,4.2200,4.783199,0.56319901,,,,,0.250000,grid_scan,True,False,scanning
A_R023,A,23,,372.000,31.0000,,,,4.2200,,,,,,12.000,,bisection,,False,no_root
A_R024,A,24,scan0,384.000,32.0000,12.000000,-24.935284,10.9601,4.2200,4.300337,0.08033678,,,,,,grid_scan,False,False,scanning
A_R024,A,24,scan1,384.000,32.0000,12.250000,-24.182771,11.0511,4.2200,4.302287,0.08228693,,,,,0.250000,grid_scan,False,False,scanning
A_R024,A,24,scan2,384.000,32.0000,12.500000,-23.455125,11.1433,4.2200,4.304277,0.08427689,,,,,0.250000,grid_scan,False,False,scanning
A_R024,A,24,scan3,384.000,32.0000,12.750000,-22.750900,11.2367,4.2200,4.306307,0.08630669,,,,,0.250000,grid_scan,False,False,scanning
A_R024,A,24,scan4,384.000,32.0000,13.000000,-22.068762,11.3312,4.2200,4.308376,0.08837634,,,,,0.250000,grid_scan,False,False,scanning
A_R024,A,24,scan5,384.000,32.0000,13.250000,-21.407474,11.4269,4.2200,4.310486,0.09048586,,,,,0.250000,grid_scan,False,False,scanning
A_R024,A,24,scan6,384.000,32.0000,13.500000,-20.765890,11.5235,4.2200,4.312635,0.09263528,,,,,0.250000,grid_scan,False,False,scanning
A_R024,A,24,scan7,384.000,32.0000,13.750000,-20.142945,11.6212,4.2200,4.314825,0.09482460,,,,,0.250000,grid_scan,False,False,scanning
A_R024,A,24,scan8,384.000,32.0000,14.000000,-19.537651,11.7198,4.2200,4.317054,0.09705385,,,,,0.250000,grid_scan,False,False,scanning
A_R024,A,24,scan9,384.000,32.0000,14.250000,-18.949089,11.8193,4.2200,4.319323,0.09932304,,,,,0.250000,grid_scan,False,False,scanning
A_R024,A,24,scan10,384.000,32.0000,14.500000,-18.376400,11.9197,4.2200,4.321632,0.10163218,,,,,0.250000,grid_scan,False,False,scanning
A_R024,A,24,scan11,384.000,32.0000,14.750000,-17.818784,12.0209,4.2200,4.323981,0.10398129,,,,,0.250000,grid_scan,False,False,scanning
A_R024,A,24,scan12,384.000,32.0000,15.000000,-17.275495,12.1230,4.2200,4.326370,0.10637037,,,,,0.250000,grid_scan,False,False,scanning
A_R024,A,24,scan13,384.000,32.0000,15.250000,-16.745833,12.2259,4.2200,4.328799,0.10879944,,,,,0.250000,grid_scan,False,False,scanning
A_R024,A,24,scan14,384.000,32.0000,15.500000,-16.229145,12.3295,4.2200,4.331268,0.11126850,,,,,0.250000,grid_scan,False,False,scanning
A_R024,A,24,scan15,384.000,32.0000,15.750000,-15.724817,12.4338,4.2200,4.333778,0.11377756,,,,,0.250000,grid_scan,False,False,scanning
A_R024,A,24,scan16,384.000,32.0000,16.000000,-15.232274,12.5388,4.2200,4.336327,0.11632664,,,,,0.250000,grid_scan,False,False,scanning
A_R024,A,24,scan17,384.000,32.0000,16.250000,-14.750977,12.6445,4.2200,4.338916,0.11891574,,,,,0.250000,grid_scan,False,False,scanning
A_R024,A,24,scan18,384.000,32.0000,16.500000,-14.280418,12.7509,4.2200,4.341545,0.12154486,,,,,0.250000,grid_scan,False,False,scanning
A_R024,A,24,scan19,384.000,32.0000,16.750000,-13.820119,12.8579,4.2200,4.344214,0.12421401,,,,,0.250000,grid_scan,False,False,scanning
A_R024,A,24,scan20,384.000,32.0000,17.000000,-13.369631,12.9655,4.2200,4.346923,0.12692321,,,,,0.250000,grid_scan,False,False,scanning
A_R024,A,24,scan21,384.000,32.0000,17.250000,-12.928529,13.0737,4.2200,4.349672,0.12967245,,,,,0.250000,grid_scan,False,False,scanning
A_R024,A,24,scan22,384.000,32.0000,17.500000,-12.496415,13.1825,4.2200,4.352462,0.13246174,,,,,0.250000,grid_scan,False,False,scanning
A_R024,A,24,scan23,384.000,32.0000,17.750000,-12.072911,13.2918,4.2200,4.355291,0.13529109,,,,,0.250000,grid_scan,False,False,scanning
A_R024,A,24,scan24,384.000,32.0000,18.000000,-11.657659,13.4017,4.2200,4.358160,0.13816050,,,,,0.250000,grid_scan,False,False,scanning
A_R024,A,24,scan25,384.000,32.0000,18.250000,-11.250324,13.5121,4.2200,4.361070,0.14106997,,,,,0.250000,grid_scan,False,False,scanning
A_R024,A,24,scan26,384.000,32.0000,18.500000,-10.850585,13.6230,4.2200,4.364020,0.14401952,,,,,0.250000,grid_scan,False,False,scanning
A_R024,A,24,scan27,384.000,32.0000,18.750000,-10.458140,13.7344,4.2200,4.367009,0.14700914,,,,,0.250000,grid_scan,False,False,scanning
A_R024,A,24,scan28,384.000,32.0000,19.000000,-10.072704,13.8463,4.2200,4.370039,0.15003884,,,,,0.250000,grid_scan,False,False,scanning
A_R024,A,24,scan29,384.000,32.0000,19.250000,-9.694005,13.9586,4.2200,4.373109,0.15310862,,,,,0.250000,grid_scan,False,False,scanning
A_R024,A,24,scan30,384.000,32.0000,19.500000,-9.321784,14.0714,4.2200,4.376218,0.15621849,,,,,0.250000,grid_scan,False,False,scanning
A_R024,A,24,scan31,384.000,32.0000,19.750000,-8.955797,14.1846,4.2200,4.379368,0.15936845,,,,,0.250000,grid_scan,False,False,scanning
A_R024,A,24,scan32,384.000,32.0000,20.000000,-8.595811,14.2983,4.2200,4.382558,0.16255850,,,,,0.250000,grid_scan,False,False,scanning
A_R024,A,24,scan33,384.000,32.0000,20.250000,-8.241605,14.4124,4.2200,4.385789,0.16578864,,,,,0.250000,grid_scan,False,False,scanning
A_R024,A,24,scan34,384.000,32.0000,20.500000,-7.892969,14.5269,4.2200,4.389059,0.16905889,,,,,0.250000,grid_scan,False,False,scanning
A_R024,A,24,scan35,384.000,32.0000,20.750000,-7.549701,14.6418,4.2200,4.392369,0.17236924,,,,,0.250000,grid_scan,False,False,scanning
A_R024,A,24,scan36,384.000,32.0000,21.000000,-7.211612,14.7571,4.2200,4.395720,0.17571969,,,,,0.250000,grid_scan,False,False,scanning
A_R024,A,24,scan37,384.000,32.0000,21.250000,-6.878519,14.8728,4.2200,4.399110,0.17911026,,,,,0.250000,grid_scan,False,False,scanning
A_R024,A,24,scan38,384.000,32.0000,21.500000,-6.550249,14.9888,4.2200,4.402541,0.18254093,,,,,0.250000,grid_scan,False,False,scanning
A_R024,A,24,scan39,384.000,32.0000,21.750000,-6.226636,15.1052,4.2200,4.406012,0.18601172,,,,,0.250000,grid_scan,False,False,scanning
A_R024,A,24,scan40,384.000,32.0000,22.000000,-5.907521,15.2219,4.2200,4.409523,0.18952262,,,,,0.250000,grid_scan,False,False,scanning
A_R024,A,24,scan41,384.000,32.0000,22.250000,-5.592755,15.3390,4.2200,4.413074,0.19307364,,,,,0.250000,grid_scan,False,False,scanning
A_R024,A,24,scan42,384.000,32.0000,22.500000,-5.282191,15.4564,4.2200,4.416665,0.19666479,,,,,0.250000,grid_scan,False,False,scanning
A_R024,A,24,scan43,384.000,32.0000,22.750000,-4.975694,15.5742,4.2200,4.420296,0.20029605,,,,,0.250000,grid_scan,False,False,scanning
A_R024,A,24,scan44,384.000,32.0000,23.000000,-4.673129,15.6923,4.2200,4.423967,0.20396745,,,,,0.250000,grid_scan,False,False,scanning
A_R024,A,24,scan45,384.000,32.0000,23.250000,-4.374371,15.8107,4.2200,4.427679,0.20767897,,,,,0.250000,grid_scan,False,False,scanning
A_R024,A,24,scan46,384.000,32.0000,23.500000,-4.079299,15.9293,4.2200,4.431431,0.21143062,,,,,0.250000,grid_scan,False,False,scanning
A_R024,A,24,scan47,384.000,32.0000,23.750000,-3.787797,16.0483,4.2200,4.435222,0.21522240,,,,,0.250000,grid_scan,False,False,scanning
A_R024,A,24,scan48,384.000,32.0000,24.000000,-3.499753,16.1676,4.2200,4.439054,0.21905432,,,,,0.250000,grid_scan,False,False,scanning
A_R024,A,24,scan49,384.000,32.0000,24.250000,-3.215062,16.2872,4.2200,4.442926,0.22292638,,,,,0.250000,grid_scan,False,False,scanning
A_R024,A,24,scan50,384.000,32.0000,24.500000,-2.933620,16.4071,4.2200,4.446839,0.22683857,,,,,0.250000,grid_scan,False,False,scanning
A_R024,A,24,scan51,384.000,32.0000,24.750000,-2.655329,16.5272,4.2200,4.450791,0.23079091,,,,,0.250000,grid_scan,False,False,scanning
A_R024,A,24,scan52,384.000,32.0000,25.000000,-2.380096,16.6476,4.2200,4.454783,0.23478339,,,,,0.250000,grid_scan,False,False,scanning
A_R024,A,24,scan53,384.000,32.0000,25.250000,-2.107829,16.7682,4.2200,4.458816,0.23881601,,,,,0.250000,grid_scan,False,False,scanning
A_R024,A,24,scan54,384.000,32.0000,25.500000,-1.838442,16.8892,4.2200,4.462889,0.24288878,,,,,0.250000,grid_scan,False,False,scanning
A_R024,A,24,scan55,384.000,32.0000,25.750000,-1.571852,17.0103,4.2200,4.467002,0.24700170,,,,,0.250000,grid_scan,False,False,scanning
A_R024,A,24,scan56,384.000,32.0000,26.000000,-1.307977,17.1318,4.2200,4.471155,0.25115477,,,,,0.250000,grid_scan,False,False,scanning
A_R024,A,24,scan57,384.000,32.0000,26.250000,-1.046740,17.2534,4.2200,4.475348,0.25534800,,,,,0.250000,grid_scan,False,False,scanning
A_R024,A,24,scan58,384.000,32.0000,26.500000,-0.788067,17.3754,4.2200,4.479581,0.25958138,,,,,0.250000,grid_scan,False,False,scanning
A_R024,A,24,scan59,384.000,32.0000,26.750000,-0.531886,17.4975,4.2200,4.483855,0.26385491,,,,,0.250000,grid_scan,False,False,scanning
A_R024,A,24,scan60,384.000,32.0000,27.000000,-0.278128,17.6199,4.2200,4.488169,0.26816861,,,,,0.250000,grid_scan,False,False,scanning
A_R024,A,24,scan61,384.000,32.0000,27.250000,-0.026727,17.7425,4.2200,4.492522,0.27252246,,,,,0.250000,grid_scan,False,False,scanning
A_R024,A,24,scan62,384.000,32.0000,27.500000,0.222382,17.8653,4.2200,4.496916,0.27691648,,,,,0.250000,grid_scan,True,False,scanning
A_R024,A,24,scan63,384.000,32.0000,27.750000,0.469260,17.9883,4.2200,4.501351,0.28135066,,,,,0.250000,grid_scan,True,False,scanning
A_R024,A,24,scan64,384.000,32.0000,28.000000,0.713968,18.1116,4.2200,4.505825,0.28582501,,,,,0.250000,grid_scan,True,False,scanning
A_R024,A,24,scan65,384.000,32.0000,28.250000,0.956561,18.2350,4.2200,4.510340,0.29033953,,,,,0.250000,grid_scan,True,False,scanning
A_R024,A,24,scan66,384.000,32.0000,28.500000,1.197097,18.3587,4.2200,4.514894,0.29489421,,,,,0.250000,grid_scan,True,False,scanning
A_R024,A,24,scan67,384.000,32.0000,28.750000,1.435628,18.4826,4.2200,4.519489,0.29948907,,,,,0.250000,grid_scan,True,False,scanning
A_R024,A,24,scan68,384.000,32.0000,29.000000,1.672206,18.6067,4.2200,4.524124,0.30412410,,,,,0.250000,grid_scan,True,False,scanning
A_R024,A,24,scan69,384.000,32.0000,29.250000,1.906882,18.7309,4.2200,4.528799,0.30879931,,,,,0.250000,grid_scan,True,False,scanning
A_R024,A,24,scan70,384.000,32.0000,29.500000,2.139703,18.8554,4.2200,4.533515,0.31351469,,,,,0.250000,grid_scan,True,False,scanning
A_R024,A,24,scan71,384.000,32.0000,29.750000,2.370716,18.9800,4.2200,4.538270,0.31827026,,,,,0.250000,grid_scan,True,False,scanning
A_R024,A,24,scan72,384.000,32.0000,30.000000,2.599966,19.1048,4.2200,4.543066,0.32306600,,,,,0.250000,grid_scan,True,False,scanning
A_R024,A,24,scan73,384.000,32.0000,30.250000,2.827497,19.2299,4.2200,4.547902,0.32790193,,,,,0.250000,grid_scan,True,False,scanning
A_R024,A,24,scan74,384.000,32.0000,30.500000,3.053352,19.3550,4.2200,4.552778,0.33277804,,,,,0.250000,grid_scan,True,False,scanning
A_R024,A,24,scan75,384.000,32.0000,30.750000,3.277570,19.4804,4.2200,4.557694,0.33769434,,,,,0.250000,grid_scan,True,False,scanning
A_R024,A,24,scan76,384.000,32.0000,31.000000,3.500191,19.6059,4.2200,4.562651,0.34265083,,,,,0.250000,grid_scan,True,False,scanning
A_R024,A,24,scan77,384.000,32.0000,31.250000,3.721254,19.7317,4.2200,4.567648,0.34764750,,,,,0.250000,grid_scan,True,False,scanning
A_R024,A,24,scan78,384.000,32.0000,31.500000,3.940796,19.8575,4.2200,4.572684,0.35268437,,,,,0.250000,grid_scan,True,False,scanning
A_R024,A,24,scan79,384.000,32.0000,31.750000,4.158852,19.9836,4.2200,4.577761,0.35776143,,,,,0.250000,grid_scan,True,False,scanning
A_R024,A,24,scan80,384.000,32.0000,32.000000,4.375457,20.1098,4.2200,4.582879,0.36287869,,,,,0.250000,grid_scan,True,False,scanning
A_R024,A,24,scan81,384.000,32.0000,32.250000,4.590646,20.2361,4.2200,4.588036,0.36803615,,,,,0.250000,grid_scan,True,False,scanning
A_R024,A,24,scan82,384.000,32.0000,32.500000,4.804449,20.3626,4.2200,4.593234,0.37323381,,,,,0.250000,grid_scan,True,False,scanning
A_R024,A,24,scan83,384.000,32.0000,32.750000,5.016900,20.4893,4.2200,4.598472,0.37847166,,,,,0.250000,grid_scan,True,False,scanning
A_R024,A,24,scan84,384.000,32.0000,33.000000,5.228029,20.6161,4.2200,4.603750,0.38374972,,,,,0.250000,grid_scan,True,False,scanning
A_R024,A,24,scan85,384.000,32.0000,33.250000,5.437866,20.7431,4.2200,4.609068,0.38906799,,,,,0.250000,grid_scan,True,False,scanning
A_R024,A,24,scan86,384.000,32.0000,33.500000,5.646439,20.8702,4.2200,4.614426,0.39442646,,,,,0.250000,grid_scan,True,False,scanning
A_R024,A,24,scan87,384.000,32.0000,33.750000,5.853777,20.9975,4.2200,4.619825,0.39982514,,,,,0.250000,grid_scan,True,False,scanning
A_R024,A,24,scan88,384.000,32.0000,34.000000,6.059907,21.1249,4.2200,4.625264,0.40526403,,,,,0.250000,grid_scan,True,False,scanning
A_R024,A,24,scan89,384.000,32.0000,34.250000,6.264855,21.2524,4.2200,4.630743,0.41074314,,,,,0.250000,grid_scan,True,False,scanning
A_R024,A,24,scan90,384.000,32.0000,34.500000,6.468646,21.3801,4.2200,4.636262,0.41626246,,,,,0.250000,grid_scan,True,False,scanning
A_R024,A,24,scan91,384.000,32.0000,34.750000,6.671307,21.5079,4.2200,4.641822,0.42182200,,,,,0.250000,grid_scan,True,False,scanning
A_R024,A,24,scan92,384.000,32.0000,35.000000,6.872860,21.6358,4.2200,4.647422,0.42742175,,,,,0.250000,grid_scan,True,False,scanning
A_R024,A,24,scan93,384.000,32.0000,35.250000,7.073330,21.7639,4.2200,4.653062,0.43306173,,,,,0.250000,grid_scan,True,False,scanning
A_R024,A,24,scan94,384.000,32.0000,35.500000,7.272740,21.8921,4.2200,4.658742,0.43874192,,,,,0.250000,grid_scan,True,False,scanning
A_R024,A,24,scan95,384.000,32.0000,35.750000,7.471111,22.0205,4.2200,4.664462,0.44446235,,,,,0.250000,grid_scan,True,False,scanning
A_R024,A,24,scan96,384.000,32.0000,36.000000,7.668465,22.1489,4.2200,4.670223,0.45022300,,,,,0.250000,grid_scan,True,False,scanning
A_R024,A,24,scan97,384.000,32.0000,36.250000,7.864823,22.2775,4.2200,4.676024,0.45602387,,,,,0.250000,grid_scan,True,False,scanning
A_R024,A,24,scan98,384.000,32.0000,36.500000,8.060206,22.4062,4.2200,4.681865,0.46186498,,,,,0.250000,grid_scan,True,False,scanning
A_R024,A,24,scan99,384.000,32.0000,36.750000,8.254633,22.5350,4.2200,4.687746,0.46774632,,,,,0.250000,grid_scan,True,False,scanning
A_R024,A,24,scan100,384.000,32.0000,37.000000,8.448124,22.6640,4.2200,4.693668,0.47366789,,,,,0.250000,grid_scan,True,False,scanning
A_R024,A,24,scan101,384.000,32.0000,37.250000,8.640698,22.7930,4.2200,4.699630,0.47962971,,,,,0.250000,grid_scan,True,False,scanning
A_R024,A,24,scan102,384.000,32.0000,37.500000,8.832373,22.9222,4.2200,4.705632,0.48563175,,,,,0.250000,grid_scan,True,False,scanning
A_R024,A,24,scan103,384.000,32.0000,37.750000,9.023167,23.0515,4.2200,4.711674,0.49167404,,,,,0.250000,grid_scan,True,False,scanning
A_R024,A,24,scan104,384.000,32.0000,38.000000,9.213097,23.1809,4.2200,4.717757,0.49775658,,,,,0.250000,grid_scan,True,False,scanning
A_R024,A,24,scan105,384.000,32.0000,38.250000,9.402180,23.3104,4.2200,4.723879,0.50387935,,,,,0.250000,grid_scan,True,False,scanning
A_R024,A,24,scan106,384.000,32.0000,38.500000,9.590432,23.4400,4.2200,4.730042,0.51004238,,,,,0.250000,grid_scan,True,False,scanning
A_R024,A,24,scan107,384.000,32.0000,38.750000,9.777870,23.5697,4.2200,4.736246,0.51624565,,,,,0.250000,grid_scan,True,False,scanning
A_R024,A,24,scan108,384.000,32.0000,39.000000,9.964510,23.6995,4.2200,4.742489,0.52248917,,,,,0.250000,grid_scan,True,False,scanning
A_R024,A,24,scan109,384.000,32.0000,39.250000,10.150366,23.8294,4.2200,4.748773,0.52877295,,,,,0.250000,grid_scan,True,False,scanning
A_R024,A,24,scan110,384.000,32.0000,39.500000,10.335453,23.9595,4.2200,4.755097,0.53509698,,,,,0.250000,grid_scan,True,False,scanning
A_R024,A,24,scan111,384.000,32.0000,39.750000,10.519786,24.0896,4.2200,4.761461,0.54146127,,,,,0.250000,grid_scan,True,False,scanning
A_R024,A,24,scan112,384.000,32.0000,40.000000,10.703379,24.2198,4.2200,4.767866,0.54786581,,,,,0.250000,grid_scan,True,False,scanning
A_R024,A,24,,384.000,32.0000,,,,4.2200,,,,,,12.000,,bisection,,False,no_root
A_R025,A,25,scan0,396.000,33.0000,12.000000,-25.902246,10.9601,4.2200,4.300120,0.08012050,,,,,,grid_scan,False,False,scanning
A_R025,A,25,scan1,396.000,33.0000,12.250000,-25.130128,11.0511,4.2200,4.302012,0.08201155,,,,,0.250000,grid_scan,False,False,scanning
A_R025,A,25,scan2,396.000,33.0000,12.500000,-24.383654,11.1433,4.2200,4.303941,0.08394120,,,,,0.250000,grid_scan,False,False,scanning
A_R025,A,25,scan3,396.000,33.0000,12.750000,-23.661333,11.2367,4.2200,4.305909,0.08590948,,,,,0.250000,grid_scan,False,False,scanning
A_R025,A,25,scan4,396.000,33.0000,13.000000,-22.961790,11.3312,4.2200,4.307916,0.08791641,,,,,0.250000,grid_scan,False,False,scanning
A_R025,A,25,scan5,396.000,33.0000,13.250000,-22.283747,11.4269,4.2200,4.309962,0.08996200,,,,,0.250000,grid_scan,False,False,scanning
A_R025,A,25,scan6,396.000,33.0000,13.500000,-21.626024,11.5235,4.2200,4.312046,0.09204627,,,,,0.250000,grid_scan,False,False,scanning
A_R025,A,25,scan7,396.000,33.0000,13.750000,-20.987524,11.6212,4.2200,4.314169,0.09416924,,,,,0.250000,grid_scan,False,False,scanning
A_R025,A,25,scan8,396.000,33.0000,14.000000,-20.367226,11.7198,4.2200,4.316331,0.09633093,,,,,0.250000,grid_scan,False,False,scanning
A_R025,A,25,scan9,396.000,33.0000,14.250000,-19.764182,11.8193,4.2200,4.318531,0.09853134,,,,,0.250000,grid_scan,False,False,scanning
A_R025,A,25,scan10,396.000,33.0000,14.500000,-19.177507,11.9197,4.2200,4.320770,0.10077050,,,,,0.250000,grid_scan,False,False,scanning
A_R025,A,25,scan11,396.000,33.0000,14.750000,-18.606377,12.0209,4.2200,4.323048,0.10304840,,,,,0.250000,grid_scan,False,False,scanning
A_R025,A,25,scan12,396.000,33.0000,15.000000,-18.050021,12.1230,4.2200,4.325365,0.10536507,,,,,0.250000,grid_scan,False,False,scanning
A_R025,A,25,scan13,396.000,33.0000,15.250000,-17.507718,12.2259,4.2200,4.327721,0.10772051,,,,,0.250000,grid_scan,False,False,scanning
A_R025,A,25,scan14,396.000,33.0000,15.500000,-16.978795,12.3295,4.2200,4.330115,0.11011474,,,,,0.250000,grid_scan,False,False,scanning
A_R025,A,25,scan15,396.000,33.0000,15.750000,-16.462618,12.4338,4.2200,4.332548,0.11254775,,,,,0.250000,grid_scan,False,False,scanning
A_R025,A,25,scan16,396.000,33.0000,16.000000,-15.958594,12.5388,4.2200,4.335020,0.11501956,,,,,0.250000,grid_scan,False,False,scanning
A_R025,A,25,scan17,396.000,33.0000,16.250000,-15.466168,12.6445,4.2200,4.337530,0.11753018,,,,,0.250000,grid_scan,False,False,scanning
A_R025,A,25,scan18,396.000,33.0000,16.500000,-14.984815,12.7509,4.2200,4.340080,0.12007961,,,,,0.250000,grid_scan,False,False,scanning
A_R025,A,25,scan19,396.000,33.0000,16.750000,-14.514042,12.8579,4.2200,4.342668,0.12266785,,,,,0.250000,grid_scan,False,False,scanning
A_R025,A,25,scan20,396.000,33.0000,17.000000,-14.053388,12.9655,4.2200,4.345295,0.12529493,,,,,0.250000,grid_scan,False,False,scanning
A_R025,A,25,scan21,396.000,33.0000,17.250000,-13.602413,13.0737,4.2200,4.347961,0.12796083,,,,,0.250000,grid_scan,False,False,scanning
A_R025,A,25,scan22,396.000,33.0000,17.500000,-13.160706,13.1825,4.2200,4.350666,0.13066557,,,,,0.250000,grid_scan,False,False,scanning
A_R025,A,25,scan23,396.000,33.0000,17.750000,-12.727878,13.2918,4.2200,4.353409,0.13340915,,,,,0.250000,grid_scan,False,False,scanning
A_R025,A,25,scan24,396.000,33.0000,18.000000,-12.303561,13.4017,4.2200,4.356192,0.13619157,,,,,0.250000,grid_scan,False,False,scanning
A_R025,A,25,scan25,396.000,33.0000,18.250000,-11.887408,13.5121,4.2200,4.359013,0.13901285,,,,,0.250000,grid_scan,False,False,scanning
A_R025,A,25,scan26,396.000,33.0000,18.500000,-11.479088,13.6230,4.2200,4.361873,0.14187298,,,,,0.250000,grid_scan,False,False,scanning
A_R025,A,25,scan27,396.000,33.0000,18.750000,-11.078291,13.7344,4.2200,4.364772,0.14477196,,,,,0.250000,grid_scan,False,False,scanning
A_R025,A,25,scan28,396.000,33.0000,19.000000,-10.684721,13.8463,4.2200,4.367710,0.14770981,,,,,0.250000,grid_scan,False,False,scanning
A_R025,A,25,scan29,396.000,33.0000,19.250000,-10.298098,13.9586,4.2200,4.370687,0.15068653,,,,,0.250000,grid_scan,False,False,scanning
A_R025,A,25,scan30,396.000,33.0000,19.500000,-9.918157,14.0714,4.2200,4.373702,0.15370211,,,,,0.250000,grid_scan,False,False,scanning
A_R025,A,25,scan31,396.000,33.0000,19.750000,-9.544643,14.1846,4.2200,4.376757,0.15675657,,,,,0.250000,grid_scan,False,False,scanning
A_R025,A,25,scan32,396.000,33.0000,20.000000,-9.177319,14.2983,4.2200,4.379850,0.15984991,,,,,0.250000,grid_scan,False,False,scanning
A_R025,A,25,scan33,396.000,33.0000,20.250000,-8.815956,14.4124,4.2200,4.382982,0.16298212,,,,,0.250000,grid_scan,False,False,scanning
A_R025,A,25,scan34,396.000,33.0000,20.500000,-8.460335,14.5269,4.2200,4.386153,0.16615321,,,,,0.250000,grid_scan,False,False,scanning
A_R025,A,25,scan35,396.000,33.0000,20.750000,-8.110252,14.6418,4.2200,4.389363,0.16936319,,,,,0.250000,grid_scan,False,False,scanning
A_R025,A,25,scan36,396.000,33.0000,21.000000,-7.765509,14.7571,4.2200,4.392612,0.17261206,,,,,0.250000,grid_scan,False,False,scanning
A_R025,A,25,scan37,396.000,33.0000,21.250000,-7.425918,14.8728,4.2200,4.395900,0.17589982,,,,,0.250000,grid_scan,False,False,scanning
A_R025,A,25,scan38,396.000,33.0000,21.500000,-7.091300,14.9888,4.2200,4.399226,0.17922647,,,,,0.250000,grid_scan,False,False,scanning
A_R025,A,25,scan39,396.000,33.0000,21.750000,-6.761485,15.1052,4.2200,4.402592,0.18259202,,,,,0.250000,grid_scan,False,False,scanning
A_R025,A,25,scan40,396.000,33.0000,22.000000,-6.436310,15.2219,4.2200,4.405996,0.18599646,,,,,0.250000,grid_scan,False,False,scanning
A_R025,A,25,scan41,396.000,33.0000,22.250000,-6.115618,15.3390,4.2200,4.409440,0.18943981,,,,,0.250000,grid_scan,False,False,scanning
A_R025,A,25,scan42,396.000,33.0000,22.500000,-5.799260,15.4564,4.2200,4.412922,0.19292205,,,,,0.250000,grid_scan,False,False,scanning
A_R025,A,25,scan43,396.000,33.0000,22.750000,-5.487096,15.5742,4.2200,4.416443,0.19644321,,,,,0.250000,grid_scan,False,False,scanning
A_R025,A,25,scan44,396.000,33.0000,23.000000,-5.178987,15.6923,4.2200,4.420003,0.20000327,,,,,0.250000,grid_scan,False,False,scanning
A_R025,A,25,scan45,396.000,33.0000,23.250000,-4.874804,15.8107,4.2200,4.423602,0.20360223,,,,,0.250000,grid_scan,False,False,scanning
A_R025,A,25,scan46,396.000,33.0000,23.500000,-4.574422,15.9293,4.2200,4.427240,0.20724011,,,,,0.250000,grid_scan,False,False,scanning
A_R025,A,25,scan47,396.000,33.0000,23.750000,-4.277722,16.0483,4.2200,4.430917,0.21091691,,,,,0.250000,grid_scan,False,False,scanning
A_R025,A,25,scan48,396.000,33.0000,24.000000,-3.984588,16.1676,4.2200,4.434633,0.21463262,,,,,0.250000,grid_scan,False,False,scanning
A_R025,A,25,scan49,396.000,33.0000,24.250000,-3.694910,16.2872,4.2200,4.438387,0.21838724,,,,,0.250000,grid_scan,False,False,scanning
A_R025,A,25,scan50,396.000,33.0000,24.500000,-3.408584,16.4071,4.2200,4.442181,0.22218079,,,,,0.250000,grid_scan,False,False,scanning
A_R025,A,25,scan51,396.000,33.0000,24.750000,-3.125509,16.5272,4.2200,4.446013,0.22601325,,,,,0.250000,grid_scan,False,False,scanning
A_R025,A,25,scan52,396.000,33.0000,25.000000,-2.845585,16.6476,4.2200,4.449885,0.22988464,,,,,0.250000,grid_scan,False,False,scanning
A_R025,A,25,scan53,396.000,33.0000,25.250000,-2.568722,16.7682,4.2200,4.453795,0.23379496,,,,,0.250000,grid_scan,False,False,scanning
A_R025,A,25,scan54,396.000,33.0000,25.500000,-2.294827,16.8892,4.2200,4.457744,0.23774420,,,,,0.250000,grid_scan,False,False,scanning
A_R025,A,25,scan55,396.000,33.0000,25.750000,-2.023817,17.0103,4.2200,4.461732,0.24173237,,,,,0.250000,grid_scan,False,False,scanning
A_R025,A,25,scan56,396.000,33.0000,26.000000,-1.755607,17.1318,4.2200,4.465759,0.24575947,,,,,0.250000,grid_scan,False,False,scanning
A_R025,A,25,scan57,396.000,33.0000,26.250000,-1.490117,17.2534,4.2200,4.469826,0.24982550,,,,,0.250000,grid_scan,False,False,scanning
A_R025,A,25,scan58,396.000,33.0000,26.500000,-1.227272,17.3754,4.2200,4.473930,0.25393047,,,,,0.250000,grid_scan,False,False,scanning
A_R025,A,25,scan59,396.000,33.0000,26.750000,-0.966996,17.4975,4.2200,4.478074,0.25807437,,,,,0.250000,grid_scan,False,False,scanning
A_R025,A,25,scan60,396.000,33.0000,27.000000,-0.709220,17.6199,4.2200,4.482257,0.26225722,,,,,0.250000,grid_scan,False,False,scanning
A_R025,A,25,scan61,396.000,33.0000,27.250000,-0.453873,17.7425,4.2200,4.486479,0.26647900,,,,,0.250000,grid_scan,False,False,scanning
A_R025,A,25,scan62,396.000,33.0000,27.500000,-0.200891,17.8653,4.2200,4.490740,0.27073972,,,,,0.250000,grid_scan,False,False,scanning
A_R025,A,25,scan63,396.000,33.0000,27.750000,0.049791,17.9883,4.2200,4.495039,0.27503938,,,,,0.250000,grid_scan,True,False,scanning
A_R025,A,25,scan64,396.000,33.0000,28.000000,0.298234,18.1116,4.2200,4.499378,0.27937799,,,,,0.250000,grid_scan,True,False,scanning
A_R025,A,25,scan65,396.000,33.0000,28.250000,0.544498,18.2350,4.2200,4.503756,0.28375555,,,,,0.250000,grid_scan,True,False,scanning
A_R025,A,25,scan66,396.000,33.0000,28.500000,0.788639,18.3587,4.2200,4.508172,0.28817205,,,,,0.250000,grid_scan,True,False,scanning
A_R025,A,25,scan67,396.000,33.0000,28.750000,1.030713,18.4826,4.2200,4.512628,0.29262750,,,,,0.250000,grid_scan,True,False,scanning
A_R025,A,25,scan68,396.000,33.0000,29.000000,1.270773,18.6067,4.2200,4.517122,0.29712191,,,,,0.250000,grid_scan,True,False,scanning
A_R025,A,25,scan69,396.000,33.0000,29.250000,1.508871,18.7309,4.2200,4.521655,0.30165526,,,,,0.250000,grid_scan,True,False,scanning
A_R025,A,25,scan70,396.000,33.0000,29.500000,1.745057,18.8554,4.2200,4.526228,0.30622758,,,,,0.250000,grid_scan,True,False,scanning
A_R025,A,25,scan71,396.000,33.0000,29.750000,1.979378,18.9800,4.2200,4.530839,0.31083884,,,,,0.250000,grid_scan,True,False,scanning
A_R025,A,25,scan72,396.000,33.0000,30.000000,2.211881,19.1048,4.2200,4.535489,0.31548907,,,,,0.250000,grid_scan,True,False,scanning
A_R025,A,25,scan73,396.000,33.0000,30.250000,2.442612,19.2299,4.2200,4.540178,0.32017826,,,,,0.250000,grid_scan,True,False,scanning
A_R025,A,25,scan74,396.000,33.0000,30.500000,2.671613,19.3550,4.2200,4.544906,0.32490641,,,,,0.250000,grid_scan,True,False,scanning
A_R025,A,25,scan75,396.000,33.0000,30.750000,2.898927,19.4804,4.2200,4.549674,0.32967352,,,,,0.250000,grid_scan,True,False,scanning
A_R025,A,25,scan76,396.000,33.0000,31.000000,3.124594,19.6059,4.2200,4.554480,0.33447960,,,,,0.250000,grid_scan,True,False,scanning
A_R025,A,25,scan77,396.000,33.0000,31.250000,3.348654,19.7317,4.2200,4.559325,0.33932464,,,,,0.250000,grid_scan,True,False,scanning
A_R025,A,25,scan78,396.000,33.0000,31.500000,3.571145,19.8575,4.2200,4.564209,0.34420865,,,,,0.250000,grid_scan,True,False,scanning
A_R025,A,25,scan79,396.000,33.0000,31.750000,3.792104,19.9836,4.2200,4.569132,0.34913164,,,,,0.250000,grid_scan,True,False,scanning
A_R025,A,25,scan80,396.000,33.0000,32.000000,4.011567,20.1098,4.2200,4.574094,0.35409359,,,,,0.250000,grid_scan,True,False,scanning
A_R025,A,25,scan81,396.000,33.0000,32.250000,4.229569,20.2361,4.2200,4.579095,0.35909452,,,,,0.250000,grid_scan,True,False,scanning
A_R025,A,25,scan82,396.000,33.0000,32.500000,4.446143,20.3626,4.2200,4.584134,0.36413442,,,,,0.250000,grid_scan,True,False,scanning
A_R025,A,25,scan83,396.000,33.0000,32.750000,4.661323,20.4893,4.2200,4.589213,0.36921330,,,,,0.250000,grid_scan,True,False,scanning
A_R025,A,25,scan84,396.000,33.0000,33.000000,4.875138,20.6161,4.2200,4.594331,0.37433116,,,,,0.250000,grid_scan,True,False,scanning
A_R025,A,25,scan85,396.000,33.0000,33.250000,5.087621,20.7431,4.2200,4.599488,0.37948800,,,,,0.250000,grid_scan,True,False,scanning
A_R025,A,25,scan86,396.000,33.0000,33.500000,5.298801,20.8702,4.2200,4.604684,0.38468382,,,,,0.250000,grid_scan,True,False,scanning
A_R025,A,25,scan87,396.000,33.0000,33.750000,5.508707,20.9975,4.2200,4.609919,0.38991862,,,,,0.250000,grid_scan,True,False,scanning
A_R025,A,25,scan88,396.000,33.0000,34.000000,5.717367,21.1249,4.2200,4.615192,0.39519241,,,,,0.250000,grid_scan,True,False,scanning
A_R025,A,25,scan89,396.000,33.0000,34.250000,5.924809,21.2524,4.2200,4.620505,0.40050519,,,,,0.250000,grid_scan,True,False,scanning
A_R025,A,25,scan90,396.000,33.0000,34.500000,6.131058,21.3801,4.2200,4.625857,0.40585696,,,,,0.250000,grid_scan,True,False,scanning
A_R025,A,25,scan91,396.000,33.0000,34.750000,6.336140,21.5079,4.2200,4.631248,0.41124772,,,,,0.250000,grid_scan,True,False,scanning
A_R025,A,25,scan92,396.000,33.0000,35.000000,6.540081,21.6358,4.2200,4.636677,0.41667747,,,,,0.250000,grid_scan,True,False,scanning
A_R025,A,25,scan93,396.000,33.0000,35.250000,6.742905,21.7639,4.2200,4.642146,0.42214621,,,,,0.250000,grid_scan,True,False,scanning
A_R025,A,25,scan94,396.000,33.0000,35.500000,6.944634,21.8921,4.2200,4.647654,0.42765396,,,,,0.250000,grid_scan,True,False,scanning
A_R025,A,25,scan95,396.000,33.0000,35.750000,7.145293,22.0205,4.2200,4.653201,0.43320070,,,,,0.250000,grid_scan,True,False,scanning
A_R025,A,25,scan96,396.000,33.0000,36.000000,7.344904,22.1489,4.2200,4.658786,0.43878644,,,,,0.250000,grid_scan,True,False,scanning
A_R025,A,25,scan97,396.000,33.0000,36.250000,7.543487,22.2775,4.2200,4.664411,0.44441118,,,,,0.250000,grid_scan,True,False,scanning
A_R025,A,25,scan98,396.000,33.0000,36.500000,7.741064,22.4062,4.2200,4.670075,0.45007492,,,,,0.250000,grid_scan,True,False,scanning
A_R025,A,25,scan99,396.000,33.0000,36.750000,7.937656,22.5350,4.2200,4.675778,0.45577767,,,,,0.250000,grid_scan,True,False,scanning
A_R025,A,25,scan100,396.000,33.0000,37.000000,8.133283,22.6640,4.2200,4.681519,0.46151943,,,,,0.250000,grid_scan,True,False,scanning
A_R025,A,25,scan101,396.000,33.0000,37.250000,8.327964,22.7930,4.2200,4.687300,0.46730020,,,,,0.250000,grid_scan,True,False,scanning
A_R025,A,25,scan102,396.000,33.0000,37.500000,8.521717,22.9222,4.2200,4.693120,0.47311998,,,,,0.250000,grid_scan,True,False,scanning
A_R025,A,25,scan103,396.000,33.0000,37.750000,8.714562,23.0515,4.2200,4.698979,0.47897877,,,,,0.250000,grid_scan,True,False,scanning
A_R025,A,25,scan104,396.000,33.0000,38.000000,8.906516,23.1809,4.2200,4.704877,0.48487657,,,,,0.250000,grid_scan,True,False,scanning
A_R025,A,25,scan105,396.000,33.0000,38.250000,9.097597,23.3104,4.2200,4.710813,0.49081339,,,,,0.250000,grid_scan,True,False,scanning
A_R025,A,25,scan106,396.000,33.0000,38.500000,9.287821,23.4400,4.2200,4.716789,0.49678923,,,,,0.250000,grid_scan,True,False,scanning
A_R025,A,25,scan107,396.000,33.0000,38.750000,9.477206,23.5697,4.2200,4.722804,0.50280409,,,,,0.250000,grid_scan,True,False,scanning
A_R025,A,25,scan108,396.000,33.0000,39.000000,9.665766,23.6995,4.2200,4.728858,0.50885798,,,,,0.250000,grid_scan,True,False,scanning
A_R025,A,25,scan109,396.000,33.0000,39.250000,9.853519,23.8294,4.2200,4.734951,0.51495088,,,,,0.250000,grid_scan,True,False,scanning
A_R025,A,25,scan110,396.000,33.0000,39.500000,10.040479,23.9595,4.2200,4.741083,0.52108281,,,,,0.250000,grid_scan,True,False,scanning
A_R025,A,25,scan111,396.000,33.0000,39.750000,10.226662,24.0896,4.2200,4.747254,0.52725378,,,,,0.250000,grid_scan,True,False,scanning
A_R025,A,25,scan112,396.000,33.0000,40.000000,10.412081,24.2198,4.2200,4.753464,0.53346377,,,,,0.250000,grid_scan,True,False,scanning
A_R025,A,25,,396.000,33.0000,,,,4.2200,,,,,,12.000,,bisection,,False,no_root
A_R026,A,26,scan0,408.000,34.0000,12.000000,-26.869201,10.9601,4.2200,4.299917,0.07991694,,,,,,grid_scan,False,False,scanning
A_R026,A,26,scan1,408.000,34.0000,12.250000,-26.077477,11.0511,4.2200,4.301752,0.08175237,,,,,0.250000,grid_scan,False,False,scanning
A_R026,A,26,scan2,408.000,34.0000,12.500000,-25.312175,11.1433,4.2200,4.303625,0.08362526,,,,,0.250000,grid_scan,False,False,scanning
A_R026,A,26,scan3,408.000,34.0000,12.750000,-24.571759,11.2367,4.2200,4.305536,0.08553565,,,,,0.250000,grid_scan,False,False,scanning
A_R026,A,26,scan4,408.000,34.0000,13.000000,-23.854810,11.3312,4.2200,4.307484,0.08748354,,,,,0.250000,grid_scan,False,False,scanning
A_R026,A,26,scan5,408.000,34.0000,13.250000,-23.160013,11.4269,4.2200,4.309469,0.08946895,,,,,0.250000,grid_scan,False,False,scanning
A_R026,A,26,scan6,408.000,34.0000,13.500000,-22.486151,11.5235,4.2200,4.311492,0.09149192,,,,,0.250000,grid_scan,False,False,scanning
A_R026,A,26,scan7,408.000,34.0000,13.750000,-21.832094,11.6212,4.2200,4.313552,0.09355244,,,,,0.250000,grid_scan,False,False,scanning
A_R026,A,26,scan8,408.000,34.0000,14.000000,-21.196792,11.7198,4.2200,4.315651,0.09565054,,,,,0.250000,grid_scan,False,False,scanning
A_R026,A,26,scan9,408.000,34.0000,14.250000,-20.579266,11.8193,4.2200,4.317786,0.09778622,,,,,0.250000,grid_scan,False,False,scanning
A_R026,A,26,scan10,408.000,34.0000,14.500000,-19.978606,11.9197,4.2200,4.319960,0.09995951,,,,,0.250000,grid_scan,False,False,scanning
A_R026,A,26,scan11,408.000,34.0000,14.750000,-19.393962,12.0209,4.2200,4.322170,0.10217040,,,,,0.250000,grid_scan,False,False,scanning
A_R026,A,26,scan12,408.000,34.0000,15.000000,-18.824539,12.1230,4.2200,4.324419,0.10441892,,,,,0.250000,grid_scan,False,False,scanning
A_R026,A,26,scan13,408.000,34.0000,15.250000,-18.269595,12.2259,4.2200,4.326705,0.10670507,,,,,0.250000,grid_scan,False,False,scanning
A_R026,A,26,scan14,408.000,34.0000,15.500000,-17.728436,12.3295,4.2200,4.329029,0.10902886,,,,,0.250000,grid_scan,False,False,scanning
A_R026,A,26,scan15,408.000,34.0000,15.750000,-17.200410,12.4338,4.2200,4.331390,0.11139030,,,,,0.250000,grid_scan,False,False,scanning
A_R026,A,26,scan16,408.000,34.0000,16.000000,-16.684905,12.5388,4.2200,4.333789,0.11378939,,,,,0.250000,grid_scan,False,False,scanning
A_R026,A,26,scan17,408.000,34.0000,16.250000,-16.181349,12.6445,4.2200,4.336226,0.11622615,,,,,0.250000,grid_scan,False,False,scanning
A_R026,A,26,scan18,408.000,34.0000,16.500000,-15.689202,12.7509,4.2200,4.338701,0.11870057,,,,,0.250000,grid_scan,False,False,scanning
A_R026,A,26,scan19,408.000,34.0000,16.750000,-15.207957,12.8579,4.2200,4.341213,0.12121267,,,,,0.250000,grid_scan,False,False,scanning
A_R026,A,26,scan20,408.000,34.0000,17.000000,-14.737135,12.9655,4.2200,4.343762,0.12376246,,,,,0.250000,grid_scan,False,False,scanning
A_R026,A,26,scan21,408.000,34.0000,17.250000,-14.276287,13.0737,4.2200,4.346350,0.12634993,,,,,0.250000,grid_scan,False,False,scanning
A_R026,A,26,scan22,408.000,34.0000,17.500000,-13.824988,13.1825,4.2200,4.348975,0.12897509,,,,,0.250000,grid_scan,False,False,scanning
A_R026,A,26,scan23,408.000,34.0000,17.750000,-13.382836,13.2918,4.2200,4.351638,0.13163795,,,,,0.250000,grid_scan,False,False,scanning
A_R026,A,26,scan24,408.000,34.0000,18.000000,-12.949454,13.4017,4.2200,4.354339,0.13433851,,,,,0.250000,grid_scan,False,False,scanning
A_R026,A,26,scan25,408.000,34.0000,18.250000,-12.524482,13.5121,4.2200,4.357077,0.13707677,,,,,0.250000,grid_scan,False,False,scanning
A_R026,A,26,scan26,408.000,34.0000,18.500000,-12.107581,13.6230,4.2200,4.359853,0.13985275,,,,,0.250000,grid_scan,False,False,scanning
A_R026,A,26,scan27,408.000,34.0000,18.750000,-11.698431,13.7344,4.2200,4.362666,0.14266644,,,,,0.250000,grid_scan,False,False,scanning
A_R026,A,26,scan28,408.000,34.0000,19.000000,-11.296727,13.8463,4.2200,4.365518,0.14551785,,,,,0.250000,grid_scan,False,False,scanning
A_R026,A,26,scan29,408.000,34.0000,19.250000,-10.902181,13.9586,4.2200,4.368407,0.14840697,,,,,0.250000,grid_scan,False,False,scanning
A_R026,A,26,scan30,408.000,34.0000,19.500000,-10.514518,14.0714,4.2200,4.371334,0.15133383,,,,,0.250000,grid_scan,False,False,scanning
A_R026,A,26,scan31,408.000,34.0000,19.750000,-10.133479,14.1846,4.2200,4.374298,0.15429841,,,,,0.250000,grid_scan,False,False,scanning
A_R026,A,26,scan32,408.000,34.0000,20.000000,-9.758816,14.2983,4.2200,4.377301,0.15730072,,,,,0.250000,grid_scan,False,False,scanning
A_R026,A,26,scan33,408.000,34.0000,20.250000,-9.390295,14.4124,4.2200,4.380341,0.16034076,,,,,0.250000,grid_scan,False,False,scanning
A_R026,A,26,scan34,408.000,34.0000,20.500000,-9.027691,14.5269,4.2200,4.383419,0.16341854,,,,,0.250000,grid_scan,False,False,scanning
A_R026,A,26,scan35,408.000,34.0000,20.750000,-8.670791,14.6418,4.2200,4.386534,0.16653407,,,,,0.250000,grid_scan,False,False,scanning
A_R026,A,26,scan36,408.000,34.0000,21.000000,-8.319394,14.7571,4.2200,4.389687,0.16968733,,,,,0.250000,grid_scan,False,False,scanning
A_R026,A,26,scan37,408.000,34.0000,21.250000,-7.973305,14.8728,4.2200,4.392878,0.17287833,,,,,0.250000,grid_scan,False,False,scanning
A_R026,A,26,scan38,408.000,34.0000,21.500000,-7.632339,14.9888,4.2200,4.396107,0.17610709,,,,,0.250000,grid_scan,False,False,scanning
A_R026,A,26,scan39,408.000,34.0000,21.750000,-7.296322,15.1052,4.2200,4.399374,0.17937359,,,,,0.250000,grid_scan,False,False,scanning
A_R026,A,26,scan40,408.000,34.0000,22.000000,-6.965085,15.2219,4.2200,4.402678,0.18267784,,,,,0.250000,grid_scan,False,False,scanning
A_R026,A,26,scan41,408.000,34.0000,22.250000,-6.638468,15.3390,4.2200,4.406020,0.18601985,,,,,0.250000,grid_scan,False,False,scanning
A_R026,A,26,scan42,408.000,34.0000,22.500000,-6.316317,15.4564,4.2200,4.409400,0.18939962,,,,,0.250000,grid_scan,False,False,scanning
A_R026,A,26,scan43,408.000,34.0000,22.750000,-5.998485,15.5742,4.2200,4.412817,0.19281714,,,,,0.250000,grid_scan,False,False,scanning
A_R026,A,26,scan44,408.000,34.0000,23.000000,-5.684832,15.6923,4.2200,4.416272,0.19627242,,,,,0.250000,grid_scan,False,False,scanning
A_R026,A,26,scan45,408.000,34.0000,23.250000,-5.375224,15.8107,4.2200,4.419765,0.19976546,,,,,0.250000,grid_scan,False,False,scanning
A_R026,A,26,scan46,408.000,34.0000,23.500000,-5.069532,15.9293,4.2200,4.423296,0.20329627,,,,,0.250000,grid_scan,False,False,scanning
A_R026,A,26,scan47,408.000,34.0000,23.750000,-4.767633,16.0483,4.2200,4.426865,0.20686485,,,,,0.250000,grid_scan,False,False,scanning
A_R026,A,26,scan48,408.000,34.0000,24.000000,-4.469408,16.1676,4.2200,4.430471,0.21047119,,,,,0.250000,grid_scan,False,False,scanning
A_R026,A,26,scan49,408.000,34.0000,24.250000,-4.174746,16.2872,4.2200,4.434115,0.21411530,,,,,0.250000,grid_scan,False,False,scanning
A_R026,A,26,scan50,408.000,34.0000,24.500000,-3.883536,16.4071,4.2200,4.437797,0.21779718,,,,,0.250000,grid_scan,False,False,scanning
A_R026,A,26,scan51,408.000,34.0000,24.750000,-3.595674,16.5272,4.2200,4.441517,0.22151684,,,,,0.250000,grid_scan,False,False,scanning
A_R026,A,26,scan52,408.000,34.0000,25.000000,-3.311061,16.6476,4.2200,4.445274,0.22527427,,,,,0.250000,grid_scan,False,False,scanning
A_R026,A,26,scan53,408.000,34.0000,25.250000,-3.029600,16.7682,4.2200,4.449069,0.22906948,,,,,0.250000,grid_scan,False,False,scanning
A_R026,A,26,scan54,408.000,34.0000,25.500000,-2.751198,16.8892,4.2200,4.452902,0.23290247,,,,,0.250000,grid_scan,False,False,scanning
A_R026,A,26,scan55,408.000,34.0000,25.750000,-2.475768,17.0103,4.2200,4.456773,0.23677324,,,,,0.250000,grid_scan,False,False,scanning
A_R026,A,26,scan56,408.000,34.0000,26.000000,-2.203222,17.1318,4.2200,4.460682,0.24068179,,,,,0.250000,grid_scan,False,False,scanning
A_R026,A,26,scan57,408.000,34.0000,26.250000,-1.933480,17.2534,4.2200,4.464628,0.24462813,,,,,0.250000,grid_scan,False,False,scanning
A_R026,A,26,scan58,408.000,34.0000,26.500000,-1.666462,17.3754,4.2200,4.468612,0.24861225,,,,,0.250000,grid_scan,False,False,scanning
A_R026,A,26,scan59,408.000,34.0000,26.750000,-1.402092,17.4975,4.2200,4.472634,0.25263416,,,,,0.250000,grid_scan,False,False,scanning
A_R026,A,26,scan60,408.000,34.0000,27.000000,-1.140296,17.6199,4.2200,4.476694,0.25669385,,,,,0.250000,grid_scan,False,False,scanning
A_R026,A,26,scan61,408.000,34.0000,27.250000,-0.881005,17.7425,4.2200,4.480791,0.26079134,,,,,0.250000,grid_scan,False,False,scanning
A_R026,A,26,scan62,408.000,34.0000,27.500000,-0.624149,17.8653,4.2200,4.484927,0.26492662,,,,,0.250000,grid_scan,False,False,scanning
A_R026,A,26,scan63,408.000,34.0000,27.750000,-0.369663,17.9883,4.2200,4.489100,0.26909969,,,,,0.250000,grid_scan,False,False,scanning
A_R026,A,26,scan64,408.000,34.0000,28.000000,-0.117483,18.1116,4.2200,4.493311,0.27331056,,,,,0.250000,grid_scan,False,False,scanning
A_R026,A,26,scan65,408.000,34.0000,28.250000,0.132450,18.2350,4.2200,4.497559,0.27755922,,,,,0.250000,grid_scan,True,False,scanning
A_R026,A,26,scan66,408.000,34.0000,28.500000,0.380197,18.3587,4.2200,4.501846,0.28184568,,,,,0.250000,grid_scan,True,False,scanning
A_R026,A,26,scan67,408.000,34.0000,28.750000,0.625814,18.4826,4.2200,4.506170,0.28616995,,,,,0.250000,grid_scan,True,False,scanning
A_R026,A,26,scan68,408.000,34.0000,29.000000,0.869357,18.6067,4.2200,4.510532,0.29053201,,,,,0.250000,grid_scan,True,False,scanning
A_R026,A,26,scan69,408.000,34.0000,29.250000,1.110878,18.7309,4.2200,4.514932,0.29493188,,,,,0.250000,grid_scan,True,False,scanning
A_R026,A,26,scan70,408.000,34.0000,29.500000,1.350428,18.8554,4.2200,4.519370,0.29936955,,,,,0.250000,grid_scan,True,False,scanning
A_R026,A,26,scan71,408.000,34.0000,29.750000,1.588057,18.9800,4.2200,4.523845,0.30384503,,,,,0.250000,grid_scan,True,False,scanning
A_R026,A,26,scan72,408.000,34.0000,30.000000,1.823813,19.1048,4.2200,4.528358,0.30835832,,,,,0.250000,grid_scan,True,False,scanning
A_R026,A,26,scan73,408.000,34.0000,30.250000,2.057743,19.2299,4.2200,4.532909,0.31290941,,,,,0.250000,grid_scan,True,False,scanning
A_R026,A,26,scan74,408.000,34.0000,30.500000,2.289891,19.3550,4.2200,4.537498,0.31749832,,,,,0.250000,grid_scan,True,False,scanning
A_R026,A,26,scan75,408.000,34.0000,30.750000,2.520301,19.4804,4.2200,4.542125,0.32212504,,,,,0.250000,grid_scan,True,False,scanning
A_R026,A,26,scan76,408.000,34.0000,31.000000,2.749014,19.6059,4.2200,4.546790,0.32678957,,,,,0.250000,grid_scan,True,False,scanning
A_R026,A,26,scan77,408.000,34.0000,31.250000,2.976071,19.7317,4.2200,4.551492,0.33149192,,,,,0.250000,grid_scan,True,False,scanning
A_R026,A,26,scan78,408.000,34.0000,31.500000,3.201512,19.8575,4.2200,4.556232,0.33623209,,,,,0.250000,grid_scan,True,False,scanning
A_R026,A,26,scan79,408.000,34.0000,31.750000,3.425375,19.9836,4.2200,4.561010,0.34101007,,,,,0.250000,grid_scan,True,False,scanning
A_R026,A,26,scan80,408.000,34.0000,32.000000,3.647696,20.1098,4.2200,4.565826,0.34582588,,,,,0.250000,grid_scan,True,False,scanning
A_R026,A,26,scan81,408.000,34.0000,32.250000,3.868511,20.2361,4.2200,4.570680,0.35067951,,,,,0.250000,grid_scan,True,False,scanning
A_R026,A,26,scan82,408.000,34.0000,32.500000,4.087856,20.3626,4.2200,4.575571,0.35557096,,,,,0.250000,grid_scan,True,False,scanning
A_R026,A,26,scan83,408.000,34.0000,32.750000,4.305763,20.4893,4.2200,4.580500,0.36050023,,,,,0.250000,grid_scan,True,False,scanning
A_R026,A,26,scan84,408.000,34.0000,33.000000,4.522265,20.6161,4.2200,4.585467,0.36546734,,,,,0.250000,grid_scan,True,False,scanning
A_R026,A,26,scan85,408.000,34.0000,33.250000,4.737395,20.7431,4.2200,4.590472,0.37047227,,,,,0.250000,grid_scan,True,False,scanning
A_R026,A,26,scan86,408.000,34.0000,33.500000,4.951182,20.8702,4.2200,4.595515,0.37551503,,,,,0.250000,grid_scan,True,False,scanning
A_R026,A,26,scan87,408.000,34.0000,33.750000,5.163656,20.9975,4.2200,4.600596,0.38059562,,,,,0.250000,grid_scan,True,False,scanning
A_R026,A,26,scan88,408.000,34.0000,34.000000,5.374847,21.1249,4.2200,4.605714,0.38571405,,,,,0.250000,grid_scan,True,False,scanning
A_R026,A,26,scan89,408.000,34.0000,34.250000,5.584782,21.2524,4.2200,4.610870,0.39087031,,,,,0.250000,grid_scan,True,False,scanning
A_R026,A,26,scan90,408.000,34.0000,34.500000,5.793488,21.3801,4.2200,4.616064,0.39606441,,,,,0.250000,grid_scan,True,False,scanning
A_R026,A,26,scan91,408.000,34.0000,34.750000,6.000993,21.5079,4.2200,4.621296,0.40129634,,,,,0.250000,grid_scan,True,False,scanning
A_R026,A,26,scan92,408.000,34.0000,35.000000,6.207322,21.6358,4.2200,4.626566,0.40656612,,,,,0.250000,grid_scan,True,False,scanning
A_R026,A,26,scan93,408.000,34.0000,35.250000,6.412499,21.7639,4.2200,4.631874,0.41187373,,,,,0.250000,grid_scan,True,False,scanning
A_R026,A,26,scan94,408.000,34.0000,35.500000,6.616549,21.8921,4.2200,4.637219,0.41721919,,,,,0.250000,grid_scan,True,False,scanning
A_R026,A,26,scan95,408.000,34.0000,35.750000,6.819496,22.0205,4.2200,4.642602,0.42260249,,,,,0.250000,grid_scan,True,False,scanning
A_R026,A,26,scan96,408.000,34.0000,36.000000,7.021363,22.1489,4.2200,4.648024,0.42802364,,,,,0.250000,grid_scan,True,False,scanning
A_R026,A,26,scan97,408.000,34.0000,36.250000,7.222171,22.2775,4.2200,4.653483,0.43348264,,,,,0.250000,grid_scan,True,False,scanning
A_R026,A,26,scan98,408.000,34.0000,36.500000,7.421943,22.4062,4.2200,4.658979,0.43897949,,,,,0.250000,grid_scan,True,False,scanning
A_R026,A,26,scan99,408.000,34.0000,36.750000,7.620700,22.5350,4.2200,4.664514,0.44451419,,,,,0.250000,grid_scan,True,False,scanning
A_R026,A,26,scan100,408.000,34.0000,37.000000,7.818463,22.6640,4.2200,4.670087,0.45008674,,,,,0.250000,grid_scan,True,False,scanning
A_R026,A,26,scan101,408.000,34.0000,37.250000,8.015250,22.7930,4.2200,4.675697,0.45569714,,,,,0.250000,grid_scan,True,False,scanning
A_R026,A,26,scan102,408.000,34.0000,37.500000,8.211083,22.9222,4.2200,4.681345,0.46134540,,,,,0.250000,grid_scan,True,False,scanning
A_R026,A,26,scan103,408.000,34.0000,37.750000,8.405979,23.0515,4.2200,4.687032,0.46703152,,,,,0.250000,grid_scan,True,False,scanning
A_R026,A,26,scan104,408.000,34.0000,38.000000,8.599957,23.1809,4.2200,4.692756,0.47275550,,,,,0.250000,grid_scan,True,False,scanning
A_R026,A,26,scan105,408.000,34.0000,38.250000,8.793036,23.3104,4.2200,4.698517,0.47851734,,,,,0.250000,grid_scan,True,False,scanning
A_R026,A,26,scan106,408.000,34.0000,38.500000,8.985232,23.4400,4.2200,4.704317,0.48431705,,,,,0.250000,grid_scan,True,False,scanning
A_R026,A,26,scan107,408.000,34.0000,38.750000,9.176563,23.5697,4.2200,4.710155,0.49015462,,,,,0.250000,grid_scan,True,False,scanning
A_R026,A,26,scan108,408.000,34.0000,39.000000,9.367045,23.6995,4.2200,4.716030,0.49603005,,,,,0.250000,grid_scan,True,False,scanning
A_R026,A,26,scan109,408.000,34.0000,39.250000,9.556695,23.8294,4.2200,4.721943,0.50194336,,,,,0.250000,grid_scan,True,False,scanning
A_R026,A,26,scan110,408.000,34.0000,39.500000,9.745528,23.9595,4.2200,4.727895,0.50789453,,,,,0.250000,grid_scan,True,False,scanning
A_R026,A,26,scan111,408.000,34.0000,39.750000,9.933560,24.0896,4.2200,4.733884,0.51388358,,,,,0.250000,grid_scan,True,False,scanning
A_R026,A,26,scan112,408.000,34.0000,40.000000,10.120806,24.2198,4.2200,4.739910,0.51991050,,,,,0.250000,grid_scan,True,False,scanning
A_R026,A,26,,408.000,34.0000,,,,4.2200,,,,,,12.000,,bisection,,False,no_root
A_R027,A,27,scan0,420.000,35.0000,12.000000,-27.836150,10.9601,4.2200,4.299725,0.07972502,,,,,,grid_scan,False,False,scanning
A_R027,A,27,scan1,420.000,35.0000,12.250000,-27.024821,11.0511,4.2200,4.301508,0.08150800,,,,,0.250000,grid_scan,False,False,scanning
A_R027,A,27,scan2,420.000,35.0000,12.500000,-26.240691,11.1433,4.2200,4.303327,0.08332738,,,,,0.250000,grid_scan,False,False,scanning
A_R027,A,27,scan3,420.000,35.0000,12.750000,-25.482178,11.2367,4.2200,4.305183,0.08518317,,,,,0.250000,grid_scan,False,False,scanning
A_R027,A,27,scan4,420.000,35.0000,13.000000,-24.747823,11.3312,4.2200,4.307075,0.08707541,,,,,0.250000,grid_scan,False,False,scanning
A_R027,A,27,scan5,420.000,35.0000,13.250000,-24.036272,11.4269,4.2200,4.309004,0.08900409,,,,,0.250000,grid_scan,False,False,scanning
A_R027,A,27,scan6,420.000,35.0000,13.500000,-23.346271,11.5235,4.2200,4.310969,0.09096925,,,,,0.250000,grid_scan,False,False,scanning
A_R027,A,27,scan7,420.000,35.0000,13.750000,-22.676658,11.6212,4.2200,4.312971,0.09297089,,,,,0.250000,grid_scan,False,False,scanning
A_R027,A,27,scan8,420.000,35.0000,14.000000,-22.026351,11.7198,4.2200,4.315009,0.09500903,,,,,0.250000,grid_scan,False,False,scanning
A_R027,A,27,scan9,420.000,35.0000,14.250000,-21.394344,11.8193,4.2200,4.317084,0.09708369,,,,,0.250000,grid_scan,False,False,scanning
A_R027,A,27,scan10,420.000,35.0000,14.500000,-20.779698,11.9197,4.2200,4.319195,0.09919487,,,,,0.250000,grid_scan,False,False,scanning
A_R027,A,27,scan11,420.000,35.0000,14.750000,-20.181539,12.0209,4.2200,4.321343,0.10134259,,,,,0.250000,grid_scan,False,False,scanning
A_R027,A,27,scan12,420.000,35.0000,15.000000,-19.599049,12.1230,4.2200,4.323527,0.10352685,,,,,0.250000,grid_scan,False,False,scanning
A_R027,A,27,scan13,420.000,35.0000,15.250000,-19.031465,12.2259,4.2200,4.325748,0.10574767,,,,,0.250000,grid_scan,False,False,scanning
A_R027,A,27,scan14,420.000,35.0000,15.500000,-18.478070,12.3295,4.2200,4.328005,0.10800505,,,,,0.250000,grid_scan,False,False,scanning
A_R027,A,27,scan15,420.000,35.0000,15.750000,-17.938194,12.4338,4.2200,4.330299,0.11029901,,,,,0.250000,grid_scan,False,False,scanning
A_R027,A,27,scan16,420.000,35.0000,16.000000,-17.411208,12.5388,4.2200,4.332630,0.11262954,,,,,0.250000,grid_scan,False,False,scanning
A_R027,A,27,scan17,420.000,35.0000,16.250000,-16.896523,12.6445,4.2200,4.334997,0.11499666,,,,,0.250000,grid_scan,False,False,scanning
A_R027,A,27,scan18,420.000,35.0000,16.500000,-16.393581,12.7509,4.2200,4.337400,0.11740037,,,,,0.250000,grid_scan,False,False,scanning
A_R027,A,27,scan19,420.000,35.0000,16.750000,-15.901862,12.8579,4.2200,4.339841,0.11984067,,,,,0.250000,grid_scan,False,False,scanning
A_R027,A,27,scan20,420.000,35.0000,17.000000,-15.420874,12.9655,4.2200,4.342318,0.12231759,,,,,0.250000,grid_scan,False,False,scanning
A_R027,A,27,scan21,420.000,35.0000,17.250000,-14.950152,13.0737,4.2200,4.344831,0.12483111,,,,,0.250000,grid_scan,False,False,scanning
A_R027,A,27,scan22,420.000,35.0000,17.500000,-14.489260,13.1825,4.2200,4.347381,0.12738124,,,,,0.250000,grid_scan,False,False,scanning
A_R027,A,27,scan23,420.000,35.0000,17.750000,-14.037785,13.2918,4.2200,4.349968,0.12996799,,,,,0.250000,grid_scan,False,False,scanning
A_R027,A,27,scan24,420.000,35.0000,18.000000,-13.595336,13.4017,4.2200,4.352591,0.13259137,,,,,0.250000,grid_scan,False,False,scanning
A_R027,A,27,scan25,420.000,35.0000,18.250000,-13.161546,13.5121,4.2200,4.355251,0.13525137,,,,,0.250000,grid_scan,False,False,scanning
A_R027,A,27,scan26,420.000,35.0000,18.500000,-12.736065,13.6230,4.2200,4.357948,0.13794801,,,,,0.250000,grid_scan,False,False,scanning
A_R027,A,27,scan27,420.000,35.0000,18.750000,-12.318562,13.7344,4.2200,4.360681,0.14068128,,,,,0.250000,grid_scan,False,False,scanning
A_R027,A,27,scan28,420.000,35.0000,19.000000,-11.908724,13.8463,4.2200,4.363451,0.14345118,,,,,0.250000,grid_scan,False,False,scanning
A_R027,A,27,scan29,420.000,35.0000,19.250000,-11.506254,13.9586,4.2200,4.366258,0.14625773,,,,,0.250000,grid_scan,False,False,scanning
A_R027,A,27,scan30,420.000,35.0000,19.500000,-11.110870,14.0714,4.2200,4.369101,0.14910093,,,,,0.250000,grid_scan,False,False,scanning
A_R027,A,27,scan31,420.000,35.0000,19.750000,-10.722305,14.1846,4.2200,4.371981,0.15198077,,,,,0.250000,grid_scan,False,False,scanning
A_R027,A,27,scan32,420.000,35.0000,20.000000,-10.340303,14.2983,4.2200,4.374897,0.15489726,,,,,0.250000,grid_scan,False,False,scanning
A_R027,A,27,scan33,420.000,35.0000,20.250000,-9.964623,14.4124,4.2200,4.377850,0.15785041,,,,,0.250000,grid_scan,False,False,scanning
A_R027,A,27,scan34,420.000,35.0000,20.500000,-9.595035,14.5269,4.2200,4.380840,0.16084021,,,,,0.250000,grid_scan,False,False,scanning
A_R027,A,27,scan35,420.000,35.0000,20.750000,-9.231320,14.6418,4.2200,4.383867,0.16386668,,,,,0.250000,grid_scan,False,False,scanning
A_R027,A,27,scan36,420.000,35.0000,21.000000,-8.873268,14.7571,4.2200,4.386930,0.16692980,,,,,0.250000,grid_scan,False,False,scanning
A_R027,A,27,scan37,420.000,35.0000,21.250000,-8.520680,14.8728,4.2200,4.390030,0.17002959,,,,,0.250000,grid_scan,False,False,scanning
A_R027,A,27,scan38,420.000,35.0000,21.500000,-8.173367,14.9888,4.2200,4.393166,0.17316604,,,,,0.250000,grid_scan,False,False,scanning
A_R027,A,27,scan39,420.000,35.0000,21.750000,-7.831148,15.1052,4.2200,4.396339,0.17633917,,,,,0.250000,grid_scan,False,False,scanning
A_R027,A,27,scan40,420.000,35.0000,22.000000,-7.493850,15.2219,4.2200,4.399549,0.17954896,,,,,0.250000,grid_scan,False,False,scanning
A_R027,A,27,scan41,420.000,35.0000,22.250000,-7.161307,15.3390,4.2200,4.402795,0.18279543,,,,,0.250000,grid_scan,False,False,scanning
A_R027,A,27,scan42,420.000,35.0000,22.500000,-6.833361,15.4564,4.2200,4.406079,0.18607857,,,,,0.250000,grid_scan,False,False,scanning
A_R027,A,27,scan43,420.000,35.0000,22.750000,-6.509862,15.5742,4.2200,4.409398,0.18939839,,,,,0.250000,grid_scan,False,False,scanning
A_R027,A,27,scan44,420.000,35.0000,23.000000,-6.190665,15.6923,4.2200,4.412755,0.19275489,,,,,0.250000,grid_scan,False,False,scanning
A_R027,A,27,scan45,420.000,35.0000,23.250000,-5.875631,15.8107,4.2200,4.416148,0.19614807,,,,,0.250000,grid_scan,False,False,scanning
A_R027,A,27,scan46,420.000,35.0000,23.500000,-5.564629,15.9293,4.2200,4.419578,0.19957793,,,,,0.250000,grid_scan,False,False,scanning
A_R027,A,27,scan47,420.000,35.0000,23.750000,-5.257532,16.0483,4.2200,4.423044,0.20304448,,,,,0.250000,grid_scan,False,False,scanning
A_R027,A,27,scan48,420.000,35.0000,24.000000,-4.954217,16.1676,4.2200,4.426548,0.20654771,,,,,0.250000,grid_scan,False,False,scanning
A_R027,A,27,scan49,420.000,35.0000,24.250000,-4.654568,16.2872,4.2200,4.430088,0.21008763,,,,,0.250000,grid_scan,False,False,scanning
A_R027,A,27,scan50,420.000,35.0000,24.500000,-4.358474,16.4071,4.2200,4.433664,0.21366424,,,,,0.250000,grid_scan,False,False,scanning
A_R027,A,27,scan51,420.000,35.0000,24.750000,-4.065827,16.5272,4.2200,4.437278,0.21727754,,,,,0.250000,grid_scan,False,False,scanning
A_R027,A,27,scan52,420.000,35.0000,25.000000,-3.776523,16.6476,4.2200,4.440928,0.22092754,,,,,0.250000,grid_scan,False,False,scanning
A_R027,A,27,scan53,420.000,35.0000,25.250000,-3.490465,16.7682,4.2200,4.444614,0.22461423,,,,,0.250000,grid_scan,False,False,scanning
A_R027,A,27,scan54,420.000,35.0000,25.500000,-3.207556,16.8892,4.2200,4.448338,0.22833761,,,,,0.250000,grid_scan,False,False,scanning
A_R027,A,27,scan55,420.000,35.0000,25.750000,-2.927705,17.0103,4.2200,4.452098,0.23209770,,,,,0.250000,grid_scan,False,False,scanning
A_R027,A,27,scan56,420.000,35.0000,26.000000,-2.650824,17.1318,4.2200,4.455894,0.23589448,,,,,0.250000,grid_scan,False,False,scanning
A_R027,A,27,scan57,420.000,35.0000,26.250000,-2.376830,17.2534,4.2200,4.459728,0.23972797,,,,,0.250000,grid_scan,False,False,scanning
A_R027,A,27,scan58,420.000,35.0000,26.500000,-2.105639,17.3754,4.2200,4.463598,0.24359816,,,,,0.250000,grid_scan,False,False,scanning
A_R027,A,27,scan59,420.000,35.0000,26.750000,-1.837174,17.4975,4.2200,4.467505,0.24750505,,,,,0.250000,grid_scan,False,False,scanning
A_R027,A,27,scan60,420.000,35.0000,27.000000,-1.571359,17.6199,4.2200,4.471449,0.25144865,,,,,0.250000,grid_scan,False,False,scanning
A_R027,A,27,scan61,420.000,35.0000,27.250000,-1.308122,17.7425,4.2200,4.475429,0.25542896,,,,,0.250000,grid_scan,False,False,scanning
A_R027,A,27,scan62,420.000,35.0000,27.500000,-1.047392,17.8653,4.2200,4.479446,0.25944597,,,,,0.250000,grid_scan,False,False,scanning
A_R027,A,27,scan63,420.000,35.0000,27.750000,-0.789102,17.9883,4.2200,4.483500,0.26349970,,,,,0.250000,grid_scan,False,False,scanning
A_R027,A,27,scan64,420.000,35.0000,28.000000,-0.533186,18.1116,4.2200,4.487590,0.26759013,,,,,0.250000,grid_scan,False,False,scanning
A_R027,A,27,scan65,420.000,35.0000,28.250000,-0.279583,18.2350,4.2200,4.491717,0.27171729,,,,,0.250000,grid_scan,False,False,scanning
A_R027,A,27,scan66,420.000,35.0000,28.500000,-0.028230,18.3587,4.2200,4.495881,0.27588115,,,,,0.250000,grid_scan,False,False,scanning
A_R027,A,27,scan67,420.000,35.0000,28.750000,0.220931,18.4826,4.2200,4.500082,0.28008173,,,,,0.250000,grid_scan,True,False,scanning
A_R027,A,27,scan68,420.000,35.0000,29.000000,0.467955,18.6067,4.2200,4.504319,0.28431903,,,,,0.250000,grid_scan,True,False,scanning
A_R027,A,27,scan69,420.000,35.0000,29.250000,0.712899,18.7309,4.2200,4.508593,0.28859305,,,,,0.250000,grid_scan,True,False,scanning
A_R027,A,27,scan70,420.000,35.0000,29.500000,0.955814,18.8554,4.2200,4.512904,0.29290379,,,,,0.250000,grid_scan,True,False,scanning
A_R027,A,27,scan71,420.000,35.0000,29.750000,1.196751,18.9800,4.2200,4.517251,0.29725125,,,,,0.250000,grid_scan,True,False,scanning
A_R027,A,27,scan72,420.000,35.0000,30.000000,1.435761,19.1048,4.2200,4.521635,0.30163544,,,,,0.250000,grid_scan,True,False,scanning
A_R027,A,27,scan73,420.000,35.0000,30.250000,1.672890,19.2299,4.2200,4.526056,0.30605635,,,,,0.250000,grid_scan,True,False,scanning
A_R027,A,27,scan74,420.000,35.0000,30.500000,1.908185,19.3550,4.2200,4.530514,0.31051399,,,,,0.250000,grid_scan,True,False,scanning
A_R027,A,27,scan75,420.000,35.0000,30.750000,2.141691,19.4804,4.2200,4.535008,0.31500835,,,,,0.250000,grid_scan,True,False,scanning
A_R027,A,27,scan76,420.000,35.0000,31.000000,2.373450,19.6059,4.2200,4.539539,0.31953945,,,,,0.250000,grid_scan,True,False,scanning
A_R027,A,27,scan77,420.000,35.0000,31.250000,2.603505,19.7317,4.2200,4.544107,0.32410727,,,,,0.250000,grid_scan,True,False,scanning
A_R027,A,27,scan78,420.000,35.0000,31.500000,2.831896,19.8575,4.2200,4.548712,0.32871183,,,,,0.250000,grid_scan,True,False,scanning
A_R027,A,27,scan79,420.000,35.0000,31.750000,3.058662,19.9836,4.2200,4.553353,0.33335312,,,,,0.250000,grid_scan,True,False,scanning
A_R027,A,27,scan80,420.000,35.0000,32.000000,3.283841,20.1098,4.2200,4.558031,0.33803115,,,,,0.250000,grid_scan,True,False,scanning
A_R027,A,27,scan81,420.000,35.0000,32.250000,3.507470,20.2361,4.2200,4.562746,0.34274591,,,,,0.250000,grid_scan,True,False,scanning
A_R027,A,27,scan82,420.000,35.0000,32.500000,3.729585,20.3626,4.2200,4.567497,0.34749741,,,,,0.250000,grid_scan,True,False,scanning
A_R027,A,27,scan83,420.000,35.0000,32.750000,3.950220,20.4893,4.2200,4.572286,0.35228565,,,,,0.250000,grid_scan,True,False,scanning
A_R027,A,27,scan84,420.000,35.0000,33.000000,4.169410,20.6161,4.2200,4.577111,0.35711063,,,,,0.250000,grid_scan,True,False,scanning
A_R027,A,27,scan85,420.000,35.0000,33.250000,4.387186,20.7431,4.2200,4.581972,0.36197236,,,,,0.250000,grid_scan,True,False,scanning
A_R027,A,27,scan86,420.000,35.0000,33.500000,4.603580,20.8702,4.2200,4.586871,0.36687082,,,,,0.250000,grid_scan,True,False,scanning
A_R027,A,27,scan87,420.000,35.0000,33.750000,4.818623,20.9975,4.2200,4.591806,0.37180604,,,,,0.250000,grid_scan,True,False,scanning
A_R027,A,27,scan88,420.000,35.0000,34.000000,5.032344,21.1249,4.2200,4.596778,0.37677800,,,,,0.250000,grid_scan,True,False,scanning
A_R027,A,27,scan89,420.000,35.0000,34.250000,5.244773,21.2524,4.2200,4.601787,0.38178671,,,,,0.250000,grid_scan,True,False,scanning
A_R027,A,27,scan90,420.000,35.0000,34.500000,5.455937,21.3801,4.2200,4.606832,0.38683216,,,,,0.250000,grid_scan,True,False,scanning
A_R027,A,27,scan91,420.000,35.0000,34.750000,5.665864,21.5079,4.2200,4.611914,0.39191438,,,,,0.250000,grid_scan,True,False,scanning
A_R027,A,27,scan92,420.000,35.0000,35.000000,5.874580,21.6358,4.2200,4.617033,0.39703334,,,,,0.250000,grid_scan,True,False,scanning
A_R027,A,27,scan93,420.000,35.0000,35.250000,6.082111,21.7639,4.2200,4.622189,0.40218906,,,,,0.250000,grid_scan,True,False,scanning
A_R027,A,27,scan94,420.000,35.0000,35.500000,6.288482,21.8921,4.2200,4.627382,0.40738153,,,,,0.250000,grid_scan,True,False,scanning
A_R027,A,27,scan95,420.000,35.0000,35.750000,6.493717,22.0205,4.2200,4.632611,0.41261076,,,,,0.250000,grid_scan,True,False,scanning
A_R027,A,27,scan96,420.000,35.0000,36.000000,6.697840,22.1489,4.2200,4.637877,0.41787675,,,,,0.250000,grid_scan,True,False,scanning
A_R027,A,27,scan97,420.000,35.0000,36.250000,6.900874,22.2775,4.2200,4.643180,0.42317950,,,,,0.250000,grid_scan,True,False,scanning
A_R027,A,27,scan98,420.000,35.0000,36.500000,7.102841,22.4062,4.2200,4.648519,0.42851901,,,,,0.250000,grid_scan,True,False,scanning
A_R027,A,27,scan99,420.000,35.0000,36.750000,7.303763,22.5350,4.2200,4.653895,0.43389529,,,,,0.250000,grid_scan,True,False,scanning
A_R027,A,27,scan100,420.000,35.0000,37.000000,7.503661,22.6640,4.2200,4.659308,0.43930833,,,,,0.250000,grid_scan,True,False,scanning
A_R027,A,27,scan101,420.000,35.0000,37.250000,7.702556,22.7930,4.2200,4.664758,0.44475814,,,,,0.250000,grid_scan,True,False,scanning
A_R027,A,27,scan102,420.000,35.0000,37.500000,7.900468,22.9222,4.2200,4.670245,0.45024471,,,,,0.250000,grid_scan,True,False,scanning
A_R027,A,27,scan103,420.000,35.0000,37.750000,8.097415,23.0515,4.2200,4.675768,0.45576806,,,,,0.250000,grid_scan,True,False,scanning
A_R027,A,27,scan104,420.000,35.0000,38.000000,8.293418,23.1809,4.2200,4.681328,0.46132818,,,,,0.250000,grid_scan,True,False,scanning
A_R027,A,27,scan105,420.000,35.0000,38.250000,8.488494,23.3104,4.2200,4.686925,0.46692507,,,,,0.250000,grid_scan,True,False,scanning
A_R027,A,27,scan106,420.000,35.0000,38.500000,8.682663,23.4400,4.2200,4.692559,0.47255873,,,,,0.250000,grid_scan,True,False,scanning
A_R027,A,27,scan107,420.000,35.0000,38.750000,8.875940,23.5697,4.2200,4.698229,0.47822917,,,,,0.250000,grid_scan,True,False,scanning
A_R027,A,27,scan108,420.000,35.0000,39.000000,9.068344,23.6995,4.2200,4.703936,0.48393639,,,,,0.250000,grid_scan,True,False,scanning
A_R027,A,27,scan109,420.000,35.0000,39.250000,9.259891,23.8294,4.2200,4.709680,0.48968039,,,,,0.250000,grid_scan,True,False,scanning
A_R027,A,27,scan110,420.000,35.0000,39.500000,9.450597,23.9595,4.2200,4.715461,0.49546117,,,,,0.250000,grid_scan,True,False,scanning
A_R027,A,27,scan111,420.000,35.0000,39.750000,9.640479,24.0896,4.2200,4.721279,0.50127873,,,,,0.250000,grid_scan,True,False,scanning
A_R027,A,27,scan112,420.000,35.0000,40.000000,9.829551,24.2198,4.2200,4.727133,0.50713308,,,,,0.250000,grid_scan,True,False,scanning
A_R027,A,27,,420.000,35.0000,,,,4.2200,,,,,,12.000,,bisection,,False,no_root
A_R028,A,28,scan0,432.000,36.0000,12.000000,-28.803093,10.9601,4.2200,4.299544,0.07954376,,,,,,grid_scan,False,False,scanning
A_R028,A,28,scan1,432.000,36.0000,12.250000,-27.972159,11.0511,4.2200,4.301277,0.08127721,,,,,0.250000,grid_scan,False,False,scanning
A_R028,A,28,scan2,432.000,36.0000,12.500000,-27.169200,11.1433,4.2200,4.303046,0.08304605,,,,,0.250000,grid_scan,False,False,scanning
A_R028,A,28,scan3,432.000,36.0000,12.750000,-26.392591,11.2367,4.2200,4.304850,0.08485029,,,,,0.250000,grid_scan,False,False,scanning
A_R028,A,28,scan4,432.000,36.0000,13.000000,-25.640830,11.3312,4.2200,4.306690,0.08668995,,,,,0.250000,grid_scan,False,False,scanning
A_R028,A,28,scan5,432.000,36.0000,13.250000,-24.912524,11.4269,4.2200,4.308565,0.08856506,,,,,0.250000,grid_scan,False,False,scanning
A_R028,A,28,scan6,432.000,36.0000,13.500000,-24.206385,11.5235,4.2200,4.310476,0.09047562,,,,,0.250000,grid_scan,False,False,scanning
A_R028,A,28,scan7,432.000,36.0000,13.750000,-23.521216,11.6212,4.2200,4.312422,0.09242166,,,,,0.250000,grid_scan,False,False,scanning
A_R028,A,28,scan8,432.000,36.0000,14.000000,-22.855904,11.7198,4.2200,4.314403,0.09440318,,,,,0.250000,grid_scan,False,False,scanning
A_R028,A,28,scan9,432.000,36.0000,14.250000,-22.209415,11.8193,4.2200,4.316420,0.09642020,,,,,0.250000,grid_scan,False,False,scanning
A_R028,A,28,scan10,432.000,36.0000,14.500000,-21.580783,11.9197,4.2200,4.318473,0.09847273,,,,,0.250000,grid_scan,False,False,scanning
A_R028,A,28,scan11,432.000,36.0000,14.750000,-20.969109,12.0209,4.2200,4.320561,0.10056077,,,,,0.250000,grid_scan,False,False,scanning
A_R028,A,28,scan12,432.000,36.0000,15.000000,-20.373552,12.1230,4.2200,4.322684,0.10268435,,,,,0.250000,grid_scan,False,False,scanning
A_R028,A,28,scan13,432.000,36.0000,15.250000,-19.793326,12.2259,4.2200,4.324843,0.10484347,,,,,0.250000,grid_scan,False,False,scanning
A_R028,A,28,scan14,432.000,36.0000,15.500000,-19.227696,12.3295,4.2200,4.327038,0.10703814,,,,,0.250000,grid_scan,False,False,scanning
A_R028,A,28,scan15,432.000,36.0000,15.750000,-18.675970,12.4338,4.2200,4.329268,0.10926836,,,,,0.250000,grid_scan,False,False,scanning
A_R028,A,28,scan16,432.000,36.0000,16.000000,-18.137504,12.5388,4.2200,4.331534,0.11153414,,,,,0.250000,grid_scan,False,False,scanning
A_R028,A,28,scan17,432.000,36.0000,16.250000,-17.611688,12.6445,4.2200,4.333835,0.11383549,,,,,0.250000,grid_scan,False,False,scanning
A_R028,A,28,scan18,432.000,36.0000,16.500000,-17.097952,12.7509,4.2200,4.336172,0.11617241,,,,,0.250000,grid_scan,False,False,scanning
A_R028,A,28,scan19,432.000,36.0000,16.750000,-16.595760,12.8579,4.2200,4.338545,0.11854492,,,,,0.250000,grid_scan,False,False,scanning
A_R028,A,28,scan20,432.000,36.0000,17.000000,-16.104604,12.9655,4.2200,4.340953,0.12095301,,,,,0.250000,grid_scan,False,False,scanning
A_R028,A,28,scan21,432.000,36.0000,17.250000,-15.624009,13.0737,4.2200,4.343397,0.12339669,,,,,0.250000,grid_scan,False,False,scanning
A_R028,A,28,scan22,432.000,36.0000,17.500000,-15.153524,13.1825,4.2200,4.345876,0.12587597,,,,,0.250000,grid_scan,False,False,scanning
A_R028,A,28,scan23,432.000,36.0000,17.750000,-14.692725,13.2918,4.2200,4.348391,0.12839085,,,,,0.250000,grid_scan,False,False,scanning
A_R028,A,28,scan24,432.000,36.0000,18.000000,-14.241211,13.4017,4.2200,4.350941,0.13094133,,,,,0.250000,grid_scan,False,False,scanning
A_R028,A,28,scan25,432.000,36.0000,18.250000,-13.798602,13.5121,4.2200,4.353527,0.13352742,,,,,0.250000,grid_scan,False,False,scanning
A_R028,A,28,scan26,432.000,36.0000,18.500000,-13.364539,13.6230,4.2200,4.356149,0.13614912,,,,,0.250000,grid_scan,False,False,scanning
A_R028,A,28,scan27,432.000,36.0000,18.750000,-12.938683,13.7344,4.2200,4.358806,0.13880644,,,,,0.250000,grid_scan,False,False,scanning
A_R028,A,28,scan28,432.000,36.0000,19.000000,-12.520711,13.8463,4.2200,4.361499,0.14149938,,,,,0.250000,grid_scan,False,False,scanning
A_R028,A,28,scan29,432.000,36.0000,19.250000,-12.110318,13.9586,4.2200,4.364228,0.14422794,,,,,0.250000,grid_scan,False,False,scanning
A_R028,A,28,scan30,432.000,36.0000,19.500000,-11.707213,14.0714,4.2200,4.366992,0.14699213,,,,,0.250000,grid_scan,False,False,scanning
A_R028,A,28,scan31,432.000,36.0000,19.750000,-11.311121,14.1846,4.2200,4.369792,0.14979194,,,,,0.250000,grid_scan,False,False,scanning
A_R028,A,28,scan32,432.000,36.0000,20.000000,-10.921780,14.2983,4.2200,4.372627,0.15262739,,,,,0.250000,grid_scan,False,False,scanning
A_R028,A,28,scan33,432.000,36.0000,20.250000,-10.538942,14.4124,4.2200,4.375498,0.15549847,,,,,0.250000,grid_scan,False,False,scanning
A_R028,A,28,scan34,432.000,36.0000,20.500000,-10.162370,14.5269,4.2200,4.378405,0.15840519,,,,,0.250000,grid_scan,False,False,scanning
A_R028,A,28,scan35,432.000,36.0000,20.750000,-9.791838,14.6418,4.2200,4.381348,0.16134754,,,,,0.250000,grid_scan,False,False,scanning
A_R028,A,28,scan36,432.000,36.0000,21.000000,-9.427132,14.7571,4.2200,4.384326,0.16432554,,,,,0.250000,grid_scan,False,False,scanning
A_R028,A,28,scan37,432.000,36.0000,21.250000,-9.068046,14.8728,4.2200,4.387339,0.16733918,,,,,0.250000,grid_scan,False,False,scanning
A_R028,A,28,scan38,432.000,36.0000,21.500000,-8.714385,14.9888,4.2200,4.390388,0.17038847,,,,,0.250000,grid_scan,False,False,scanning
A_R028,A,28,scan39,432.000,36.0000,21.750000,-8.365964,15.1052,4.2200,4.393473,0.17347341,,,,,0.250000,grid_scan,False,False,scanning
A_R028,A,28,scan40,432.000,36.0000,22.000000,-8.022604,15.2219,4.2200,4.396594,0.17659399,,,,,0.250000,grid_scan,False,False,scanning
A_R028,A,28,scan41,432.000,36.0000,22.250000,-7.684135,15.3390,4.2200,4.399750,0.17975023,,,,,0.250000,grid_scan,False,False,scanning
A_R028,A,28,scan42,432.000,36.0000,22.500000,-7.350395,15.4564,4.2200,4.402942,0.18294213,,,,,0.250000,grid_scan,False,False,scanning
A_R028,A,28,scan43,432.000,36.0000,22.750000,-7.021229,15.5742,4.2200,4.406170,0.18616967,,,,,0.250000,grid_scan,False,False,scanning
A_R028,A,28,scan44,432.000,36.0000,23.000000,-6.696487,15.6923,4.2200,4.409433,0.18943288,,,,,0.250000,grid_scan,False,False,scanning
A_R028,A,28,scan45,432.000,36.0000,23.250000,-6.376028,15.8107,4.2200,4.412732,0.19273175,,,,,0.250000,grid_scan,False,False,scanning
A_R028,A,28,scan46,432.000,36.0000,23.500000,-6.059716,15.9293,4.2200,4.416066,0.19606628,,,,,0.250000,grid_scan,False,False,scanning
A_R028,A,28,scan47,432.000,36.0000,23.750000,-5.747419,16.0483,4.2200,4.419436,0.19943647,,,,,0.250000,grid_scan,False,False,scanning
A_R028,A,28,scan48,432.000,36.0000,24.000000,-5.439014,16.1676,4.2200,4.422842,0.20284233,,,,,0.250000,grid_scan,False,False,scanning
A_R028,A,28,scan49,432.000,36.0000,24.250000,-5.134380,16.2872,4.2200,4.426284,0.20628385,,,,,0.250000,grid_scan,False,False,scanning
A_R028,A,28,scan50,432.000,36.0000,24.500000,-4.833401,16.4071,4.2200,4.429761,0.20976104,,,,,0.250000,grid_scan,False,False,scanning
A_R028,A,28,scan51,432.000,36.0000,24.750000,-4.535968,16.5272,4.2200,4.433274,0.21327391,,,,,0.250000,grid_scan,False,False,scanning
A_R028,A,28,scan52,432.000,36.0000,25.000000,-4.241974,16.6476,4.2200,4.436822,0.21682244,,,,,0.250000,grid_scan,False,False,scanning
A_R028,A,28,scan53,432.000,36.0000,25.250000,-3.951318,16.7682,4.2200,4.440407,0.22040665,,,,,0.250000,grid_scan,False,False,scanning
A_R028,A,28,scan54,432.000,36.0000,25.500000,-3.663901,16.8892,4.2200,4.444027,0.22402653,,,,,0.250000,grid_scan,False,False,scanning
A_R028,A,28,scan55,432.000,36.0000,25.750000,-3.379630,17.0103,4.2200,4.447682,0.22768209,,,,,0.250000,grid_scan,False,False,scanning
A_R028,A,28,scan56,432.000,36.0000,26.000000,-3.098414,17.1318,4.2200,4.451373,0.23137332,,,,,0.250000,grid_scan,False,False,scanning
A_R028,A,28,scan57,432.000,36.0000,26.250000,-2.820167,17.2534,4.2200,4.455100,0.23510024,,,,,0.250000,grid_scan,False,False,scanning
A_R028,A,28,scan58,432.000,36.0000,26.500000,-2.544803,17.3754,4.2200,4.458863,0.23886283,,,,,0.250000,grid_scan,False,False,scanning
A_R028,A,28,scan59,432.000,36.0000,26.750000,-2.272243,17.4975,4.2200,4.462661,0.24266111,,,,,0.250000,grid_scan,False,False,scanning
A_R028,A,28,scan60,432.000,36.0000,27.000000,-2.002409,17.6199,4.2200,4.466495,0.24649507,,,,,0.250000,grid_scan,False,False,scanning
A_R028,A,28,scan61,432.000,36.0000,27.250000,-1.735226,17.7425,4.2200,4.470365,0.25036471,,,,,0.250000,grid_scan,False,False,scanning
A_R028,A,28,scan62,432.000,36.0000,27.500000,-1.470623,17.8653,4.2200,4.474270,0.25427005,,,,,0.250000,grid_scan,False,False,scanning
A_R028,A,28,scan63,432.000,36.0000,27.750000,-1.208528,17.9883,4.2200,4.478211,0.25821106,,,,,0.250000,grid_scan,False,False,scanning
A_R028,A,28,scan64,432.000,36.0000,28.000000,-0.948876,18.1116,4.2200,4.482188,0.26218777,,,,,0.250000,grid_scan,False,False,scanning
A_R028,A,28,scan65,432.000,36.0000,28.250000,-0.691602,18.2350,4.2200,4.486200,0.26620017,,,,,0.250000,grid_scan,False,False,scanning
A_R028,A,28,scan66,432.000,36.0000,28.500000,-0.436643,18.3587,4.2200,4.490248,0.27024826,,,,,0.250000,grid_scan,False,False,scanning
A_R028,A,28,scan67,432.000,36.0000,28.750000,-0.183940,18.4826,4.2200,4.494332,0.27433204,,,,,0.250000,grid_scan,False,False,scanning
A_R028,A,28,scan68,432.000,36.0000,29.000000,0.066567,18.6067,4.2200,4.498452,0.27845152,,,,,0.250000,grid_scan,True,False,scanning
A_R028,A,28,scan69,432.000,36.0000,29.250000,0.314934,18.7309,4.2200,4.502607,0.28260669,,,,,0.250000,grid_scan,True,False,scanning
A_R028,A,28,scan70,432.000,36.0000,29.500000,0.561214,18.8554,4.2200,4.506798,0.28679757,,,,,0.250000,grid_scan,True,False,scanning
A_R028,A,28,scan71,432.000,36.0000,29.750000,0.805460,18.9800,4.2200,4.511024,0.29102413,,,,,0.250000,grid_scan,True,False,scanning
A_R028,A,28,scan72,432.000,36.0000,30.000000,1.047723,19.1048,4.2200,4.515286,0.29528640,,,,,0.250000,grid_scan,True,False,scanning
A_R028,A,28,scan73,432.000,36.0000,30.250000,1.288052,19.2299,4.2200,4.519584,0.29958437,,,,,0.250000,grid_scan,True,False,scanning
A_R028,A,28,scan74,432.000,36.0000,30.500000,1.526494,19.3550,4.2200,4.523918,0.30391805,,,,,0.250000,grid_scan,True,False,scanning
A_R028,A,28,scan75,432.000,36.0000,30.750000,1.763096,19.4804,4.2200,4.528287,0.30828742,,,,,0.250000,grid_scan,True,False,scanning
A_R028,A,28,scan76,432.000,36.0000,31.000000,1.997901,19.6059,4.2200,4.532693,0.31269251,,,,,0.250000,grid_scan,True,False,scanning
A_R028,A,28,scan77,432.000,36.0000,31.250000,2.230953,19.7317,4.2200,4.537133,0.31713329,,,,,0.250000,grid_scan,True,False,scanning
A_R028,A,28,scan78,432.000,36.0000,31.500000,2.462294,19.8575,4.2200,4.541610,0.32160979,,,,,0.250000,grid_scan,True,False,scanning
A_R028,A,28,scan79,432.000,36.0000,31.750000,2.691963,19.9836,4.2200,4.546122,0.32612200,,,,,0.250000,grid_scan,True,False,scanning
A_R028,A,28,scan80,432.000,36.0000,32.000000,2.920001,20.1098,4.2200,4.550670,0.33066991,,,,,0.250000,grid_scan,True,False,scanning
A_R028,A,28,scan81,432.000,36.0000,32.250000,3.146444,20.2361,4.2200,4.555254,0.33525354,,,,,0.250000,grid_scan,True,False,scanning
A_R028,A,28,scan82,432.000,36.0000,32.500000,3.371330,20.3626,4.2200,4.559873,0.33987288,,,,,0.250000,grid_scan,True,False,scanning
A_R028,A,28,scan83,432.000,36.0000,32.750000,3.594693,20.4893,4.2200,4.564528,0.34452794,,,,,0.250000,grid_scan,True,False,scanning
A_R028,A,28,scan84,432.000,36.0000,33.000000,3.816570,20.6161,4.2200,4.569219,0.34921871,,,,,0.250000,grid_scan,True,False,scanning
A_R028,A,28,scan85,432.000,36.0000,33.250000,4.036992,20.7431,4.2200,4.573945,0.35394520,,,,,0.250000,grid_scan,True,False,scanning
A_R028,A,28,scan86,432.000,36.0000,33.500000,4.255994,20.8702,4.2200,4.578707,0.35870741,,,,,0.250000,grid_scan,True,False,scanning
A_R028,A,28,scan87,432.000,36.0000,33.750000,4.473605,20.9975,4.2200,4.583505,0.36350534,,,,,0.250000,grid_scan,True,False,scanning
A_R028,A,28,scan88,432.000,36.0000,34.000000,4.689857,21.1249,4.2200,4.588339,0.36833899,,,,,0.250000,grid_scan,True,False,scanning
A_R028,A,28,scan89,432.000,36.0000,34.250000,4.904780,21.2524,4.2200,4.593208,0.37320836,,,,,0.250000,grid_scan,True,False,scanning
A_R028,A,28,scan90,432.000,36.0000,34.500000,5.118402,21.3801,4.2200,4.598113,0.37811346,,,,,0.250000,grid_scan,True,False,scanning
A_R028,A,28,scan91,432.000,36.0000,34.750000,5.330751,21.5079,4.2200,4.603054,0.38305429,,,,,0.250000,grid_scan,True,False,scanning
A_R028,A,28,scan92,432.000,36.0000,35.000000,5.541855,21.6358,4.2200,4.608031,0.38803084,,,,,0.250000,grid_scan,True,False,scanning
A_R028,A,28,scan93,432.000,36.0000,35.250000,5.751740,21.7639,4.2200,4.613043,0.39304311,,,,,0.250000,grid_scan,True,False,scanning
A_R028,A,28,scan94,432.000,36.0000,35.500000,5.960432,21.8921,4.2200,4.618091,0.39809112,,,,,0.250000,grid_scan,True,False,scanning
A_R028,A,28,scan95,432.000,36.0000,35.750000,6.167956,22.0205,4.2200,4.623175,0.40317486,,,,,0.250000,grid_scan,True,False,scanning
A_R028,A,28,scan96,432.000,36.0000,36.000000,6.374335,22.1489,4.2200,4.628294,0.40829433,,,,,0.250000,grid_scan,True,False,scanning
A_R028,A,28,scan97,432.000,36.0000,36.250000,6.579595,22.2775,4.2200,4.633450,0.41344954,,,,,0.250000,grid_scan,True,False,scanning
A_R028,A,28,scan98,432.000,36.0000,36.500000,6.783757,22.4062,4.2200,4.638640,0.41864048,,,,,0.250000,grid_scan,True,False,scanning
A_R028,A,28,scan99,432.000,36.0000,36.750000,6.986844,22.5350,4.2200,4.643867,0.42386716,,,,,0.250000,grid_scan,True,False,scanning
A_R028,A,28,scan100,432.000,36.0000,37.000000,7.188878,22.6640,4.2200,4.649130,0.42912958,,,,,0.250000,grid_scan,True,False,scanning
A_R028,A,28,scan101,432.000,36.0000,37.250000,7.389880,22.7930,4.2200,4.654428,0.43442774,,,,,0.250000,grid_scan,True,False,scanning
A_R028,A,28,scan102,432.000,36.0000,37.500000,7.589870,22.9222,4.2200,4.659762,0.43976163,,,,,0.250000,grid_scan,True,False,scanning
A_R028,A,28,scan103,432.000,36.0000,37.750000,7.788869,23.0515,4.2200,4.665131,0.44513127,,,,,0.250000,grid_scan,True,False,scanning
A_R028,A,28,scan104,432.000,36.0000,38.000000,7.986897,23.1809,4.2200,4.670537,0.45053666,,,,,0.250000,grid_scan,True,False,scanning
A_R028,A,28,scan105,432.000,36.0000,38.250000,8.183971,23.3104,4.2200,4.675978,0.45597779,,,,,0.250000,grid_scan,True,False,scanning
A_R028,A,28,scan106,432.000,36.0000,38.500000,8.380112,23.4400,4.2200,4.681455,0.46145467,,,,,0.250000,grid_scan,True,False,scanning
A_R028,A,28,scan107,432.000,36.0000,38.750000,8.575336,23.5697,4.2200,4.686967,0.46696729,,,,,0.250000,grid_scan,True,False,scanning
A_R028,A,28,scan108,432.000,36.0000,39.000000,8.769662,23.6995,4.2200,4.692516,0.47251567,,,,,0.250000,grid_scan,True,False,scanning
A_R028,A,28,scan109,432.000,36.0000,39.250000,8.963106,23.8294,4.2200,4.698100,0.47809979,,,,,0.250000,grid_scan,True,False,scanning
A_R028,A,28,scan110,432.000,36.0000,39.500000,9.155685,23.9595,4.2200,4.703720,0.48371967,,,,,0.250000,grid_scan,True,False,scanning
A_R028,A,28,scan111,432.000,36.0000,39.750000,9.347416,24.0896,4.2200,4.709375,0.48937531,,,,,0.250000,grid_scan,True,False,scanning
A_R028,A,28,scan112,432.000,36.0000,40.000000,9.538315,24.2198,4.2200,4.715067,0.49506670,,,,,0.250000,grid_scan,True,False,scanning
A_R028,A,28,,432.000,36.0000,,,,4.2200,,,,,,12.000,,bisection,,False,no_root
A_R029,A,29,scan0,444.000,37.0000,12.000000,-29.770030,10.9601,4.2200,4.299372,0.07937230,,,,,,grid_scan,False,False,scanning
A_R029,A,29,scan1,444.000,37.0000,12.250000,-28.919491,11.0511,4.2200,4.301059,0.08105890,,,,,0.250000,grid_scan,False,False,scanning
A_R029,A,29,scan2,444.000,37.0000,12.500000,-28.097704,11.1433,4.2200,4.302780,0.08277993,,,,,0.250000,grid_scan,False,False,scanning
A_R029,A,29,scan3,444.000,37.0000,12.750000,-27.302999,11.2367,4.2200,4.304535,0.08453540,,,,,0.250000,grid_scan,False,False,scanning
A_R029,A,29,scan4,444.000,37.0000,13.000000,-26.533831,11.3312,4.2200,4.306325,0.08632534,,,,,0.250000,grid_scan,False,False,scanning
A_R029,A,29,scan5,444.000,37.0000,13.250000,-25.788771,11.4269,4.2200,4.308150,0.08814976,,,,,0.250000,grid_scan,False,False,scanning
A_R029,A,29,scan6,444.000,37.0000,13.500000,-25.066493,11.5235,4.2200,4.310009,0.09000868,,,,,0.250000,grid_scan,False,False,scanning
A_R029,A,29,scan7,444.000,37.0000,13.750000,-24.365767,11.6212,4.2200,4.311902,0.09190212,,,,,0.250000,grid_scan,False,False,scanning
A_R029,A,29,scan8,444.000,37.0000,14.000000,-23.685451,11.7198,4.2200,4.313830,0.09383008,,,,,0.250000,grid_scan,False,False,scanning
A_R029,A,29,scan9,444.000,37.0000,14.250000,-23.024479,11.8193,4.2200,4.315793,0.09579257,,,,,0.250000,grid_scan,False,False,scanning
A_R029,A,29,scan10,444.000,37.0000,14.500000,-22.381862,11.9197,4.2200,4.317790,0.09778962,,,,,0.250000,grid_scan,False,False,scanning
A_R029,A,29,scan11,444.000,37.0000,14.750000,-21.756673,12.0209,4.2200,4.319821,0.09982123,,,,,0.250000,grid_scan,False,False,scanning
A_R029,A,29,scan12,444.000,37.0000,15.000000,-21.148049,12.1230,4.2200,4.321887,0.10188740,,,,,0.250000,grid_scan,False,False,scanning
A_R029,A,29,scan13,444.000,37.0000,15.250000,-20.555182,12.2259,4.2200,4.323988,0.10398816,,,,,0.250000,grid_scan,False,False,scanning
A_R029,A,29,scan14,444.000,37.0000,15.500000,-19.977315,12.3295,4.2200,4.326123,0.10612350,,,,,0.250000,grid_scan,False,False,scanning
A_R029,A,29,scan15,444.000,37.0000,15.750000,-19.413740,12.4338,4.2200,4.328293,0.10829343,,,,,0.250000,grid_scan,False,False,scanning
A_R029,A,29,scan16,444.000,37.0000,16.000000,-18.863792,12.5388,4.2200,4.330498,0.11049796,,,,,0.250000,grid_scan,False,False,scanning
A_R029,A,29,scan17,444.000,37.0000,16.250000,-18.326846,12.6445,4.2200,4.332737,0.11273710,,,,,0.250000,grid_scan,False,False,scanning
A_R029,A,29,scan18,444.000,37.0000,16.500000,-17.802317,12.7509,4.2200,4.335011,0.11501085,,,,,0.250000,grid_scan,False,False,scanning
A_R029,A,29,scan19,444.000,37.0000,16.750000,-17.289650,12.8579,4.2200,4.337319,0.11731922,,,,,0.250000,grid_scan,False,False,scanning
A_R029,A,29,scan20,444.000,37.0000,17.000000,-16.788327,12.9655,4.2200,4.339662,0.11966221,,,,,0.250000,grid_scan,False,False,scanning
A_R029,A,29,scan21,444.000,37.0000,17.250000,-16.297858,13.0737,4.2200,4.342040,0.12203983,,,,,0.250000,grid_scan,False,False,scanning
A_R029,A,29,scan22,444.000,37.0000,17.500000,-15.817780,13.1825,4.2200,4.344452,0.12445208,,,,,0.250000,grid_scan,False,False,scanning
A_R029,A,29,scan23,444.000,37.0000,17.750000,-15.347658,13.2918,4.2200,4.346899,0.12689897,,,,,0.250000,grid_scan,False,False,scanning
A_R029,A,29,scan24,444.000,37.0000,18.000000,-14.887077,13.4017,4.2200,4.349381,0.12938050,,,,,0.250000,grid_scan,False,False,scanning
A_R029,A,29,scan25,444.000,37.0000,18.250000,-14.435650,13.5121,4.2200,4.351897,0.13189668,,,,,0.250000,grid_scan,False,False,scanning
A_R029,A,29,scan26,444.000,37.0000,18.500000,-13.993006,13.6230,4.2200,4.354448,0.13444750,,,,,0.250000,grid_scan,False,False,scanning
A_R029,A,29,scan27,444.000,37.0000,18.750000,-13.558797,13.7344,4.2200,4.357033,0.13703298,,,,,0.250000,grid_scan,False,False,scanning
A_R029,A,29,scan28,444.000,37.0000,19.000000,-13.132690,13.8463,4.2200,4.359653,0.13965311,,,,,0.250000,grid_scan,False,False,scanning
A_R029,A,29,scan29,444.000,37.0000,19.250000,-12.714373,13.9586,4.2200,4.362308,0.14230790,,,,,0.250000,grid_scan,False,False,scanning
A_R029,A,29,scan30,444.000,37.0000,19.500000,-12.303547,14.0714,4.2200,4.364997,0.14499736,,,,,0.250000,grid_scan,False,False,scanning
A_R029,A,29,scan31,444.000,37.0000,19.750000,-11.899928,14.1846,4.2200,4.367721,0.14772147,,,,,0.250000,grid_scan,False,False,scanning
A_R029,A,29,scan32,444.000,37.0000,20.000000,-11.503249,14.2983,4.2200,4.370480,0.15048026,,,,,0.250000,grid_scan,False,False,scanning
A_R029,A,29,scan33,444.000,37.0000,20.250000,-11.113253,14.4124,4.2200,4.373274,0.15327371,,,,,0.250000,grid_scan,False,False,scanning
A_R029,A,29,scan34,444.000,37.0000,20.500000,-10.729696,14.5269,4.2200,4.376102,0.15610183,,,,,0.250000,grid_scan,False,False,scanning
A_R029,A,29,scan35,444.000,37.0000,20.750000,-10.352348,14.6418,4.2200,4.378965,0.15896463,,,,,0.250000,grid_scan,False,False,scanning
A_R029,A,29,scan36,444.000,37.0000,21.000000,-9.980987,14.7571,4.2200,4.381862,0.16186211,,,,,0.250000,grid_scan,False,False,scanning
A_R029,A,29,scan37,444.000,37.0000,21.250000,-9.615402,14.8728,4.2200,4.384794,0.16479427,,,,,0.250000,grid_scan,False,False,scanning
A_R029,A,29,scan38,444.000,37.0000,21.500000,-9.255394,14.9888,4.2200,4.387761,0.16776110,,,,,0.250000,grid_scan,False,False,scanning
A_R029,A,29,scan39,444.000,37.0000,21.750000,-8.900770,15.1052,4.2200,4.390763,0.17076262,,,,,0.250000,grid_scan,False,False,scanning
A_R029,A,29,scan40,444.000,37.0000,22.000000,-8.551348,15.2219,4.2200,4.393799,0.17379883,,,,,0.250000,grid_scan,False,False,scanning
A_R029,A,29,scan41,444.000,37.0000,22.250000,-8.206954,15.3390,4.2200,4.396870,0.17686972,,,,,0.250000,grid_scan,False,False,scanning
A_R029,A,29,scan42,444.000,37.0000,22.500000,-7.867419,15.4564,4.2200,4.399975,0.17997530,,,,,0.250000,grid_scan,False,False,scanning
A_R029,A,29,scan43,444.000,37.0000,22.750000,-7.532585,15.5742,4.2200,4.403116,0.18311557,,,,,0.250000,grid_scan,False,False,scanning
A_R029,A,29,scan44,444.000,37.0000,23.000000,-7.202299,15.6923,4.2200,4.406291,0.18629054,,,,,0.250000,grid_scan,False,False,scanning
A_R029,A,29,scan45,444.000,37.0000,23.250000,-6.876415,15.8107,4.2200,4.409500,0.18950019,,,,,0.250000,grid_scan,False,False,scanning
A_R029,A,29,scan46,444.000,37.0000,23.500000,-6.554792,15.9293,4.2200,4.412745,0.19274455,,,,,0.250000,grid_scan,False,False,scanning
A_R029,A,29,scan47,444.000,37.0000,23.750000,-6.237297,16.0483,4.2200,4.416024,0.19602360,,,,,0.250000,grid_scan,False,False,scanning
A_R029,A,29,scan48,444.000,37.0000,24.000000,-5.923801,16.1676,4.2200,4.419337,0.19933735,,,,,0.250000,grid_scan,False,False,scanning
A_R029,A,29,scan49,444.000,37.0000,24.250000,-5.614180,16.2872,4.2200,4.422686,0.20268580,,,,,0.250000,grid_scan,False,False,scanning
A_R029,A,29,scan50,444.000,37.0000,24.500000,-5.308317,16.4071,4.2200,4.426069,0.20606896,,,,,0.250000,grid_scan,False,False,scanning
A_R029,A,29,scan51,444.000,37.0000,24.750000,-5.006098,16.5272,4.2200,4.429487,0.20948681,,,,,0.250000,grid_scan,False,False,scanning
A_R029,A,29,scan52,444.000,37.0000,25.000000,-4.707414,16.6476,4.2200,4.432939,0.21293938,,,,,0.250000,grid_scan,False,False,scanning
A_R029,A,29,scan53,444.000,37.0000,25.250000,-4.412160,16.7682,4.2200,4.436427,0.21642665,,,,,0.250000,grid_scan,False,False,scanning
A_R029,A,29,scan54,444.000,37.0000,25.500000,-4.120236,16.8892,4.2200,4.439949,0.21994862,,,,,0.250000,grid_scan,False,False,scanning
A_R029,A,29,scan55,444.000,37.0000,25.750000,-3.831544,17.0103,4.2200,4.443505,0.22350531,,,,,0.250000,grid_scan,False,False,scanning
A_R029,A,29,scan56,444.000,37.0000,26.000000,-3.545993,17.1318,4.2200,4.447097,0.22709671,,,,,0.250000,grid_scan,False,False,scanning
A_R029,A,29,scan57,444.000,37.0000,26.250000,-3.263492,17.2534,4.2200,4.450723,0.23072282,,,,,0.250000,grid_scan,False,False,scanning
A_R029,A,29,scan58,444.000,37.0000,26.500000,-2.983956,17.3754,4.2200,4.454384,0.23438364,,,,,0.250000,grid_scan,False,False,scanning
A_R029,A,29,scan59,444.000,37.0000,26.750000,-2.707301,17.4975,4.2200,4.458079,0.23807918,,,,,0.250000,grid_scan,False,False,scanning
A_R029,A,29,scan60,444.000,37.0000,27.000000,-2.433447,17.6199,4.2200,4.461809,0.24180944,,,,,0.250000,grid_scan,False,False,scanning
A_R029,A,29,scan61,444.000,37.0000,27.250000,-2.162319,17.7425,4.2200,4.465574,0.24557441,,,,,0.250000,grid_scan,False,False,scanning
A_R029,A,29,scan62,444.000,37.0000,27.500000,-1.893841,17.8653,4.2200,4.469374,0.24937411,,,,,0.250000,grid_scan,False,False,scanning
A_R029,A,29,scan63,444.000,37.0000,27.750000,-1.627943,17.9883,4.2200,4.473209,0.25320852,,,,,0.250000,grid_scan,False,False,scanning
A_R029,A,29,scan64,444.000,37.0000,28.000000,-1.364554,18.1116,4.2200,4.477078,0.25707765,,,,,0.250000,grid_scan,False,False,scanning
A_R029,A,29,scan65,444.000,37.0000,28.250000,-1.103610,18.2350,4.2200,4.480982,0.26098151,,,,,0.250000,grid_scan,False,False,scanning
A_R029,A,29,scan66,444.000,37.0000,28.500000,-0.845045,18.3587,4.2200,4.484920,0.26492009,,,,,0.250000,grid_scan,False,False,scanning
A_R029,A,29,scan67,444.000,37.0000,28.750000,-0.588797,18.4826,4.2200,4.488893,0.26889340,,,,,0.250000,grid_scan,False,False,scanning
A_R029,A,29,scan68,444.000,37.0000,29.000000,-0.334808,18.6067,4.2200,4.492901,0.27290143,,,,,0.250000,grid_scan,False,False,scanning
A_R029,A,29,scan69,444.000,37.0000,29.250000,-0.083019,18.7309,4.2200,4.496944,0.27694420,,,,,0.250000,grid_scan,False,False,scanning
A_R029,A,29,scan70,444.000,37.0000,29.500000,0.166626,18.8554,4.2200,4.501022,0.28102169,,,,,0.250000,grid_scan,True,False,scanning
A_R029,A,29,scan71,444.000,37.0000,29.750000,0.414181,18.9800,4.2200,4.505134,0.28513391,,,,,0.250000,grid_scan,True,False,scanning
A_R029,A,29,scan72,444.000,37.0000,30.000000,0.659698,19.1048,4.2200,4.509281,0.28928086,,,,,0.250000,grid_scan,True,False,scanning
A_R029,A,29,scan73,444.000,37.0000,30.250000,0.903226,19.2299,4.2200,4.513463,0.29346255,,,,,0.250000,grid_scan,True,False,scanning
A_R029,A,29,scan74,444.000,37.0000,30.500000,1.144816,19.3550,4.2200,4.517679,0.29767897,,,,,0.250000,grid_scan,True,False,scanning
A_R029,A,29,scan75,444.000,37.0000,30.750000,1.384514,19.4804,4.2200,4.521930,0.30193013,,,,,0.250000,grid_scan,True,False,scanning
A_R029,A,29,scan76,444.000,37.0000,31.000000,1.622365,19.6059,4.2200,4.526216,0.30621602,,,,,0.250000,grid_scan,True,False,scanning
A_R029,A,29,scan77,444.000,37.0000,31.250000,1.858415,19.7317,4.2200,4.530537,0.31053665,,,,,0.250000,grid_scan,True,False,scanning
A_R029,A,29,scan78,444.000,37.0000,31.500000,2.092706,19.8575,4.2200,4.534892,0.31489202,,,,,0.250000,grid_scan,True,False,scanning
A_R029,A,29,scan79,444.000,37.0000,31.750000,2.325279,19.9836,4.2200,4.539282,0.31928213,,,,,0.250000,grid_scan,True,False,scanning
A_R029,A,29,scan80,444.000,37.0000,32.000000,2.556175,20.1098,4.2200,4.543707,0.32370699,,,,,0.250000,grid_scan,True,False,scanning
A_R029,A,29,scan81,444.000,37.0000,32.250000,2.785432,20.2361,4.2200,4.548167,0.32816658,,,,,0.250000,grid_scan,True,False,scanning
A_R029,A,29,scan82,444.000,37.0000,32.500000,3.013088,20.3626,4.2200,4.552661,0.33266092,,,,,0.250000,grid_scan,True,False,scanning
A_R029,A,29,scan83,444.000,37.0000,32.750000,3.239180,20.4893,4.2200,4.557190,0.33719001,,,,,0.250000,grid_scan,True,False,scanning
A_R029,A,29,scan84,444.000,37.0000,33.000000,3.463744,20.6161,4.2200,4.561754,0.34175384,,,,,0.250000,grid_scan,True,False,scanning
A_R029,A,29,scan85,444.000,37.0000,33.250000,3.686813,20.7431,4.2200,4.566352,0.34635242,,,,,0.250000,grid_scan,True,False,scanning
A_R029,A,29,scan86,444.000,37.0000,33.500000,3.908422,20.8702,4.2200,4.570986,0.35098575,,,,,0.250000,grid_scan,True,False,scanning
A_R029,A,29,scan87,444.000,37.0000,33.750000,4.128602,20.9975,4.2200,4.575654,0.35565383,,,,,0.250000,grid_scan,True,False,scanning
A_R029,A,29,scan88,444.000,37.0000,34.000000,4.347385,21.1249,4.2200,4.580357,0.36035667,,,,,0.250000,grid_scan,True,False,scanning
A_R029,A,29,scan89,444.000,37.0000,34.250000,4.564802,21.2524,4.2200,4.585094,0.36509425,,,,,0.250000,grid_scan,True,False,scanning
A_R029,A,29,scan90,444.000,37.0000,34.500000,4.780882,21.3801,4.2200,4.589867,0.36986659,,,,,0.250000,grid_scan,True,False,scanning
A_R029,A,29,scan91,444.000,37.0000,34.750000,4.995654,21.5079,4.2200,4.594674,0.37467369,,,,,0.250000,grid_scan,True,False,scanning
A_R029,A,29,scan92,444.000,37.0000,35.000000,5.209145,21.6358,4.2200,4.599516,0.37951554,,,,,0.250000,grid_scan,True,False,scanning
A_R029,A,29,scan93,444.000,37.0000,35.250000,5.421385,21.7639,4.2200,4.604392,0.38439215,,,,,0.250000,grid_scan,True,False,scanning
A_R029,A,29,scan94,444.000,37.0000,35.500000,5.632397,21.8921,4.2200,4.609304,0.38930352,,,,,0.250000,grid_scan,True,False,scanning
A_R029,A,29,scan95,444.000,37.0000,35.750000,5.842209,22.0205,4.2200,4.614250,0.39424966,,,,,0.250000,grid_scan,True,False,scanning
A_R029,A,29,scan96,444.000,37.0000,36.000000,6.050846,22.1489,4.2200,4.619231,0.39923055,,,,,0.250000,grid_scan,True,False,scanning
A_R029,A,29,scan97,444.000,37.0000,36.250000,6.258331,22.2775,4.2200,4.624246,0.40424621,,,,,0.250000,grid_scan,True,False,scanning
A_R029,A,29,scan98,444.000,37.0000,36.500000,6.464688,22.4062,4.2200,4.629297,0.40929663,,,,,0.250000,grid_scan,True,False,scanning
A_R029,A,29,scan99,444.000,37.0000,36.750000,6.669940,22.5350,4.2200,4.634382,0.41438182,,,,,0.250000,grid_scan,True,False,scanning
A_R029,A,29,scan100,444.000,37.0000,37.000000,6.874110,22.6640,4.2200,4.639502,0.41950177,,,,,0.250000,grid_scan,True,False,scanning
A_R029,A,29,scan101,444.000,37.0000,37.250000,7.077219,22.7930,4.2200,4.644656,0.42465650,,,,,0.250000,grid_scan,True,False,scanning
A_R029,A,29,scan102,444.000,37.0000,37.500000,7.279289,22.9222,4.2200,4.649846,0.42984599,,,,,0.250000,grid_scan,True,False,scanning
A_R029,A,29,scan103,444.000,37.0000,37.750000,7.480340,23.0515,4.2200,4.655070,0.43507026,,,,,0.250000,grid_scan,True,False,scanning
A_R029,A,29,scan104,444.000,37.0000,38.000000,7.680392,23.1809,4.2200,4.660329,0.44032930,,,,,0.250000,grid_scan,True,False,scanning
A_R029,A,29,scan105,444.000,37.0000,38.250000,7.879465,23.3104,4.2200,4.665623,0.44562311,,,,,0.250000,grid_scan,True,False,scanning
A_R029,A,29,scan106,444.000,37.0000,38.500000,8.077577,23.4400,4.2200,4.670952,0.45095170,,,,,0.250000,grid_scan,True,False,scanning
A_R029,A,29,scan107,444.000,37.0000,38.750000,8.274748,23.5697,4.2200,4.676315,0.45631506,,,,,0.250000,grid_scan,True,False,scanning
A_R029,A,29,scan108,444.000,37.0000,39.000000,8.470996,23.6995,4.2200,4.681713,0.46171320,,,,,0.250000,grid_scan,True,False,scanning
A_R029,A,29,scan109,444.000,37.0000,39.250000,8.666338,23.8294,4.2200,4.687146,0.46714613,,,,,0.250000,grid_scan,True,False,scanning
A_R029,A,29,scan110,444.000,37.0000,39.500000,8.860790,23.9595,4.2200,4.692614,0.47261383,,,,,0.250000,grid_scan,True,False,scanning
A_R029,A,29,scan111,444.000,37.0000,39.750000,9.054371,24.0896,4.2200,4.698116,0.47811632,,,,,0.250000,grid_scan,True,False,scanning
A_R029,A,29,scan112,444.000,37.0000,40.000000,9.247097,24.2198,4.2200,4.703654,0.48365359,,,,,0.250000,grid_scan,True,False,scanning
A_R029,A,29,,444.000,37.0000,,,,4.2200,,,,,,12.000,,bisection,,False,no_root
A_R030,A,30,scan0,456.000,38.0000,12.000000,-30.736963,10.9601,4.2200,4.299210,0.07920987,,,,,,grid_scan,False,False,scanning
A_R030,A,30,scan1,456.000,38.0000,12.250000,-29.866818,11.0511,4.2200,4.300852,0.08085208,,,,,0.250000,grid_scan,False,False,scanning
A_R030,A,30,scan2,456.000,38.0000,12.500000,-29.026203,11.1433,4.2200,4.302528,0.08252781,,,,,0.250000,grid_scan,False,False,scanning
A_R030,A,30,scan3,456.000,38.0000,12.750000,-28.213402,11.2367,4.2200,4.304237,0.08423709,,,,,0.250000,grid_scan,False,False,scanning
A_R030,A,30,scan4,456.000,38.0000,13.000000,-27.426827,11.3312,4.2200,4.305980,0.08597992,,,,,0.250000,grid_scan,False,False,scanning
A_R030,A,30,scan5,456.000,38.0000,13.250000,-26.665012,11.4269,4.2200,4.307756,0.08775632,,,,,0.250000,grid_scan,False,False,scanning
A_R030,A,30,scan6,456.000,38.0000,13.500000,-25.926595,11.5235,4.2200,4.309566,0.08956632,,,,,0.250000,grid_scan,False,False,scanning
A_R030,A,30,scan7,456.000,38.0000,13.750000,-25.210313,11.6212,4.2200,4.311410,0.09140992,,,,,0.250000,grid_scan,False,False,scanning
A_R030,A,30,scan8,456.000,38.0000,14.000000,-24.514992,11.7198,4.2200,4.313287,0.09328714,,,,,0.250000,grid_scan,False,False,scanning
A_R030,A,30,scan9,456.000,38.0000,14.250000,-23.839538,11.8193,4.2200,4.315198,0.09519799,,,,,0.250000,grid_scan,False,False,scanning
A_R030,A,30,scan10,456.000,38.0000,14.500000,-23.182935,11.9197,4.2200,4.317142,0.09714248,,,,,0.250000,grid_scan,False,False,scanning
A_R030,A,30,scan11,456.000,38.0000,14.750000,-22.544231,12.0209,4.2200,4.319121,0.09912061,,,,,0.250000,grid_scan,False,False,scanning
A_R030,A,30,scan12,456.000,38.0000,15.000000,-21.922539,12.1230,4.2200,4.321132,0.10113241,,,,,0.250000,grid_scan,False,False,scanning
A_R030,A,30,scan13,456.000,38.0000,15.250000,-21.317031,12.2259,4.2200,4.323178,0.10317787,,,,,0.250000,grid_scan,False,False,scanning
A_R030,A,30,scan14,456.000,38.0000,15.500000,-20.726928,12.3295,4.2200,4.325257,0.10525701,,,,,0.250000,grid_scan,False,False,scanning
A_R030,A,30,scan15,456.000,38.0000,15.750000,-20.151504,12.4338,4.2200,4.327370,0.10736983,,,,,0.250000,grid_scan,False,False,scanning
A_R030,A,30,scan16,456.000,38.0000,16.000000,-19.590074,12.5388,4.2200,4.329516,0.10951633,,,,,0.250000,grid_scan,False,False,scanning
A_R030,A,30,scan17,456.000,38.0000,16.250000,-19.041998,12.6445,4.2200,4.331697,0.11169654,,,,,0.250000,grid_scan,False,False,scanning
A_R030,A,30,scan18,456.000,38.0000,16.500000,-18.506674,12.7509,4.2200,4.333910,0.11391044,,,,,0.250000,grid_scan,False,False,scanning
A_R030,A,30,scan19,456.000,38.0000,16.750000,-17.983534,12.8579,4.2200,4.336158,0.11615805,,,,,0.250000,grid_scan,False,False,scanning
A_R030,A,30,scan20,456.000,38.0000,17.000000,-17.472044,12.9655,4.2200,4.338439,0.11843937,,,,,0.250000,grid_scan,False,False,scanning
A_R030,A,30,scan21,456.000,38.0000,17.250000,-16.971701,13.0737,4.2200,4.340754,0.12075441,,,,,0.250000,grid_scan,False,False,scanning
A_R030,A,30,scan22,456.000,38.0000,17.500000,-16.482030,13.1825,4.2200,4.343103,0.12310316,,,,,0.250000,grid_scan,False,False,scanning
A_R030,A,30,scan23,456.000,38.0000,17.750000,-16.002583,13.2918,4.2200,4.345486,0.12548564,,,,,0.250000,grid_scan,False,False,scanning
A_R030,A,30,scan24,456.000,38.0000,18.000000,-15.532937,13.4017,4.2200,4.347902,0.12790185,,,,,0.250000,grid_scan,False,False,scanning
A_R030,A,30,scan25,456.000,38.0000,18.250000,-15.072690,13.5121,4.2200,4.350352,0.13035180,,,,,0.250000,grid_scan,False,False,scanning
A_R030,A,30,scan26,456.000,38.0000,18.500000,-14.621465,13.6230,4.2200,4.352835,0.13283547,,,,,0.250000,grid_scan,False,False,scanning
A_R030,A,30,scan27,456.000,38.0000,18.750000,-14.178902,13.7344,4.2200,4.355353,0.13535289,,,,,0.250000,grid_scan,False,False,scanning
A_R030,A,30,scan28,456.000,38.0000,19.000000,-13.744662,13.8463,4.2200,4.357904,0.13790405,,,,,0.250000,grid_scan,False,False,scanning
A_R030,A,30,scan29,456.000,38.0000,19.250000,-13.318421,13.9586,4.2200,4.360489,0.14048896,,,,,0.250000,grid_scan,False,False,scanning
A_R030,A,30,scan30,456.000,38.0000,19.500000,-12.899873,14.0714,4.2200,4.363108,0.14310761,,,,,0.250000,grid_scan,False,False,scanning
A_R030,A,30,scan31,456.000,38.0000,19.750000,-12.488728,14.1846,4.2200,4.365760,0.14576001,,,,,0.250000,grid_scan,False,False,scanning
A_R030,A,30,scan32,456.000,38.0000,20.000000,-12.084710,14.2983,4.2200,4.368446,0.14844617,,,,,0.250000,grid_scan,False,False,scanning
A_R030,A,30,scan33,456.000,38.0000,20.250000,-11.687555,14.4124,4.2200,4.371166,0.15116609,,,,,0.250000,grid_scan,False,False,scanning
A_R030,A,30,scan34,456.000,38.0000,20.500000,-11.297014,14.5269,4.2200,4.373920,0.15391976,,,,,0.250000,grid_scan,False,False,scanning
A_R030,A,30,scan35,456.000,38.0000,20.750000,-10.912849,14.6418,4.2200,4.376707,0.15670719,,,,,0.250000,grid_scan,False,False,scanning
A_R030,A,30,scan36,456.000,38.0000,21.000000,-10.534833,14.7571,4.2200,4.379528,0.15952839,,,,,0.250000,grid_scan,False,False,scanning
A_R030,A,30,scan37,456.000,38.0000,21.250000,-10.162750,14.8728,4.2200,4.382383,0.16238335,,,,,0.250000,grid_scan,False,False,scanning
A_R030,A,30,scan38,456.000,38.0000,21.500000,-9.796394,14.9888,4.2200,4.385272,0.16527208,,,,,0.250000,grid_scan,False,False,scanning
A_R030,A,30,scan39,456.000,38.0000,21.750000,-9.435568,15.1052,4.2200,4.388195,0.16819457,,,,,0.250000,grid_scan,False,False,scanning
A_R030,A,30,scan40,456.000,38.0000,22.000000,-9.080084,15.2219,4.2200,4.391151,0.17115084,,,,,0.250000,grid_scan,False,False,scanning
A_R030,A,30,scan41,456.000,38.0000,22.250000,-8.729763,15.3390,4.2200,4.394141,0.17414088,,,,,0.250000,grid_scan,False,False,scanning
A_R030,A,30,scan42,456.000,38.0000,22.500000,-8.384434,15.4564,4.2200,4.397165,0.17716470,,,,,0.250000,grid_scan,False,False,scanning
A_R030,A,30,scan43,456.000,38.0000,22.750000,-8.043933,15.5742,4.2200,4.400222,0.18022229,,,,,0.250000,grid_scan,False,False,scanning
A_R030,A,30,scan44,456.000,38.0000,23.000000,-7.708102,15.6923,4.2200,4.403314,0.18331366,,,,,0.250000,grid_scan,False,False,scanning
A_R030,A,30,scan45,456.000,38.0000,23.250000,-7.376792,15.8107,4.2200,4.406439,0.18643880,,,,,0.250000,grid_scan,False,False,scanning
A_R030,A,30,scan46,456.000,38.0000,23.500000,-7.049859,15.9293,4.2200,4.409598,0.18959773,,,,,0.250000,grid_scan,False,False,scanning
A_R030,A,30,scan47,456.000,38.0000,23.750000,-6.727165,16.0483,4.2200,4.412790,0.19279045,,,,,0.250000,grid_scan,False,False,scanning
A_R030,A,30,scan48,456.000,38.0000,24.000000,-6.408578,16.1676,4.2200,4.416017,0.19601694,,,,,0.250000,grid_scan,False,False,scanning
A_R030,A,30,scan49,456.000,38.0000,24.250000,-6.093971,16.2872,4.2200,4.419277,0.19927723,,,,,0.250000,grid_scan,False,False,scanning
A_R030,A,30,scan50,456.000,38.0000,24.500000,-5.783224,16.4071,4.2200,4.422571,0.20257130,,,,,0.250000,grid_scan,False,False,scanning
A_R030,A,30,scan51,456.000,38.0000,24.750000,-5.476218,16.5272,4.2200,4.425899,0.20589915,,,,,0.250000,grid_scan,False,False,scanning
A_R030,A,30,scan52,456.000,38.0000,25.000000,-5.172844,16.6476,4.2200,4.429261,0.20926080,,,,,0.250000,grid_scan,False,False,scanning
A_R030,A,30,scan53,456.000,38.0000,25.250000,-4.872992,16.7682,4.2200,4.432656,0.21265624,,,,,0.250000,grid_scan,False,False,scanning
A_R030,A,30,scan54,456.000,38.0000,25.500000,-4.576560,16.8892,4.2200,4.436085,0.21608547,,,,,0.250000,grid_scan,False,False,scanning
A_R030,A,30,scan55,456.000,38.0000,25.750000,-4.283448,17.0103,4.2200,4.439548,0.21954850,,,,,0.250000,grid_scan,False,False,scanning
A_R030,A,30,scan56,456.000,38.0000,26.000000,-3.993561,17.1318,4.2200,4.443045,0.22304532,,,,,0.250000,grid_scan,False,False,scanning
A_R030,A,30,scan57,456.000,38.0000,26.250000,-3.706807,17.2534,4.2200,4.446576,0.22657594,,,,,0.250000,grid_scan,False,False,scanning
A_R030,A,30,scan58,456.000,38.0000,26.500000,-3.423098,17.3754,4.2200,4.450140,0.23014036,,,,,0.250000,grid_scan,False,False,scanning
A_R030,A,30,scan59,456.000,38.0000,26.750000,-3.142348,17.4975,4.2200,4.453739,0.23373857,,,,,0.250000,grid_scan,False,False,scanning
A_R030,A,30,scan60,456.000,38.0000,27.000000,-2.864475,17.6199,4.2200,4.457371,0.23737059,,,,,0.250000,grid_scan,False,False,scanning
A_R030,A,30,scan61,456.000,38.0000,27.250000,-2.589401,17.7425,4.2200,4.461036,0.24103641,,,,,0.250000,grid_scan,False,False,scanning
A_R030,A,30,scan62,456.000,38.0000,27.500000,-2.317049,17.8653,4.2200,4.464736,0.24473603,,,,,0.250000,grid_scan,False,False,scanning
A_R030,A,30,scan63,456.000,38.0000,27.750000,-2.047346,17.9883,4.2200,4.468469,0.24846945,,,,,0.250000,grid_scan,False,False,scanning
A_R030,A,30,scan64,456.000,38.0000,28.000000,-1.780221,18.1116,4.2200,4.472237,0.25223668,,,,,0.250000,grid_scan,False,False,scanning
A_R030,A,30,scan65,456.000,38.0000,28.250000,-1.515606,18.2350,4.2200,4.476038,0.25603772,,,,,0.250000,grid_scan,False,False,scanning
A_R030,A,30,scan66,456.000,38.0000,28.500000,-1.253434,18.3587,4.2200,4.479873,0.25987256,,,,,0.250000,grid_scan,False,False,scanning
A_R030,A,30,scan67,456.000,38.0000,28.750000,-0.993643,18.4826,4.2200,4.483741,0.26374122,,,,,0.250000,grid_scan,False,False,scanning
A_R030,A,30,scan68,456.000,38.0000,29.000000,-0.736172,18.6067,4.2200,4.487644,0.26764368,,,,,0.250000,grid_scan,False,False,scanning
A_R030,A,30,scan69,456.000,38.0000,29.250000,-0.480959,18.7309,4.2200,4.491580,0.27157996,,,,,0.250000,grid_scan,False,False,scanning
A_R030,A,30,scan70,456.000,38.0000,29.500000,-0.227949,18.8554,4.2200,4.495550,0.27555005,,,,,0.250000,grid_scan,False,False,scanning
A_R030,A,30,scan71,456.000,38.0000,29.750000,0.022914,18.9800,4.2200,4.499554,0.27955395,,,,,0.250000,grid_scan,True,False,scanning
A_R030,A,30,scan72,456.000,38.0000,30.000000,0.271684,19.1048,4.2200,4.503592,0.28359166,,,,,0.250000,grid_scan,True,False,scanning
A_R030,A,30,scan73,456.000,38.0000,30.250000,0.518413,19.2299,4.2200,4.507663,0.28766320,,,,,0.250000,grid_scan,True,False,scanning
A_R030,A,30,scan74,456.000,38.0000,30.500000,0.763150,19.3550,4.2200,4.511769,0.29176855,,,,,0.250000,grid_scan,True,False,scanning
A_R030,A,30,scan75,456.000,38.0000,30.750000,1.005944,19.4804,4.2200,4.515908,0.29590772,,,,,0.250000,grid_scan,True,False,scanning
A_R030,A,30,scan76,456.000,38.0000,31.000000,1.246842,19.6059,4.2200,4.520081,0.30008070,,,,,0.250000,grid_scan,True,False,scanning
A_R030,A,30,scan77,456.000,38.0000,31.250000,1.485890,19.7317,4.2200,4.524288,0.30428751,,,,,0.250000,grid_scan,True,False,scanning
A_R030,A,30,scan78,456.000,38.0000,31.500000,1.723130,19.8575,4.2200,4.528528,0.30852814,,,,,0.250000,grid_scan,True,False,scanning
A_R030,A,30,scan79,456.000,38.0000,31.750000,1.958607,19.9836,4.2200,4.532803,0.31280260,,,,,0.250000,grid_scan,True,False,scanning
A_R030,A,30,scan80,456.000,38.0000,32.000000,2.192361,20.1098,4.2200,4.537111,0.31711088,,,,,0.250000,grid_scan,True,False,scanning
A_R030,A,30,scan81,456.000,38.0000,32.250000,2.424433,20.2361,4.2200,4.541453,0.32145298,,,,,0.250000,grid_scan,True,False,scanning
A_R030,A,30,scan82,456.000,38.0000,32.500000,2.654860,20.3626,4.2200,4.545829,0.32582891,,,,,0.250000,grid_scan,True,False,scanning
A_R030,A,30,scan83,456.000,38.0000,32.750000,2.883681,20.4893,4.2200,4.550239,0.33023867,,,,,0.250000,grid_scan,True,False,scanning
A_R030,A,30,scan84,456.000,38.0000,33.000000,3.110932,20.6161,4.2200,4.554682,0.33468225,,,,,0.250000,grid_scan,True,False,scanning
A_R030,A,30,scan85,456.000,38.0000,33.250000,3.336648,20.7431,4.2200,4.559160,0.33915967,,,,,0.250000,grid_scan,True,False,scanning
A_R030,A,30,scan86,456.000,38.0000,33.500000,3.560864,20.8702,4.2200,4.563671,0.34367092,,,,,0.250000,grid_scan,True,False,scanning
A_R030,A,30,scan87,456.000,38.0000,33.750000,3.783613,20.9975,4.2200,4.568216,0.34821600,,,,,0.250000,grid_scan,True,False,scanning
A_R030,A,30,scan88,456.000,38.0000,34.000000,4.004927,21.1249,4.2200,4.572795,0.35279491,,,,,0.250000,grid_scan,True,False,scanning
A_R030,A,30,scan89,456.000,38.0000,34.250000,4.224838,21.2524,4.2200,4.577408,0.35740766,,,,,0.250000,grid_scan,True,False,scanning
A_R030,A,30,scan90,456.000,38.0000,34.500000,4.443375,21.3801,4.2200,4.582054,0.36205425,,,,,0.250000,grid_scan,True,False,scanning
A_R030,A,30,scan91,456.000,38.0000,34.750000,4.660570,21.5079,4.2200,4.586735,0.36673467,,,,,0.250000,grid_scan,True,False,scanning
A_R030,A,30,scan92,456.000,38.0000,35.000000,4.876450,21.6358,4.2200,4.591449,0.37144893,,,,,0.250000,grid_scan,True,False,scanning
A_R030,A,30,scan93,456.000,38.0000,35.250000,5.091043,21.7639,4.2200,4.596197,0.37619703,,,,,0.250000,grid_scan,True,False,scanning
A_R030,A,30,scan94,456.000,38.0000,35.500000,5.304377,21.8921,4.2200,4.600979,0.38097897,,,,,0.250000,grid_scan,True,False,scanning
A_R030,A,30,scan95,456.000,38.0000,35.750000,5.516477,22.0205,4.2200,4.605795,0.38579475,,,,,0.250000,grid_scan,True,False,scanning
A_R030,A,30,scan96,456.000,38.0000,36.000000,5.727371,22.1489,4.2200,4.610644,0.39064438,,,,,0.250000,grid_scan,True,False,scanning
A_R030,A,30,scan97,456.000,38.0000,36.250000,5.937081,22.2775,4.2200,4.615528,0.39552785,,,,,0.250000,grid_scan,True,False,scanning
A_R030,A,30,scan98,456.000,38.0000,36.500000,6.145633,22.4062,4.2200,4.620445,0.40044517,,,,,0.250000,grid_scan,True,False,scanning
A_R030,A,30,scan99,456.000,38.0000,36.750000,6.353051,22.5350,4.2200,4.625396,0.40539633,,,,,0.250000,grid_scan,True,False,scanning
A_R030,A,30,scan100,456.000,38.0000,37.000000,6.559357,22.6640,4.2200,4.630381,0.41038134,,,,,0.250000,grid_scan,True,False,scanning
A_R030,A,30,scan101,456.000,38.0000,37.250000,6.764574,22.7930,4.2200,4.635400,0.41540020,,,,,0.250000,grid_scan,True,False,scanning
A_R030,A,30,scan102,456.000,38.0000,37.500000,6.968723,22.9222,4.2200,4.640453,0.42045291,,,,,0.250000,grid_scan,True,False,scanning
A_R030,A,30,scan103,456.000,38.0000,37.750000,7.171825,23.0515,4.2200,4.645539,0.42553947,,,,,0.250000,grid_scan,True,False,scanning
A_R030,A,30,scan104,456.000,38.0000,38.000000,7.373902,23.1809,4.2200,4.650660,0.43065988,,,,,0.250000,grid_scan,True,False,scanning
A_R030,A,30,scan105,456.000,38.0000,38.250000,7.574973,23.3104,4.2200,4.655814,0.43581415,,,,,0.250000,grid_scan,True,False,scanning
A_R030,A,30,scan106,456.000,38.0000,38.500000,7.775058,23.4400,4.2200,4.661002,0.44100228,,,,,0.250000,grid_scan,True,False,scanning
A_R030,A,30,scan107,456.000,38.0000,38.750000,7.974176,23.5697,4.2200,4.666224,0.44622426,,,,,0.250000,grid_scan,True,False,scanning
A_R030,A,30,scan108,456.000,38.0000,39.000000,8.172346,23.6995,4.2200,4.671480,0.45148010,,,,,0.250000,grid_scan,True,False,scanning
A_R030,A,30,scan109,456.000,38.0000,39.250000,8.369585,23.8294,4.2200,4.676770,0.45676980,,,,,0.250000,grid_scan,True,False,scanning
A_R030,A,30,scan110,456.000,38.0000,39.500000,8.565911,23.9595,4.2200,4.682093,0.46209336,,,,,0.250000,grid_scan,True,False,scanning
A_R030,A,30,scan111,456.000,38.0000,39.750000,8.761342,24.0896,4.2200,4.687451,0.46745078,,,,,0.250000,grid_scan,True,False,scanning
A_R030,A,30,scan112,456.000,38.0000,40.000000,8.955894,24.2198,4.2200,4.692842,0.47284206,,,,,0.250000,grid_scan,True,False,scanning
A_R030,A,30,,456.000,38.0000,,,,4.2200,,,,,,12.000,,bisection,,False,no_root
A_R031,A,31,scan0,468.000,39.0000,12.000000,-31.703892,10.9601,4.2200,4.299056,0.07905576,,,,,,grid_scan,False,False,scanning
A_R031,A,31,scan1,468.000,39.0000,12.250000,-30.814141,11.0511,4.2200,4.300656,0.08065587,,,,,0.250000,grid_scan,False,False,scanning
A_R031,A,31,scan2,468.000,39.0000,12.500000,-29.954697,11.1433,4.2200,4.302289,0.08228863,,,,,0.250000,grid_scan,False,False,scanning
A_R031,A,31,scan3,468.000,39.0000,12.750000,-29.123799,11.2367,4.2200,4.303954,0.08395407,,,,,0.250000,grid_scan,False,False,scanning
A_R031,A,31,scan4,468.000,39.0000,13.000000,-28.319819,11.3312,4.2200,4.305652,0.08565221,,,,,0.250000,grid_scan,False,False,scanning
A_R031,A,31,scan5,468.000,39.0000,13.250000,-27.541249,11.4269,4.2200,4.307383,0.08738307,,,,,0.250000,grid_scan,False,False,scanning
A_R031,A,31,scan6,468.000,39.0000,13.500000,-26.786693,11.5235,4.2200,4.309147,0.08914665,,,,,0.250000,grid_scan,False,False,scanning
A_R031,A,31,scan7,468.000,39.0000,13.750000,-26.054854,11.6212,4.2200,4.310943,0.09094298,,,,,0.250000,grid_scan,False,False,scanning
A_R031,A,31,scan8,468.000,39.0000,14.000000,-25.344527,11.7198,4.2200,4.312772,0.09277206,,,,,0.250000,grid_scan,False,False,scanning
A_R031,A,31,scan9,468.000,39.0000,14.250000,-24.654592,11.8193,4.2200,4.314634,0.09463390,,,,,0.250000,grid_scan,False,False,scanning
A_R031,A,31,scan10,468.000,39.0000,14.500000,-23.984002,11.9197,4.2200,4.316529,0.09652852,,,,,0.250000,grid_scan,False,False,scanning
A_R031,A,31,scan11,468.000,39.0000,14.750000,-23.331783,12.0209,4.2200,4.318456,0.09845593,,,,,0.250000,grid_scan,False,False,scanning
A_R031,A,31,scan12,468.000,39.0000,15.000000,-22.697025,12.1230,4.2200,4.320416,0.10041614,,,,,0.250000,grid_scan,False,False,scanning
A_R031,A,31,scan13,468.000,39.0000,15.250000,-22.078874,12.2259,4.2200,4.322409,0.10240914,,,,,0.250000,grid_scan,False,False,scanning
A_R031,A,31,scan14,468.000,39.0000,15.500000,-21.476536,12.3295,4.2200,4.324435,0.10443496,,,,,0.250000,grid_scan,False,False,scanning
A_R031,A,31,scan15,468.000,39.0000,15.750000,-20.889261,12.4338,4.2200,4.326494,0.10649360,,,,,0.250000,grid_scan,False,False,scanning
A_R031,A,31,scan16,468.000,39.0000,16.000000,-20.316350,12.5388,4.2200,4.328585,0.10858506,,,,,0.250000,grid_scan,False,False,scanning
A_R031,A,31,scan17,468.000,39.0000,16.250000,-19.757144,12.6445,4.2200,4.330709,0.11070935,,,,,0.250000,grid_scan,False,False,scanning
A_R031,A,31,scan18,468.000,39.0000,16.500000,-19.211025,12.7509,4.2200,4.332866,0.11286647,,,,,0.250000,grid_scan,False,False,scanning
A_R031,A,31,scan19,468.000,39.0000,16.750000,-18.677411,12.8579,4.2200,4.335056,0.11505644,,,,,0.250000,grid_scan,False,False,scanning
A_R031,A,31,scan20,468.000,39.0000,17.000000,-18.155754,12.9655,4.2200,4.337279,0.11727925,,,,,0.250000,grid_scan,False,False,scanning
A_R031,A,31,scan21,468.000,39.0000,17.250000,-17.645537,13.0737,4.2200,4.339535,0.11953491,,,,,0.250000,grid_scan,False,False,scanning
A_R031,A,31,scan22,468.000,39.0000,17.500000,-17.146273,13.1825,4.2200,4.341823,0.12182343,,,,,0.250000,grid_scan,False,False,scanning
A_R031,A,31,scan23,468.000,39.0000,17.750000,-16.657502,13.2918,4.2200,4.344145,0.12414481,,,,,0.250000,grid_scan,False,False,scanning
A_R031,A,31,scan24,468.000,39.0000,18.000000,-16.178789,13.4017,4.2200,4.346499,0.12649905,,,,,0.250000,grid_scan,False,False,scanning
A_R031,A,31,scan25,468.000,39.0000,18.250000,-15.709724,13.5121,4.2200,4.348886,0.12888616,,,,,0.250000,grid_scan,False,False,scanning
A_R031,A,31,scan26,468.000,39.0000,18.500000,-15.249918,13.6230,4.2200,4.351306,0.13130614,,,,,0.250000,grid_scan,False,False,scanning
A_R031,A,31,scan27,468.000,39.0000,18.750000,-14.799001,13.7344,4.2200,4.353759,0.13375899,,,,,0.250000,grid_scan,False,False,scanning
A_R031,A,31,scan28,468.000,39.0000,19.000000,-14.356626,13.8463,4.2200,4.356245,0.13624471,,,,,0.250000,grid_scan,False,False,scanning
A_R031,A,31,scan29,468.000,39.0000,19.250000,-13.922461,13.9586,4.2200,4.358763,0.13876332,,,,,0.250000,grid_scan,False,False,scanning
A_R031,A,31,scan30,468.000,39.0000,19.500000,-13.496192,14.0714,4.2200,4.361315,0.14131480,,,,,0.250000,grid_scan,False,False,scanning
A_R031,A,31,scan31,468.000,39.0000,19.750000,-13.077521,14.1846,4.2200,4.363899,0.14389918,,,,,0.250000,grid_scan,False,False,scanning
A_R031,A,31,scan32,468.000,39.0000,20.000000,-12.666163,14.2983,4.2200,4.366516,0.14651643,,,,,0.250000,grid_scan,False,False,scanning
A_R031,A,31,scan33,468.000,39.0000,20.250000,-12.261850,14.4124,4.2200,4.369167,0.14916658,,,,,0.250000,grid_scan,False,False,scanning
A_R031,A,31,scan34,468.000,39.0000,20.500000,-11.864324,14.5269,4.2200,4.371850,0.15184962,,,,,0.250000,grid_scan,False,False,scanning
A_R031,A,31,scan35,468.000,39.0000,20.750000,-11.473343,14.6418,4.2200,4.374566,0.15456556,,,,,0.250000,grid_scan,False,False,scanning
A_R031,A,31,scan36,468.000,39.0000,21.000000,-11.088672,14.7571,4.2200,4.377314,0.15731439,,,,,0.250000,grid_scan,False,False,scanning
A_R031,A,31,scan37,468.000,39.0000,21.250000,-10.710090,14.8728,4.2200,4.380096,0.16009611,,,,,0.250000,grid_scan,False,False,scanning
A_R031,A,31,scan38,468.000,39.0000,21.500000,-10.337386,14.9888,4.2200,4.382911,0.16291074,,,,,0.250000,grid_scan,False,False,scanning
A_R031,A,31,scan39,468.000,39.0000,21.750000,-9.970357,15.1052,4.2200,4.385758,0.16575827,,,,,0.250000,grid_scan,False,False,scanning
A_R031,A,31,scan40,468.000,39.0000,22.000000,-9.608812,15.2219,4.2200,4.388639,0.16863870,,,,,0.250000,grid_scan,False,False,scanning
A_R031,A,31,scan41,468.000,39.0000,22.250000,-9.252565,15.3390,4.2200,4.391552,0.17155204,,,,,0.250000,grid_scan,False,False,scanning
A_R031,A,31,scan42,468.000,39.0000,22.500000,-8.901441,15.4564,4.2200,4.394498,0.17449829,,,,,0.250000,grid_scan,False,False,scanning
A_R031,A,31,scan43,468.000,39.0000,22.750000,-8.555272,15.5742,4.2200,4.397477,0.17747744,,,,,0.250000,grid_scan,False,False,scanning
A_R031,A,31,scan44,468.000,39.0000,23.000000,-8.213897,15.6923,4.2200,4.400490,0.18048951,,,,,0.250000,grid_scan,False,False,scanning
A_R031,A,31,scan45,468.000,39.0000,23.250000,-7.877161,15.8107,4.2200,4.403534,0.18353448,,,,,0.250000,grid_scan,False,False,scanning
A_R031,A,31,scan46,468.000,39.0000,23.500000,-7.544917,15.9293,4.2200,4.406612,0.18661237,,,,,0.250000,grid_scan,False,False,scanning
A_R031,A,31,scan47,468.000,39.0000,23.750000,-7.217024,16.0483,4.2200,4.409723,0.18972318,,,,,0.250000,grid_scan,False,False,scanning
A_R031,A,31,scan48,468.000,39.0000,24.000000,-6.893346,16.1676,4.2200,4.412867,0.19286690,,,,,0.250000,grid_scan,False,False,scanning
A_R031,A,31,scan49,468.000,39.0000,24.250000,-6.573753,16.2872,4.2200,4.416044,0.19604354,,,,,0.250000,grid_scan,False,False,scanning
A_R031,A,31,scan50,468.000,39.0000,24.500000,-6.258121,16.4071,4.2200,4.419253,0.19925309,,,,,0.250000,grid_scan,False,False,scanning
A_R031,A,31,scan51,468.000,39.0000,24.750000,-5.946330,16.5272,4.2200,4.422496,0.20249557,,,,,0.250000,grid_scan,False,False,scanning
A_R031,A,31,scan52,468.000,39.0000,25.000000,-5.638264,16.6476,4.2200,4.425771,0.20577097,,,,,0.250000,grid_scan,False,False,scanning
A_R031,A,31,scan53,468.000,39.0000,25.250000,-5.333814,16.7682,4.2200,4.429079,0.20907930,,,,,0.250000,grid_scan,False,False,scanning
A_R031,A,31,scan54,468.000,39.0000,25.500000,-5.032874,16.8892,4.2200,4.432421,0.21242054,,,,,0.250000,grid_scan,False,False,scanning
A_R031,A,31,scan55,468.000,39.0000,25.750000,-4.735342,17.0103,4.2200,4.435795,0.21579472,,,,,0.250000,grid_scan,False,False,scanning
A_R031,A,31,scan56,468.000,39.0000,26.000000,-4.441120,17.1318,4.2200,4.439202,0.21920182,,,,,0.250000,grid_scan,False,False,scanning
A_R031,A,31,scan57,468.000,39.0000,26.250000,-4.150112,17.2534,4.2200,4.442642,0.22264185,,,,,0.250000,grid_scan,False,False,scanning
A_R031,A,31,scan58,468.000,39.0000,26.500000,-3.862230,17.3754,4.2200,4.446115,0.22611480,,,,,0.250000,grid_scan,False,False,scanning
A_R031,A,31,scan59,468.000,39.0000,26.750000,-3.577385,17.4975,4.2200,4.449621,0.22962069,,,,,0.250000,grid_scan,False,False,scanning
A_R031,A,31,scan60,468.000,39.0000,27.000000,-3.295492,17.6199,4.2200,4.453160,0.23315951,,,,,0.250000,grid_scan,False,False,scanning
A_R031,A,31,scan61,468.000,39.0000,27.250000,-3.016472,17.7425,4.2200,4.456731,0.23673127,,,,,0.250000,grid_scan,False,False,scanning
A_R031,A,31,scan62,468.000,39.0000,27.500000,-2.740246,17.8653,4.2200,4.460336,0.24033595,,,,,0.250000,grid_scan,False,False,scanning
A_R031,A,31,scan63,468.000,39.0000,27.750000,-2.466739,17.9883,4.2200,4.463974,0.24397358,,,,,0.250000,grid_scan,False,False,scanning
A_R031,A,31,scan64,468.000,39.0000,28.000000,-2.195877,18.1116,4.2200,4.467644,0.24764413,,,,,0.250000,grid_scan,False,False,scanning
A_R031,A,31,scan65,468.000,39.0000,28.250000,-1.927591,18.2350,4.2200,4.471348,0.25134763,,,,,0.250000,grid_scan,False,False,scanning
A_R031,A,31,scan66,468.000,39.0000,28.500000,-1.661814,18.3587,4.2200,4.475084,0.25508407,,,,,0.250000,grid_scan,False,False,scanning
A_R031,A,31,scan67,468.000,39.0000,28.750000,-1.398479,18.4826,4.2200,4.478853,0.25885344,,,,,0.250000,grid_scan,False,False,scanning
A_R031,A,31,scan68,468.000,39.0000,29.000000,-1.137524,18.6067,4.2200,4.482656,0.26265576,,,,,0.250000,grid_scan,False,False,scanning
A_R031,A,31,scan69,468.000,39.0000,29.250000,-0.878889,18.7309,4.2200,4.486491,0.26649101,,,,,0.250000,grid_scan,False,False,scanning
A_R031,A,31,scan70,468.000,39.0000,29.500000,-0.622514,18.8554,4.2200,4.490359,0.27035921,,,,,0.250000,grid_scan,False,False,scanning
A_R031,A,31,scan71,468.000,39.0000,29.750000,-0.368341,18.9800,4.2200,4.494260,0.27426036,,,,,0.250000,grid_scan,False,False,scanning
A_R031,A,31,scan72,468.000,39.0000,30.000000,-0.116318,19.1048,4.2200,4.498194,0.27819445,,,,,0.250000,grid_scan,False,False,scanning
A_R031,A,31,scan73,468.000,39.0000,30.250000,0.133611,19.2299,4.2200,4.502161,0.28216149,,,,,0.250000,grid_scan,True,False,scanning
A_R031,A,31,scan74,468.000,39.0000,30.500000,0.381495,19.3550,4.2200,4.506161,0.28616147,,,,,0.250000,grid_scan,True,False,scanning
A_R031,A,31,scan75,468.000,39.0000,30.750000,0.627386,19.4804,4.2200,4.510194,0.29019440,,,,,0.250000,grid_scan,True,False,scanning
A_R031,A,31,scan76,468.000,39.0000,31.000000,0.871330,19.6059,4.2200,4.514260,0.29426028,,,,,0.250000,grid_scan,True,False,scanning
A_R031,A,31,scan77,468.000,39.0000,31.250000,1.113376,19.7317,4.2200,4.518359,0.29835912,,,,,0.250000,grid_scan,True,False,scanning
A_R031,A,31,scan78,468.000,39.0000,31.500000,1.353567,19.8575,4.2200,4.522491,0.30249090,,,,,0.250000,grid_scan,True,False,scanning
A_R031,A,31,scan79,468.000,39.0000,31.750000,1.591947,19.9836,4.2200,4.526656,0.30665564,,,,,0.250000,grid_scan,True,False,scanning
A_R031,A,31,scan80,468.000,39.0000,32.000000,1.828560,20.1098,4.2200,4.530853,0.31085333,,,,,0.250000,grid_scan,True,False,scanning
A_R031,A,31,scan81,468.000,39.0000,32.250000,2.063445,20.2361,4.2200,4.535084,0.31508398,,,,,0.250000,grid_scan,True,False,scanning
A_R031,A,31,scan82,468.000,39.0000,32.500000,2.296644,20.3626,4.2200,4.539348,0.31934758,,,,,0.250000,grid_scan,True,False,scanning
A_R031,A,31,scan83,468.000,39.0000,32.750000,2.528193,20.4893,4.2200,4.543644,0.32364414,,,,,0.250000,grid_scan,True,False,scanning
A_R031,A,31,scan84,468.000,39.0000,33.000000,2.758131,20.6161,4.2200,4.547974,0.32797366,,,,,0.250000,grid_scan,True,False,scanning
A_R031,A,31,scan85,468.000,39.0000,33.250000,2.986495,20.7431,4.2200,4.552336,0.33233614,,,,,0.250000,grid_scan,True,False,scanning
A_R031,A,31,scan86,468.000,39.0000,33.500000,3.213318,20.8702,4.2200,4.556732,0.33673157,,,,,0.250000,grid_scan,True,False,scanning
A_R031,A,31,scan87,468.000,39.0000,33.750000,3.438636,20.9975,4.2200,4.561160,0.34115997,,,,,0.250000,grid_scan,True,False,scanning
A_R031,A,31,scan88,468.000,39.0000,34.000000,3.662481,21.1249,4.2200,4.565621,0.34562134,,,,,0.250000,grid_scan,True,False,scanning
A_R031,A,31,scan89,468.000,39.0000,34.250000,3.884886,21.2524,4.2200,4.570116,0.35011566,,,,,0.250000,grid_scan,True,False,scanning
A_R031,A,31,scan90,468.000,39.0000,34.500000,4.105882,21.3801,4.2200,4.574643,0.35464295,,,,,0.250000,grid_scan,True,False,scanning
A_R031,A,31,scan91,468.000,39.0000,34.750000,4.325499,21.5079,4.2200,4.579203,0.35920321,,,,,0.250000,grid_scan,True,False,scanning
A_R031,A,31,scan92,468.000,39.0000,35.000000,4.543767,21.6358,4.2200,4.583796,0.36379644,,,,,0.250000,grid_scan,True,False,scanning
A_R031,A,31,scan93,468.000,39.0000,35.250000,4.760715,21.7639,4.2200,4.588423,0.36842263,,,,,0.250000,grid_scan,True,False,scanning
A_R031,A,31,scan94,468.000,39.0000,35.500000,4.976369,21.8921,4.2200,4.593082,0.37308179,,,,,0.250000,grid_scan,True,False,scanning
A_R031,A,31,scan95,468.000,39.0000,35.750000,5.190759,22.0205,4.2200,4.597774,0.37777392,,,,,0.250000,grid_scan,True,False,scanning
A_R031,A,31,scan96,468.000,39.0000,36.000000,5.403909,22.1489,4.2200,4.602499,0.38249903,,,,,0.250000,grid_scan,True,False,scanning
A_R031,A,31,scan97,468.000,39.0000,36.250000,5.615845,22.2775,4.2200,4.607257,0.38725710,,,,,0.250000,grid_scan,True,False,scanning
A_R031,A,31,scan98,468.000,39.0000,36.500000,5.826593,22.4062,4.2200,4.612048,0.39204815,,,,,0.250000,grid_scan,True,False,scanning
A_R031,A,31,scan99,468.000,39.0000,36.750000,6.036176,22.5350,4.2200,4.616872,0.39687218,,,,,0.250000,grid_scan,True,False,scanning
A_R031,A,31,scan100,468.000,39.0000,37.000000,6.244618,22.6640,4.2200,4.621729,0.40172918,,,,,0.250000,grid_scan,True,False,scanning
A_R031,A,31,scan101,468.000,39.0000,37.250000,6.451942,22.7930,4.2200,4.626619,0.40661916,,,,,0.250000,grid_scan,True,False,scanning
A_R031,A,31,scan102,468.000,39.0000,37.500000,6.658171,22.9222,4.2200,4.631542,0.41154212,,,,,0.250000,grid_scan,True,False,scanning
A_R031,A,31,scan103,468.000,39.0000,37.750000,6.863325,23.0515,4.2200,4.636498,0.41649805,,,,,0.250000,grid_scan,True,False,scanning
A_R031,A,31,scan104,468.000,39.0000,38.000000,7.067427,23.1809,4.2200,4.641487,0.42148697,,,,,0.250000,grid_scan,True,False,scanning
A_R031,A,31,scan105,468.000,39.0000,38.250000,7.270496,23.3104,4.2200,4.646509,0.42650887,,,,,0.250000,grid_scan,True,False,scanning
A_R031,A,31,scan106,468.000,39.0000,38.500000,7.472554,23.4400,4.2200,4.651564,0.43156375,,,,,0.250000,grid_scan,True,False,scanning
A_R031,A,31,scan107,468.000,39.0000,38.750000,7.673619,23.5697,4.2200,4.656652,0.43665162,,,,,0.250000,grid_scan,True,False,scanning
A_R031,A,31,scan108,468.000,39.0000,39.000000,7.873710,23.6995,4.2200,4.661772,0.44177247,,,,,0.250000,grid_scan,True,False,scanning
A_R031,A,31,scan109,468.000,39.0000,39.250000,8.072847,23.8294,4.2200,4.666926,0.44692631,,,,,0.250000,grid_scan,True,False,scanning
A_R031,A,31,scan110,468.000,39.0000,39.500000,8.271047,23.9595,4.2200,4.672113,0.45211314,,,,,0.250000,grid_scan,True,False,scanning
A_R031,A,31,scan111,468.000,39.0000,39.750000,8.468328,24.0896,4.2200,4.677333,0.45733295,,,,,0.250000,grid_scan,True,False,scanning
A_R031,A,31,scan112,468.000,39.0000,40.000000,8.664707,24.2198,4.2200,4.682586,0.46258576,,,,,0.250000,grid_scan,True,False,scanning
A_R031,A,31,,468.000,39.0000,,,,4.2200,,,,,,12.000,,bisection,,False,no_root
A_R032,A,32,scan0,480.000,40.0000,12.000000,-32.670816,10.9601,4.2200,4.298909,0.07890936,,,,,,grid_scan,False,False,scanning
A_R032,A,32,scan1,480.000,40.0000,12.250000,-31.761460,11.0511,4.2200,4.300469,0.08046946,,,,,0.250000,grid_scan,False,False,scanning
A_R032,A,32,scan2,480.000,40.0000,12.500000,-30.883188,11.1433,4.2200,4.302061,0.08206141,,,,,0.250000,grid_scan,False,False,scanning
A_R032,A,32,scan3,480.000,40.0000,12.750000,-30.034193,11.2367,4.2200,4.303685,0.08368521,,,,,0.250000,grid_scan,False,False,scanning
A_R032,A,32,scan4,480.000,40.0000,13.000000,-29.212806,11.3312,4.2200,4.305341,0.08534089,,,,,0.250000,grid_scan,False,False,scanning
A_R032,A,32,scan5,480.000,40.0000,13.250000,-28.417481,11.4269,4.2200,4.307028,0.08702848,,,,,0.250000,grid_scan,False,False,scanning
A_R032,A,32,scan6,480.000,40.0000,13.500000,-27.646785,11.5235,4.2200,4.308748,0.08874797,,,,,0.250000,grid_scan,False,False,scanning
A_R032,A,32,scan7,480.000,40.0000,13.750000,-26.899390,11.6212,4.2200,4.310499,0.09049938,,,,,0.250000,grid_scan,False,False,scanning
A_R032,A,32,scan8,480.000,40.0000,14.000000,-26.174058,11.7198,4.2200,4.312283,0.09228273,,,,,0.250000,grid_scan,False,False,scanning
A_R032,A,32,scan9,480.000,40.0000,14.250000,-25.469641,11.8193,4.2200,4.314098,0.09409802,,,,,0.250000,grid_scan,False,False,scanning
A_R032,A,32,scan10,480.000,40.0000,14.500000,-24.785065,11.9197,4.2200,4.315945,0.09594528,,,,,0.250000,grid_scan,False,False,scanning
A_R032,A,32,scan11,480.000,40.0000,14.750000,-24.119331,12.0209,4.2200,4.317824,0.09782449,,,,,0.250000,grid_scan,False,False,scanning
A_R032,A,32,scan12,480.000,40.0000,15.000000,-23.471504,12.1230,4.2200,4.319736,0.09973569,,,,,0.250000,grid_scan,False,False,scanning
A_R032,A,32,scan13,480.000,40.0000,15.250000,-22.840713,12.2259,4.2200,4.321679,0.10167886,,,,,0.250000,grid_scan,False,False,scanning
A_R032,A,32,scan14,480.000,40.0000,15.500000,-22.226138,12.3295,4.2200,4.323654,0.10365403,,,,,0.250000,grid_scan,False,False,scanning
A_R032,A,32,scan15,480.000,40.0000,15.750000,-21.627013,12.4338,4.2200,4.325661,0.10566119,,,,,0.250000,grid_scan,False,False,scanning
A_R032,A,32,scan16,480.000,40.0000,16.000000,-21.042621,12.5388,4.2200,4.327700,0.10770035,,,,,0.250000,grid_scan,False,False,scanning
A_R032,A,32,scan17,480.000,40.0000,16.250000,-20.472285,12.6445,4.2200,4.329772,0.10977153,,,,,0.250000,grid_scan,False,False,scanning
A_R032,A,32,scan18,480.000,40.0000,16.500000,-19.915371,12.7509,4.2200,4.331875,0.11187471,,,,,0.250000,grid_scan,False,False,scanning
A_R032,A,32,scan19,480.000,40.0000,16.750000,-19.371283,12.8579,4.2200,4.334010,0.11400992,,,,,0.250000,grid_scan,False,False,scanning
A_R032,A,32,scan20,480.000,40.0000,17.000000,-18.839458,12.9655,4.2200,4.336177,0.11617715,,,,,0.250000,grid_scan,False,False,scanning
A_R032,A,32,scan21,480.000,40.0000,17.250000,-18.319367,13.0737,4.2200,4.338376,0.11837641,,,,,0.250000,grid_scan,False,False,scanning
A_R032,A,32,scan22,480.000,40.0000,17.500000,-17.810510,13.1825,4.2200,4.340608,0.12060771,,,,,0.250000,grid_scan,False,False,scanning
A_R032,A,32,scan23,480.000,40.0000,17.750000,-17.312415,13.2918,4.2200,4.342871,0.12287104,,,,,0.250000,grid_scan,False,False,scanning
A_R032,A,32,scan24,480.000,40.0000,18.000000,-16.824636,13.4017,4.2200,4.345166,0.12516641,,,,,0.250000,grid_scan,False,False,scanning
A_R032,A,32,scan25,480.000,40.0000,18.250000,-16.346752,13.5121,4.2200,4.347494,0.12749382,,,,,0.250000,grid_scan,False,False,scanning
A_R032,A,32,scan26,480.000,40.0000,18.500000,-15.878364,13.6230,4.2200,4.349853,0.12985328,,,,,0.250000,grid_scan,False,False,scanning
A_R032,A,32,scan27,480.000,40.0000,18.750000,-15.419094,13.7344,4.2200,4.352245,0.13224480,,,,,0.250000,grid_scan,False,False,scanning
A_R032,A,32,scan28,480.000,40.0000,19.000000,-14.968584,13.8463,4.2200,4.354668,0.13466836,,,,,0.250000,grid_scan,False,False,scanning
A_R032,A,32,scan29,480.000,40.0000,19.250000,-14.526495,13.9586,4.2200,4.357124,0.13712399,,,,,0.250000,grid_scan,False,False,scanning
A_R032,A,32,scan30,480.000,40.0000,19.500000,-14.092505,14.0714,4.2200,4.359612,0.13961167,,,,,0.250000,grid_scan,False,False,scanning
A_R032,A,32,scan31,480.000,40.0000,19.750000,-13.666306,14.1846,4.2200,4.362131,0.14213141,,,,,0.250000,grid_scan,False,False,scanning
A_R032,A,32,scan32,480.000,40.0000,20.000000,-13.247609,14.2983,4.2200,4.364683,0.14468322,,,,,0.250000,grid_scan,False,False,scanning
A_R032,A,32,scan33,480.000,40.0000,20.250000,-12.836138,14.4124,4.2200,4.367267,0.14726709,,,,,0.250000,grid_scan,False,False,scanning
A_R032,A,32,scan34,480.000,40.0000,20.500000,-12.431628,14.5269,4.2200,4.369883,0.14988303,,,,,0.250000,grid_scan,False,False,scanning
A_R032,A,32,scan35,480.000,40.0000,20.750000,-12.033829,14.6418,4.2200,4.372531,0.15253104,,,,,0.250000,grid_scan,False,False,scanning
A_R032,A,32,scan36,480.000,40.0000,21.000000,-11.642503,14.7571,4.2200,4.375211,0.15521112,,,,,0.250000,grid_scan,False,False,scanning
A_R032,A,32,scan37,480.000,40.0000,21.250000,-11.257423,14.8728,4.2200,4.377923,0.15792328,,,,,0.250000,grid_scan,False,False,scanning
A_R032,A,32,scan38,480.000,40.0000,21.500000,-10.878370,14.9888,4.2200,4.380668,0.16066752,,,,,0.250000,grid_scan,False,False,scanning
A_R032,A,32,scan39,480.000,40.0000,21.750000,-10.505139,15.1052,4.2200,4.383444,0.16344383,,,,,0.250000,grid_scan,False,False,scanning
A_R032,A,32,scan40,480.000,40.0000,22.000000,-10.137532,15.2219,4.2200,4.386252,0.16625222,,,,,0.250000,grid_scan,False,False,scanning
A_R032,A,32,scan41,480.000,40.0000,22.250000,-9.775359,15.3390,4.2200,4.389093,0.16909270,,,,,0.250000,grid_scan,False,False,scanning
A_R032,A,32,scan42,480.000,40.0000,22.500000,-9.418440,15.4564,4.2200,4.391965,0.17196525,,,,,0.250000,grid_scan,False,False,scanning
A_R032,A,32,scan43,480.000,40.0000,22.750000,-9.066604,15.5742,4.2200,4.394870,0.17486990,,,,,0.250000,grid_scan,False,False,scanning
A_R032,A,32,scan44,480.000,40.0000,23.000000,-8.719683,15.6923,4.2200,4.397807,0.17780662,,,,,0.250000,grid_scan,False,False,scanning
A_R032,A,32,scan45,480.000,40.0000,23.250000,-8.377522,15.8107,4.2200,4.400775,0.18077544,,,,,0.250000,grid_scan,False,False,scanning
A_R032,A,32,scan46,480.000,40.0000,23.500000,-8.039967,15.9293,4.2200,4.403776,0.18377634,,,,,0.250000,grid_scan,False,False,scanning
A_R032,A,32,scan47,480.000,40.0000,23.750000,-7.706875,16.0483,4.2200,4.406809,0.18680934,,,,,0.250000,grid_scan,False,False,scanning
A_R032,A,32,scan48,480.000,40.0000,24.000000,-7.378106,16.1676,4.2200,4.409874,0.18987443,,,,,0.250000,grid_scan,False,False,scanning
A_R032,A,32,scan49,480.000,40.0000,24.250000,-7.053527,16.2872,4.2200,4.412972,0.19297161,,,,,0.250000,grid_scan,False,False,scanning
A_R032,A,32,scan50,480.000,40.0000,24.500000,-6.733010,16.4071,4.2200,4.416101,0.19610088,,,,,0.250000,grid_scan,False,False,scanning
A_R032,A,32,scan51,480.000,40.0000,24.750000,-6.416432,16.5272,4.2200,4.419262,0.19926226,,,,,0.250000,grid_scan,False,False,scanning
A_R032,A,32,scan52,480.000,40.0000,25.000000,-6.103676,16.6476,4.2200,4.422456,0.20245572,,,,,0.250000,grid_scan,False,False,scanning
A_R032,A,32,scan53,480.000,40.0000,25.250000,-5.794629,16.7682,4.2200,4.425681,0.20568129,,,,,0.250000,grid_scan,False,False,scanning
A_R032,A,32,scan54,480.000,40.0000,25.500000,-5.489181,16.8892,4.2200,4.428939,0.20893896,,,,,0.250000,grid_scan,False,False,scanning
A_R032,A,32,scan55,480.000,40.0000,25.750000,-5.187228,17.0103,4.2200,4.432229,0.21222873,,,,,0.250000,grid_scan,False,False,scanning
A_R032,A,32,scan56,480.000,40.0000,26.000000,-4.888669,17.1318,4.2200,4.435551,0.21555060,,,,,0.250000,grid_scan,False,False,scanning
A_R032,A,32,scan57,480.000,40.0000,26.250000,-4.593409,17.2534,4.2200,4.438905,0.21890457,,,,,0.250000,grid_scan,False,False,scanning
A_R032,A,32,scan58,480.000,40.0000,26.500000,-4.301353,17.3754,4.2200,4.442291,0.22229065,,,,,0.250000,grid_scan,False,False,scanning
A_R032,A,32,scan59,480.000,40.0000,26.750000,-4.012412,17.4975,4.2200,4.445709,0.22570883,,,,,0.250000,grid_scan,False,False,scanning
A_R032,A,32,scan60,480.000,40.0000,27.000000,-3.726501,17.6199,4.2200,4.449159,0.22915912,,,,,0.250000,grid_scan,False,False,scanning
A_R032,A,32,scan61,480.000,40.0000,27.250000,-3.443535,17.7425,4.2200,4.452642,0.23264151,,,,,0.250000,grid_scan,False,False,scanning
A_R032,A,32,scan62,480.000,40.0000,27.500000,-3.163434,17.8653,4.2200,4.456156,0.23615602,,,,,0.250000,grid_scan,False,False,scanning
A_R032,A,32,scan63,480.000,40.0000,27.750000,-2.886122,17.9883,4.2200,4.459703,0.23970264,,,,,0.250000,grid_scan,False,False,scanning
A_R032,A,32,scan64,480.000,40.0000,28.000000,-2.611524,18.1116,4.2200,4.463281,0.24328136,,,,,0.250000,grid_scan,False,False,scanning
A_R032,A,32,scan65,480.000,40.0000,28.250000,-2.339567,18.2350,4.2200,4.466892,0.24689220,,,,,0.250000,grid_scan,False,False,scanning
A_R032,A,32,scan66,480.000,40.0000,28.500000,-2.070183,18.3587,4.2200,4.470535,0.25053515,,,,,0.250000,grid_scan,False,False,scanning
A_R032,A,32,scan67,480.000,40.0000,28.750000,-1.803305,18.4826,4.2200,4.474210,0.25421022,,,,,0.250000,grid_scan,False,False,scanning
A_R032,A,32,scan68,480.000,40.0000,29.000000,-1.538867,18.6067,4.2200,4.477917,0.25791740,,,,,0.250000,grid_scan,False,False,scanning
A_R032,A,32,scan69,480.000,40.0000,29.250000,-1.276809,18.7309,4.2200,4.481657,0.26165670,,,,,0.250000,grid_scan,False,False,scanning
A_R032,A,32,scan70,480.000,40.0000,29.500000,-1.017068,18.8554,4.2200,4.485428,0.26542811,,,,,0.250000,grid_scan,False,False,scanning
A_R032,A,32,scan71,480.000,40.0000,29.750000,-0.759587,18.9800,4.2200,4.489232,0.26923164,,,,,0.250000,grid_scan,False,False,scanning
A_R032,A,32,scan72,480.000,40.0000,30.000000,-0.504310,19.1048,4.2200,4.493067,0.27306730,,,,,0.250000,grid_scan,False,False,scanning
A_R032,A,32,scan73,480.000,40.0000,30.250000,-0.251181,19.2299,4.2200,4.496935,0.27693507,,,,,0.250000,grid_scan,False,False,scanning
A_R032,A,32,scan74,480.000,40.0000,30.500000,-0.000149,19.3550,4.2200,4.500835,0.28083496,,,,,0.250000,grid_scan,False,False,scanning
A_R032,A,32,scan75,480.000,40.0000,30.750000,0.248838,19.4804,4.2200,4.504767,0.28476698,,,,,0.250000,grid_scan,True,False,scanning
A_R032,A,32,scan76,480.000,40.0000,31.000000,0.495829,19.6059,4.2200,4.508731,0.28873112,,,,,0.250000,grid_scan,True,False,scanning
A_R032,A,32,scan77,480.000,40.0000,31.250000,0.740872,19.7317,4.2200,4.512727,0.29272738,,,,,0.250000,grid_scan,True,False,scanning
A_R032,A,32,scan78,480.000,40.0000,31.500000,0.984014,19.8575,4.2200,4.516756,0.29675577,,,,,0.250000,grid_scan,True,False,scanning
A_R032,A,32,scan79,480.000,40.0000,31.750000,1.225298,19.9836,4.2200,4.520816,0.30081629,,,,,0.250000,grid_scan,True,False,scanning
A_R032,A,32,scan80,480.000,40.0000,32.000000,1.464769,20.1098,4.2200,4.524909,0.30490893,,,,,0.250000,grid_scan,True,False,scanning
A_R032,A,32,scan81,480.000,40.0000,32.250000,1.702469,20.2361,4.2200,4.529034,0.30903370,,,,,0.250000,grid_scan,True,False,scanning
A_R032,A,32,scan82,480.000,40.0000,32.500000,1.938438,20.3626,4.2200,4.533191,0.31319060,,,,,0.250000,grid_scan,True,False,scanning
A_R032,A,32,scan83,480.000,40.0000,32.750000,2.172717,20.4893,4.2200,4.537380,0.31737963,,,,,0.250000,grid_scan,True,False,scanning
A_R032,A,32,scan84,480.000,40.0000,33.000000,2.405342,20.6161,4.2200,4.541601,0.32160080,,,,,0.250000,grid_scan,True,False,scanning
A_R032,A,32,scan85,480.000,40.0000,33.250000,2.636353,20.7431,4.2200,4.545854,0.32585409,,,,,0.250000,grid_scan,True,False,scanning
A_R032,A,32,scan86,480.000,40.0000,33.500000,2.865784,20.8702,4.2200,4.550140,0.33013952,,,,,0.250000,grid_scan,True,False,scanning
A_R032,A,32,scan87,480.000,40.0000,33.750000,3.093670,20.9975,4.2200,4.554457,0.33445708,,,,,0.250000,grid_scan,True,False,scanning
A_R032,A,32,scan88,480.000,40.0000,34.000000,3.320047,21.1249,4.2200,4.558807,0.33880678,,,,,0.250000,grid_scan,True,False,scanning
A_R032,A,32,scan89,480.000,40.0000,34.250000,3.544946,21.2524,4.2200,4.563189,0.34318862,,,,,0.250000,grid_scan,True,False,scanning
A_R032,A,32,scan90,480.000,40.0000,34.500000,3.768400,21.3801,4.2200,4.567603,0.34760259,,,,,0.250000,grid_scan,True,False,scanning
A_R032,A,32,scan91,480.000,40.0000,34.750000,3.990440,21.5079,4.2200,4.572049,0.35204871,,,,,0.250000,grid_scan,True,False,scanning
A_R032,A,32,scan92,480.000,40.0000,35.000000,4.211096,21.6358,4.2200,4.576527,0.35652696,,,,,0.250000,grid_scan,True,False,scanning
A_R032,A,32,scan93,480.000,40.0000,35.250000,4.430398,21.7639,4.2200,4.581037,0.36103735,,,,,0.250000,grid_scan,True,False,scanning
A_R032,A,32,scan94,480.000,40.0000,35.500000,4.648374,21.8921,4.2200,4.585580,0.36557988,,,,,0.250000,grid_scan,True,False,scanning
A_R032,A,32,scan95,480.000,40.0000,35.750000,4.865052,22.0205,4.2200,4.590155,0.37015456,,,,,0.250000,grid_scan,True,False,scanning
A_R032,A,32,scan96,480.000,40.0000,36.000000,5.080459,22.1489,4.2200,4.594761,0.37476138,,,,,0.250000,grid_scan,True,False,scanning
A_R032,A,32,scan97,480.000,40.0000,36.250000,5.294621,22.2775,4.2200,4.599400,0.37940035,,,,,0.250000,grid_scan,True,False,scanning
A_R032,A,32,scan98,480.000,40.0000,36.500000,5.507564,22.4062,4.2200,4.604071,0.38407146,,,,,0.250000,grid_scan,True,False,scanning
A_R032,A,32,scan99,480.000,40.0000,36.750000,5.719313,22.5350,4.2200,4.608775,0.38877472,,,,,0.250000,grid_scan,True,False,scanning
A_R032,A,32,scan100,480.000,40.0000,37.000000,5.929891,22.6640,4.2200,4.613510,0.39351013,,,,,0.250000,grid_scan,True,False,scanning
A_R032,A,32,scan101,480.000,40.0000,37.250000,6.139323,22.7930,4.2200,4.618278,0.39827768,,,,,0.250000,grid_scan,True,False,scanning
A_R032,A,32,scan102,480.000,40.0000,37.500000,6.347631,22.9222,4.2200,4.623077,0.40307739,,,,,0.250000,grid_scan,True,False,scanning
A_R032,A,32,scan103,480.000,40.0000,37.750000,6.554837,23.0515,4.2200,4.627909,0.40790925,,,,,0.250000,grid_scan,True,False,scanning
A_R032,A,32,scan104,480.000,40.0000,38.000000,6.760964,23.1809,4.2200,4.632773,0.41277326,,,,,0.250000,grid_scan,True,False,scanning
A_R032,A,32,scan105,480.000,40.0000,38.250000,6.966032,23.3104,4.2200,4.637669,0.41766942,,,,,0.250000,grid_scan,True,False,scanning
A_R032,A,32,scan106,480.000,40.0000,38.500000,7.170062,23.4400,4.2200,4.642598,0.42259774,,,,,0.250000,grid_scan,True,False,scanning
A_R032,A,32,scan107,480.000,40.0000,38.750000,7.373074,23.5697,4.2200,4.647558,0.42755821,,,,,0.250000,grid_scan,True,False,scanning
A_R032,A,32,scan108,480.000,40.0000,39.000000,7.575088,23.6995,4.2200,4.652551,0.43255084,,,,,0.250000,grid_scan,True,False,scanning
A_R032,A,32,scan109,480.000,40.0000,39.250000,7.776122,23.8294,4.2200,4.657576,0.43757563,,,,,0.250000,grid_scan,True,False,scanning
A_R032,A,32,scan110,480.000,40.0000,39.500000,7.976196,23.9595,4.2200,4.662633,0.44263258,,,,,0.250000,grid_scan,True,False,scanning
A_R032,A,32,scan111,480.000,40.0000,39.750000,8.175327,24.0896,4.2200,4.667722,0.44772168,,,,,0.250000,grid_scan,True,False,scanning
A_R032,A,32,scan112,480.000,40.0000,40.000000,8.373533,24.2198,4.2200,4.672843,0.45284295,,,,,0.250000,grid_scan,True,False,scanning
A_R032,A,32,,480.000,40.0000,,,,4.2200,,,,,,12.000,,bisection,,False,no_root
A_R033,A,33,scan0,492.000,41.0000,12.000000,-33.637737,10.9601,4.2200,4.298770,0.07877011,,,,,,grid_scan,False,False,scanning
A_R033,A,33,scan1,492.000,41.0000,12.250000,-32.708775,11.0511,4.2200,4.300292,0.08029215,,,,,0.250000,grid_scan,False,False,scanning
A_R033,A,33,scan2,492.000,41.0000,12.500000,-31.811674,11.1433,4.2200,4.301845,0.08184527,,,,,0.250000,grid_scan,False,False,scanning
A_R033,A,33,scan3,492.000,41.0000,12.750000,-30.944582,11.2367,4.2200,4.303429,0.08342947,,,,,0.250000,grid_scan,False,False,scanning
A_R033,A,33,scan4,492.000,41.0000,13.000000,-30.105788,11.3312,4.2200,4.305045,0.08504477,,,,,0.250000,grid_scan,False,False,scanning
A_R033,A,33,scan5,492.000,41.0000,13.250000,-29.293708,11.4269,4.2200,4.306691,0.08669118,,,,,0.250000,grid_scan,False,False,scanning
A_R033,A,33,scan6,492.000,41.0000,13.500000,-28.506874,11.5235,4.2200,4.308369,0.08836873,,,,,0.250000,grid_scan,False,False,scanning
A_R033,A,33,scan7,492.000,41.0000,13.750000,-27.743922,11.6212,4.2200,4.310077,0.09007742,,,,,0.250000,grid_scan,False,False,scanning
A_R033,A,33,scan8,492.000,41.0000,14.000000,-27.003585,11.7198,4.2200,4.311817,0.09181727,,,,,0.250000,grid_scan,False,False,scanning
A_R033,A,33,scan9,492.000,41.0000,14.250000,-26.284685,11.8193,4.2200,4.313588,0.09358829,,,,,0.250000,grid_scan,False,False,scanning
A_R033,A,33,scan10,492.000,41.0000,14.500000,-25.586123,11.9197,4.2200,4.315390,0.09539048,,,,,0.250000,grid_scan,False,False,scanning
A_R033,A,33,scan11,492.000,41.0000,14.750000,-24.906873,12.0209,4.2200,4.317224,0.09722386,,,,,0.250000,grid_scan,False,False,scanning
A_R033,A,33,scan12,492.000,41.0000,15.000000,-24.245980,12.1230,4.2200,4.319088,0.09908843,,,,,0.250000,grid_scan,False,False,scanning
A_R033,A,33,scan13,492.000,41.0000,15.250000,-23.602546,12.2259,4.2200,4.320984,0.10098421,,,,,0.250000,grid_scan,False,False,scanning
A_R033,A,33,scan14,492.000,41.0000,15.500000,-22.975735,12.3295,4.2200,4.322911,0.10291119,,,,,0.250000,grid_scan,False,False,scanning
A_R033,A,33,scan15,492.000,41.0000,15.750000,-22.364761,12.4338,4.2200,4.324869,0.10486939,,,,,0.250000,grid_scan,False,False,scanning
A_R033,A,33,scan16,492.000,41.0000,16.000000,-21.768886,12.5388,4.2200,4.326859,0.10685881,,,,,0.250000,grid_scan,False,False,scanning
A_R033,A,33,scan17,492.000,41.0000,16.250000,-21.187420,12.6445,4.2200,4.328879,0.10887946,,,,,0.250000,grid_scan,False,False,scanning
A_R033,A,33,scan18,492.000,41.0000,16.500000,-20.619712,12.7509,4.2200,4.330931,0.11093134,,,,,0.250000,grid_scan,False,False,scanning
A_R033,A,33,scan19,492.000,41.0000,16.750000,-20.065149,12.8579,4.2200,4.333014,0.11301446,,,,,0.250000,grid_scan,False,False,scanning
A_R033,A,33,scan20,492.000,41.0000,17.000000,-19.523157,12.9655,4.2200,4.335129,0.11512883,,,,,0.250000,grid_scan,False,False,scanning
A_R033,A,33,scan21,492.000,41.0000,17.250000,-18.993192,13.0737,4.2200,4.337274,0.11727444,,,,,0.250000,grid_scan,False,False,scanning
A_R033,A,33,scan22,492.000,41.0000,17.500000,-18.474741,13.1825,4.2200,4.339451,0.11945130,,,,,0.250000,grid_scan,False,False,scanning
A_R033,A,33,scan23,492.000,41.0000,17.750000,-17.967322,13.2918,4.2200,4.341659,0.12165941,,,,,0.250000,grid_scan,False,False,scanning
A_R033,A,33,scan24,492.000,41.0000,18.000000,-17.470477,13.4017,4.2200,4.343899,0.12389879,,,,,0.250000,grid_scan,False,False,scanning
A_R033,A,33,scan25,492.000,41.0000,18.250000,-16.983774,13.5121,4.2200,4.346169,0.12616942,,,,,0.250000,grid_scan,False,False,scanning
A_R033,A,33,scan26,492.000,41.0000,18.500000,-16.506804,13.6230,4.2200,4.348471,0.12847132,,,,,0.250000,grid_scan,False,False,scanning
A_R033,A,33,scan27,492.000,41.0000,18.750000,-16.039181,13.7344,4.2200,4.350804,0.13080449,,,,,0.250000,grid_scan,False,False,scanning
A_R033,A,33,scan28,492.000,41.0000,19.000000,-15.580536,13.8463,4.2200,4.353169,0.13316893,,,,,0.250000,grid_scan,False,False,scanning
A_R033,A,33,scan29,492.000,41.0000,19.250000,-15.130523,13.9586,4.2200,4.355565,0.13556464,,,,,0.250000,grid_scan,False,False,scanning
A_R033,A,33,scan30,492.000,41.0000,19.500000,-14.688811,14.0714,4.2200,4.357992,0.13799163,,,,,0.250000,grid_scan,False,False,scanning
A_R033,A,33,scan31,492.000,41.0000,19.750000,-14.255086,14.1846,4.2200,4.360450,0.14044990,,,,,0.250000,grid_scan,False,False,scanning
A_R033,A,33,scan32,492.000,41.0000,20.000000,-13.829050,14.2983,4.2200,4.362939,0.14293945,,,,,0.250000,grid_scan,False,False,scanning
A_R033,A,33,scan33,492.000,41.0000,20.250000,-13.410419,14.4124,4.2200,4.365460,0.14546028,,,,,0.250000,grid_scan,False,False,scanning
A_R033,A,33,scan34,492.000,41.0000,20.500000,-12.998925,14.5269,4.2200,4.368012,0.14801240,,,,,0.250000,grid_scan,False,False,scanning
A_R033,A,33,scan35,492.000,41.0000,20.750000,-12.594309,14.6418,4.2200,4.370596,0.15059580,,,,,0.250000,grid_scan,False,False,scanning
A_R033,A,33,scan36,492.000,41.0000,21.000000,-12.196328,14.7571,4.2200,4.373210,0.15321049,,,,,0.250000,grid_scan,False,False,scanning
A_R033,A,33,scan37,492.000,41.0000,21.250000,-11.804749,14.8728,4.2200,4.375856,0.15585648,,,,,0.250000,grid_scan,False,False,scanning
A_R033,A,33,scan38,492.000,41.0000,21.500000,-11.419348,14.9888,4.2200,4.378534,0.15853376,,,,,0.250000,grid_scan,False,False,scanning
A_R033,A,33,scan39,492.000,41.0000,21.750000,-11.039914,15.1052,4.2200,4.381242,0.16124233,,,,,0.250000,grid_scan,False,False,scanning
A_R033,A,33,scan40,492.000,41.0000,22.000000,-10.666245,15.2219,4.2200,4.383982,0.16398220,,,,,0.250000,grid_scan,False,False,scanning
A_R033,A,33,scan41,492.000,41.0000,22.250000,-10.298146,15.3390,4.2200,4.386753,0.16675336,,,,,0.250000,grid_scan,False,False,scanning
A_R033,A,33,scan42,492.000,41.0000,22.500000,-9.935433,15.4564,4.2200,4.389556,0.16955583,,,,,0.250000,grid_scan,False,False,scanning
A_R033,A,33,scan43,492.000,41.0000,22.750000,-9.577928,15.5742,4.2200,4.392390,0.17238960,,,,,0.250000,grid_scan,False,False,scanning
A_R033,A,33,scan44,492.000,41.0000,23.000000,-9.225463,15.6923,4.2200,4.395255,0.17525467,,,,,0.250000,grid_scan,False,False,scanning
A_R033,A,33,scan45,492.000,41.0000,23.250000,-8.877875,15.8107,4.2200,4.398151,0.17815104,,,,,0.250000,grid_scan,False,False,scanning
A_R033,A,33,scan46,492.000,41.0000,23.500000,-8.535010,15.9293,4.2200,4.401079,0.18107872,,,,,0.250000,grid_scan,False,False,scanning
A_R033,A,33,scan47,492.000,41.0000,23.750000,-8.196719,16.0483,4.2200,4.404038,0.18403770,,,,,0.250000,grid_scan,False,False,scanning
A_R033,A,33,scan48,492.000,41.0000,24.000000,-7.862858,16.1676,4.2200,4.407028,0.18702800,,,,,0.250000,grid_scan,False,False,scanning
A_R033,A,33,scan49,492.000,41.0000,24.250000,-7.533293,16.2872,4.2200,4.410050,0.19004960,,,,,0.250000,grid_scan,False,False,scanning
A_R033,A,33,scan50,492.000,41.0000,24.500000,-7.207891,16.4071,4.2200,4.413103,0.19310251,,,,,0.250000,grid_scan,False,False,scanning
A_R033,A,33,scan51,492.000,41.0000,24.750000,-6.886527,16.5272,4.2200,4.416187,0.19618674,,,,,0.250000,grid_scan,False,False,scanning
A_R033,A,33,scan52,492.000,41.0000,25.000000,-6.569080,16.6476,4.2200,4.419302,0.19930227,,,,,0.250000,grid_scan,False,False,scanning
A_R033,A,33,scan53,492.000,41.0000,25.250000,-6.255435,16.7682,4.2200,4.422449,0.20244913,,,,,0.250000,grid_scan,False,False,scanning
A_R033,A,33,scan54,492.000,41.0000,25.500000,-5.945479,16.8892,4.2200,4.425627,0.20562729,,,,,0.250000,grid_scan,False,False,scanning
A_R033,A,33,scan55,492.000,41.0000,25.750000,-5.639105,17.0103,4.2200,4.428837,0.20883678,,,,,0.250000,grid_scan,False,False,scanning
A_R033,A,33,scan56,492.000,41.0000,26.000000,-5.336211,17.1318,4.2200,4.432078,0.21207758,,,,,0.250000,grid_scan,False,False,scanning
A_R033,A,33,scan57,492.000,41.0000,26.250000,-5.036697,17.2534,4.2200,4.435350,0.21534969,,,,,0.250000,grid_scan,False,False,scanning
A_R033,A,33,scan58,492.000,41.0000,26.500000,-4.740468,17.3754,4.2200,4.438653,0.21865313,,,,,0.250000,grid_scan,False,False,scanning
A_R033,A,33,scan59,492.000,41.0000,26.750000,-4.447432,17.4975,4.2200,4.441988,0.22198789,,,,,0.250000,grid_scan,False,False,scanning
A_R033,A,33,scan60,492.000,41.0000,27.000000,-4.157500,17.6199,4.2200,4.445354,0.22535397,,,,,0.250000,grid_scan,False,False,scanning
A_R033,A,33,scan61,492.000,41.0000,27.250000,-3.870588,17.7425,4.2200,4.448751,0.22875138,,,,,0.250000,grid_scan,False,False,scanning
A_R033,A,33,scan62,492.000,41.0000,27.500000,-3.586613,17.8653,4.2200,4.452180,0.23218011,,,,,0.250000,grid_scan,False,False,scanning
A_R033,A,33,scan63,492.000,41.0000,27.750000,-3.305497,17.9883,4.2200,4.455640,0.23564016,,,,,0.250000,grid_scan,False,False,scanning
A_R033,A,33,scan64,492.000,41.0000,28.000000,-3.027161,18.1116,4.2200,4.459132,0.23913154,,,,,0.250000,grid_scan,False,False,scanning
A_R033,A,33,scan65,492.000,41.0000,28.250000,-2.751534,18.2350,4.2200,4.462654,0.24265424,,,,,0.250000,grid_scan,False,False,scanning
A_R033,A,33,scan66,492.000,41.0000,28.500000,-2.478544,18.3587,4.2200,4.466208,0.24620828,,,,,0.250000,grid_scan,False,False,scanning
A_R033,A,33,scan67,492.000,41.0000,28.750000,-2.208122,18.4826,4.2200,4.469794,0.24979364,,,,,0.250000,grid_scan,False,False,scanning
A_R033,A,33,scan68,492.000,41.0000,29.000000,-1.940201,18.6067,4.2200,4.473410,0.25341033,,,,,0.250000,grid_scan,False,False,scanning
A_R033,A,33,scan69,492.000,41.0000,29.250000,-1.674719,18.7309,4.2200,4.477058,0.25705836,,,,,0.250000,grid_scan,False,False,scanning
A_R033,A,33,scan70,492.000,41.0000,29.500000,-1.411613,18.8554,4.2200,4.480738,0.26073771,,,,,0.250000,grid_scan,False,False,scanning
A_R033,A,33,scan71,492.000,41.0000,29.750000,-1.150823,18.9800,4.2200,4.484448,0.26444840,,,,,0.250000,grid_scan,False,False,scanning
A_R033,A,33,scan72,492.000,41.0000,30.000000,-0.892292,19.1048,4.2200,4.488190,0.26819042,,,,,0.250000,grid_scan,False,False,scanning
A_R033,A,33,scan73,492.000,41.0000,30.250000,-0.635964,19.2299,4.2200,4.491964,0.27196378,,,,,0.250000,grid_scan,False,False,scanning
A_R033,A,33,scan74,492.000,41.0000,30.500000,-0.381784,19.3550,4.2200,4.495768,0.27576847,,,,,0.250000,grid_scan,False,False,scanning
A_R033,A,33,scan75,492.000,41.0000,30.750000,-0.129700,19.4804,4.2200,4.499605,0.27960450,,,,,0.250000,grid_scan,False,False,scanning
A_R033,A,33,scan76,492.000,41.0000,31.000000,0.120338,19.6059,4.2200,4.503472,0.28347187,,,,,0.250000,grid_scan,True,False,scanning
A_R033,A,33,scan77,492.000,41.0000,31.250000,0.368379,19.7317,4.2200,4.507371,0.28737057,,,,,0.250000,grid_scan,True,False,scanning
A_R033,A,33,scan78,492.000,41.0000,31.500000,0.614471,19.8575,4.2200,4.511301,0.29130062,,,,,0.250000,grid_scan,True,False,scanning
A_R033,A,33,scan79,492.000,41.0000,31.750000,0.858659,19.9836,4.2200,4.515262,0.29526200,,,,,0.250000,grid_scan,True,False,scanning
A_R033,A,33,scan80,492.000,41.0000,32.000000,1.100989,20.1098,4.2200,4.519255,0.29925473,,,,,0.250000,grid_scan,True,False,scanning
A_R033,A,33,scan81,492.000,41.0000,32.250000,1.341503,20.2361,4.2200,4.523279,0.30327880,,,,,0.250000,grid_scan,True,False,scanning
A_R033,A,33,scan82,492.000,41.0000,32.500000,1.580243,20.3626,4.2200,4.527334,0.30733421,,,,,0.250000,grid_scan,True,False,scanning
A_R033,A,33,scan83,492.000,41.0000,32.750000,1.817251,20.4893,4.2200,4.531421,0.31142097,,,,,0.250000,grid_scan,True,False,scanning
A_R033,A,33,scan84,492.000,41.0000,33.000000,2.052564,20.6161,4.2200,4.535539,0.31553907,,,,,0.250000,grid_scan,True,False,scanning
A_R033,A,33,scan85,492.000,41.0000,33.250000,2.286221,20.7431,4.2200,4.539689,0.31968852,,,,,0.250000,grid_scan,True,False,scanning
A_R033,A,33,scan86,492.000,41.0000,33.500000,2.518260,20.8702,4.2200,4.543869,0.32386931,,,,,0.250000,grid_scan,True,False,scanning
A_R033,A,33,scan87,492.000,41.0000,33.750000,2.748715,20.9975,4.2200,4.548081,0.32808146,,,,,0.250000,grid_scan,True,False,scanning
A_R033,A,33,scan88,492.000,41.0000,34.000000,2.977623,21.1249,4.2200,4.552325,0.33232495,,,,,0.250000,grid_scan,True,False,scanning
A_R033,A,33,scan89,492.000,41.0000,34.250000,3.205017,21.2524,4.2200,4.556600,0.33659979,,,,,0.250000,grid_scan,True,False,scanning
A_R033,A,33,scan90,492.000,41.0000,34.500000,3.430929,21.3801,4.2200,4.560906,0.34090599,,,,,0.250000,grid_scan,True,False,scanning
A_R033,A,33,scan91,492.000,41.0000,34.750000,3.655392,21.5079,4.2200,4.565244,0.34524353,,,,,0.250000,grid_scan,True,False,scanning
A_R033,A,33,scan92,492.000,41.0000,35.000000,3.878437,21.6358,4.2200,4.569612,0.34961243,,,,,0.250000,grid_scan,True,False,scanning
A_R033,A,33,scan93,492.000,41.0000,35.250000,4.100093,21.7639,4.2200,4.574013,0.35401268,,,,,0.250000,grid_scan,True,False,scanning
A_R033,A,33,scan94,492.000,41.0000,35.500000,4.320390,21.8921,4.2200,4.578444,0.35844429,,,,,0.250000,grid_scan,True,False,scanning
A_R033,A,33,scan95,492.000,41.0000,35.750000,4.539357,22.0205,4.2200,4.582907,0.36290725,,,,,0.250000,grid_scan,True,False,scanning
A_R033,A,33,scan96,492.000,41.0000,36.000000,4.757021,22.1489,4.2200,4.587402,0.36740157,,,,,0.250000,grid_scan,True,False,scanning
A_R033,A,33,scan97,492.000,41.0000,36.250000,4.973409,22.2775,4.2200,4.591927,0.37192725,,,,,0.250000,grid_scan,True,False,scanning
A_R033,A,33,scan98,492.000,41.0000,36.500000,5.188548,22.4062,4.2200,4.596484,0.37648428,,,,,0.250000,grid_scan,True,False,scanning
A_R033,A,33,scan99,492.000,41.0000,36.750000,5.402462,22.5350,4.2200,4.601073,0.38107268,,,,,0.250000,grid_scan,True,False,scanning
A_R033,A,33,scan100,492.000,41.0000,37.000000,5.615177,22.6640,4.2200,4.605692,0.38569244,,,,,0.250000,grid_scan,True,False,scanning
A_R033,A,33,scan101,492.000,41.0000,37.250000,5.826716,22.7930,4.2200,4.610344,0.39034355,,,,,0.250000,grid_scan,True,False,scanning
A_R033,A,33,scan102,492.000,41.0000,37.500000,6.037103,22.9222,4.2200,4.615026,0.39502603,,,,,0.250000,grid_scan,True,False,scanning
A_R033,A,33,scan103,492.000,41.0000,37.750000,6.246362,23.0515,4.2200,4.619740,0.39973988,,,,,0.250000,grid_scan,True,False,scanning
A_R033,A,33,scan104,492.000,41.0000,38.000000,6.454514,23.1809,4.2200,4.624485,0.40448509,,,,,0.250000,grid_scan,True,False,scanning
A_R033,A,33,scan105,492.000,41.0000,38.250000,6.661580,23.3104,4.2200,4.629262,0.40926166,,,,,0.250000,grid_scan,True,False,scanning
A_R033,A,33,scan106,492.000,41.0000,38.500000,6.867583,23.4400,4.2200,4.634070,0.41406960,,,,,0.250000,grid_scan,True,False,scanning
A_R033,A,33,scan107,492.000,41.0000,38.750000,7.072542,23.5697,4.2200,4.638909,0.41890891,,,,,0.250000,grid_scan,True,False,scanning
A_R033,A,33,scan108,492.000,41.0000,39.000000,7.276478,23.6995,4.2200,4.643780,0.42377959,,,,,0.250000,grid_scan,True,False,scanning
A_R033,A,33,scan109,492.000,41.0000,39.250000,7.479410,23.8294,4.2200,4.648682,0.42868164,,,,,0.250000,grid_scan,True,False,scanning
A_R033,A,33,scan110,492.000,41.0000,39.500000,7.681357,23.9595,4.2200,4.653615,0.43361506,,,,,0.250000,grid_scan,True,False,scanning
A_R033,A,33,scan111,492.000,41.0000,39.750000,7.882338,24.0896,4.2200,4.658580,0.43857985,,,,,0.250000,grid_scan,True,False,scanning
A_R033,A,33,scan112,492.000,41.0000,40.000000,8.082371,24.2198,4.2200,4.663576,0.44357601,,,,,0.250000,grid_scan,True,False,scanning
A_R033,A,33,,492.000,41.0000,,,,4.2200,,,,,,12.000,,bisection,,False,no_root
A_R034,A,34,scan0,504.000,42.0000,12.000000,-34.604654,10.9601,4.2200,4.298637,0.07863748,,,,,,grid_scan,False,False,scanning
A_R034,A,34,scan1,504.000,42.0000,12.250000,-33.656086,11.0511,4.2200,4.300123,0.08012329,,,,,0.250000,grid_scan,False,False,scanning
A_R034,A,34,scan2,504.000,42.0000,12.500000,-32.740156,11.1433,4.2200,4.301639,0.08163942,,,,,0.250000,grid_scan,False,False,scanning
A_R034,A,34,scan3,504.000,42.0000,12.750000,-31.854968,11.2367,4.2200,4.303186,0.08318590,,,,,0.250000,grid_scan,False,False,scanning
A_R034,A,34,scan4,504.000,42.0000,13.000000,-30.998767,11.3312,4.2200,4.304763,0.08476274,,,,,0.250000,grid_scan,False,False,scanning
A_R034,A,34,scan5,504.000,42.0000,13.250000,-30.169932,11.4269,4.2200,4.306370,0.08636995,,,,,0.250000,grid_scan,False,False,scanning
A_R034,A,34,scan6,504.000,42.0000,13.500000,-29.366958,11.5235,4.2200,4.308008,0.08800756,,,,,0.250000,grid_scan,False,False,scanning
A_R034,A,34,scan7,504.000,42.0000,13.750000,-28.588449,11.6212,4.2200,4.309676,0.08967556,,,,,0.250000,grid_scan,False,False,scanning
A_R034,A,34,scan8,504.000,42.0000,14.000000,-27.833107,11.7198,4.2200,4.311374,0.09137398,,,,,0.250000,grid_scan,False,False,scanning
A_R034,A,34,scan9,504.000,42.0000,14.250000,-27.099725,11.8193,4.2200,4.313103,0.09310283,,,,,0.250000,grid_scan,False,False,scanning
A_R034,A,34,scan10,504.000,42.0000,14.500000,-26.387176,11.9197,4.2200,4.314862,0.09486211,,,,,0.250000,grid_scan,False,False,scanning
A_R034,A,34,scan11,504.000,42.0000,14.750000,-25.694412,12.0209,4.2200,4.316652,0.09665183,,,,,0.250000,grid_scan,False,False,scanning
A_R034,A,34,scan12,504.000,42.0000,15.000000,-25.020450,12.1230,4.2200,4.318472,0.09847201,,,,,0.250000,grid_scan,False,False,scanning
A_R034,A,34,scan13,504.000,42.0000,15.250000,-24.364375,12.2259,4.2200,4.320323,0.10032264,,,,,0.250000,grid_scan,False,False,scanning
A_R034,A,34,scan14,504.000,42.0000,15.500000,-23.725328,12.3295,4.2200,4.322204,0.10220373,,,,,0.250000,grid_scan,False,False,scanning
A_R034,A,34,scan15,504.000,42.0000,15.750000,-23.102503,12.4338,4.2200,4.324115,0.10411530,,,,,0.250000,grid_scan,False,False,scanning
A_R034,A,34,scan16,504.000,42.0000,16.000000,-22.495147,12.5388,4.2200,4.326057,0.10605735,,,,,0.250000,grid_scan,False,False,scanning
A_R034,A,34,scan17,504.000,42.0000,16.250000,-21.902550,12.6445,4.2200,4.328030,0.10802988,,,,,0.250000,grid_scan,False,False,scanning
A_R034,A,34,scan18,504.000,42.0000,16.500000,-21.324047,12.7509,4.2200,4.330033,0.11003290,,,,,0.250000,grid_scan,False,False,scanning
A_R034,A,34,scan19,504.000,42.0000,16.750000,-20.759011,12.8579,4.2200,4.332066,0.11206642,,,,,0.250000,grid_scan,False,False,scanning
A_R034,A,34,scan20,504.000,42.0000,17.000000,-20.206851,12.9655,4.2200,4.334130,0.11413043,,,,,0.250000,grid_scan,False,False,scanning
A_R034,A,34,scan21,504.000,42.0000,17.250000,-19.667011,13.0737,4.2200,4.336225,0.11622494,,,,,0.250000,grid_scan,False,False,scanning
A_R034,A,34,scan22,504.000,42.0000,17.500000,-19.138968,13.1825,4.2200,4.338350,0.11834997,,,,,0.250000,grid_scan,False,False,scanning
A_R034,A,34,scan23,504.000,42.0000,17.750000,-18.622224,13.2918,4.2200,4.340505,0.12050550,,,,,0.250000,grid_scan,False,False,scanning
A_R034,A,34,scan24,504.000,42.0000,18.000000,-18.116312,13.4017,4.2200,4.342692,0.12269154,,,,,0.250000,grid_scan,False,False,scanning
A_R034,A,34,scan25,504.000,42.0000,18.250000,-17.620790,13.5121,4.2200,4.344908,0.12490810,,,,,0.250000,grid_scan,False,False,scanning
A_R034,A,34,scan26,504.000,42.0000,18.500000,-17.135239,13.6230,4.2200,4.347155,0.12715518,,,,,0.250000,grid_scan,False,False,scanning
A_R034,A,34,scan27,504.000,42.0000,18.750000,-16.659262,13.7344,4.2200,4.349433,0.12943279,,,,,0.250000,grid_scan,False,False,scanning
A_R034,A,34,scan28,504.000,42.0000,19.000000,-16.192483,13.8463,4.2200,4.351741,0.13174092,,,,,0.250000,grid_scan,False,False,scanning
A_R034,A,34,scan29,504.000,42.0000,19.250000,-15.734545,13.9586,4.2200,4.354080,0.13407957,,,,,0.250000,grid_scan,False,False,scanning
A_R034,A,34,scan30,504.000,42.0000,19.500000,-15.285111,14.0714,4.2200,4.356449,0.13644876,,,,,0.250000,grid_scan,False,False,scanning
A_R034,A,34,scan31,504.000,42.0000,19.750000,-14.843859,14.1846,4.2200,4.358848,0.13884848,,,,,0.250000,grid_scan,False,False,scanning
A_R034,A,34,scan32,504.000,42.0000,20.000000,-14.410484,14.2983,4.2200,4.361279,0.14127874,,,,,0.250000,grid_scan,False,False,scanning
A_R034,A,34,scan33,504.000,42.0000,20.250000,-13.984695,14.4124,4.2200,4.363740,0.14373954,,,,,0.250000,grid_scan,False,False,scanning
A_R034,A,34,scan34,504.000,42.0000,20.500000,-13.566215,14.5269,4.2200,4.366231,0.14623087,,,,,0.250000,grid_scan,False,False,scanning
A_R034,A,34,scan35,504.000,42.0000,20.750000,-13.154783,14.6418,4.2200,4.368753,0.14875274,,,,,0.250000,grid_scan,False,False,scanning
A_R034,A,34,scan36,504.000,42.0000,21.000000,-12.750147,14.7571,4.2200,4.371305,0.15130516,,,,,0.250000,grid_scan,False,False,scanning
A_R034,A,34,scan37,504.000,42.0000,21.250000,-12.352069,14.8728,4.2200,4.373888,0.15388813,,,,,0.250000,grid_scan,False,False,scanning
A_R034,A,34,scan38,504.000,42.0000,21.500000,-11.960320,14.9888,4.2200,4.376502,0.15650164,,,,,0.250000,grid_scan,False,False,scanning
A_R034,A,34,scan39,504.000,42.0000,21.750000,-11.574683,15.1052,4.2200,4.379146,0.15914570,,,,,0.250000,grid_scan,False,False,scanning
A_R034,A,34,scan40,504.000,42.0000,22.000000,-11.194951,15.2219,4.2200,4.381820,0.16182031,,,,,0.250000,grid_scan,False,False,scanning
A_R034,A,34,scan41,504.000,42.0000,22.250000,-10.820926,15.3390,4.2200,4.384525,0.16452547,,,,,0.250000,grid_scan,False,False,scanning
A_R034,A,34,scan42,504.000,42.0000,22.500000,-10.452418,15.4564,4.2200,4.387261,0.16726118,,,,,0.250000,grid_scan,False,False,scanning
A_R034,A,34,scan43,504.000,42.0000,22.750000,-10.089245,15.5742,4.2200,4.390027,0.17002745,,,,,0.250000,grid_scan,False,False,scanning
A_R034,A,34,scan44,504.000,42.0000,23.000000,-9.731235,15.6923,4.2200,4.392824,0.17282428,,,,,0.250000,grid_scan,False,False,scanning
A_R034,A,34,scan45,504.000,42.0000,23.250000,-9.378222,15.8107,4.2200,4.395652,0.17565166,,,,,0.250000,grid_scan,False,False,scanning
A_R034,A,34,scan46,504.000,42.0000,23.500000,-9.030046,15.9293,4.2200,4.398510,0.17850960,,,,,0.250000,grid_scan,False,False,scanning
A_R034,A,34,scan47,504.000,42.0000,23.750000,-8.686555,16.0483,4.2200,4.401398,0.18139810,,,,,0.250000,grid_scan,False,False,scanning
A_R034,A,34,scan48,504.000,42.0000,24.000000,-8.347604,16.1676,4.2200,4.404317,0.18431717,,,,,0.250000,grid_scan,False,False,scanning
A_R034,A,34,scan49,504.000,42.0000,24.250000,-8.013052,16.2872,4.2200,4.407267,0.18726679,,,,,0.250000,grid_scan,False,False,scanning
A_R034,A,34,scan50,504.000,42.0000,24.500000,-7.682765,16.4071,4.2200,4.410247,0.19024698,,,,,0.250000,grid_scan,False,False,scanning
A_R034,A,34,scan51,504.000,42.0000,24.750000,-7.356615,16.5272,4.2200,4.413258,0.19325774,,,,,0.250000,grid_scan,False,False,scanning
A_R034,A,34,scan52,504.000,42.0000,25.000000,-7.034477,16.6476,4.2200,4.416299,0.19629906,,,,,0.250000,grid_scan,False,False,scanning
A_R034,A,34,scan53,504.000,42.0000,25.250000,-6.716233,16.7682,4.2200,4.419371,0.19937094,,,,,0.250000,grid_scan,False,False,scanning
A_R034,A,34,scan54,504.000,42.0000,25.500000,-6.401769,16.8892,4.2200,4.422473,0.20247340,,,,,0.250000,grid_scan,False,False,scanning
A_R034,A,34,scan55,504.000,42.0000,25.750000,-6.090975,17.0103,4.2200,4.425606,0.20560642,,,,,0.250000,grid_scan,False,False,scanning
A_R034,A,34,scan56,504.000,42.0000,26.000000,-5.783745,17.1318,4.2200,4.428770,0.20877002,,,,,0.250000,grid_scan,False,False,scanning
A_R034,A,34,scan57,504.000,42.0000,26.250000,-5.479977,17.2534,4.2200,4.431964,0.21196419,,,,,0.250000,grid_scan,False,False,scanning
A_R034,A,34,scan58,504.000,42.0000,26.500000,-5.179575,17.3754,4.2200,4.435189,0.21518893,,,,,0.250000,grid_scan,False,False,scanning
A_R034,A,34,scan59,504.000,42.0000,26.750000,-4.882443,17.4975,4.2200,4.438444,0.21844424,,,,,0.250000,grid_scan,False,False,scanning
A_R034,A,34,scan60,504.000,42.0000,27.000000,-4.588492,17.6199,4.2200,4.441730,0.22173013,,,,,0.250000,grid_scan,False,False,scanning
A_R034,A,34,scan61,504.000,42.0000,27.250000,-4.297634,17.7425,4.2200,4.445047,0.22504659,,,,,0.250000,grid_scan,False,False,scanning
A_R034,A,34,scan62,504.000,42.0000,27.500000,-4.009785,17.8653,4.2200,4.448394,0.22839363,,,,,0.250000,grid_scan,False,False,scanning
A_R034,A,34,scan63,504.000,42.0000,27.750000,-3.724863,17.9883,4.2200,4.451771,0.23177124,,,,,0.250000,grid_scan,False,False,scanning
A_R034,A,34,scan64,504.000,42.0000,28.000000,-3.442791,18.1116,4.2200,4.455179,0.23517944,,,,,0.250000,grid_scan,False,False,scanning
A_R034,A,34,scan65,504.000,42.0000,28.250000,-3.163493,18.2350,4.2200,4.458618,0.23861821,,,,,0.250000,grid_scan,False,False,scanning
A_R034,A,34,scan66,504.000,42.0000,28.500000,-2.886896,18.3587,4.2200,4.462088,0.24208757,,,,,0.250000,grid_scan,False,False,scanning
A_R034,A,34,scan67,504.000,42.0000,28.750000,-2.612930,18.4826,4.2200,4.465588,0.24558751,,,,,0.250000,grid_scan,False,False,scanning
A_R034,A,34,scan68,504.000,42.0000,29.000000,-2.341527,18.6067,4.2200,4.469118,0.24911802,,,,,0.250000,grid_scan,False,False,scanning
A_R034,A,34,scan69,504.000,42.0000,29.250000,-2.072621,18.7309,4.2200,4.472679,0.25267913,,,,,0.250000,grid_scan,False,False,scanning
A_R034,A,34,scan70,504.000,42.0000,29.500000,-1.806150,18.8554,4.2200,4.476271,0.25627081,,,,,0.250000,grid_scan,False,False,scanning
A_R034,A,34,scan71,504.000,42.0000,29.750000,-1.542051,18.9800,4.2200,4.479893,0.25989308,,,,,0.250000,grid_scan,False,False,scanning
A_R034,A,34,scan72,504.000,42.0000,30.000000,-1.280266,19.1048,4.2200,4.483546,0.26354594,,,,,0.250000,grid_scan,False,False,scanning
A_R034,A,34,scan73,504.000,42.0000,30.250000,-1.020737,19.2299,4.2200,4.487229,0.26722938,,,,,0.250000,grid_scan,False,False,scanning
A_R034,A,34,scan74,504.000,42.0000,30.500000,-0.763409,19.3550,4.2200,4.490943,0.27094341,,,,,0.250000,grid_scan,False,False,scanning
A_R034,A,34,scan75,504.000,42.0000,30.750000,-0.508229,19.4804,4.2200,4.494688,0.27468803,,,,,0.250000,grid_scan,False,False,scanning
A_R034,A,34,scan76,504.000,42.0000,31.000000,-0.255145,19.6059,4.2200,4.498463,0.27846324,,,,,0.250000,grid_scan,False,False,scanning
A_R034,A,34,scan77,504.000,42.0000,31.250000,-0.004106,19.7317,4.2200,4.502269,0.28226904,,,,,0.250000,grid_scan,False,False,scanning
A_R034,A,34,scan78,504.000,42.0000,31.500000,0.244937,19.8575,4.2200,4.506105,0.28610543,,,,,0.250000,grid_scan,True,False,scanning
A_R034,A,34,scan79,504.000,42.0000,31.750000,0.492029,19.9836,4.2200,4.509972,0.28997241,,,,,0.250000,grid_scan,True,False,scanning
A_R034,A,34,scan80,504.000,42.0000,32.000000,0.737218,20.1098,4.2200,4.513870,0.29386998,,,,,0.250000,grid_scan,True,False,scanning
A_R034,A,34,scan81,504.000,42.0000,32.250000,0.980547,20.2361,4.2200,4.517798,0.29779815,,,,,0.250000,grid_scan,True,False,scanning
A_R034,A,34,scan82,504.000,42.0000,32.500000,1.222058,20.3626,4.2200,4.521757,0.30175692,,,,,0.250000,grid_scan,True,False,scanning
A_R034,A,34,scan83,504.000,42.0000,32.750000,1.461794,20.4893,4.2200,4.525746,0.30574628,,,,,0.250000,grid_scan,True,False,scanning
A_R034,A,34,scan84,504.000,42.0000,33.000000,1.699795,20.6161,4.2200,4.529766,0.30976623,,,,,0.250000,grid_scan,True,False,scanning
A_R034,A,34,scan85,504.000,42.0000,33.250000,1.936099,20.7431,4.2200,4.533817,0.31381679,,,,,0.250000,grid_scan,True,False,scanning
A_R034,A,34,scan86,504.000,42.0000,33.500000,2.170746,20.8702,4.2200,4.537898,0.31789794,,,,,0.250000,grid_scan,True,False,scanning
A_R034,A,34,scan87,504.000,42.0000,33.750000,2.403771,20.9975,4.2200,4.542010,0.32200969,,,,,0.250000,grid_scan,True,False,scanning
A_R034,A,34,scan88,504.000,42.0000,34.000000,2.635210,21.1249,4.2200,4.546152,0.32615204,,,,,0.250000,grid_scan,True,False,scanning
A_R034,A,34,scan89,504.000,42.0000,34.250000,2.865098,21.2524,4.2200,4.550325,0.33032499,,,,,0.250000,grid_scan,True,False,scanning
A_R034,A,34,scan90,504.000,42.0000,34.500000,3.093468,21.3801,4.2200,4.554529,0.33452855,,,,,0.250000,grid_scan,True,False,scanning
A_R034,A,34,scan91,504.000,42.0000,34.750000,3.320354,21.5079,4.2200,4.558763,0.33876271,,,,,0.250000,grid_scan,True,False,scanning
A_R034,A,34,scan92,504.000,42.0000,35.000000,3.545787,21.6358,4.2200,4.563027,0.34302747,,,,,0.250000,grid_scan,True,False,scanning
A_R034,A,34,scan93,504.000,42.0000,35.250000,3.769798,21.7639,4.2200,4.567323,0.34732283,,,,,0.250000,grid_scan,True,False,scanning
A_R034,A,34,scan94,504.000,42.0000,35.500000,3.992417,21.8921,4.2200,4.571649,0.35164880,,,,,0.250000,grid_scan,True,False,scanning
A_R034,A,34,scan95,504.000,42.0000,35.750000,4.213672,22.0205,4.2200,4.576005,0.35600538,,,,,0.250000,grid_scan,True,False,scanning
A_R034,A,34,scan96,504.000,42.0000,36.000000,4.433594,22.1489,4.2200,4.580393,0.36039257,,,,,0.250000,grid_scan,True,False,scanning
A_R034,A,34,scan97,504.000,42.0000,36.250000,4.652208,22.2775,4.2200,4.584810,0.36481036,,,,,0.250000,grid_scan,True,False,scanning
A_R034,A,34,scan98,504.000,42.0000,36.500000,4.869542,22.4062,4.2200,4.589259,0.36925876,,,,,0.250000,grid_scan,True,False,scanning
A_R034,A,34,scan99,504.000,42.0000,36.750000,5.085621,22.5350,4.2200,4.593738,0.37373777,,,,,0.250000,grid_scan,True,False,scanning
A_R034,A,34,scan100,504.000,42.0000,37.000000,5.300473,22.6640,4.2200,4.598247,0.37824740,,,,,0.250000,grid_scan,True,False,scanning
A_R034,A,34,scan101,504.000,42.0000,37.250000,5.514120,22.7930,4.2200,4.602788,0.38278763,,,,,0.250000,grid_scan,True,False,scanning
A_R034,A,34,scan102,504.000,42.0000,37.500000,5.726587,22.9222,4.2200,4.607358,0.38735848,,,,,0.250000,grid_scan,True,False,scanning
A_R034,A,34,scan103,504.000,42.0000,37.750000,5.937897,23.0515,4.2200,4.611960,0.39195994,,,,,0.250000,grid_scan,True,False,scanning
A_R034,A,34,scan104,504.000,42.0000,38.000000,6.148074,23.1809,4.2200,4.616592,0.39659202,,,,,0.250000,grid_scan,True,False,scanning
A_R034,A,34,scan105,504.000,42.0000,38.250000,6.357140,23.3104,4.2200,4.621255,0.40125471,,,,,0.250000,grid_scan,True,False,scanning
A_R034,A,34,scan106,504.000,42.0000,38.500000,6.565115,23.4400,4.2200,4.625948,0.40594802,,,,,0.250000,grid_scan,True,False,scanning
A_R034,A,34,scan107,504.000,42.0000,38.750000,6.772022,23.5697,4.2200,4.630672,0.41067195,,,,,0.250000,grid_scan,True,False,scanning
A_R034,A,34,scan108,504.000,42.0000,39.000000,6.977880,23.6995,4.2200,4.635426,0.41542650,,,,,0.250000,grid_scan,True,False,scanning
A_R034,A,34,scan109,504.000,42.0000,39.250000,7.182710,23.8294,4.2200,4.640212,0.42021166,,,,,0.250000,grid_scan,True,False,scanning
A_R034,A,34,scan110,504.000,42.0000,39.500000,7.386531,23.9595,4.2200,4.645027,0.42502744,,,,,0.250000,grid_scan,True,False,scanning
A_R034,A,34,scan111,504.000,42.0000,39.750000,7.589362,24.0896,4.2200,4.649874,0.42987385,,,,,0.250000,grid_scan,True,False,scanning
A_R034,A,34,scan112,504.000,42.0000,40.000000,7.791222,24.2198,4.2200,4.654751,0.43475088,,,,,0.250000,grid_scan,True,False,scanning
A_R034,A,34,,504.000,42.0000,,,,4.2200,,,,,,12.000,,bisection,,False,no_root
A_R035,A,35,scan0,516.000,43.0000,12.000000,-35.571568,10.9601,4.2200,4.298511,0.07851103,,,,,,grid_scan,False,False,scanning
A_R035,A,35,scan1,516.000,43.0000,12.250000,-34.603394,11.0511,4.2200,4.299962,0.07996228,,,,,0.250000,grid_scan,False,False,scanning
A_R035,A,35,scan2,516.000,43.0000,12.500000,-33.668635,11.1433,4.2200,4.301443,0.08144315,,,,,0.250000,grid_scan,False,False,scanning
A_R035,A,35,scan3,516.000,43.0000,12.750000,-32.765350,11.2367,4.2200,4.302954,0.08295366,,,,,0.250000,grid_scan,False,False,scanning
A_R035,A,35,scan4,516.000,43.0000,13.000000,-31.891743,11.3312,4.2200,4.304494,0.08449383,,,,,0.250000,grid_scan,False,False,scanning
A_R035,A,35,scan5,516.000,43.0000,13.250000,-31.046153,11.4269,4.2200,4.306064,0.08606367,,,,,0.250000,grid_scan,False,False,scanning
A_R035,A,35,scan6,516.000,43.0000,13.500000,-30.227039,11.5235,4.2200,4.307663,0.08766318,,,,,0.250000,grid_scan,False,False,scanning
A_R035,A,35,scan7,516.000,43.0000,13.750000,-29.432973,11.6212,4.2200,4.309292,0.08929240,,,,,0.250000,grid_scan,False,False,scanning
A_R035,A,35,scan8,516.000,43.0000,14.000000,-28.662626,11.7198,4.2200,4.310951,0.09095132,,,,,0.250000,grid_scan,False,False,scanning
A_R035,A,35,scan9,516.000,43.0000,14.250000,-27.914761,11.8193,4.2200,4.312640,0.09263995,,,,,0.250000,grid_scan,False,False,scanning
A_R035,A,35,scan10,516.000,43.0000,14.500000,-27.188226,11.9197,4.2200,4.314358,0.09435832,,,,,0.250000,grid_scan,False,False,scanning
A_R035,A,35,scan11,516.000,43.0000,14.750000,-26.481946,12.0209,4.2200,4.316106,0.09610641,,,,,0.250000,grid_scan,False,False,scanning
A_R035,A,35,scan12,516.000,43.0000,15.000000,-25.794917,12.1230,4.2200,4.317884,0.09788425,,,,,0.250000,grid_scan,False,False,scanning
A_R035,A,35,scan13,516.000,43.0000,15.250000,-25.126200,12.2259,4.2200,4.319692,0.09969184,,,,,0.250000,grid_scan,False,False,scanning
A_R035,A,35,scan14,516.000,43.0000,15.500000,-24.474916,12.3295,4.2200,4.321529,0.10152919,,,,,0.250000,grid_scan,False,False,scanning
A_R035,A,35,scan15,516.000,43.0000,15.750000,-23.840241,12.4338,4.2200,4.323396,0.10339630,,,,,0.250000,grid_scan,False,False,scanning
A_R035,A,35,scan16,516.000,43.0000,16.000000,-23.221403,12.5388,4.2200,4.325293,0.10529318,,,,,0.250000,grid_scan,False,False,scanning
A_R035,A,35,scan17,516.000,43.0000,16.250000,-22.617676,12.6445,4.2200,4.327220,0.10721983,,,,,0.250000,grid_scan,False,False,scanning
A_R035,A,35,scan18,516.000,43.0000,16.500000,-22.028378,12.7509,4.2200,4.329176,0.10917626,,,,,0.250000,grid_scan,False,False,scanning
A_R035,A,35,scan19,516.000,43.0000,16.750000,-21.452868,12.8579,4.2200,4.331162,0.11116248,,,,,0.250000,grid_scan,False,False,scanning
A_R035,A,35,scan20,516.000,43.0000,17.000000,-20.890540,12.9655,4.2200,4.333178,0.11317848,,,,,0.250000,grid_scan,False,False,scanning
A_R035,A,35,scan21,516.000,43.0000,17.250000,-20.340826,13.0737,4.2200,4.335224,0.11522428,,,,,0.250000,grid_scan,False,False,scanning
A_R035,A,35,scan22,516.000,43.0000,17.500000,-19.803189,13.1825,4.2200,4.337300,0.11729987,,,,,0.250000,grid_scan,False,False,scanning
A_R035,A,35,scan23,516.000,43.0000,17.750000,-19.277121,13.2918,4.2200,4.339405,0.11940526,,,,,0.250000,grid_scan,False,False,scanning
A_R035,A,35,scan24,516.000,43.0000,18.000000,-18.762143,13.4017,4.2200,4.341540,0.12154046,,,,,0.250000,grid_scan,False,False,scanning
A_R035,A,35,scan25,516.000,43.0000,18.250000,-18.257802,13.5121,4.2200,4.343705,0.12370546,,,,,0.250000,grid_scan,False,False,scanning
A_R035,A,35,scan26,516.000,43.0000,18.500000,-17.763669,13.6230,4.2200,4.345900,0.12590027,,,,,0.250000,grid_scan,False,False,scanning
A_R035,A,35,scan27,516.000,43.0000,18.750000,-17.279338,13.7344,4.2200,4.348125,0.12812490,,,,,0.250000,grid_scan,False,False,scanning
A_R035,A,35,scan28,516.000,43.0000,19.000000,-16.804424,13.8463,4.2200,4.350379,0.13037934,,,,,0.250000,grid_scan,False,False,scanning
A_R035,A,35,scan29,516.000,43.0000,19.250000,-16.338562,13.9586,4.2200,4.352664,0.13266360,,,,,0.250000,grid_scan,False,False,scanning
A_R035,A,35,scan30,516.000,43.0000,19.500000,-15.881407,14.0714,4.2200,4.354978,0.13497767,,,,,0.250000,grid_scan,False,False,scanning
A_R035,A,35,scan31,516.000,43.0000,19.750000,-15.432627,14.1846,4.2200,4.357322,0.13732157,,,,,0.250000,grid_scan,False,False,scanning
A_R035,A,35,scan32,516.000,43.0000,20.000000,-14.991913,14.2983,4.2200,4.359695,0.13969530,,,,,0.250000,grid_scan,False,False,scanning
A_R035,A,35,scan33,516.000,43.0000,20.250000,-14.558964,14.4124,4.2200,4.362099,0.14209885,,,,,0.250000,grid_scan,False,False,scanning
A_R035,A,35,scan34,516.000,43.0000,20.500000,-14.133500,14.5269,4.2200,4.364532,0.14453223,,,,,0.250000,grid_scan,False,False,scanning
A_R035,A,35,scan35,516.000,43.0000,20.750000,-13.715251,14.6418,4.2200,4.366995,0.14699544,,,,,0.250000,grid_scan,False,False,scanning
A_R035,A,35,scan36,516.000,43.0000,21.000000,-13.303960,14.7571,4.2200,4.369488,0.14948848,,,,,0.250000,grid_scan,False,False,scanning
A_R035,A,35,scan37,516.000,43.0000,21.250000,-12.899382,14.8728,4.2200,4.372011,0.15201135,,,,,0.250000,grid_scan,False,False,scanning
A_R035,A,35,scan38,516.000,43.0000,21.500000,-12.501285,14.9888,4.2200,4.374564,0.15456407,,,,,0.250000,grid_scan,False,False,scanning
A_R035,A,35,scan39,516.000,43.0000,21.750000,-12.109446,15.1052,4.2200,4.377147,0.15714662,,,,,0.250000,grid_scan,False,False,scanning
A_R035,A,35,scan40,516.000,43.0000,22.000000,-11.723652,15.2219,4.2200,4.379759,0.15975900,,,,,0.250000,grid_scan,False,False,scanning
A_R035,A,35,scan41,516.000,43.0000,22.250000,-11.343701,15.3390,4.2200,4.382401,0.16240123,,,,,0.250000,grid_scan,False,False,scanning
A_R035,A,35,scan42,516.000,43.0000,22.500000,-10.969397,15.4564,4.2200,4.385073,0.16507330,,,,,0.250000,grid_scan,False,False,scanning
A_R035,A,35,scan43,516.000,43.0000,22.750000,-10.600557,15.5742,4.2200,4.387775,0.16777521,,,,,0.250000,grid_scan,False,False,scanning
A_R035,A,35,scan44,516.000,43.0000,23.000000,-10.237002,15.6923,4.2200,4.390507,0.17050697,,,,,0.250000,grid_scan,False,False,scanning
A_R035,A,35,scan45,516.000,43.0000,23.250000,-9.878562,15.8107,4.2200,4.393269,0.17326857,,,,,0.250000,grid_scan,False,False,scanning
A_R035,A,35,scan46,516.000,43.0000,23.500000,-9.525075,15.9293,4.2200,4.396060,0.17606003,,,,,0.250000,grid_scan,False,False,scanning
A_R035,A,35,scan47,516.000,43.0000,23.750000,-9.176385,16.0483,4.2200,4.398881,0.17888132,,,,,0.250000,grid_scan,False,False,scanning
A_R035,A,35,scan48,516.000,43.0000,24.000000,-8.832343,16.1676,4.2200,4.401732,0.18173247,,,,,0.250000,grid_scan,False,False,scanning
A_R035,A,35,scan49,516.000,43.0000,24.250000,-8.492804,16.2872,4.2200,4.404613,0.18461347,,,,,0.250000,grid_scan,False,False,scanning
A_R035,A,35,scan50,516.000,43.0000,24.500000,-8.157633,16.4071,4.2200,4.407524,0.18752432,,,,,0.250000,grid_scan,False,False,scanning
A_R035,A,35,scan51,516.000,43.0000,24.750000,-7.826696,16.5272,4.2200,4.410465,0.19046503,,,,,0.250000,grid_scan,False,False,scanning
A_R035,A,35,scan52,516.000,43.0000,25.000000,-7.499867,16.6476,4.2200,4.413436,0.19343558,,,,,0.250000,grid_scan,False,False,scanning
A_R035,A,35,scan53,516.000,43.0000,25.250000,-7.177025,16.7682,4.2200,4.416436,0.19643600,,,,,0.250000,grid_scan,False,False,scanning
A_R035,A,35,scan54,516.000,43.0000,25.500000,-6.858053,16.8892,4.2200,4.419466,0.19946626,,,,,0.250000,grid_scan,False,False,scanning
A_R035,A,35,scan55,516.000,43.0000,25.750000,-6.542837,17.0103,4.2200,4.422526,0.20252639,,,,,0.250000,grid_scan,False,False,scanning
A_R035,A,35,scan56,516.000,43.0000,26.000000,-6.231271,17.1318,4.2200,4.425616,0.20561637,,,,,0.250000,grid_scan,False,False,scanning
A_R035,A,35,scan57,516.000,43.0000,26.250000,-5.923250,17.2534,4.2200,4.428736,0.20873622,,,,,0.250000,grid_scan,False,False,scanning
A_R035,A,35,scan58,516.000,43.0000,26.500000,-5.618675,17.3754,4.2200,4.431886,0.21188592,,,,,0.250000,grid_scan,False,False,scanning
A_R035,A,35,scan59,516.000,43.0000,26.750000,-5.317448,17.4975,4.2200,4.435065,0.21506549,,,,,0.250000,grid_scan,False,False,scanning
A_R035,A,35,scan60,516.000,43.0000,27.000000,-5.019477,17.6199,4.2200,4.438275,0.21827491,,,,,0.250000,grid_scan,False,False,scanning
A_R035,A,35,scan61,516.000,43.0000,27.250000,-4.724672,17.7425,4.2200,4.441514,0.22151420,,,,,0.250000,grid_scan,False,False,scanning
A_R035,A,35,scan62,516.000,43.0000,27.500000,-4.432948,17.8653,4.2200,4.444783,0.22478336,,,,,0.250000,grid_scan,False,False,scanning
A_R035,A,35,scan63,516.000,43.0000,27.750000,-4.144222,17.9883,4.2200,4.448082,0.22808238,,,,,0.250000,grid_scan,False,False,scanning
A_R035,A,35,scan64,516.000,43.0000,28.000000,-3.858413,18.1116,4.2200,4.451411,0.23141126,,,,,0.250000,grid_scan,False,False,scanning
A_R035,A,35,scan65,516.000,43.0000,28.250000,-3.575444,18.2350,4.2200,4.454770,0.23477001,,,,,0.250000,grid_scan,False,False,scanning
A_R035,A,35,scan66,516.000,43.0000,28.500000,-3.295240,18.3587,4.2200,4.458159,0.23815863,,,,,0.250000,grid_scan,False,False,scanning
A_R035,A,35,scan67,516.000,43.0000,28.750000,-3.017730,18.4826,4.2200,4.461577,0.24157712,,,,,0.250000,grid_scan,False,False,scanning
A_R035,A,35,scan68,516.000,43.0000,29.000000,-2.742844,18.6067,4.2200,4.465025,0.24502547,,,,,0.250000,grid_scan,False,False,scanning
A_R035,A,35,scan69,516.000,43.0000,29.250000,-2.470515,18.7309,4.2200,4.468504,0.24850370,,,,,0.250000,grid_scan,False,False,scanning
A_R035,A,35,scan70,516.000,43.0000,29.500000,-2.200678,18.8554,4.2200,4.472012,0.25201180,,,,,0.250000,grid_scan,False,False,scanning
A_R035,A,35,scan71,516.000,43.0000,29.750000,-1.933270,18.9800,4.2200,4.475550,0.25554977,,,,,0.250000,grid_scan,False,False,scanning
A_R035,A,35,scan72,516.000,43.0000,30.000000,-1.668231,19.1048,4.2200,4.479118,0.25911761,,,,,0.250000,grid_scan,False,False,scanning
A_R035,A,35,scan73,516.000,43.0000,30.250000,-1.405502,19.2299,4.2200,4.482715,0.26271533,,,,,0.250000,grid_scan,False,False,scanning
A_R035,A,35,scan74,516.000,43.0000,30.500000,-1.145027,19.3550,4.2200,4.486343,0.26634292,,,,,0.250000,grid_scan,False,False,scanning
A_R035,A,35,scan75,516.000,43.0000,30.750000,-0.886750,19.4804,4.2200,4.490000,0.27000038,,,,,0.250000,grid_scan,False,False,scanning
A_R035,A,35,scan76,516.000,43.0000,31.000000,-0.630619,19.6059,4.2200,4.493688,0.27368773,,,,,0.250000,grid_scan,False,False,scanning
A_R035,A,35,scan77,516.000,43.0000,31.250000,-0.376581,19.7317,4.2200,4.497405,0.27740495,,,,,0.250000,grid_scan,False,False,scanning
A_R035,A,35,scan78,516.000,43.0000,31.500000,-0.124588,19.8575,4.2200,4.501152,0.28115204,,,,,0.250000,grid_scan,False,False,scanning
A_R035,A,35,scan79,516.000,43.0000,31.750000,0.125408,19.9836,4.2200,4.504929,0.28492902,,,,,0.250000,grid_scan,True,False,scanning
A_R035,A,35,scan80,516.000,43.0000,32.000000,0.373456,20.1098,4.2200,4.508736,0.28873587,,,,,0.250000,grid_scan,True,False,scanning
A_R035,A,35,scan81,516.000,43.0000,32.250000,0.619599,20.2361,4.2200,4.512573,0.29257261,,,,,0.250000,grid_scan,True,False,scanning
A_R035,A,35,scan82,516.000,43.0000,32.500000,0.863882,20.3626,4.2200,4.516439,0.29643923,,,,,0.250000,grid_scan,True,False,scanning
A_R035,A,35,scan83,516.000,43.0000,32.750000,1.106347,20.4893,4.2200,4.520336,0.30033573,,,,,0.250000,grid_scan,True,False,scanning
A_R035,A,35,scan84,516.000,43.0000,33.000000,1.347035,20.6161,4.2200,4.524262,0.30426211,,,,,0.250000,grid_scan,True,False,scanning
A_R035,A,35,scan85,516.000,43.0000,33.250000,1.585987,20.7431,4.2200,4.528218,0.30821837,,,,,0.250000,grid_scan,True,False,scanning
A_R035,A,35,scan86,516.000,43.0000,33.500000,1.823241,20.8702,4.2200,4.532205,0.31220452,,,,,0.250000,grid_scan,True,False,scanning
A_R035,A,35,scan87,516.000,43.0000,33.750000,2.058835,20.9975,4.2200,4.536221,0.31622056,,,,,0.250000,grid_scan,True,False,scanning
A_R035,A,35,scan88,516.000,43.0000,34.000000,2.292806,21.1249,4.2200,4.540266,0.32026648,,,,,0.250000,grid_scan,True,False,scanning
A_R035,A,35,scan89,516.000,43.0000,34.250000,2.525188,21.2524,4.2200,4.544342,0.32434229,,,,,0.250000,grid_scan,True,False,scanning
A_R035,A,35,scan90,516.000,43.0000,34.500000,2.756017,21.3801,4.2200,4.548448,0.32844799,,,,,0.250000,grid_scan,True,False,scanning
A_R035,A,35,scan91,516.000,43.0000,34.750000,2.985326,21.5079,4.2200,4.552584,0.33258357,,,,,0.250000,grid_scan,True,False,scanning
A_R035,A,35,scan92,516.000,43.0000,35.000000,3.213147,21.6358,4.2200,4.556749,0.33674905,,,,,0.250000,grid_scan,True,False,scanning
A_R035,A,35,scan93,516.000,43.0000,35.250000,3.439513,21.7639,4.2200,4.560944,0.34094441,,,,,0.250000,grid_scan,True,False,scanning
A_R035,A,35,scan94,516.000,43.0000,35.500000,3.664453,21.8921,4.2200,4.565170,0.34516967,,,,,0.250000,grid_scan,True,False,scanning
A_R035,A,35,scan95,516.000,43.0000,35.750000,3.887997,22.0205,4.2200,4.569425,0.34942482,,,,,0.250000,grid_scan,True,False,scanning
A_R035,A,35,scan96,516.000,43.0000,36.000000,4.110176,22.1489,4.2200,4.573710,0.35370986,,,,,0.250000,grid_scan,True,False,scanning
A_R035,A,35,scan97,516.000,43.0000,36.250000,4.331016,22.2775,4.2200,4.578025,0.35802480,,,,,0.250000,grid_scan,True,False,scanning
A_R035,A,35,scan98,516.000,43.0000,36.500000,4.550546,22.4062,4.2200,4.582370,0.36236963,,,,,0.250000,grid_scan,True,False,scanning
A_R035,A,35,scan99,516.000,43.0000,36.750000,4.768791,22.5350,4.2200,4.586744,0.36674436,,,,,0.250000,grid_scan,True,False,scanning
A_R035,A,35,scan100,516.000,43.0000,37.000000,4.985779,22.6640,4.2200,4.591149,0.37114898,,,,,0.250000,grid_scan,True,False,scanning
A_R035,A,35,scan101,516.000,43.0000,37.250000,5.201534,22.7930,4.2200,4.595584,0.37558350,,,,,0.250000,grid_scan,True,False,scanning
A_R035,A,35,scan102,516.000,43.0000,37.500000,5.416081,22.9222,4.2200,4.600048,0.38004792,,,,,0.250000,grid_scan,True,False,scanning
A_R035,A,35,scan103,516.000,43.0000,37.750000,5.629443,23.0515,4.2200,4.604542,0.38454224,,,,,0.250000,grid_scan,True,False,scanning
A_R035,A,35,scan104,516.000,43.0000,38.000000,5.841645,23.1809,4.2200,4.609066,0.38906645,,,,,0.250000,grid_scan,True,False,scanning
A_R035,A,35,scan105,516.000,43.0000,38.250000,6.052709,23.3104,4.2200,4.613621,0.39362057,,,,,0.250000,grid_scan,True,False,scanning
A_R035,A,35,scan106,516.000,43.0000,38.500000,6.262658,23.4400,4.2200,4.618205,0.39820459,,,,,0.250000,grid_scan,True,False,scanning
A_R035,A,35,scan107,516.000,43.0000,38.750000,6.471511,23.5697,4.2200,4.622819,0.40281851,,,,,0.250000,grid_scan,True,False,scanning
A_R035,A,35,scan108,516.000,43.0000,39.000000,6.679292,23.6995,4.2200,4.627462,0.40746234,,,,,0.250000,grid_scan,True,False,scanning
A_R035,A,35,scan109,516.000,43.0000,39.250000,6.886020,23.8294,4.2200,4.632136,0.41213607,,,,,0.250000,grid_scan,True,False,scanning
A_R035,A,35,scan110,516.000,43.0000,39.500000,7.091715,23.9595,4.2200,4.636840,0.41683970,,,,,0.250000,grid_scan,True,False,scanning
A_R035,A,35,scan111,516.000,43.0000,39.750000,7.296396,24.0896,4.2200,4.641573,0.42157325,,,,,0.250000,grid_scan,True,False,scanning
A_R035,A,35,scan112,516.000,43.0000,40.000000,7.500083,24.2198,4.2200,4.646337,0.42633669,,,,,0.250000,grid_scan,True,False,scanning
A_R035,A,35,,516.000,43.0000,,,,4.2200,,,,,,12.000,,bisection,,False,no_root
A_R036,A,36,scan0,528.000,44.0000,12.000000,-36.538479,10.9601,4.2200,4.298390,0.07839032,,,,,,grid_scan,False,False,scanning
A_R036,A,36,scan1,528.000,44.0000,12.250000,-35.550698,11.0511,4.2200,4.299809,0.07980859,,,,,0.250000,grid_scan,False,False,scanning
A_R036,A,36,scan2,528.000,44.0000,12.500000,-34.597111,11.1433,4.2200,4.301256,0.08125581,,,,,0.250000,grid_scan,False,False,scanning
A_R036,A,36,scan3,528.000,44.0000,12.750000,-33.675729,11.2367,4.2200,4.302732,0.08273199,,,,,0.250000,grid_scan,False,False,scanning
A_R036,A,36,scan4,528.000,44.0000,13.000000,-32.784715,11.3312,4.2200,4.304237,0.08423715,,,,,0.250000,grid_scan,False,False,scanning
A_R036,A,36,scan5,528.000,44.0000,13.250000,-31.922369,11.4269,4.2200,4.305771,0.08577130,,,,,0.250000,grid_scan,False,False,scanning
A_R036,A,36,scan6,528.000,44.0000,13.500000,-31.087117,11.5235,4.2200,4.307334,0.08733447,,,,,0.250000,grid_scan,False,False,scanning
A_R036,A,36,scan7,528.000,44.0000,13.750000,-30.277494,11.6212,4.2200,4.308927,0.08892665,,,,,0.250000,grid_scan,False,False,scanning
A_R036,A,36,scan8,528.000,44.0000,14.000000,-29.492141,11.7198,4.2200,4.310548,0.09054786,,,,,0.250000,grid_scan,False,False,scanning
A_R036,A,36,scan9,528.000,44.0000,14.250000,-28.729793,11.8193,4.2200,4.312198,0.09219812,,,,,0.250000,grid_scan,False,False,scanning
A_R036,A,36,scan10,528.000,44.0000,14.500000,-27.989272,11.9197,4.2200,4.313877,0.09387743,,,,,0.250000,grid_scan,False,False,scanning
A_R036,A,36,scan11,528.000,44.0000,14.750000,-27.269477,12.0209,4.2200,4.315586,0.09558579,,,,,0.250000,grid_scan,False,False,scanning
A_R036,A,36,scan12,528.000,44.0000,15.000000,-26.569380,12.1230,4.2200,4.317323,0.09732322,,,,,0.250000,grid_scan,False,False,scanning
A_R036,A,36,scan13,528.000,44.0000,15.250000,-25.888021,12.2259,4.2200,4.319090,0.09908972,,,,,0.250000,grid_scan,False,False,scanning
A_R036,A,36,scan14,528.000,44.0000,15.500000,-25.224501,12.3295,4.2200,4.320885,0.10088531,,,,,0.250000,grid_scan,False,False,scanning
A_R036,A,36,scan15,528.000,44.0000,15.750000,-24.577976,12.4338,4.2200,4.322710,0.10270998,,,,,0.250000,grid_scan,False,False,scanning
A_R036,A,36,scan16,528.000,44.0000,16.000000,-23.947656,12.5388,4.2200,4.324564,0.10456374,,,,,0.250000,grid_scan,False,False,scanning
A_R036,A,36,scan17,528.000,44.0000,16.250000,-23.332798,12.6445,4.2200,4.326447,0.10644660,,,,,0.250000,grid_scan,False,False,scanning
A_R036,A,36,scan18,528.000,44.0000,16.500000,-22.732705,12.7509,4.2200,4.328359,0.10835856,,,,,0.250000,grid_scan,False,False,scanning
A_R036,A,36,scan19,528.000,44.0000,16.750000,-22.146721,12.8579,4.2200,4.330300,0.11029963,,,,,0.250000,grid_scan,False,False,scanning
A_R036,A,36,scan20,528.000,44.0000,17.000000,-21.574225,12.9655,4.2200,4.332270,0.11226981,,,,,0.250000,grid_scan,False,False,scanning
A_R036,A,36,scan21,528.000,44.0000,17.250000,-21.014637,13.0737,4.2200,4.334269,0.11426910,,,,,0.250000,grid_scan,False,False,scanning
A_R036,A,36,scan22,528.000,44.0000,17.500000,-20.467406,13.1825,4.2200,4.336298,0.11629751,,,,,0.250000,grid_scan,False,False,scanning
A_R036,A,36,scan23,528.000,44.0000,17.750000,-19.932013,13.2918,4.2200,4.338355,0.11835505,,,,,0.250000,grid_scan,False,False,scanning
A_R036,A,36,scan24,528.000,44.0000,18.000000,-19.407969,13.4017,4.2200,4.340442,0.12044171,,,,,0.250000,grid_scan,False,False,scanning
A_R036,A,36,scan25,528.000,44.0000,18.250000,-18.894809,13.5121,4.2200,4.342557,0.12255750,,,,,0.250000,grid_scan,False,False,scanning
A_R036,A,36,scan26,528.000,44.0000,18.500000,-18.392094,13.6230,4.2200,4.344702,0.12470242,,,,,0.250000,grid_scan,False,False,scanning
A_R036,A,36,scan27,528.000,44.0000,18.750000,-17.899409,13.7344,4.2200,4.346876,0.12687647,,,,,0.250000,grid_scan,False,False,scanning
A_R036,A,36,scan28,528.000,44.0000,19.000000,-17.416360,13.8463,4.2200,4.349080,0.12907966,,,,,0.250000,grid_scan,False,False,scanning
A_R036,A,36,scan29,528.000,44.0000,19.250000,-16.942574,13.9586,4.2200,4.351312,0.13131199,,,,,0.250000,grid_scan,False,False,scanning
A_R036,A,36,scan30,528.000,44.0000,19.500000,-16.477697,14.0714,4.2200,4.353573,0.13357347,,,,,0.250000,grid_scan,False,False,scanning
A_R036,A,36,scan31,528.000,44.0000,19.750000,-16.021391,14.1846,4.2200,4.355864,0.13586408,,,,,0.250000,grid_scan,False,False,scanning
A_R036,A,36,scan32,528.000,44.0000,20.000000,-15.573336,14.2983,4.2200,4.358184,0.13818385,,,,,0.250000,grid_scan,False,False,scanning
A_R036,A,36,scan33,528.000,44.0000,20.250000,-15.133229,14.4124,4.2200,4.360533,0.14053276,,,,,0.250000,grid_scan,False,False,scanning
A_R036,A,36,scan34,528.000,44.0000,20.500000,-14.700780,14.5269,4.2200,4.362911,0.14291082,,,,,0.250000,grid_scan,False,False,scanning
A_R036,A,36,scan35,528.000,44.0000,20.750000,-14.275714,14.6418,4.2200,4.365318,0.14531803,,,,,0.250000,grid_scan,False,False,scanning
A_R036,A,36,scan36,528.000,44.0000,21.000000,-13.857768,14.7571,4.2200,4.367754,0.14775439,,,,,0.250000,grid_scan,False,False,scanning
A_R036,A,36,scan37,528.000,44.0000,21.250000,-13.446691,14.8728,4.2200,4.370220,0.15021991,,,,,0.250000,grid_scan,False,False,scanning
A_R036,A,36,scan38,528.000,44.0000,21.500000,-13.042246,14.9888,4.2200,4.372715,0.15271459,,,,,0.250000,grid_scan,False,False,scanning
A_R036,A,36,scan39,528.000,44.0000,21.750000,-12.644203,15.1052,4.2200,4.375238,0.15523843,,,,,0.250000,grid_scan,False,False,scanning
A_R036,A,36,scan40,528.000,44.0000,22.000000,-12.252347,15.2219,4.2200,4.377791,0.15779142,,,,,0.250000,grid_scan,False,False,scanning
A_R036,A,36,scan41,528.000,44.0000,22.250000,-11.866469,15.3390,4.2200,4.380374,0.16037358,,,,,0.250000,grid_scan,False,False,scanning
A_R036,A,36,scan42,528.000,44.0000,22.500000,-11.486371,15.4564,4.2200,4.382985,0.16298490,,,,,0.250000,grid_scan,False,False,scanning
A_R036,A,36,scan43,528.000,44.0000,22.750000,-11.111862,15.5742,4.2200,4.385625,0.16562538,,,,,0.250000,grid_scan,False,False,scanning
A_R036,A,36,scan44,528.000,44.0000,23.000000,-10.742762,15.6923,4.2200,4.388295,0.16829503,,,,,0.250000,grid_scan,False,False,scanning
A_R036,A,36,scan45,528.000,44.0000,23.250000,-10.378896,15.8107,4.2200,4.390994,0.17099385,,,,,0.250000,grid_scan,False,False,scanning
A_R036,A,36,scan46,528.000,44.0000,23.500000,-10.020099,15.9293,4.2200,4.393722,0.17372183,,,,,0.250000,grid_scan,False,False,scanning
A_R036,A,36,scan47,528.000,44.0000,23.750000,-9.666209,16.0483,4.2200,4.396479,0.17647898,,,,,0.250000,grid_scan,False,False,scanning
A_R036,A,36,scan48,528.000,44.0000,24.000000,-9.317075,16.1676,4.2200,4.399265,0.17926531,,,,,0.250000,grid_scan,False,False,scanning
A_R036,A,36,scan49,528.000,44.0000,24.250000,-8.972550,16.2872,4.2200,4.402081,0.18208080,,,,,0.250000,grid_scan,False,False,scanning
A_R036,A,36,scan50,528.000,44.0000,24.500000,-8.632494,16.4071,4.2200,4.404925,0.18492547,,,,,0.250000,grid_scan,False,False,scanning
A_R036,A,36,scan51,528.000,44.0000,24.750000,-8.296770,16.5272,4.2200,4.407799,0.18779931,,,,,0.250000,grid_scan,False,False,scanning
A_R036,A,36,scan52,528.000,44.0000,25.000000,-7.965251,16.6476,4.2200,4.410702,0.19070232,,,,,0.250000,grid_scan,False,False,scanning
A_R036,A,36,scan53,528.000,44.0000,25.250000,-7.637810,16.7682,4.2200,4.413635,0.19363451,,,,,0.250000,grid_scan,False,False,scanning
A_R036,A,36,scan54,528.000,44.0000,25.500000,-7.314330,16.8892,4.2200,4.416596,0.19659588,,,,,0.250000,grid_scan,False,False,scanning
A_R036,A,36,scan55,528.000,44.0000,25.750000,-6.994693,17.0103,4.2200,4.419586,0.19958642,,,,,0.250000,grid_scan,False,False,scanning
A_R036,A,36,scan56,528.000,44.0000,26.000000,-6.678791,17.1318,4.2200,4.422606,0.20260614,,,,,0.250000,grid_scan,False,False,scanning
A_R036,A,36,scan57,528.000,44.0000,26.250000,-6.366517,17.2534,4.2200,4.425655,0.20565504,,,,,0.250000,grid_scan,False,False,scanning
A_R036,A,36,scan58,528.000,44.0000,26.500000,-6.057768,17.3754,4.2200,4.428733,0.20873312,,,,,0.250000,grid_scan,False,False,scanning
A_R036,A,36,scan59,528.000,44.0000,26.750000,-5.752445,17.4975,4.2200,4.431840,0.21184039,,,,,0.250000,grid_scan,False,False,scanning
A_R036,A,36,scan60,528.000,44.0000,27.000000,-5.450454,17.6199,4.2200,4.434977,0.21497683,,,,,0.250000,grid_scan,False,False,scanning
A_R036,A,36,scan61,528.000,44.0000,27.250000,-5.151704,17.7425,4.2200,4.438142,0.21814246,,,,,0.250000,grid_scan,False,False,scanning
A_R036,A,36,scan62,528.000,44.0000,27.500000,-4.856105,17.8653,4.2200,4.441337,0.22133727,,,,,0.250000,grid_scan,False,False,scanning
A_R036,A,36,scan63,528.000,44.0000,27.750000,-4.563574,17.9883,4.2200,4.444561,0.22456127,,,,,0.250000,grid_scan,False,False,scanning
A_R036,A,36,scan64,528.000,44.0000,28.000000,-4.274028,18.1116,4.2200,4.447814,0.22781445,,,,,0.250000,grid_scan,False,False,scanning
A_R036,A,36,scan65,528.000,44.0000,28.250000,-3.987387,18.2350,4.2200,4.451097,0.23109682,,,,,0.250000,grid_scan,False,False,scanning
A_R036,A,36,scan66,528.000,44.0000,28.500000,-3.703577,18.3587,4.2200,4.454408,0.23440838,,,,,0.250000,grid_scan,False,False,scanning
A_R036,A,36,scan67,528.000,44.0000,28.750000,-3.422523,18.4826,4.2200,4.457749,0.23774912,,,,,0.250000,grid_scan,False,False,scanning
A_R036,A,36,scan68,528.000,44.0000,29.000000,-3.144154,18.6067,4.2200,4.461119,0.24111905,,,,,0.250000,grid_scan,False,False,scanning
A_R036,A,36,scan69,528.000,44.0000,29.250000,-2.868401,18.7309,4.2200,4.464518,0.24451818,,,,,0.250000,grid_scan,False,False,scanning
A_R036,A,36,scan70,528.000,44.0000,29.500000,-2.595199,18.8554,4.2200,4.467946,0.24794649,,,,,0.250000,grid_scan,False,False,scanning
A_R036,A,36,scan71,528.000,44.0000,29.750000,-2.324482,18.9800,4.2200,4.471404,0.25140400,,,,,0.250000,grid_scan,False,False,scanning
A_R036,A,36,scan72,528.000,44.0000,30.000000,-2.056189,19.1048,4.2200,4.474891,0.25489069,,,,,0.250000,grid_scan,False,False,scanning
A_R036,A,36,scan73,528.000,44.0000,30.250000,-1.790260,19.2299,4.2200,4.478407,0.25840658,,,,,0.250000,grid_scan,False,False,scanning
A_R036,A,36,scan74,528.000,44.0000,30.500000,-1.526636,19.3550,4.2200,4.481952,0.26195167,,,,,0.250000,grid_scan,False,False,scanning
A_R036,A,36,scan75,528.000,44.0000,30.750000,-1.265263,19.4804,4.2200,4.485526,0.26552595,,,,,0.250000,grid_scan,False,False,scanning
A_R036,A,36,scan76,528.000,44.0000,31.000000,-1.006085,19.6059,4.2200,4.489129,0.26912942,,,,,0.250000,grid_scan,False,False,scanning
A_R036,A,36,scan77,528.000,44.0000,31.250000,-0.749049,19.7317,4.2200,4.492762,0.27276209,,,,,0.250000,grid_scan,False,False,scanning
A_R036,A,36,scan78,528.000,44.0000,31.500000,-0.494106,19.8575,4.2200,4.496424,0.27642396,,,,,0.250000,grid_scan,False,False,scanning
A_R036,A,36,scan79,528.000,44.0000,31.750000,-0.241205,19.9836,4.2200,4.500115,0.28011503,,,,,0.250000,grid_scan,False,False,scanning
A_R036,A,36,scan80,528.000,44.0000,32.000000,0.009702,20.1098,4.2200,4.503835,0.28383529,,,,,0.250000,grid_scan,True,False,scanning
A_R036,A,36,scan81,528.000,44.0000,32.250000,0.258659,20.2361,4.2200,4.507585,0.28758476,,,,,0.250000,grid_scan,True,False,scanning
A_R036,A,36,scan82,528.000,44.0000,32.500000,0.505713,20.3626,4.2200,4.511363,0.29136342,,,,,0.250000,grid_scan,True,False,scanning
A_R036,A,36,scan83,528.000,44.0000,32.750000,0.750907,20.4893,4.2200,4.515171,0.29517129,,,,,0.250000,grid_scan,True,False,scanning
A_R036,A,36,scan84,528.000,44.0000,33.000000,0.994284,20.6161,4.2200,4.519008,0.29900835,,,,,0.250000,grid_scan,True,False,scanning
A_R036,A,36,scan85,528.000,44.0000,33.250000,1.235883,20.7431,4.2200,4.522875,0.30287462,,,,,0.250000,grid_scan,True,False,scanning
A_R036,A,36,scan86,528.000,44.0000,33.500000,1.475745,20.8702,4.2200,4.526770,0.30677010,,,,,0.250000,grid_scan,True,False,scanning
A_R036,A,36,scan87,528.000,44.0000,33.750000,1.713908,20.9975,4.2200,4.530695,0.31069477,,,,,0.250000,grid_scan,True,False,scanning
A_R036,A,36,scan88,528.000,44.0000,34.000000,1.950410,21.1249,4.2200,4.534649,0.31464866,,,,,0.250000,grid_scan,True,False,scanning
A_R036,A,36,scan89,528.000,44.0000,34.250000,2.185287,21.2524,4.2200,4.538632,0.31863174,,,,,0.250000,grid_scan,True,False,scanning
A_R036,A,36,scan90,528.000,44.0000,34.500000,2.418575,21.3801,4.2200,4.542644,0.32264404,,,,,0.250000,grid_scan,True,False,scanning
A_R036,A,36,scan91,528.000,44.0000,34.750000,2.650307,21.5079,4.2200,4.546686,0.32668554,,,,,0.250000,grid_scan,True,False,scanning
A_R036,A,36,scan92,528.000,44.0000,35.000000,2.880516,21.6358,4.2200,4.550756,0.33075625,,,,,0.250000,grid_scan,True,False,scanning
A_R036,A,36,scan93,528.000,44.0000,35.250000,3.109236,21.7639,4.2200,4.554856,0.33485617,,,,,0.250000,grid_scan,True,False,scanning
A_R036,A,36,scan94,528.000,44.0000,35.500000,3.336498,21.8921,4.2200,4.558985,0.33898530,,,,,0.250000,grid_scan,True,False,scanning
A_R036,A,36,scan95,528.000,44.0000,35.750000,3.562332,22.0205,4.2200,4.563144,0.34314364,,,,,0.250000,grid_scan,True,False,scanning
A_R036,A,36,scan96,528.000,44.0000,36.000000,3.786767,22.1489,4.2200,4.567331,0.34733119,,,,,0.250000,grid_scan,True,False,scanning
A_R036,A,36,scan97,528.000,44.0000,36.250000,4.009834,22.2775,4.2200,4.571548,0.35154795,,,,,0.250000,grid_scan,True,False,scanning
A_R036,A,36,scan98,528.000,44.0000,36.500000,4.231559,22.4062,4.2200,4.575794,0.35579392,,,,,0.250000,grid_scan,True,False,scanning
A_R036,A,36,scan99,528.000,44.0000,36.750000,4.451970,22.5350,4.2200,4.580069,0.36006911,,,,,0.250000,grid_scan,True,False,scanning
A_R036,A,36,scan100,528.000,44.0000,37.000000,4.671094,22.6640,4.2200,4.584374,0.36437352,,,,,0.250000,grid_scan,True,False,scanning
A_R036,A,36,scan101,528.000,44.0000,37.250000,4.888957,22.7930,4.2200,4.588707,0.36870714,,,,,0.250000,grid_scan,True,False,scanning
A_R036,A,36,scan102,528.000,44.0000,37.500000,5.105584,22.9222,4.2200,4.593070,0.37306997,,,,,0.250000,grid_scan,True,False,scanning
A_R036,A,36,scan103,528.000,44.0000,37.750000,5.320999,23.0515,4.2200,4.597462,0.37746202,,,,,0.250000,grid_scan,True,False,scanning
A_R036,A,36,scan104,528.000,44.0000,38.000000,5.535226,23.1809,4.2200,4.601883,0.38188329,,,,,0.250000,grid_scan,True,False,scanning
A_R036,A,36,scan105,528.000,44.0000,38.250000,5.748289,23.3104,4.2200,4.606334,0.38633378,,,,,0.250000,grid_scan,True,False,scanning
A_R036,A,36,scan106,528.000,44.0000,38.500000,5.960210,23.4400,4.2200,4.610813,0.39081349,,,,,0.250000,grid_scan,True,False,scanning
A_R036,A,36,scan107,528.000,44.0000,38.750000,6.171011,23.5697,4.2200,4.615322,0.39532242,,,,,0.250000,grid_scan,True,False,scanning
A_R036,A,36,scan108,528.000,44.0000,39.000000,6.380714,23.6995,4.2200,4.619861,0.39986057,,,,,0.250000,grid_scan,True,False,scanning
A_R036,A,36,scan109,528.000,44.0000,39.250000,6.589340,23.8294,4.2200,4.624428,0.40442794,,,,,0.250000,grid_scan,True,False,scanning
A_R036,A,36,scan110,528.000,44.0000,39.500000,6.796909,23.9595,4.2200,4.629025,0.40902453,,,,,0.250000,grid_scan,True,False,scanning
A_R036,A,36,scan111,528.000,44.0000,39.750000,7.003440,24.0896,4.2200,4.633650,0.41365035,,,,,0.250000,grid_scan,True,False,scanning
A_R036,A,36,scan112,528.000,44.0000,40.000000,7.208955,24.2198,4.2200,4.638305,0.41830539,,,,,0.250000,grid_scan,True,False,scanning
A_R036,A,36,,528.000,44.0000,,,,4.2200,,,,,,12.000,,bisection,,False,no_root
A_R037,A,37,scan0,540.000,45.0000,12.000000,-37.505387,10.9601,4.2200,4.298275,0.07827498,,,,,,grid_scan,False,False,scanning
A_R037,A,37,scan1,540.000,45.0000,12.250000,-36.498000,11.0511,4.2200,4.299662,0.07966173,,,,,0.250000,grid_scan,False,False,scanning
A_R037,A,37,scan2,540.000,45.0000,12.500000,-35.525584,11.1433,4.2200,4.301077,0.08107679,,,,,0.250000,grid_scan,False,False,scanning
A_R037,A,37,scan3,540.000,45.0000,12.750000,-34.586104,11.2367,4.2200,4.302520,0.08252016,,,,,0.250000,grid_scan,False,False,scanning
A_R037,A,37,scan4,540.000,45.0000,13.000000,-33.677684,11.3312,4.2200,4.303992,0.08399187,,,,,0.250000,grid_scan,False,False,scanning
A_R037,A,37,scan5,540.000,45.0000,13.250000,-32.798583,11.4269,4.2200,4.305492,0.08549193,,,,,0.250000,grid_scan,False,False,scanning
A_R037,A,37,scan6,540.000,45.0000,13.500000,-31.947191,11.5235,4.2200,4.307020,0.08702036,,,,,0.250000,grid_scan,False,False,scanning
A_R037,A,37,scan7,540.000,45.0000,13.750000,-31.122011,11.6212,4.2200,4.308577,0.08857716,,,,,0.250000,grid_scan,False,False,scanning
A_R037,A,37,scan8,540.000,45.0000,14.000000,-30.321653,11.7198,4.2200,4.310162,0.09016234,,,,,0.250000,grid_scan,False,False,scanning
A_R037,A,37,scan9,540.000,45.0000,14.250000,-29.544823,11.8193,4.2200,4.311776,0.09177593,,,,,0.250000,grid_scan,False,False,scanning
A_R037,A,37,scan10,540.000,45.0000,14.500000,-28.790315,11.9197,4.2200,4.313418,0.09341791,,,,,0.250000,grid_scan,False,False,scanning
A_R037,A,37,scan11,540.000,45.0000,14.750000,-28.057004,12.0209,4.2200,4.315088,0.09508831,,,,,0.250000,grid_scan,False,False,scanning
A_R037,A,37,scan12,540.000,45.0000,15.000000,-27.343839,12.1230,4.2200,4.316787,0.09678713,,,,,0.250000,grid_scan,False,False,scanning
A_R037,A,37,scan13,540.000,45.0000,15.250000,-26.649838,12.2259,4.2200,4.318514,0.09851437,,,,,0.250000,grid_scan,False,False,scanning
A_R037,A,37,scan14,540.000,45.0000,15.500000,-25.974081,12.3295,4.2200,4.320270,0.10027005,,,,,0.250000,grid_scan,False,False,scanning
A_R037,A,37,scan15,540.000,45.0000,15.750000,-25.315706,12.4338,4.2200,4.322054,0.10205417,,,,,0.250000,grid_scan,False,False,scanning
A_R037,A,37,scan16,540.000,45.0000,16.000000,-24.673904,12.5388,4.2200,4.323867,0.10386673,,,,,0.250000,grid_scan,False,False,scanning
A_R037,A,37,scan17,540.000,45.0000,16.250000,-24.047916,12.6445,4.2200,4.325708,0.10570774,,,,,0.250000,grid_scan,False,False,scanning
A_R037,A,37,scan18,540.000,45.0000,16.500000,-23.437028,12.7509,4.2200,4.327577,0.10757721,,,,,0.250000,grid_scan,False,False,scanning
A_R037,A,37,scan19,540.000,45.0000,16.750000,-22.840569,12.8579,4.2200,4.329475,0.10947514,,,,,0.250000,grid_scan,False,False,scanning
A_R037,A,37,scan20,540.000,45.0000,17.000000,-22.257906,12.9655,4.2200,4.331402,0.11140153,,,,,0.250000,grid_scan,False,False,scanning
A_R037,A,37,scan21,540.000,45.0000,17.250000,-21.688444,13.0737,4.2200,4.333356,0.11335639,,,,,0.250000,grid_scan,False,False,scanning
A_R037,A,37,scan22,540.000,45.0000,17.500000,-21.131619,13.1825,4.2200,4.335340,0.11533972,,,,,0.250000,grid_scan,False,False,scanning
A_R037,A,37,scan23,540.000,45.0000,17.750000,-20.586902,13.2918,4.2200,4.337352,0.11735152,,,,,0.250000,grid_scan,False,False,scanning
A_R037,A,37,scan24,540.000,45.0000,18.000000,-20.053791,13.4017,4.2200,4.339392,0.11939180,,,,,0.250000,grid_scan,False,False,scanning
A_R037,A,37,scan25,540.000,45.0000,18.250000,-19.531811,13.5121,4.2200,4.341461,0.12146056,,,,,0.250000,grid_scan,False,False,scanning
A_R037,A,37,scan26,540.000,45.0000,18.500000,-19.020514,13.6230,4.2200,4.343558,0.12355781,,,,,0.250000,grid_scan,False,False,scanning
A_R037,A,37,scan27,540.000,45.0000,18.750000,-18.519476,13.7344,4.2200,4.345684,0.12568354,,,,,0.250000,grid_scan,False,False,scanning
A_R037,A,37,scan28,540.000,45.0000,19.000000,-18.028292,13.8463,4.2200,4.347838,0.12783777,,,,,0.250000,grid_scan,False,False,scanning
A_R037,A,37,scan29,540.000,45.0000,19.250000,-17.546582,13.9586,4.2200,4.350020,0.13002048,,,,,0.250000,grid_scan,False,False,scanning
A_R037,A,37,scan30,540.000,45.0000,19.500000,-17.073982,14.0714,4.2200,4.352232,0.13223168,,,,,0.250000,grid_scan,False,False,scanning
A_R037,A,37,scan31,540.000,45.0000,19.750000,-16.610149,14.1846,4.2200,4.354471,0.13447139,,,,,0.250000,grid_scan,False,False,scanning
A_R037,A,37,scan32,540.000,45.0000,20.000000,-16.154755,14.2983,4.2200,4.356740,0.13673959,,,,,0.250000,grid_scan,False,False,scanning
A_R037,A,37,scan33,540.000,45.0000,20.250000,-15.707489,14.4124,4.2200,4.359036,0.13903629,,,,,0.250000,grid_scan,False,False,scanning
A_R037,A,37,scan34,540.000,45.0000,20.500000,-15.268055,14.5269,4.2200,4.361361,0.14136149,,,,,0.250000,grid_scan,False,False,scanning
A_R037,A,37,scan35,540.000,45.0000,20.750000,-14.836172,14.6418,4.2200,4.363715,0.14371519,,,,,0.250000,grid_scan,False,False,scanning
A_R037,A,37,scan36,540.000,45.0000,21.000000,-14.411570,14.7571,4.2200,4.366097,0.14609740,,,,,0.250000,grid_scan,False,False,scanning
A_R037,A,37,scan37,540.000,45.0000,21.250000,-13.993995,14.8728,4.2200,4.368508,0.14850812,,,,,0.250000,grid_scan,False,False,scanning
A_R037,A,37,scan38,540.000,45.0000,21.500000,-13.583201,14.9888,4.2200,4.370947,0.15094734,,,,,0.250000,grid_scan,False,False,scanning
A_R037,A,37,scan39,540.000,45.0000,21.750000,-13.178955,15.1052,4.2200,4.373415,0.15341507,,,,,0.250000,grid_scan,False,False,scanning
A_R037,A,37,scan40,540.000,45.0000,22.000000,-12.781037,15.2219,4.2200,4.375911,0.15591132,,,,,0.250000,grid_scan,False,False,scanning
A_R037,A,37,scan41,540.000,45.0000,22.250000,-12.389232,15.3390,4.2200,4.378436,0.15843608,,,,,0.250000,grid_scan,False,False,scanning
A_R037,A,37,scan42,540.000,45.0000,22.500000,-12.003339,15.4564,4.2200,4.380989,0.16098935,,,,,0.250000,grid_scan,False,False,scanning
A_R037,A,37,scan43,540.000,45.0000,22.750000,-11.623163,15.5742,4.2200,4.383571,0.16357113,,,,,0.250000,grid_scan,False,False,scanning
A_R037,A,37,scan44,540.000,45.0000,23.000000,-11.248517,15.6923,4.2200,4.386181,0.16618144,,,,,0.250000,grid_scan,False,False,scanning
A_R037,A,37,scan45,540.000,45.0000,23.250000,-10.879225,15.8107,4.2200,4.388820,0.16882026,,,,,0.250000,grid_scan,False,False,scanning
A_R037,A,37,scan46,540.000,45.0000,23.500000,-10.515116,15.9293,4.2200,4.391488,0.17148759,,,,,0.250000,grid_scan,False,False,scanning
A_R037,A,37,scan47,540.000,45.0000,23.750000,-10.156027,16.0483,4.2200,4.394183,0.17418345,,,,,0.250000,grid_scan,False,False,scanning
A_R037,A,37,scan48,540.000,45.0000,24.000000,-9.801802,16.1676,4.2200,4.396908,0.17690783,,,,,0.250000,grid_scan,False,False,scanning
A_R037,A,37,scan49,540.000,45.0000,24.250000,-9.452291,16.2872,4.2200,4.399661,0.17966074,,,,,0.250000,grid_scan,False,False,scanning
A_R037,A,37,scan50,540.000,45.0000,24.500000,-9.107349,16.4071,4.2200,4.402442,0.18244216,,,,,0.250000,grid_scan,False,False,scanning
A_R037,A,37,scan51,540.000,45.0000,24.750000,-8.766839,16.5272,4.2200,4.405252,0.18525211,,,,,0.250000,grid_scan,False,False,scanning
A_R037,A,37,scan52,540.000,45.0000,25.000000,-8.430628,16.6476,4.2200,4.408091,0.18809058,,,,,0.250000,grid_scan,False,False,scanning
A_R037,A,37,scan53,540.000,45.0000,25.250000,-8.098590,16.7682,4.2200,4.410958,0.19095759,,,,,0.250000,grid_scan,False,False,scanning
A_R037,A,37,scan54,540.000,45.0000,25.500000,-7.770601,16.8892,4.2200,4.413853,0.19385311,,,,,0.250000,grid_scan,False,False,scanning
A_R037,A,37,scan55,540.000,45.0000,25.750000,-7.446543,17.0103,4.2200,4.416777,0.19677717,,,,,0.250000,grid_scan,False,False,scanning
A_R037,A,37,scan56,540.000,45.0000,26.000000,-7.126305,17.1318,4.2200,4.419730,0.19972975,,,,,0.250000,grid_scan,False,False,scanning
A_R037,A,37,scan57,540.000,45.0000,26.250000,-6.809777,17.2534,4.2200,4.422711,0.20271087,,,,,0.250000,grid_scan,False,False,scanning
A_R037,A,37,scan58,540.000,45.0000,26.500000,-6.496854,17.3754,4.2200,4.425721,0.20572051,,,,,0.250000,grid_scan,False,False,scanning
A_R037,A,37,scan59,540.000,45.0000,26.750000,-6.187436,17.4975,4.2200,4.428759,0.20875869,,,,,0.250000,grid_scan,False,False,scanning
A_R037,A,37,scan60,540.000,45.0000,27.000000,-5.881425,17.6199,4.2200,4.431825,0.21182540,,,,,0.250000,grid_scan,False,False,scanning
A_R037,A,37,scan61,540.000,45.0000,27.250000,-5.578728,17.7425,4.2200,4.434921,0.21492064,,,,,0.250000,grid_scan,False,False,scanning
A_R037,A,37,scan62,540.000,45.0000,27.500000,-5.279255,17.8653,4.2200,4.438044,0.21804442,,,,,0.250000,grid_scan,False,False,scanning
A_R037,A,37,scan63,540.000,45.0000,27.750000,-4.982919,17.9883,4.2200,4.441197,0.22119673,,,,,0.250000,grid_scan,False,False,scanning
A_R037,A,37,scan64,540.000,45.0000,28.000000,-4.689636,18.1116,4.2200,4.444378,0.22437758,,,,,0.250000,grid_scan,False,False,scanning
A_R037,A,37,scan65,540.000,45.0000,28.250000,-4.399324,18.2350,4.2200,4.447587,0.22758696,,,,,0.250000,grid_scan,False,False,scanning
A_R037,A,37,scan66,540.000,45.0000,28.500000,-4.111908,18.3587,4.2200,4.450825,0.23082489,,,,,0.250000,grid_scan,False,False,scanning
A_R037,A,37,scan67,540.000,45.0000,28.750000,-3.827309,18.4826,4.2200,4.454091,0.23409135,,,,,0.250000,grid_scan,False,False,scanning
A_R037,A,37,scan68,540.000,45.0000,29.000000,-3.545457,18.6067,4.2200,4.457386,0.23738634,,,,,0.250000,grid_scan,False,False,scanning
A_R037,A,37,scan69,540.000,45.0000,29.250000,-3.266281,18.7309,4.2200,4.460710,0.24070988,,,,,0.250000,grid_scan,False,False,scanning
A_R037,A,37,scan70,540.000,45.0000,29.500000,-2.989713,18.8554,4.2200,4.464062,0.24406196,,,,,0.250000,grid_scan,False,False,scanning
A_R037,A,37,scan71,540.000,45.0000,29.750000,-2.715687,18.9800,4.2200,4.467443,0.24744258,,,,,0.250000,grid_scan,False,False,scanning
A_R037,A,37,scan72,540.000,45.0000,30.000000,-2.444139,19.1048,4.2200,4.470852,0.25085175,,,,,0.250000,grid_scan,False,False,scanning
A_R037,A,37,scan73,540.000,45.0000,30.250000,-2.175010,19.2299,4.2200,4.474289,0.25428945,,,,,0.250000,grid_scan,False,False,scanning
A_R037,A,37,scan74,540.000,45.0000,30.500000,-1.908239,19.3550,4.2200,4.477756,0.25775570,,,,,0.250000,grid_scan,False,False,scanning
A_R037,A,37,scan75,540.000,45.0000,30.750000,-1.643768,19.4804,4.2200,4.481250,0.26125050,,,,,0.250000,grid_scan,False,False,scanning
A_R037,A,37,scan76,540.000,45.0000,31.000000,-1.381543,19.6059,4.2200,4.484774,0.26477383,,,,,0.250000,grid_scan,False,False,scanning
A_R037,A,37,scan77,540.000,45.0000,31.250000,-1.121509,19.7317,4.2200,4.488326,0.26832572,,,,,0.250000,grid_scan,False,False,scanning
A_R037,A,37,scan78,540.000,45.0000,31.500000,-0.863615,19.8575,4.2200,4.491906,0.27190615,,,,,0.250000,grid_scan,False,False,scanning
A_R037,A,37,scan79,540.000,45.0000,31.750000,-0.607810,19.9836,4.2200,4.495515,0.27551513,,,,,0.250000,grid_scan,False,False,scanning
A_R037,A,37,scan80,540.000,45.0000,32.000000,-0.354045,20.1098,4.2200,4.499153,0.27915266,,,,,0.250000,grid_scan,False,False,scanning
A_R037,A,37,scan81,540.000,45.0000,32.250000,-0.102273,20.2361,4.2200,4.502819,0.28281873,,,,,0.250000,grid_scan,False,False,scanning
A_R037,A,37,scan82,540.000,45.0000,32.500000,0.147553,20.3626,4.2200,4.506513,0.28651336,,,,,0.250000,grid_scan,True,False,scanning
A_R037,A,37,scan83,540.000,45.0000,32.750000,0.395476,20.4893,4.2200,4.510237,0.29023654,,,,,0.250000,grid_scan,True,False,scanning
A_R037,A,37,scan84,540.000,45.0000,33.000000,0.641540,20.6161,4.2200,4.513988,0.29398826,,,,,0.250000,grid_scan,True,False,scanning
A_R037,A,37,scan85,540.000,45.0000,33.250000,0.885787,20.7431,4.2200,4.517769,0.29776854,,,,,0.250000,grid_scan,True,False,scanning
A_R037,A,37,scan86,540.000,45.0000,33.500000,1.128257,20.8702,4.2200,4.521577,0.30157737,,,,,0.250000,grid_scan,True,False,scanning
A_R037,A,37,scan87,540.000,45.0000,33.750000,1.368989,20.9975,4.2200,4.525415,0.30541476,,,,,0.250000,grid_scan,True,False,scanning
A_R037,A,37,scan88,540.000,45.0000,34.000000,1.608023,21.1249,4.2200,4.529281,0.30928070,,,,,0.250000,grid_scan,True,False,scanning
A_R037,A,37,scan89,540.000,45.0000,34.250000,1.845394,21.2524,4.2200,4.533175,0.31317519,,,,,0.250000,grid_scan,True,False,scanning
A_R037,A,37,scan90,540.000,45.0000,34.500000,2.081140,21.3801,4.2200,4.537098,0.31709824,,,,,0.250000,grid_scan,True,False,scanning
A_R037,A,37,scan91,540.000,45.0000,34.750000,2.315295,21.5079,4.2200,4.541050,0.32104985,,,,,0.250000,grid_scan,True,False,scanning
A_R037,A,37,scan92,540.000,45.0000,35.000000,2.547894,21.6358,4.2200,4.545030,0.32503001,,,,,0.250000,grid_scan,True,False,scanning
A_R037,A,37,scan93,540.000,45.0000,35.250000,2.778968,21.7639,4.2200,4.549039,0.32903873,,,,,0.250000,grid_scan,True,False,scanning
A_R037,A,37,scan94,540.000,45.0000,35.500000,3.008552,21.8921,4.2200,4.553076,0.33307601,,,,,0.250000,grid_scan,True,False,scanning
A_R037,A,37,scan95,540.000,45.0000,35.750000,3.236674,22.0205,4.2200,4.557142,0.33714185,,,,,0.250000,grid_scan,True,False,scanning
A_R037,A,37,scan96,540.000,45.0000,36.000000,3.463367,22.1489,4.2200,4.561236,0.34123624,,,,,0.250000,grid_scan,True,False,scanning
A_R037,A,37,scan97,540.000,45.0000,36.250000,3.688660,22.2775,4.2200,4.565359,0.34535920,,,,,0.250000,grid_scan,True,False,scanning
A_R037,A,37,scan98,540.000,45.0000,36.500000,3.912581,22.4062,4.2200,4.569511,0.34951072,,,,,0.250000,grid_scan,True,False,scanning
A_R037,A,37,scan99,540.000,45.0000,36.750000,4.135158,22.5350,4.2200,4.573691,0.35369081,,,,,0.250000,grid_scan,True,False,scanning
A_R037,A,37,scan100,540.000,45.0000,37.000000,4.356419,22.6640,4.2200,4.577899,0.35789945,,,,,0.250000,grid_scan,True,False,scanning
A_R037,A,37,scan101,540.000,45.0000,37.250000,4.576390,22.7930,4.2200,4.582137,0.36213666,,,,,0.250000,grid_scan,True,False,scanning
A_R037,A,37,scan102,540.000,45.0000,37.500000,4.795096,22.9222,4.2200,4.586402,0.36640244,,,,,0.250000,grid_scan,True,False,scanning
A_R037,A,37,scan103,540.000,45.0000,37.750000,5.012563,23.0515,4.2200,4.590697,0.37069678,,,,,0.250000,grid_scan,True,False,scanning
A_R037,A,37,scan104,540.000,45.0000,38.000000,5.228816,23.1809,4.2200,4.595020,0.37501968,,,,,0.250000,grid_scan,True,False,scanning
A_R037,A,37,scan105,540.000,45.0000,38.250000,5.443878,23.3104,4.2200,4.599371,0.37937116,,,,,0.250000,grid_scan,True,False,scanning
A_R037,A,37,scan106,540.000,45.0000,38.500000,5.657771,23.4400,4.2200,4.603751,0.38375120,,,,,0.250000,grid_scan,True,False,scanning
A_R037,A,37,scan107,540.000,45.0000,38.750000,5.870520,23.5697,4.2200,4.608160,0.38815980,,,,,0.250000,grid_scan,True,False,scanning
A_R037,A,37,scan108,540.000,45.0000,39.000000,6.082146,23.6995,4.2200,4.612597,0.39259698,,,,,0.250000,grid_scan,True,False,scanning
A_R037,A,37,scan109,540.000,45.0000,39.250000,6.292669,23.8294,4.2200,4.617063,0.39706273,,,,,0.250000,grid_scan,True,False,scanning
A_R037,A,37,scan110,540.000,45.0000,39.500000,6.502112,23.9595,4.2200,4.621557,0.40155705,,,,,0.250000,grid_scan,True,False,scanning
A_R037,A,37,scan111,540.000,45.0000,39.750000,6.710494,24.0896,4.2200,4.626080,0.40607994,,,,,0.250000,grid_scan,True,False,scanning
A_R037,A,37,scan112,540.000,45.0000,40.000000,6.917836,24.2198,4.2200,4.630631,0.41063140,,,,,0.250000,grid_scan,True,False,scanning
A_R037,A,37,,540.000,45.0000,,,,4.2200,,,,,,12.000,,bisection,,False,no_root
A_R038,A,38,scan0,552.000,46.0000,12.000000,-38.472292,10.9601,4.2200,4.298165,0.07816466,,,,,,grid_scan,False,False,scanning
A_R038,A,38,scan1,552.000,46.0000,12.250000,-37.445299,11.0511,4.2200,4.299521,0.07952126,,,,,0.250000,grid_scan,False,False,scanning
A_R038,A,38,scan2,552.000,46.0000,12.500000,-36.454054,11.1433,4.2200,4.300906,0.08090555,,,,,0.250000,grid_scan,False,False,scanning
A_R038,A,38,scan3,552.000,46.0000,12.750000,-35.496477,11.2367,4.2200,4.302318,0.08231755,,,,,0.250000,grid_scan,False,False,scanning
A_R038,A,38,scan4,552.000,46.0000,13.000000,-34.570650,11.3312,4.2200,4.303757,0.08375726,,,,,0.250000,grid_scan,False,False,scanning
A_R038,A,38,scan5,552.000,46.0000,13.250000,-33.674794,11.4269,4.2200,4.305225,0.08522471,,,,,0.250000,grid_scan,False,False,scanning
A_R038,A,38,scan6,552.000,46.0000,13.500000,-32.807262,11.5235,4.2200,4.306720,0.08671991,,,,,0.250000,grid_scan,False,False,scanning
A_R038,A,38,scan7,552.000,46.0000,13.750000,-31.966525,11.6212,4.2200,4.308243,0.08824286,,,,,0.250000,grid_scan,False,False,scanning
A_R038,A,38,scan8,552.000,46.0000,14.000000,-31.151161,11.7198,4.2200,4.309794,0.08979359,,,,,0.250000,grid_scan,False,False,scanning
A_R038,A,38,scan9,552.000,46.0000,14.250000,-30.359849,11.8193,4.2200,4.311372,0.09137209,,,,,0.250000,grid_scan,False,False,scanning
A_R038,A,38,scan10,552.000,46.0000,14.500000,-29.591354,11.9197,4.2200,4.312978,0.09297838,,,,,0.250000,grid_scan,False,False,scanning
A_R038,A,38,scan11,552.000,46.0000,14.750000,-28.844527,12.0209,4.2200,4.314612,0.09461246,,,,,0.250000,grid_scan,False,False,scanning
A_R038,A,38,scan12,552.000,46.0000,15.000000,-28.118295,12.1230,4.2200,4.316274,0.09627434,,,,,0.250000,grid_scan,False,False,scanning
A_R038,A,38,scan13,552.000,46.0000,15.250000,-27.411652,12.2259,4.2200,4.317964,0.09796403,,,,,0.250000,grid_scan,False,False,scanning
A_R038,A,38,scan14,552.000,46.0000,15.500000,-26.723659,12.3295,4.2200,4.319682,0.09968154,,,,,0.250000,grid_scan,False,False,scanning
A_R038,A,38,scan15,552.000,46.0000,15.750000,-26.053433,12.4338,4.2200,4.321427,0.10142687,,,,,0.250000,grid_scan,False,False,scanning
A_R038,A,38,scan16,552.000,46.0000,16.000000,-25.400149,12.5388,4.2200,4.323200,0.10320003,,,,,0.250000,grid_scan,False,False,scanning
A_R038,A,38,scan17,552.000,46.0000,16.250000,-24.763031,12.6445,4.2200,4.325001,0.10500101,,,,,0.250000,grid_scan,False,False,scanning
A_R038,A,38,scan18,552.000,46.0000,16.500000,-24.141348,12.7509,4.2200,4.326830,0.10682983,,,,,0.250000,grid_scan,False,False,scanning
A_R038,A,38,scan19,552.000,46.0000,16.750000,-23.534414,12.8579,4.2200,4.328686,0.10868650,,,,,0.250000,grid_scan,False,False,scanning
A_R038,A,38,scan20,552.000,46.0000,17.000000,-22.941583,12.9655,4.2200,4.330571,0.11057100,,,,,0.250000,grid_scan,False,False,scanning
A_R038,A,38,scan21,552.000,46.0000,17.250000,-22.362246,13.0737,4.2200,4.332483,0.11248336,,,,,0.250000,grid_scan,False,False,scanning
A_R038,A,38,scan22,552.000,46.0000,17.500000,-21.795828,13.1825,4.2200,4.334424,0.11442357,,,,,0.250000,grid_scan,False,False,scanning
A_R038,A,38,scan23,552.000,46.0000,17.750000,-21.241786,13.2918,4.2200,4.336392,0.11639163,,,,,0.250000,grid_scan,False,False,scanning
A_R038,A,38,scan24,552.000,46.0000,18.000000,-20.699608,13.4017,4.2200,4.338388,0.11838755,,,,,0.250000,grid_scan,False,False,scanning
A_R038,A,38,scan25,552.000,46.0000,18.250000,-20.168810,13.5121,4.2200,4.340411,0.12041133,,,,,0.250000,grid_scan,False,False,scanning
A_R038,A,38,scan26,552.000,46.0000,18.500000,-19.648931,13.6230,4.2200,4.342463,0.12246298,,,,,0.250000,grid_scan,False,False,scanning
A_R038,A,38,scan27,552.000,46.0000,18.750000,-19.139538,13.7344,4.2200,4.344542,0.12454249,,,,,0.250000,grid_scan,False,False,scanning
A_R038,A,38,scan28,552.000,46.0000,19.000000,-18.640220,13.8463,4.2200,4.346650,0.12664987,,,,,0.250000,grid_scan,False,False,scanning
A_R038,A,38,scan29,552.000,46.0000,19.250000,-18.150585,13.9586,4.2200,4.348785,0.12878513,,,,,0.250000,grid_scan,False,False,scanning
A_R038,A,38,scan30,552.000,46.0000,19.500000,-17.670264,14.0714,4.2200,4.350948,0.13094825,,,,,0.250000,grid_scan,False,False,scanning
A_R038,A,38,scan31,552.000,46.0000,19.750000,-17.198903,14.1846,4.2200,4.353139,0.13313925,,,,,0.250000,grid_scan,False,False,scanning
A_R038,A,38,scan32,552.000,46.0000,20.000000,-16.736170,14.2983,4.2200,4.355358,0.13535813,,,,,0.250000,grid_scan,False,False,scanning
A_R038,A,38,scan33,552.000,46.0000,20.250000,-16.281745,14.4124,4.2200,4.357605,0.13760489,,,,,0.250000,grid_scan,False,False,scanning
A_R038,A,38,scan34,552.000,46.0000,20.500000,-15.835326,14.5269,4.2200,4.359880,0.13987953,,,,,0.250000,grid_scan,False,False,scanning
A_R038,A,38,scan35,552.000,46.0000,20.750000,-15.396625,14.6418,4.2200,4.362182,0.14218206,,,,,0.250000,grid_scan,False,False,scanning
A_R038,A,38,scan36,552.000,46.0000,21.000000,-14.965368,14.7571,4.2200,4.364512,0.14451247,,,,,0.250000,grid_scan,False,False,scanning
A_R038,A,38,scan37,552.000,46.0000,21.250000,-14.541293,14.8728,4.2200,4.366871,0.14687076,,,,,0.250000,grid_scan,False,False,scanning
A_R038,A,38,scan38,552.000,46.0000,21.500000,-14.124151,14.9888,4.2200,4.369257,0.14925694,,,,,0.250000,grid_scan,False,False,scanning
A_R038,A,38,scan39,552.000,46.0000,21.750000,-13.713703,15.1052,4.2200,4.371671,0.15167102,,,,,0.250000,grid_scan,False,False,scanning
A_R038,A,38,scan40,552.000,46.0000,22.000000,-13.309722,15.2219,4.2200,4.374113,0.15411298,,,,,0.250000,grid_scan,False,False,scanning
A_R038,A,38,scan41,552.000,46.0000,22.250000,-12.911991,15.3390,4.2200,4.376583,0.15658283,,,,,0.250000,grid_scan,False,False,scanning
A_R038,A,38,scan42,552.000,46.0000,22.500000,-12.520302,15.4564,4.2200,4.379081,0.15908058,,,,,0.250000,grid_scan,False,False,scanning
A_R038,A,38,scan43,552.000,46.0000,22.750000,-12.134458,15.5742,4.2200,4.381606,0.16160622,,,,,0.250000,grid_scan,False,False,scanning
A_R038,A,38,scan44,552.000,46.0000,23.000000,-11.754267,15.6923,4.2200,4.384160,0.16415976,,,,,0.250000,grid_scan,False,False,scanning
A_R038,A,38,scan45,552.000,46.0000,23.250000,-11.379549,15.8107,4.2200,4.386741,0.16674120,,,,,0.250000,grid_scan,False,False,scanning
A_R038,A,38,scan46,552.000,46.0000,23.500000,-11.010129,15.9293,4.2200,4.389351,0.16935053,,,,,0.250000,grid_scan,False,False,scanning
A_R038,A,38,scan47,552.000,46.0000,23.750000,-10.645841,16.0483,4.2200,4.391988,0.17198776,,,,,0.250000,grid_scan,False,False,scanning
A_R038,A,38,scan48,552.000,46.0000,24.000000,-10.286524,16.1676,4.2200,4.394653,0.17465289,,,,,0.250000,grid_scan,False,False,scanning
A_R038,A,38,scan49,552.000,46.0000,24.250000,-9.932026,16.2872,4.2200,4.397346,0.17734593,,,,,0.250000,grid_scan,False,False,scanning
A_R038,A,38,scan50,552.000,46.0000,24.500000,-9.582199,16.4071,4.2200,4.400067,0.18006686,,,,,0.250000,grid_scan,False,False,scanning
A_R038,A,38,scan51,552.000,46.0000,24.750000,-9.236902,16.5272,4.2200,4.402816,0.18281570,,,,,0.250000,grid_scan,False,False,scanning
A_R038,A,38,scan52,552.000,46.0000,25.000000,-8.896000,16.6476,4.2200,4.405592,0.18559244,,,,,0.250000,grid_scan,False,False,scanning
A_R038,A,38,scan53,552.000,46.0000,25.250000,-8.559363,16.7682,4.2200,4.408397,0.18839709,,,,,0.250000,grid_scan,False,False,scanning
A_R038,A,38,scan54,552.000,46.0000,25.500000,-8.226866,16.8892,4.2200,4.411230,0.19122965,,,,,0.250000,grid_scan,False,False,scanning
A_R038,A,38,scan55,552.000,46.0000,25.750000,-7.898388,17.0103,4.2200,4.414090,0.19409011,,,,,0.250000,grid_scan,False,False,scanning
A_R038,A,38,scan56,552.000,46.0000,26.000000,-7.573813,17.1318,4.2200,4.416978,0.19697848,,,,,0.250000,grid_scan,False,False,scanning
A_R038,A,38,scan57,552.000,46.0000,26.250000,-7.253031,17.2534,4.2200,4.419895,0.19989475,,,,,0.250000,grid_scan,False,False,scanning
A_R038,A,38,scan58,552.000,46.0000,26.500000,-6.935935,17.3754,4.2200,4.422839,0.20283894,,,,,0.250000,grid_scan,False,False,scanning
A_R038,A,38,scan59,552.000,46.0000,26.750000,-6.622421,17.4975,4.2200,4.425811,0.20581104,,,,,0.250000,grid_scan,False,False,scanning
A_R038,A,38,scan60,552.000,46.0000,27.000000,-6.312390,17.6199,4.2200,4.428811,0.20881105,,,,,0.250000,grid_scan,False,False,scanning
A_R038,A,38,scan61,552.000,46.0000,27.250000,-6.005747,17.7425,4.2200,4.431839,0.21183897,,,,,0.250000,grid_scan,False,False,scanning
A_R038,A,38,scan62,552.000,46.0000,27.500000,-5.702399,17.8653,4.2200,4.434895,0.21489480,,,,,0.250000,grid_scan,False,False,scanning
A_R038,A,38,scan63,552.000,46.0000,27.750000,-5.402258,17.9883,4.2200,4.437979,0.21797855,,,,,0.250000,grid_scan,False,False,scanning
A_R038,A,38,scan64,552.000,46.0000,28.000000,-5.105237,18.1116,4.2200,4.441090,0.22109021,,,,,0.250000,grid_scan,False,False,scanning
A_R038,A,38,scan65,552.000,46.0000,28.250000,-4.811255,18.2350,4.2200,4.444230,0.22422978,,,,,0.250000,grid_scan,False,False,scanning
A_R038,A,38,scan66,552.000,46.0000,28.500000,-4.520231,18.3587,4.2200,4.447397,0.22739727,,,,,0.250000,grid_scan,False,False,scanning
A_R038,A,38,scan67,552.000,46.0000,28.750000,-4.232089,18.4826,4.2200,4.450593,0.23059268,,,,,0.250000,grid_scan,False,False,scanning
A_R038,A,38,scan68,552.000,46.0000,29.000000,-3.946754,18.6067,4.2200,4.453816,0.23381601,,,,,0.250000,grid_scan,False,False,scanning
A_R038,A,38,scan69,552.000,46.0000,29.250000,-3.664154,18.7309,4.2200,4.457067,0.23706725,,,,,0.250000,grid_scan,False,False,scanning
A_R038,A,38,scan70,552.000,46.0000,29.500000,-3.384220,18.8554,4.2200,4.460346,0.24034642,,,,,0.250000,grid_scan,False,False,scanning
A_R038,A,38,scan71,552.000,46.0000,29.750000,-3.106885,18.9800,4.2200,4.463653,0.24365350,,,,,0.250000,grid_scan,False,False,scanning
A_R038,A,38,scan72,552.000,46.0000,30.000000,-2.832083,19.1048,4.2200,4.466989,0.24698850,,,,,0.250000,grid_scan,False,False,scanning
A_R038,A,38,scan73,552.000,46.0000,30.250000,-2.559753,19.2299,4.2200,4.470351,0.25035143,,,,,0.250000,grid_scan,False,False,scanning
A_R038,A,38,scan74,552.000,46.0000,30.500000,-2.289834,19.3550,4.2200,4.473742,0.25374227,,,,,0.250000,grid_scan,False,False,scanning
A_R038,A,38,scan75,552.000,46.0000,30.750000,-2.022267,19.4804,4.2200,4.477161,0.25716104,,,,,0.250000,grid_scan,False,False,scanning
A_R038,A,38,scan76,552.000,46.0000,31.000000,-1.756995,19.6059,4.2200,4.480608,0.26060773,,,,,0.250000,grid_scan,False,False,scanning
A_R038,A,38,scan77,552.000,46.0000,31.250000,-1.493963,19.7317,4.2200,4.484082,0.26408235,,,,,0.250000,grid_scan,False,False,scanning
A_R038,A,38,scan78,552.000,46.0000,31.500000,-1.233118,19.8575,4.2200,4.487585,0.26758489,,,,,0.250000,grid_scan,False,False,scanning
A_R038,A,38,scan79,552.000,46.0000,31.750000,-0.974408,19.9836,4.2200,4.491115,0.27111535,,,,,0.250000,grid_scan,False,False,scanning
A_R038,A,38,scan80,552.000,46.0000,32.000000,-0.717784,20.1098,4.2200,4.494674,0.27467374,,,,,0.250000,grid_scan,False,False,scanning
A_R038,A,38,scan81,552.000,46.0000,32.250000,-0.463197,20.2361,4.2200,4.498260,0.27826006,,,,,0.250000,grid_scan,False,False,scanning
A_R038,A,38,scan82,552.000,46.0000,32.500000,-0.210600,20.3626,4.2200,4.501874,0.28187431,,,,,0.250000,grid_scan,False,False,scanning
A_R038,A,38,scan83,552.000,46.0000,32.750000,0.040052,20.4893,4.2200,4.505516,0.28551648,,,,,0.250000,grid_scan,True,False,scanning
A_R038,A,38,scan84,552.000,46.0000,33.000000,0.288804,20.6161,4.2200,4.509187,0.28918658,,,,,0.250000,grid_scan,True,False,scanning
A_R038,A,38,scan85,552.000,46.0000,33.250000,0.535698,20.7431,4.2200,4.512885,0.29288461,,,,,0.250000,grid_scan,True,False,scanning
A_R038,A,38,scan86,552.000,46.0000,33.500000,0.780776,20.8702,4.2200,4.516611,0.29661058,,,,,0.250000,grid_scan,True,False,scanning
A_R038,A,38,scan87,552.000,46.0000,33.750000,1.024078,20.9975,4.2200,4.520364,0.30036447,,,,,0.250000,grid_scan,True,False,scanning
A_R038,A,38,scan88,552.000,46.0000,34.000000,1.265643,21.1249,4.2200,4.524146,0.30414629,,,,,0.250000,grid_scan,True,False,scanning
A_R038,A,38,scan89,552.000,46.0000,34.250000,1.505509,21.2524,4.2200,4.527956,0.30795605,,,,,0.250000,grid_scan,True,False,scanning
A_R038,A,38,scan90,552.000,46.0000,34.500000,1.743714,21.3801,4.2200,4.531794,0.31179374,,,,,0.250000,grid_scan,True,False,scanning
A_R038,A,38,scan91,552.000,46.0000,34.750000,1.980292,21.5079,4.2200,4.535659,0.31565936,,,,,0.250000,grid_scan,True,False,scanning
A_R038,A,38,scan92,552.000,46.0000,35.000000,2.215279,21.6358,4.2200,4.539553,0.31955292,,,,,0.250000,grid_scan,True,False,scanning
A_R038,A,38,scan93,552.000,46.0000,35.250000,2.448708,21.7639,4.2200,4.543474,0.32347441,,,,,0.250000,grid_scan,True,False,scanning
A_R038,A,38,scan94,552.000,46.0000,35.500000,2.680613,21.8921,4.2200,4.547424,0.32742384,,,,,0.250000,grid_scan,True,False,scanning
A_R038,A,38,scan95,552.000,46.0000,35.750000,2.911025,22.0205,4.2200,4.551401,0.33140121,,,,,0.250000,grid_scan,True,False,scanning
A_R038,A,38,scan96,552.000,46.0000,36.000000,3.139975,22.1489,4.2200,4.555407,0.33540651,,,,,0.250000,grid_scan,True,False,scanning
A_R038,A,38,scan97,552.000,46.0000,36.250000,3.367494,22.2775,4.2200,4.559440,0.33943975,,,,,0.250000,grid_scan,True,False,scanning
A_R038,A,38,scan98,552.000,46.0000,36.500000,3.593611,22.4062,4.2200,4.563501,0.34350093,,,,,0.250000,grid_scan,True,False,scanning
A_R038,A,38,scan99,552.000,46.0000,36.750000,3.818354,22.5350,4.2200,4.567590,0.34759005,,,,,0.250000,grid_scan,True,False,scanning
A_R038,A,38,scan100,552.000,46.0000,37.000000,4.041751,22.6640,4.2200,4.571707,0.35170711,,,,,0.250000,grid_scan,True,False,scanning
A_R038,A,38,scan101,552.000,46.0000,37.250000,4.263830,22.7930,4.2200,4.575852,0.35585211,,,,,0.250000,grid_scan,True,False,scanning
A_R038,A,38,scan102,552.000,46.0000,37.500000,4.484617,22.9222,4.2200,4.580025,0.36002505,,,,,0.250000,grid_scan,True,False,scanning
A_R038,A,38,scan103,552.000,46.0000,37.750000,4.704136,23.0515,4.2200,4.584226,0.36422593,,,,,0.250000,grid_scan,True,False,scanning
A_R038,A,38,scan104,552.000,46.0000,38.000000,4.922414,23.1809,4.2200,4.588455,0.36845476,,,,,0.250000,grid_scan,True,False,scanning
A_R038,A,38,scan105,552.000,46.0000,38.250000,5.139475,23.3104,4.2200,4.592712,0.37271153,,,,,0.250000,grid_scan,True,False,scanning
A_R038,A,38,scan106,552.000,46.0000,38.500000,5.355342,23.4400,4.2200,4.596996,0.37699624,,,,,0.250000,grid_scan,True,False,scanning
A_R038,A,38,scan107,552.000,46.0000,38.750000,5.570038,23.5697,4.2200,4.601309,0.38130890,,,,,0.250000,grid_scan,True,False,scanning
A_R038,A,38,scan108,552.000,46.0000,39.000000,5.783586,23.6995,4.2200,4.605650,0.38564951,,,,,0.250000,grid_scan,True,False,scanning
A_R038,A,38,scan109,552.000,46.0000,39.250000,5.996007,23.8294,4.2200,4.610018,0.39001806,,,,,0.250000,grid_scan,True,False,scanning
A_R038,A,38,scan110,552.000,46.0000,39.500000,6.207324,23.9595,4.2200,4.614415,0.39441456,,,,,0.250000,grid_scan,True,False,scanning
A_R038,A,38,scan111,552.000,46.0000,39.750000,6.417557,24.0896,4.2200,4.618839,0.39883900,,,,,0.250000,grid_scan,True,False,scanning
A_R038,A,38,scan112,552.000,46.0000,40.000000,6.626726,24.2198,4.2200,4.623291,0.40329140,,,,,0.250000,grid_scan,True,False,scanning
A_R038,A,38,,552.000,46.0000,,,,4.2200,,,,,,12.000,,bisection,,False,no_root
A_R039,A,39,scan0,564.000,47.0000,12.000000,-39.439195,10.9601,4.2200,4.298059,0.07805902,,,,,,grid_scan,False,False,scanning
A_R039,A,39,scan1,564.000,47.0000,12.250000,-38.392596,11.0511,4.2200,4.299387,0.07938676,,,,,0.250000,grid_scan,False,False,scanning
A_R039,A,39,scan2,564.000,47.0000,12.500000,-37.382521,11.1433,4.2200,4.300742,0.08074160,,,,,0.250000,grid_scan,False,False,scanning
A_R039,A,39,scan3,564.000,47.0000,12.750000,-36.406848,11.2367,4.2200,4.302124,0.08212355,,,,,0.250000,grid_scan,False,False,scanning
A_R039,A,39,scan4,564.000,47.0000,13.000000,-35.463613,11.3312,4.2200,4.303533,0.08353264,,,,,0.250000,grid_scan,False,False,scanning
A_R039,A,39,scan5,564.000,47.0000,13.250000,-34.551002,11.4269,4.2200,4.304969,0.08496886,,,,,0.250000,grid_scan,False,False,scanning
A_R039,A,39,scan6,564.000,47.0000,13.500000,-33.667330,11.5235,4.2200,4.306432,0.08643225,,,,,0.250000,grid_scan,False,False,scanning
A_R039,A,39,scan7,564.000,47.0000,13.750000,-32.811036,11.6212,4.2200,4.307923,0.08792280,,,,,0.250000,grid_scan,False,False,scanning
A_R039,A,39,scan8,564.000,47.0000,14.000000,-31.980667,11.7198,4.2200,4.309441,0.08944052,,,,,0.250000,grid_scan,False,False,scanning
A_R039,A,39,scan9,564.000,47.0000,14.250000,-31.174872,11.8193,4.2200,4.310985,0.09098544,,,,,0.250000,grid_scan,False,False,scanning
A_R039,A,39,scan10,564.000,47.0000,14.500000,-30.392390,11.9197,4.2200,4.312558,0.09255755,,,,,0.250000,grid_scan,False,False,scanning
A_R039,A,39,scan11,564.000,47.0000,14.750000,-29.632048,12.0209,4.2200,4.314157,0.09415686,,,,,0.250000,grid_scan,False,False,scanning
A_R039,A,39,scan12,564.000,47.0000,15.000000,-28.892748,12.1230,4.2200,4.315783,0.09578338,,,,,0.250000,grid_scan,False,False,scanning
A_R039,A,39,scan13,564.000,47.0000,15.250000,-28.173463,12.2259,4.2200,4.317437,0.09743712,,,,,0.250000,grid_scan,False,False,scanning
A_R039,A,39,scan14,564.000,47.0000,15.500000,-27.473233,12.3295,4.2200,4.319118,0.09911808,,,,,0.250000,grid_scan,False,False,scanning
A_R039,A,39,scan15,564.000,47.0000,15.750000,-26.791157,12.4338,4.2200,4.320826,0.10082627,,,,,0.250000,grid_scan,False,False,scanning
A_R039,A,39,scan16,564.000,47.0000,16.000000,-26.126391,12.5388,4.2200,4.322562,0.10256170,,,,,0.250000,grid_scan,False,False,scanning
A_R039,A,39,scan17,564.000,47.0000,16.250000,-25.478142,12.6445,4.2200,4.324324,0.10432436,,,,,0.250000,grid_scan,False,False,scanning
A_R039,A,39,scan18,564.000,47.0000,16.500000,-24.845664,12.7509,4.2200,4.326114,0.10611427,,,,,0.250000,grid_scan,False,False,scanning
A_R039,A,39,scan19,564.000,47.0000,16.750000,-24.228256,12.8579,4.2200,4.327931,0.10793142,,,,,0.250000,grid_scan,False,False,scanning
A_R039,A,39,scan20,564.000,47.0000,17.000000,-23.625257,12.9655,4.2200,4.329776,0.10977583,,,,,0.250000,grid_scan,False,False,scanning
A_R039,A,39,scan21,564.000,47.0000,17.250000,-23.036045,13.0737,4.2200,4.331647,0.11164749,,,,,0.250000,grid_scan,False,False,scanning
A_R039,A,39,scan22,564.000,47.0000,17.500000,-22.460033,13.1825,4.2200,4.333546,0.11354641,,,,,0.250000,grid_scan,False,False,scanning
A_R039,A,39,scan23,564.000,47.0000,17.750000,-21.896667,13.2918,4.2200,4.335473,0.11547259,,,,,0.250000,grid_scan,False,False,scanning
A_R039,A,39,scan24,564.000,47.0000,18.000000,-21.345422,13.4017,4.2200,4.337426,0.11742604,,,,,0.250000,grid_scan,False,False,scanning
A_R039,A,39,scan25,564.000,47.0000,18.250000,-20.805804,13.5121,4.2200,4.339407,0.11940676,,,,,0.250000,grid_scan,False,False,scanning
A_R039,A,39,scan26,564.000,47.0000,18.500000,-20.277344,13.6230,4.2200,4.341415,0.12141474,,,,,0.250000,grid_scan,False,False,scanning
A_R039,A,39,scan27,564.000,47.0000,18.750000,-19.759597,13.7344,4.2200,4.343450,0.12345000,,,,,0.250000,grid_scan,False,False,scanning
A_R039,A,39,scan28,564.000,47.0000,19.000000,-19.252144,13.8463,4.2200,4.345513,0.12551254,,,,,0.250000,grid_scan,False,False,scanning
A_R039,A,39,scan29,564.000,47.0000,19.250000,-18.754584,13.9586,4.2200,4.347602,0.12760235,,,,,0.250000,grid_scan,False,False,scanning
A_R039,A,39,scan30,564.000,47.0000,19.500000,-18.266541,14.0714,4.2200,4.349719,0.12971945,,,,,0.250000,grid_scan,False,False,scanning
A_R039,A,39,scan31,564.000,47.0000,19.750000,-17.787653,14.1846,4.2200,4.351864,0.13186382,,,,,0.250000,grid_scan,False,False,scanning
A_R039,A,39,scan32,564.000,47.0000,20.000000,-17.317580,14.2983,4.2200,4.354035,0.13403548,,,,,0.250000,grid_scan,False,False,scanning
A_R039,A,39,scan33,564.000,47.0000,20.250000,-16.855996,14.4124,4.2200,4.356234,0.13623443,,,,,0.250000,grid_scan,False,False,scanning
A_R039,A,39,scan34,564.000,47.0000,20.500000,-16.402592,14.5269,4.2200,4.358461,0.13846066,,,,,0.250000,grid_scan,False,False,scanning
A_R039,A,39,scan35,564.000,47.0000,20.750000,-15.957074,14.6418,4.2200,4.360714,0.14071418,,,,,0.250000,grid_scan,False,False,scanning
A_R039,A,39,scan36,564.000,47.0000,21.000000,-15.519162,14.7571,4.2200,4.362995,0.14299499,,,,,0.250000,grid_scan,False,False,scanning
A_R039,A,39,scan37,564.000,47.0000,21.250000,-15.088588,14.8728,4.2200,4.365303,0.14530310,,,,,0.250000,grid_scan,False,False,scanning
A_R039,A,39,scan38,564.000,47.0000,21.500000,-14.665097,14.9888,4.2200,4.367638,0.14763850,,,,,0.250000,grid_scan,False,False,scanning
A_R039,A,39,scan39,564.000,47.0000,21.750000,-14.248446,15.1052,4.2200,4.370001,0.15000119,,,,,0.250000,grid_scan,False,False,scanning
A_R039,A,39,scan40,564.000,47.0000,22.000000,-13.838402,15.2219,4.2200,4.372391,0.15239119,,,,,0.250000,grid_scan,False,False,scanning
A_R039,A,39,scan41,564.000,47.0000,22.250000,-13.434745,15.3390,4.2200,4.374808,0.15480847,,,,,0.250000,grid_scan,False,False,scanning
A_R039,A,39,scan42,564.000,47.0000,22.500000,-13.037261,15.4564,4.2200,4.377253,0.15725306,,,,,0.250000,grid_scan,False,False,scanning
A_R039,A,39,scan43,564.000,47.0000,22.750000,-12.645748,15.5742,4.2200,4.379725,0.15972495,,,,,0.250000,grid_scan,False,False,scanning
A_R039,A,39,scan44,564.000,47.0000,23.000000,-12.260012,15.6923,4.2200,4.382224,0.16222414,,,,,0.250000,grid_scan,False,False,scanning
A_R039,A,39,scan45,564.000,47.0000,23.250000,-11.879868,15.8107,4.2200,4.384751,0.16475063,,,,,0.250000,grid_scan,False,False,scanning
A_R039,A,39,scan46,564.000,47.0000,23.500000,-11.505137,15.9293,4.2200,4.387304,0.16730443,,,,,0.250000,grid_scan,False,False,scanning
A_R039,A,39,scan47,564.000,47.0000,23.750000,-11.135649,16.0483,4.2200,4.389886,0.16988553,,,,,0.250000,grid_scan,False,False,scanning
A_R039,A,39,scan48,564.000,47.0000,24.000000,-10.771241,16.1676,4.2200,4.392494,0.17249394,,,,,0.250000,grid_scan,False,False,scanning
A_R039,A,39,scan49,564.000,47.0000,24.250000,-10.411756,16.2872,4.2200,4.395130,0.17512965,,,,,0.250000,grid_scan,False,False,scanning
A_R039,A,39,scan50,564.000,47.0000,24.500000,-10.057044,16.4071,4.2200,4.397793,0.17779267,,,,,0.250000,grid_scan,False,False,scanning
A_R039,A,39,scan51,564.000,47.0000,24.750000,-9.706960,16.5272,4.2200,4.400483,0.18048300,,,,,0.250000,grid_scan,False,False,scanning
A_R039,A,39,scan52,564.000,47.0000,25.000000,-9.361367,16.6476,4.2200,4.403201,0.18320064,,,,,0.250000,grid_scan,False,False,scanning
A_R039,A,39,scan53,564.000,47.0000,25.250000,-9.020132,16.7682,4.2200,4.405946,0.18594560,,,,,0.250000,grid_scan,False,False,scanning
A_R039,A,39,scan54,564.000,47.0000,25.500000,-8.683126,16.8892,4.2200,4.408718,0.18871786,,,,,0.250000,grid_scan,False,False,scanning
A_R039,A,39,scan55,564.000,47.0000,25.750000,-8.350227,17.0103,4.2200,4.411517,0.19151743,,,,,0.250000,grid_scan,False,False,scanning
A_R039,A,39,scan56,564.000,47.0000,26.000000,-8.021316,17.1318,4.2200,4.414344,0.19434432,,,,,0.250000,grid_scan,False,False,scanning
A_R039,A,39,scan57,564.000,47.0000,26.250000,-7.696280,17.2534,4.2200,4.417199,0.19719852,,,,,0.250000,grid_scan,False,False,scanning
A_R039,A,39,scan58,564.000,47.0000,26.500000,-7.375010,17.3754,4.2200,4.420080,0.20008004,,,,,0.250000,grid_scan,False,False,scanning
A_R039,A,39,scan59,564.000,47.0000,26.750000,-7.057401,17.4975,4.2200,4.422989,0.20298887,,,,,0.250000,grid_scan,False,False,scanning
A_R039,A,39,scan60,564.000,47.0000,27.000000,-6.743350,17.6199,4.2200,4.425925,0.20592502,,,,,0.250000,grid_scan,False,False,scanning
A_R039,A,39,scan61,564.000,47.0000,27.250000,-6.432760,17.7425,4.2200,4.428888,0.20888848,,,,,0.250000,grid_scan,False,False,scanning
A_R039,A,39,scan62,564.000,47.0000,27.500000,-6.125538,17.8653,4.2200,4.431879,0.21187926,,,,,0.250000,grid_scan,False,False,scanning
A_R039,A,39,scan63,564.000,47.0000,27.750000,-5.821591,17.9883,4.2200,4.434897,0.21489736,,,,,0.250000,grid_scan,False,False,scanning
A_R039,A,39,scan64,564.000,47.0000,28.000000,-5.520834,18.1116,4.2200,4.437943,0.21794279,,,,,0.250000,grid_scan,False,False,scanning
A_R039,A,39,scan65,564.000,47.0000,28.250000,-5.223180,18.2350,4.2200,4.441016,0.22101553,,,,,0.250000,grid_scan,False,False,scanning
A_R039,A,39,scan66,564.000,47.0000,28.500000,-4.928550,18.3587,4.2200,4.444116,0.22411559,,,,,0.250000,grid_scan,False,False,scanning
A_R039,A,39,scan67,564.000,47.0000,28.750000,-4.636863,18.4826,4.2200,4.447243,0.22724297,,,,,0.250000,grid_scan,False,False,scanning
A_R039,A,39,scan68,564.000,47.0000,29.000000,-4.348045,18.6067,4.2200,4.450398,0.23039768,,,,,0.250000,grid_scan,False,False,scanning
A_R039,A,39,scan69,564.000,47.0000,29.250000,-4.062021,18.7309,4.2200,4.453580,0.23357971,,,,,0.250000,grid_scan,False,False,scanning
A_R039,A,39,scan70,564.000,47.0000,29.500000,-3.778721,18.8554,4.2200,4.456789,0.23678906,,,,,0.250000,grid_scan,False,False,scanning
A_R039,A,39,scan71,564.000,47.0000,29.750000,-3.498077,18.9800,4.2200,4.460026,0.24002573,,,,,0.250000,grid_scan,False,False,scanning
A_R039,A,39,scan72,564.000,47.0000,30.000000,-3.220021,19.1048,4.2200,4.463290,0.24328974,,,,,0.250000,grid_scan,False,False,scanning
A_R039,A,39,scan73,564.000,47.0000,30.250000,-2.944491,19.2299,4.2200,4.466581,0.24658106,,,,,0.250000,grid_scan,False,False,scanning
A_R039,A,39,scan74,564.000,47.0000,30.500000,-2.671423,19.3550,4.2200,4.469900,0.24989972,,,,,0.250000,grid_scan,False,False,scanning
A_R039,A,39,scan75,564.000,47.0000,30.750000,-2.400759,19.4804,4.2200,4.473246,0.25324570,,,,,0.250000,grid_scan,False,False,scanning
A_R039,A,39,scan76,564.000,47.0000,31.000000,-2.132440,19.6059,4.2200,4.476619,0.25661901,,,,,0.250000,grid_scan,False,False,scanning
A_R039,A,39,scan77,564.000,47.0000,31.250000,-1.866410,19.7317,4.2200,4.480020,0.26001964,,,,,0.250000,grid_scan,False,False,scanning
A_R039,A,39,scan78,564.000,47.0000,31.500000,-1.602614,19.8575,4.2200,4.483448,0.26344761,,,,,0.250000,grid_scan,False,False,scanning
A_R039,A,39,scan79,564.000,47.0000,31.750000,-1.341000,19.9836,4.2200,4.486903,0.26690291,,,,,0.250000,grid_scan,False,False,scanning
A_R039,A,39,scan80,564.000,47.0000,32.000000,-1.081517,20.1098,4.2200,4.490386,0.27038553,,,,,0.250000,grid_scan,False,False,scanning
A_R039,A,39,scan81,564.000,47.0000,32.250000,-0.824115,20.2361,4.2200,4.493895,0.27389549,,,,,0.250000,grid_scan,False,False,scanning
A_R039,A,39,scan82,564.000,47.0000,32.500000,-0.568747,20.3626,4.2200,4.497433,0.27743278,,,,,0.250000,grid_scan,False,False,scanning
A_R039,A,39,scan83,564.000,47.0000,32.750000,-0.315365,20.4893,4.2200,4.500997,0.28099740,,,,,0.250000,grid_scan,False,False,scanning
A_R039,A,39,scan84,564.000,47.0000,33.000000,-0.063926,20.6161,4.2200,4.504589,0.28458936,,,,,0.250000,grid_scan,False,False,scanning
A_R039,A,39,scan85,564.000,47.0000,33.250000,0.185616,20.7431,4.2200,4.508209,0.28820865,,,,,0.250000,grid_scan,True,False,scanning
A_R039,A,39,scan86,564.000,47.0000,33.500000,0.433302,20.8702,4.2200,4.511855,0.29185527,,,,,0.250000,grid_scan,True,False,scanning
A_R039,A,39,scan87,564.000,47.0000,33.750000,0.679173,20.9975,4.2200,4.515529,0.29552923,,,,,0.250000,grid_scan,True,False,scanning
A_R039,A,39,scan88,564.000,47.0000,34.000000,0.923270,21.1249,4.2200,4.519231,0.29923052,,,,,0.250000,grid_scan,True,False,scanning
A_R039,A,39,scan89,564.000,47.0000,34.250000,1.165631,21.2524,4.2200,4.522959,0.30295915,,,,,0.250000,grid_scan,True,False,scanning
A_R039,A,39,scan90,564.000,47.0000,34.500000,1.406294,21.3801,4.2200,4.526715,0.30671512,,,,,0.250000,grid_scan,True,False,scanning
A_R039,A,39,scan91,564.000,47.0000,34.750000,1.645296,21.5079,4.2200,4.530498,0.31049843,,,,,0.250000,grid_scan,True,False,scanning
A_R039,A,39,scan92,564.000,47.0000,35.000000,1.882671,21.6358,4.2200,4.534309,0.31430907,,,,,0.250000,grid_scan,True,False,scanning
A_R039,A,39,scan93,564.000,47.0000,35.250000,2.118456,21.7639,4.2200,4.538147,0.31814705,,,,,0.250000,grid_scan,True,False,scanning
A_R039,A,39,scan94,564.000,47.0000,35.500000,2.352682,21.8921,4.2200,4.542012,0.32201237,,,,,0.250000,grid_scan,True,False,scanning
A_R039,A,39,scan95,564.000,47.0000,35.750000,2.585383,22.0205,4.2200,4.545905,0.32590504,,,,,0.250000,grid_scan,True,False,scanning
A_R039,A,39,scan96,564.000,47.0000,36.000000,2.816591,22.1489,4.2200,4.549825,0.32982504,,,,,0.250000,grid_scan,True,False,scanning
A_R039,A,39,scan97,564.000,47.0000,36.250000,3.046336,22.2775,4.2200,4.553772,0.33377239,,,,,0.250000,grid_scan,True,False,scanning
A_R039,A,39,scan98,564.000,47.0000,36.500000,3.274649,22.4062,4.2200,4.557747,0.33774707,,,,,0.250000,grid_scan,True,False,scanning
A_R039,A,39,scan99,564.000,47.0000,36.750000,3.501558,22.5350,4.2200,4.561749,0.34174911,,,,,0.250000,grid_scan,True,False,scanning
A_R039,A,39,scan100,564.000,47.0000,37.000000,3.727092,22.6640,4.2200,4.565778,0.34577848,,,,,0.250000,grid_scan,True,False,scanning
A_R039,A,39,scan101,564.000,47.0000,37.250000,3.951279,22.7930,4.2200,4.569835,0.34983520,,,,,0.250000,grid_scan,True,False,scanning
A_R039,A,39,scan102,564.000,47.0000,37.500000,4.174145,22.9222,4.2200,4.573919,0.35391926,,,,,0.250000,grid_scan,True,False,scanning
A_R039,A,39,scan103,564.000,47.0000,37.750000,4.395717,23.0515,4.2200,4.578031,0.35803067,,,,,0.250000,grid_scan,True,False,scanning
A_R039,A,39,scan104,564.000,47.0000,38.000000,4.616020,23.1809,4.2200,4.582169,0.36216943,,,,,0.250000,grid_scan,True,False,scanning
A_R039,A,39,scan105,564.000,47.0000,38.250000,4.835080,23.3104,4.2200,4.586336,0.36633553,,,,,0.250000,grid_scan,True,False,scanning
A_R039,A,39,scan106,564.000,47.0000,38.500000,5.052920,23.4400,4.2200,4.590529,0.37052898,,,,,0.250000,grid_scan,True,False,scanning
A_R039,A,39,scan107,564.000,47.0000,38.750000,5.269563,23.5697,4.2200,4.594750,0.37474978,,,,,0.250000,grid_scan,True,False,scanning
A_R039,A,39,scan108,564.000,47.0000,39.000000,5.485034,23.6995,4.2200,4.598998,0.37899793,,,,,0.250000,grid_scan,True,False,scanning
A_R039,A,39,scan109,564.000,47.0000,39.250000,5.699354,23.8294,4.2200,4.603273,0.38327343,,,,,0.250000,grid_scan,True,False,scanning
A_R039,A,39,scan110,564.000,47.0000,39.500000,5.912545,23.9595,4.2200,4.607576,0.38757628,,,,,0.250000,grid_scan,True,False,scanning
A_R039,A,39,scan111,564.000,47.0000,39.750000,6.124628,24.0896,4.2200,4.611906,0.39190648,,,,,0.250000,grid_scan,True,False,scanning
A_R039,A,39,scan112,564.000,47.0000,40.000000,6.335624,24.2198,4.2200,4.616264,0.39626403,,,,,0.250000,grid_scan,True,False,scanning
A_R039,A,39,,564.000,47.0000,,,,4.2200,,,,,,12.000,,bisection,,False,no_root
A_R040,A,40,scan0,576.000,48.0000,12.000000,-40.406095,10.9601,4.2200,4.297958,0.07795779,,,,,,grid_scan,False,False,scanning
A_R040,A,40,scan1,576.000,48.0000,12.250000,-39.339890,11.0511,4.2200,4.299258,0.07925787,,,,,0.250000,grid_scan,False,False,scanning
A_R040,A,40,scan2,576.000,48.0000,12.500000,-38.310986,11.1433,4.2200,4.300584,0.08058448,,,,,0.250000,grid_scan,False,False,scanning
A_R040,A,40,scan3,576.000,48.0000,12.750000,-37.317216,11.2367,4.2200,4.301938,0.08193764,,,,,0.250000,grid_scan,False,False,scanning
A_R040,A,40,scan4,576.000,48.0000,13.000000,-36.356574,11.3312,4.2200,4.303317,0.08331737,,,,,0.250000,grid_scan,False,False,scanning
A_R040,A,40,scan5,576.000,48.0000,13.250000,-35.427207,11.4269,4.2200,4.304724,0.08472368,,,,,0.250000,grid_scan,False,False,scanning
A_R040,A,40,scan6,576.000,48.0000,13.500000,-34.527396,11.5235,4.2200,4.306157,0.08615657,,,,,0.250000,grid_scan,False,False,scanning
A_R040,A,40,scan7,576.000,48.0000,13.750000,-33.655545,11.6212,4.2200,4.307616,0.08761607,,,,,0.250000,grid_scan,False,False,scanning
A_R040,A,40,scan8,576.000,48.0000,14.000000,-32.810170,11.7198,4.2200,4.309102,0.08910217,,,,,0.250000,grid_scan,False,False,scanning
A_R040,A,40,scan9,576.000,48.0000,14.250000,-31.989892,11.8193,4.2200,4.310615,0.09061490,,,,,0.250000,grid_scan,False,False,scanning
A_R040,A,40,scan10,576.000,48.0000,14.500000,-31.193424,11.9197,4.2200,4.312154,0.09215425,,,,,0.250000,grid_scan,False,False,scanning
A_R040,A,40,scan11,576.000,48.0000,14.750000,-30.419566,12.0209,4.2200,4.313720,0.09372024,,,,,0.250000,grid_scan,False,False,scanning
A_R040,A,40,scan12,576.000,48.0000,15.000000,-29.667198,12.1230,4.2200,4.315313,0.09531288,,,,,0.250000,grid_scan,False,False,scanning
A_R040,A,40,scan13,576.000,48.0000,15.250000,-28.935271,12.2259,4.2200,4.316932,0.09693216,,,,,0.250000,grid_scan,False,False,scanning
A_R040,A,40,scan14,576.000,48.0000,15.500000,-28.222804,12.3295,4.2200,4.318578,0.09857810,,,,,0.250000,grid_scan,False,False,scanning
A_R040,A,40,scan15,576.000,48.0000,15.750000,-27.528878,12.4338,4.2200,4.320251,0.10025070,,,,,0.250000,grid_scan,False,False,scanning
A_R040,A,40,scan16,576.000,48.0000,16.000000,-26.852630,12.5388,4.2200,4.321950,0.10194997,,,,,0.250000,grid_scan,False,False,scanning
A_R040,A,40,scan17,576.000,48.0000,16.250000,-26.193250,12.6445,4.2200,4.323676,0.10367590,,,,,0.250000,grid_scan,False,False,scanning
A_R040,A,40,scan18,576.000,48.0000,16.500000,-25.549976,12.7509,4.2200,4.325429,0.10542852,,,,,0.250000,grid_scan,False,False,scanning
A_R040,A,40,scan19,576.000,48.0000,16.750000,-24.922094,12.8579,4.2200,4.327208,0.10720781,,,,,0.250000,grid_scan,False,False,scanning
A_R040,A,40,scan20,576.000,48.0000,17.000000,-24.308927,12.9655,4.2200,4.329014,0.10901379,,,,,0.250000,grid_scan,False,False,scanning
A_R040,A,40,scan21,576.000,48.0000,17.250000,-23.709841,13.0737,4.2200,4.330846,0.11084645,,,,,0.250000,grid_scan,False,False,scanning
A_R040,A,40,scan22,576.000,48.0000,17.500000,-23.124235,13.1825,4.2200,4.332706,0.11270581,,,,,0.250000,grid_scan,False,False,scanning
A_R040,A,40,scan23,576.000,48.0000,17.750000,-22.551544,13.2918,4.2200,4.334592,0.11459186,,,,,0.250000,grid_scan,False,False,scanning
A_R040,A,40,scan24,576.000,48.0000,18.000000,-21.991233,13.4017,4.2200,4.336505,0.11650460,,,,,0.250000,grid_scan,False,False,scanning
A_R040,A,40,scan25,576.000,48.0000,18.250000,-21.442795,13.5121,4.2200,4.338444,0.11844404,,,,,0.250000,grid_scan,False,False,scanning
A_R040,A,40,scan26,576.000,48.0000,18.500000,-20.905753,13.6230,4.2200,4.340410,0.12041019,,,,,0.250000,grid_scan,False,False,scanning
A_R040,A,40,scan27,576.000,48.0000,18.750000,-20.379652,13.7344,4.2200,4.342403,0.12240304,,,,,0.250000,grid_scan,False,False,scanning
A_R040,A,40,scan28,576.000,48.0000,19.000000,-19.864064,13.8463,4.2200,4.344423,0.12442260,,,,,0.250000,grid_scan,False,False,scanning
A_R040,A,40,scan29,576.000,48.0000,19.250000,-19.358580,13.9586,4.2200,4.346469,0.12646887,,,,,0.250000,grid_scan,False,False,scanning
A_R040,A,40,scan30,576.000,48.0000,19.500000,-18.862814,14.0714,4.2200,4.348542,0.12854185,,,,,0.250000,grid_scan,False,False,scanning
A_R040,A,40,scan31,576.000,48.0000,19.750000,-18.376399,14.1846,4.2200,4.350642,0.13064154,,,,,0.250000,grid_scan,False,False,scanning
A_R040,A,40,scan32,576.000,48.0000,20.000000,-17.898986,14.2983,4.2200,4.352768,0.13276795,,,,,0.250000,grid_scan,False,False,scanning
A_R040,A,40,scan33,576.000,48.0000,20.250000,-17.430243,14.4124,4.2200,4.354921,0.13492107,,,,,0.250000,grid_scan,False,False,scanning
A_R040,A,40,scan34,576.000,48.0000,20.500000,-16.969855,14.5269,4.2200,4.357101,0.13710092,,,,,0.250000,grid_scan,False,False,scanning
A_R040,A,40,scan35,576.000,48.0000,20.750000,-16.517519,14.6418,4.2200,4.359307,0.13930748,,,,,0.250000,grid_scan,False,False,scanning
A_R040,A,40,scan36,576.000,48.0000,21.000000,-16.072952,14.7571,4.2200,4.361541,0.14154076,,,,,0.250000,grid_scan,False,False,scanning
A_R040,A,40,scan37,576.000,48.0000,21.250000,-15.635878,14.8728,4.2200,4.363801,0.14380077,,,,,0.250000,grid_scan,False,False,scanning
A_R040,A,40,scan38,576.000,48.0000,21.500000,-15.206038,14.9888,4.2200,4.366088,0.14608751,,,,,0.250000,grid_scan,False,False,scanning
A_R040,A,40,scan39,576.000,48.0000,21.750000,-14.783184,15.1052,4.2200,4.368401,0.14840096,,,,,0.250000,grid_scan,False,False,scanning
A_R040,A,40,scan40,576.000,48.0000,22.000000,-14.367078,15.2219,4.2200,4.370741,0.15074115,,,,,0.250000,grid_scan,False,False,scanning
A_R040,A,40,scan41,576.000,48.0000,22.250000,-13.957494,15.3390,4.2200,4.373108,0.15310807,,,,,0.250000,grid_scan,False,False,scanning
A_R040,A,40,scan42,576.000,48.0000,22.500000,-13.554215,15.4564,4.2200,4.375502,0.15550171,,,,,0.250000,grid_scan,False,False,scanning
A_R040,A,40,scan43,576.000,48.0000,22.750000,-13.157034,15.5742,4.2200,4.377922,0.15792209,,,,,0.250000,grid_scan,False,False,scanning
A_R040,A,40,scan44,576.000,48.0000,23.000000,-12.765753,15.6923,4.2200,4.380369,0.16036919,,,,,0.250000,grid_scan,False,False,scanning
A_R040,A,40,scan45,576.000,48.0000,23.250000,-12.380182,15.8107,4.2200,4.382843,0.16284304,,,,,0.250000,grid_scan,False,False,scanning
A_R040,A,40,scan46,576.000,48.0000,23.500000,-12.000140,15.9293,4.2200,4.385344,0.16534361,,,,,0.250000,grid_scan,False,False,scanning
A_R040,A,40,scan47,576.000,48.0000,23.750000,-11.625452,16.0483,4.2200,4.387871,0.16787092,,,,,0.250000,grid_scan,False,False,scanning
A_R040,A,40,scan48,576.000,48.0000,24.000000,-11.255952,16.1676,4.2200,4.390425,0.17042497,,,,,0.250000,grid_scan,False,False,scanning
A_R040,A,40,scan49,576.000,48.0000,24.250000,-10.891481,16.2872,4.2200,4.393006,0.17300575,,,,,0.250000,grid_scan,False,False,scanning
A_R040,A,40,scan50,576.000,48.0000,24.500000,-10.531883,16.4071,4.2200,4.395613,0.17561327,,,,,0.250000,grid_scan,False,False,scanning
A_R040,A,40,scan51,576.000,48.0000,24.750000,-10.177014,16.5272,4.2200,4.398248,0.17824754,,,,,0.250000,grid_scan,False,False,scanning
A_R040,A,40,scan52,576.000,48.0000,25.000000,-9.826729,16.6476,4.2200,4.400909,0.18090854,,,,,0.250000,grid_scan,False,False,scanning
A_R040,A,40,scan53,576.000,48.0000,25.250000,-9.480895,16.7682,4.2200,4.403596,0.18359628,,,,,0.250000,grid_scan,False,False,scanning
A_R040,A,40,scan54,576.000,48.0000,25.500000,-9.139381,16.8892,4.2200,4.406311,0.18631076,,,,,0.250000,grid_scan,False,False,scanning
A_R040,A,40,scan55,576.000,48.0000,25.750000,-8.802061,17.0103,4.2200,4.409052,0.18905199,,,,,0.250000,grid_scan,False,False,scanning
A_R040,A,40,scan56,576.000,48.0000,26.000000,-8.468814,17.1318,4.2200,4.411820,0.19181996,,,,,0.250000,grid_scan,False,False,scanning
A_R040,A,40,scan57,576.000,48.0000,26.250000,-8.139524,17.2534,4.2200,4.414615,0.19461467,,,,,0.250000,grid_scan,False,False,scanning
A_R040,A,40,scan58,576.000,48.0000,26.500000,-7.814081,17.3754,4.2200,4.417436,0.19743613,,,,,0.250000,grid_scan,False,False,scanning
A_R040,A,40,scan59,576.000,48.0000,26.750000,-7.492375,17.4975,4.2200,4.420284,0.20028433,,,,,0.250000,grid_scan,False,False,scanning
A_R040,A,40,scan60,576.000,48.0000,27.000000,-7.174304,17.6199,4.2200,4.423159,0.20315928,,,,,0.250000,grid_scan,False,False,scanning
A_R040,A,40,scan61,576.000,48.0000,27.250000,-6.859768,17.7425,4.2200,4.426061,0.20606098,,,,,0.250000,grid_scan,False,False,scanning
A_R040,A,40,scan62,576.000,48.0000,27.500000,-6.548671,17.8653,4.2200,4.428989,0.20898943,,,,,0.250000,grid_scan,False,False,scanning
A_R040,A,40,scan63,576.000,48.0000,27.750000,-6.240919,17.9883,4.2200,4.431945,0.21194462,,,,,0.250000,grid_scan,False,False,scanning
A_R040,A,40,scan64,576.000,48.0000,28.000000,-5.936424,18.1116,4.2200,4.434927,0.21492656,,,,,0.250000,grid_scan,False,False,scanning
A_R040,A,40,scan65,576.000,48.0000,28.250000,-5.635100,18.2350,4.2200,4.437935,0.21793526,,,,,0.250000,grid_scan,False,False,scanning
A_R040,A,40,scan66,576.000,48.0000,28.500000,-5.336862,18.3587,4.2200,4.440971,0.22097070,,,,,0.250000,grid_scan,False,False,scanning
A_R040,A,40,scan67,576.000,48.0000,28.750000,-5.041631,18.4826,4.2200,4.444033,0.22403289,,,,,0.250000,grid_scan,False,False,scanning
A_R040,A,40,scan68,576.000,48.0000,29.000000,-4.749330,18.6067,4.2200,4.447122,0.22712184,,,,,0.250000,grid_scan,False,False,scanning
A_R040,A,40,scan69,576.000,48.0000,29.250000,-4.459882,18.7309,4.2200,4.450238,0.23023754,,,,,0.250000,grid_scan,False,False,scanning
A_R040,A,40,scan70,576.000,48.0000,29.500000,-4.173216,18.8554,4.2200,4.453380,0.23337999,,,,,0.250000,grid_scan,False,False,scanning
A_R040,A,40,scan71,576.000,48.0000,29.750000,-3.889263,18.9800,4.2200,4.456549,0.23654920,,,,,0.250000,grid_scan,False,False,scanning
A_R040,A,40,scan72,576.000,48.0000,30.000000,-3.607953,19.1048,4.2200,4.459745,0.23974516,,,,,0.250000,grid_scan,False,False,scanning
A_R040,A,40,scan73,576.000,48.0000,30.250000,-3.329222,19.2299,4.2200,4.462968,0.24296788,,,,,0.250000,grid_scan,False,False,scanning
A_R040,A,40,scan74,576.000,48.0000,30.500000,-3.053007,19.3550,4.2200,4.466217,0.24621735,,,,,0.250000,grid_scan,False,False,scanning
A_R040,A,40,scan75,576.000,48.0000,30.750000,-2.779245,19.4804,4.2200,4.469494,0.24949358,,,,,0.250000,grid_scan,False,False,scanning
A_R040,A,40,scan76,576.000,48.0000,31.000000,-2.507879,19.6059,4.2200,4.472797,0.25279657,,,,,0.250000,grid_scan,False,False,scanning
A_R040,A,40,scan77,576.000,48.0000,31.250000,-2.238851,19.7317,4.2200,4.476126,0.25612631,,,,,0.250000,grid_scan,False,False,scanning
A_R040,A,40,scan78,576.000,48.0000,31.500000,-1.972104,19.8575,4.2200,4.479483,0.25948282,,,,,0.250000,grid_scan,False,False,scanning
A_R040,A,40,scan79,576.000,48.0000,31.750000,-1.707586,19.9836,4.2200,4.482866,0.26286608,,,,,0.250000,grid_scan,False,False,scanning
A_R040,A,40,scan80,576.000,48.0000,32.000000,-1.445243,20.1098,4.2200,4.486276,0.26627610,,,,,0.250000,grid_scan,False,False,scanning
A_R040,A,40,scan81,576.000,48.0000,32.250000,-1.185027,20.2361,4.2200,4.489713,0.26971288,,,,,0.250000,grid_scan,False,False,scanning
A_R040,A,40,scan82,576.000,48.0000,32.500000,-0.926887,20.3626,4.2200,4.493176,0.27317643,,,,,0.250000,grid_scan,False,False,scanning
A_R040,A,40,scan83,576.000,48.0000,32.750000,-0.670776,20.4893,4.2200,4.496667,0.27666673,,,,,0.250000,grid_scan,False,False,scanning
A_R040,A,40,scan84,576.000,48.0000,33.000000,-0.416649,20.6161,4.2200,4.500184,0.28018380,,,,,0.250000,grid_scan,False,False,scanning
A_R040,A,40,scan85,576.000,48.0000,33.250000,-0.164459,20.7431,4.2200,4.503728,0.28372763,,,,,0.250000,grid_scan,False,False,scanning
A_R040,A,40,scan86,576.000,48.0000,33.500000,0.085835,20.8702,4.2200,4.507298,0.28729823,,,,,0.250000,grid_scan,True,False,scanning
A_R040,A,40,scan87,576.000,48.0000,33.750000,0.334275,20.9975,4.2200,4.510896,0.29089558,,,,,0.250000,grid_scan,True,False,scanning
A_R040,A,40,scan88,576.000,48.0000,34.000000,0.580904,21.1249,4.2200,4.514520,0.29451971,,,,,0.250000,grid_scan,True,False,scanning
A_R040,A,40,scan89,576.000,48.0000,34.250000,0.825760,21.2524,4.2200,4.518171,0.29817060,,,,,0.250000,grid_scan,True,False,scanning
A_R040,A,40,scan90,576.000,48.0000,34.500000,1.068882,21.3801,4.2200,4.521848,0.30184825,,,,,0.250000,grid_scan,True,False,scanning
A_R040,A,40,scan91,576.000,48.0000,34.750000,1.310306,21.5079,4.2200,4.525553,0.30555267,,,,,0.250000,grid_scan,True,False,scanning
A_R040,A,40,scan92,576.000,48.0000,35.000000,1.550071,21.6358,4.2200,4.529284,0.30928386,,,,,0.250000,grid_scan,True,False,scanning
A_R040,A,40,scan93,576.000,48.0000,35.250000,1.788210,21.7639,4.2200,4.533042,0.31304182,,,,,0.250000,grid_scan,True,False,scanning
A_R040,A,40,scan94,576.000,48.0000,35.500000,2.024758,21.8921,4.2200,4.536827,0.31682654,,,,,0.250000,grid_scan,True,False,scanning
A_R040,A,40,scan95,576.000,48.0000,35.750000,2.259748,22.0205,4.2200,4.540638,0.32063804,,,,,0.250000,grid_scan,True,False,scanning
A_R040,A,40,scan96,576.000,48.0000,36.000000,2.493213,22.1489,4.2200,4.544476,0.32447630,,,,,0.250000,grid_scan,True,False,scanning
A_R040,A,40,scan97,576.000,48.0000,36.250000,2.725185,22.2775,4.2200,4.548341,0.32834134,,,,,0.250000,grid_scan,True,False,scanning
A_R040,A,40,scan98,576.000,48.0000,36.500000,2.955693,22.4062,4.2200,4.552233,0.33223314,,,,,0.250000,grid_scan,True,False,scanning
A_R040,A,40,scan99,576.000,48.0000,36.750000,3.184768,22.5350,4.2200,4.556152,0.33615172,,,,,0.250000,grid_scan,True,False,scanning
A_R040,A,40,scan100,576.000,48.0000,37.000000,3.412439,22.6640,4.2200,4.560097,0.34009707,,,,,0.250000,grid_scan,True,False,scanning
A_R040,A,40,scan101,576.000,48.0000,37.250000,3.638734,22.7930,4.2200,4.564069,0.34406919,,,,,0.250000,grid_scan,True,False,scanning
A_R040,A,40,scan102,576.000,48.0000,37.500000,3.863681,22.9222,4.2200,4.568068,0.34806809,,,,,0.250000,grid_scan,True,False,scanning
A_R040,A,40,scan103,576.000,48.0000,37.750000,4.087305,23.0515,4.2200,4.572094,0.35209376,,,,,0.250000,grid_scan,True,False,scanning
A_R040,A,40,scan104,576.000,48.0000,38.000000,4.309634,23.1809,4.2200,4.576146,0.35614620,,,,,0.250000,grid_scan,True,False,scanning
A_R040,A,40,scan105,576.000,48.0000,38.250000,4.530692,23.3104,4.2200,4.580225,0.36022542,,,,,0.250000,grid_scan,True,False,scanning
A_R040,A,40,scan106,576.000,48.0000,38.500000,4.750505,23.4400,4.2200,4.584331,0.36433142,,,,,0.250000,grid_scan,True,False,scanning
A_R040,A,40,scan107,576.000,48.0000,38.750000,4.969097,23.5697,4.2200,4.588464,0.36846419,,,,,0.250000,grid_scan,True,False,scanning
A_R040,A,40,scan108,576.000,48.0000,39.000000,5.186490,23.6995,4.2200,4.592624,0.37262375,,,,,0.250000,grid_scan,True,False,scanning
A_R040,A,40,scan109,576.000,48.0000,39.250000,5.402708,23.8294,4.2200,4.596810,0.37681007,,,,,0.250000,grid_scan,True,False,scanning
A_R040,A,40,scan110,576.000,48.0000,39.500000,5.617773,23.9595,4.2200,4.601023,0.38102318,,,,,0.250000,grid_scan,True,False,scanning
A_R040,A,40,scan111,576.000,48.0000,39.750000,5.831707,24.0896,4.2200,4.605263,0.38526307,,,,,0.250000,grid_scan,True,False,scanning
A_R040,A,40,scan112,576.000,48.0000,40.000000,6.044530,24.2198,4.2200,4.609530,0.38952974,,,,,0.250000,grid_scan,True,False,scanning
A_R040,A,40,,576.000,48.0000,,,,4.2200,,,,,,12.000,,bisection,,False,no_root
A_R041,A,41,scan0,588.000,49.0000,12.000000,-41.372993,10.9601,4.2200,4.297861,0.07786070,,,,,,grid_scan,False,False,scanning
A_R041,A,41,scan1,588.000,49.0000,12.250000,-40.287182,11.0511,4.2200,4.299134,0.07913424,,,,,0.250000,grid_scan,False,False,scanning
A_R041,A,41,scan2,588.000,49.0000,12.500000,-39.239449,11.1433,4.2200,4.300434,0.08043378,,,,,0.250000,grid_scan,False,False,scanning
A_R041,A,41,scan3,588.000,49.0000,12.750000,-38.227581,11.2367,4.2200,4.301759,0.08175932,,,,,0.250000,grid_scan,False,False,scanning
A_R041,A,41,scan4,588.000,49.0000,13.000000,-37.249533,11.3312,4.2200,4.303111,0.08311089,,,,,0.250000,grid_scan,False,False,scanning
A_R041,A,41,scan5,588.000,49.0000,13.250000,-36.303410,11.4269,4.2200,4.304488,0.08448850,,,,,0.250000,grid_scan,False,False,scanning
A_R041,A,41,scan6,588.000,49.0000,13.500000,-35.387459,11.5235,4.2200,4.305892,0.08589215,,,,,0.250000,grid_scan,False,False,scanning
A_R041,A,41,scan7,588.000,49.0000,13.750000,-34.500051,11.6212,4.2200,4.307322,0.08732186,,,,,0.250000,grid_scan,False,False,scanning
A_R041,A,41,scan8,588.000,49.0000,14.000000,-33.639670,11.7198,4.2200,4.308778,0.08877763,,,,,0.250000,grid_scan,False,False,scanning
A_R041,A,41,scan9,588.000,49.0000,14.250000,-32.804909,11.8193,4.2200,4.310259,0.09025949,,,,,0.250000,grid_scan,False,False,scanning
A_R041,A,41,scan10,588.000,49.0000,14.500000,-31.994455,11.9197,4.2200,4.311767,0.09176742,,,,,0.250000,grid_scan,False,False,scanning
A_R041,A,41,scan11,588.000,49.0000,14.750000,-31.207081,12.0209,4.2200,4.313301,0.09330145,,,,,0.250000,grid_scan,False,False,scanning
A_R041,A,41,scan12,588.000,49.0000,15.000000,-30.441645,12.1230,4.2200,4.314862,0.09486158,,,,,0.250000,grid_scan,False,False,scanning
A_R041,A,41,scan13,588.000,49.0000,15.250000,-29.697076,12.2259,4.2200,4.316448,0.09644782,,,,,0.250000,grid_scan,False,False,scanning
A_R041,A,41,scan14,588.000,49.0000,15.500000,-28.972372,12.3295,4.2200,4.318060,0.09806016,,,,,0.250000,grid_scan,False,False,scanning
A_R041,A,41,scan15,588.000,49.0000,15.750000,-28.266596,12.4338,4.2200,4.319699,0.09969863,,,,,0.250000,grid_scan,False,False,scanning
A_R041,A,41,scan16,588.000,49.0000,16.000000,-27.578865,12.5388,4.2200,4.321363,0.10136321,,,,,0.250000,grid_scan,False,False,scanning
A_R041,A,41,scan17,588.000,49.0000,16.250000,-26.908355,12.6445,4.2200,4.323054,0.10305392,,,,,0.250000,grid_scan,False,False,scanning
A_R041,A,41,scan18,588.000,49.0000,16.500000,-26.254286,12.7509,4.2200,4.324771,0.10477076,,,,,0.250000,grid_scan,False,False,scanning
A_R041,A,41,scan19,588.000,49.0000,16.750000,-25.615929,12.8579,4.2200,4.326514,0.10651374,,,,,0.250000,grid_scan,False,False,scanning
A_R041,A,41,scan20,588.000,49.0000,17.000000,-24.992594,12.9655,4.2200,4.328283,0.10828286,,,,,0.250000,grid_scan,False,False,scanning
A_R041,A,41,scan21,588.000,49.0000,17.250000,-24.383633,13.0737,4.2200,4.330078,0.11007811,,,,,0.250000,grid_scan,False,False,scanning
A_R041,A,41,scan22,588.000,49.0000,17.500000,-23.788434,13.1825,4.2200,4.331900,0.11189952,,,,,0.250000,grid_scan,False,False,scanning
A_R041,A,41,scan23,588.000,49.0000,17.750000,-23.206418,13.2918,4.2200,4.333747,0.11374707,,,,,0.250000,grid_scan,False,False,scanning
A_R041,A,41,scan24,588.000,49.0000,18.000000,-22.637040,13.4017,4.2200,4.335621,0.11562078,,,,,0.250000,grid_scan,False,False,scanning
A_R041,A,41,scan25,588.000,49.0000,18.250000,-22.079783,13.5121,4.2200,4.337521,0.11752063,,,,,0.250000,grid_scan,False,False,scanning
A_R041,A,41,scan26,588.000,49.0000,18.500000,-21.534158,13.6230,4.2200,4.339447,0.11944665,,,,,0.250000,grid_scan,False,False,scanning
A_R041,A,41,scan27,588.000,49.0000,18.750000,-20.999704,13.7344,4.2200,4.341399,0.12139882,,,,,0.250000,grid_scan,False,False,scanning
A_R041,A,41,scan28,588.000,49.0000,19.000000,-20.475980,13.8463,4.2200,4.343377,0.12337716,,,,,0.250000,grid_scan,False,False,scanning
A_R041,A,41,scan29,588.000,49.0000,19.250000,-19.962572,13.9586,4.2200,4.345382,0.12538166,,,,,0.250000,grid_scan,False,False,scanning
A_R041,A,41,scan30,588.000,49.0000,19.500000,-19.459084,14.0714,4.2200,4.347412,0.12741233,,,,,0.250000,grid_scan,False,False,scanning
A_R041,A,41,scan31,588.000,49.0000,19.750000,-18.965142,14.1846,4.2200,4.349469,0.12946916,,,,,0.250000,grid_scan,False,False,scanning
A_R041,A,41,scan32,588.000,49.0000,20.000000,-18.480389,14.2983,4.2200,4.351552,0.13155216,,,,,0.250000,grid_scan,False,False,scanning
A_R041,A,41,scan33,588.000,49.0000,20.250000,-18.004487,14.4124,4.2200,4.353661,0.13366134,,,,,0.250000,grid_scan,False,False,scanning
A_R041,A,41,scan34,588.000,49.0000,20.500000,-17.537113,14.5269,4.2200,4.355797,0.13579668,,,,,0.250000,grid_scan,False,False,scanning
A_R041,A,41,scan35,588.000,49.0000,20.750000,-17.077961,14.6418,4.2200,4.357958,0.13795821,,,,,0.250000,grid_scan,False,False,scanning
A_R041,A,41,scan36,588.000,49.0000,21.000000,-16.626737,14.7571,4.2200,4.360146,0.14014590,,,,,0.250000,grid_scan,False,False,scanning
A_R041,A,41,scan37,588.000,49.0000,21.250000,-16.183164,14.8728,4.2200,4.362360,0.14235978,,,,,0.250000,grid_scan,False,False,scanning
A_R041,A,41,scan38,588.000,49.0000,21.500000,-15.746976,14.9888,4.2200,4.364600,0.14459983,,,,,0.250000,grid_scan,False,False,scanning
A_R041,A,41,scan39,588.000,49.0000,21.750000,-15.317919,15.1052,4.2200,4.366866,0.14686607,,,,,0.250000,grid_scan,False,False,scanning
A_R041,A,41,scan40,588.000,49.0000,22.000000,-14.895750,15.2219,4.2200,4.369158,0.14915848,,,,,0.250000,grid_scan,False,False,scanning
A_R041,A,41,scan41,588.000,49.0000,22.250000,-14.480239,15.3390,4.2200,4.371477,0.15147708,,,,,0.250000,grid_scan,False,False,scanning
A_R041,A,41,scan42,588.000,49.0000,22.500000,-14.071165,15.4564,4.2200,4.373822,0.15382186,,,,,0.250000,grid_scan,False,False,scanning
A_R041,A,41,scan43,588.000,49.0000,22.750000,-13.668316,15.5742,4.2200,4.376193,0.15619283,,,,,0.250000,grid_scan,False,False,scanning
A_R041,A,41,scan44,588.000,49.0000,23.000000,-13.271489,15.6923,4.2200,4.378590,0.15858998,,,,,0.250000,grid_scan,False,False,scanning
A_R041,A,41,scan45,588.000,49.0000,23.250000,-12.880492,15.8107,4.2200,4.381013,0.16101332,,,,,0.250000,grid_scan,False,False,scanning
A_R041,A,41,scan46,588.000,49.0000,23.500000,-12.495139,15.9293,4.2200,4.383463,0.16346285,,,,,0.250000,grid_scan,False,False,scanning
A_R041,A,41,scan47,588.000,49.0000,23.750000,-12.115251,16.0483,4.2200,4.385939,0.16593856,,,,,0.250000,grid_scan,False,False,scanning
A_R041,A,41,scan48,588.000,49.0000,24.000000,-11.740660,16.1676,4.2200,4.388440,0.16844047,,,,,0.250000,grid_scan,False,False,scanning
A_R041,A,41,scan49,588.000,49.0000,24.250000,-11.371201,16.2872,4.2200,4.390969,0.17096857,,,,,0.250000,grid_scan,False,False,scanning
A_R041,A,41,scan50,588.000,49.0000,24.500000,-11.006719,16.4071,4.2200,4.393523,0.17352286,,,,,0.250000,grid_scan,False,False,scanning
A_R041,A,41,scan51,588.000,49.0000,24.750000,-10.647062,16.5272,4.2200,4.396103,0.17610334,,,,,0.250000,grid_scan,False,False,scanning
A_R041,A,41,scan52,588.000,49.0000,25.000000,-10.292087,16.6476,4.2200,4.398710,0.17871001,,,,,0.250000,grid_scan,False,False,scanning
A_R041,A,41,scan53,588.000,49.0000,25.250000,-9.941654,16.7682,4.2200,4.401343,0.18134288,,,,,0.250000,grid_scan,False,False,scanning
A_R041,A,41,scan54,588.000,49.0000,25.500000,-9.595631,16.8892,4.2200,4.404002,0.18400195,,,,,0.250000,grid_scan,False,False,scanning
A_R041,A,41,scan55,588.000,49.0000,25.750000,-9.253890,17.0103,4.2200,4.406687,0.18668721,,,,,0.250000,grid_scan,False,False,scanning
A_R041,A,41,scan56,588.000,49.0000,26.000000,-8.916307,17.1318,4.2200,4.409399,0.18939867,,,,,0.250000,grid_scan,False,False,scanning
A_R041,A,41,scan57,588.000,49.0000,26.250000,-8.582763,17.2534,4.2200,4.412136,0.19213632,,,,,0.250000,grid_scan,False,False,scanning
A_R041,A,41,scan58,588.000,49.0000,26.500000,-8.253146,17.3754,4.2200,4.414900,0.19490018,,,,,0.250000,grid_scan,False,False,scanning
A_R041,A,41,scan59,588.000,49.0000,26.750000,-7.927344,17.4975,4.2200,4.417690,0.19769023,,,,,0.250000,grid_scan,False,False,scanning
A_R041,A,41,scan60,588.000,49.0000,27.000000,-7.605253,17.6199,4.2200,4.420506,0.20050648,,,,,0.250000,grid_scan,False,False,scanning
A_R041,A,41,scan61,588.000,49.0000,27.250000,-7.286771,17.7425,4.2200,4.423349,0.20334893,,,,,0.250000,grid_scan,False,False,scanning
A_R041,A,41,scan62,588.000,49.0000,27.500000,-6.971798,17.8653,4.2200,4.426218,0.20621759,,,,,0.250000,grid_scan,False,False,scanning
A_R041,A,41,scan63,588.000,49.0000,27.750000,-6.660242,17.9883,4.2200,4.429112,0.20911244,,,,,0.250000,grid_scan,False,False,scanning
A_R041,A,41,scan64,588.000,49.0000,28.000000,-6.352010,18.1116,4.2200,4.432034,0.21203350,,,,,0.250000,grid_scan,False,False,scanning
A_R041,A,41,scan65,588.000,49.0000,28.250000,-6.047014,18.2350,4.2200,4.434981,0.21498076,,,,,0.250000,grid_scan,False,False,scanning
A_R041,A,41,scan66,588.000,49.0000,28.500000,-5.745169,18.3587,4.2200,4.437954,0.21795423,,,,,0.250000,grid_scan,False,False,scanning
A_R041,A,41,scan67,588.000,49.0000,28.750000,-5.446394,18.4826,4.2200,4.440954,0.22095390,,,,,0.250000,grid_scan,False,False,scanning
A_R041,A,41,scan68,588.000,49.0000,29.000000,-5.150609,18.6067,4.2200,4.443980,0.22397977,,,,,0.250000,grid_scan,False,False,scanning
A_R041,A,41,scan69,588.000,49.0000,29.250000,-4.857738,18.7309,4.2200,4.447032,0.22703185,,,,,0.250000,grid_scan,False,False,scanning
A_R041,A,41,scan70,588.000,49.0000,29.500000,-4.567706,18.8554,4.2200,4.450110,0.23011014,,,,,0.250000,grid_scan,False,False,scanning
A_R041,A,41,scan71,588.000,49.0000,29.750000,-4.280443,18.9800,4.2200,4.453215,0.23321463,,,,,0.250000,grid_scan,False,False,scanning
A_R041,A,41,scan72,588.000,49.0000,30.000000,-3.995879,19.1048,4.2200,4.456345,0.23634533,,,,,0.250000,grid_scan,False,False,scanning
A_R041,A,41,scan73,588.000,49.0000,30.250000,-3.713948,19.2299,4.2200,4.459502,0.23950224,,,,,0.250000,grid_scan,False,False,scanning
A_R041,A,41,scan74,588.000,49.0000,30.500000,-3.434584,19.3550,4.2200,4.462685,0.24268536,,,,,0.250000,grid_scan,False,False,scanning
A_R041,A,41,scan75,588.000,49.0000,30.750000,-3.157726,19.4804,4.2200,4.465895,0.24589469,,,,,0.250000,grid_scan,False,False,scanning
A_R041,A,41,scan76,588.000,49.0000,31.000000,-2.883313,19.6059,4.2200,4.469130,0.24913023,,,,,0.250000,grid_scan,False,False,scanning
A_R041,A,41,scan77,588.000,49.0000,31.250000,-2.611286,19.7317,4.2200,4.472392,0.25239198,,,,,0.250000,grid_scan,False,False,scanning
A_R041,A,41,scan78,588.000,49.0000,31.500000,-2.341588,19.8575,4.2200,4.475680,0.25567994,,,,,0.250000,grid_scan,False,False,scanning
A_R041,A,41,scan79,588.000,49.0000,31.750000,-2.074165,19.9836,4.2200,4.478994,0.25899411,,,,,0.250000,grid_scan,False,False,scanning
A_R041,A,41,scan80,588.000,49.0000,32.000000,-1.808964,20.1098,4.2200,4.482334,0.26233449,,,,,0.250000,grid_scan,False,False,scanning
A_R041,A,41,scan81,588.000,49.0000,32.250000,-1.545933,20.2361,4.2200,4.485701,0.26570109,,,,,0.250000,grid_scan,False,False,scanning
A_R041,A,41,scan82,588.000,49.0000,32.500000,-1.285021,20.3626,4.2200,4.489094,0.26909390,,,,,0.250000,grid_scan,False,False,scanning
A_R041,A,41,scan83,588.000,49.0000,32.750000,-1.026181,20.4893,4.2200,4.492513,0.27251293,,,,,0.250000,grid_scan,False,False,scanning
A_R041,A,41,scan84,588.000,49.0000,33.000000,-0.769366,20.6161,4.2200,4.495958,0.27595817,,,,,0.250000,grid_scan,False,False,scanning
A_R041,A,41,scan85,588.000,49.0000,33.250000,-0.514529,20.7431,4.2200,4.499430,0.27942962,,,,,0.250000,grid_scan,False,False,scanning
A_R041,A,41,scan86,588.000,49.0000,33.500000,-0.261627,20.8702,4.2200,4.502927,0.28292730,,,,,0.250000,grid_scan,False,False,scanning
A_R041,A,41,scan87,588.000,49.0000,33.750000,-0.010616,20.9975,4.2200,4.506451,0.28645118,,,,,0.250000,grid_scan,False,False,scanning
A_R041,A,41,scan88,588.000,49.0000,34.000000,0.238544,21.1249,4.2200,4.510001,0.29000129,,,,,0.250000,grid_scan,True,False,scanning
A_R041,A,41,scan89,588.000,49.0000,34.250000,0.485895,21.2524,4.2200,4.513578,0.29357761,,,,,0.250000,grid_scan,True,False,scanning
A_R041,A,41,scan90,588.000,49.0000,34.500000,0.731475,21.3801,4.2200,4.517180,0.29718016,,,,,0.250000,grid_scan,True,False,scanning
A_R041,A,41,scan91,588.000,49.0000,34.750000,0.975323,21.5079,4.2200,4.520809,0.30080892,,,,,0.250000,grid_scan,True,False,scanning
A_R041,A,41,scan92,588.000,49.0000,35.000000,1.217476,21.6358,4.2200,4.524464,0.30446390,,,,,0.250000,grid_scan,True,False,scanning
A_R041,A,41,scan93,588.000,49.0000,35.250000,1.457970,21.7639,4.2200,4.528145,0.30814510,,,,,0.250000,grid_scan,True,False,scanning
A_R041,A,41,scan94,588.000,49.0000,35.500000,1.696840,21.8921,4.2200,4.531853,0.31185252,,,,,0.250000,grid_scan,True,False,scanning
A_R041,A,41,scan95,588.000,49.0000,35.750000,1.934120,22.0205,4.2200,4.535586,0.31558616,,,,,0.250000,grid_scan,True,False,scanning
A_R041,A,41,scan96,588.000,49.0000,36.000000,2.169843,22.1489,4.2200,4.539346,0.31934603,,,,,0.250000,grid_scan,True,False,scanning
A_R041,A,41,scan97,588.000,49.0000,36.250000,2.404040,22.2775,4.2200,4.543132,0.32313212,,,,,0.250000,grid_scan,True,False,scanning
A_R041,A,41,scan98,588.000,49.0000,36.500000,2.636745,22.4062,4.2200,4.546944,0.32694443,,,,,0.250000,grid_scan,True,False,scanning
A_R041,A,41,scan99,588.000,49.0000,36.750000,2.867986,22.5350,4.2200,4.550783,0.33078296,,,,,0.250000,grid_scan,True,False,scanning
A_R041,A,41,scan100,588.000,49.0000,37.000000,3.097794,22.6640,4.2200,4.554648,0.33464772,,,,,0.250000,grid_scan,True,False,scanning
A_R041,A,41,scan101,588.000,49.0000,37.250000,3.326197,22.7930,4.2200,4.558539,0.33853871,,,,,0.250000,grid_scan,True,False,scanning
A_R041,A,41,scan102,588.000,49.0000,37.500000,3.553223,22.9222,4.2200,4.562456,0.34245592,,,,,0.250000,grid_scan,True,False,scanning
A_R041,A,41,scan103,588.000,49.0000,37.750000,3.778900,23.0515,4.2200,4.566399,0.34639935,,,,,0.250000,grid_scan,True,False,scanning
A_R041,A,41,scan104,588.000,49.0000,38.000000,4.003254,23.1809,4.2200,4.570369,0.35036901,,,,,0.250000,grid_scan,True,False,scanning
A_R041,A,41,scan105,588.000,49.0000,38.250000,4.226312,23.3104,4.2200,4.574365,0.35436490,,,,,0.250000,grid_scan,True,False,scanning
A_R041,A,41,scan106,588.000,49.0000,38.500000,4.448098,23.4400,4.2200,4.578387,0.35838702,,,,,0.250000,grid_scan,True,False,scanning
A_R041,A,41,scan107,588.000,49.0000,38.750000,4.668637,23.5697,4.2200,4.582435,0.36243537,,,,,0.250000,grid_scan,True,False,scanning
A_R041,A,41,scan108,588.000,49.0000,39.000000,4.887953,23.6995,4.2200,4.586510,0.36650994,,,,,0.250000,grid_scan,True,False,scanning
A_R041,A,41,scan109,588.000,49.0000,39.250000,5.106069,23.8294,4.2200,4.590611,0.37061075,,,,,0.250000,grid_scan,True,False,scanning
A_R041,A,41,scan110,588.000,49.0000,39.500000,5.323008,23.9595,4.2200,4.594738,0.37473779,,,,,0.250000,grid_scan,True,False,scanning
A_R041,A,41,scan111,588.000,49.0000,39.750000,5.538793,24.0896,4.2200,4.598891,0.37889105,,,,,0.250000,grid_scan,True,False,scanning
A_R041,A,41,scan112,588.000,49.0000,40.000000,5.753444,24.2198,4.2200,4.603071,0.38307055,,,,,0.250000,grid_scan,True,False,scanning
A_R041,A,41,,588.000,49.0000,,,,4.2200,,,,,,12.000,,bisection,,False,no_root
A_R042,A,42,scan0,600.000,50.0000,12.000000,-42.339889,10.9601,4.2200,4.297767,0.07776748,,,,,,grid_scan,False,True,scanning
A_R042,A,42,scan1,600.000,50.0000,12.250000,-41.234472,11.0511,4.2200,4.299016,0.07901556,,,,,0.250000,grid_scan,False,True,scanning
A_R042,A,42,scan2,600.000,50.0000,12.500000,-40.167910,11.1433,4.2200,4.300289,0.08028910,,,,,0.250000,grid_scan,False,True,scanning
A_R042,A,42,scan3,600.000,50.0000,12.750000,-39.137944,11.2367,4.2200,4.301588,0.08158814,,,,,0.250000,grid_scan,False,True,scanning
A_R042,A,42,scan4,600.000,50.0000,13.000000,-38.142489,11.3312,4.2200,4.302913,0.08291267,,,,,0.250000,grid_scan,False,True,scanning
A_R042,A,42,scan5,600.000,50.0000,13.250000,-37.179611,11.4269,4.2200,4.304263,0.08426273,,,,,0.250000,grid_scan,False,True,scanning
A_R042,A,42,scan6,600.000,50.0000,13.500000,-36.247520,11.5235,4.2200,4.305638,0.08563830,,,,,0.250000,grid_scan,False,True,scanning
A_R042,A,42,scan7,600.000,50.0000,13.750000,-35.344554,11.6212,4.2200,4.307039,0.08703942,,,,,0.250000,grid_scan,False,True,scanning
A_R042,A,42,scan8,600.000,50.0000,14.000000,-34.469168,11.7198,4.2200,4.308466,0.08846608,,,,,0.250000,grid_scan,False,True,scanning
A_R042,A,42,scan9,600.000,50.0000,14.250000,-33.619924,11.8193,4.2200,4.309918,0.08991829,,,,,0.250000,grid_scan,False,True,scanning
A_R042,A,42,scan10,600.000,50.0000,14.500000,-32.795483,11.9197,4.2200,4.311396,0.09139607,,,,,0.250000,grid_scan,False,True,scanning
A_R042,A,42,scan11,600.000,50.0000,14.750000,-31.994594,12.0209,4.2200,4.312899,0.09289942,,,,,0.250000,grid_scan,False,True,scanning
A_R042,A,42,scan12,600.000,50.0000,15.000000,-31.216089,12.1230,4.2200,4.314428,0.09442834,,,,,0.250000,grid_scan,False,True,scanning
A_R042,A,42,scan13,600.000,50.0000,15.250000,-30.458878,12.2259,4.2200,4.315983,0.09598285,,,,,0.250000,grid_scan,False,True,scanning
A_R042,A,42,scan14,600.000,50.0000,15.500000,-29.721938,12.3295,4.2200,4.317563,0.09756294,,,,,0.250000,grid_scan,False,True,scanning
A_R042,A,42,scan15,600.000,50.0000,15.750000,-29.004311,12.4338,4.2200,4.319169,0.09916863,,,,,0.250000,grid_scan,False,True,scanning
A_R042,A,42,scan16,600.000,50.0000,16.000000,-28.305098,12.5388,4.2200,4.320800,0.10079992,,,,,0.250000,grid_scan,False,True,scanning
A_R042,A,42,scan17,600.000,50.0000,16.250000,-27.623457,12.6445,4.2200,4.322457,0.10245682,,,,,0.250000,grid_scan,False,True,scanning
A_R042,A,42,scan18,600.000,50.0000,16.500000,-26.958593,12.7509,4.2200,4.324139,0.10413932,,,,,0.250000,grid_scan,False,True,scanning
A_R042,A,42,scan19,600.000,50.0000,16.750000,-26.309761,12.8579,4.2200,4.325847,0.10584744,,,,,0.250000,grid_scan,False,True,scanning
A_R042,A,42,scan20,600.000,50.0000,17.000000,-25.676259,12.9655,4.2200,4.327581,0.10758117,,,,,0.250000,grid_scan,False,True,scanning
A_R042,A,42,scan21,600.000,50.0000,17.250000,-25.057423,13.0737,4.2200,4.329341,0.10934051,,,,,0.250000,grid_scan,False,True,scanning
A_R042,A,42,scan22,600.000,50.0000,17.500000,-24.452630,13.1825,4.2200,4.331125,0.11112549,,,,,0.250000,grid_scan,False,True,scanning
A_R042,A,42,scan23,600.000,50.0000,17.750000,-23.861289,13.2918,4.2200,4.332936,0.11293608,,,,,0.250000,grid_scan,False,True,scanning
A_R042,A,42,scan24,600.000,50.0000,18.000000,-23.282844,13.4017,4.2200,4.334772,0.11477231,,,,,0.250000,grid_scan,False,True,scanning
A_R042,A,42,scan25,600.000,50.0000,18.250000,-22.716768,13.5121,4.2200,4.336634,0.11663416,,,,,0.250000,grid_scan,False,True,scanning
A_R042,A,42,scan26,600.000,50.0000,18.500000,-22.162561,13.6230,4.2200,4.338522,0.11852165,,,,,0.250000,grid_scan,False,True,scanning
A_R042,A,42,scan27,600.000,50.0000,18.750000,-21.619752,13.7344,4.2200,4.340435,0.12043478,,,,,0.250000,grid_scan,False,True,scanning
A_R042,A,42,scan28,600.000,50.0000,19.000000,-21.087893,13.8463,4.2200,4.342374,0.12237354,,,,,0.250000,grid_scan,False,True,scanning
A_R042,A,42,scan29,600.000,50.0000,19.250000,-20.566560,13.9586,4.2200,4.344338,0.12433795,,,,,0.250000,grid_scan,False,True,scanning
A_R042,A,42,scan30,600.000,50.0000,19.500000,-20.055350,14.0714,4.2200,4.346328,0.12632799,,,,,0.250000,grid_scan,False,True,scanning
A_R042,A,42,scan31,600.000,50.0000,19.750000,-19.553881,14.1846,4.2200,4.348344,0.12834368,,,,,0.250000,grid_scan,False,True,scanning
A_R042,A,42,scan32,600.000,50.0000,20.000000,-19.061788,14.2983,4.2200,4.350385,0.13038502,,,,,0.250000,grid_scan,False,True,scanning
A_R042,A,42,scan33,600.000,50.0000,20.250000,-18.578727,14.4124,4.2200,4.352452,0.13245200,,,,,0.250000,grid_scan,False,True,scanning
A_R042,A,42,scan34,600.000,50.0000,20.500000,-18.104368,14.5269,4.2200,4.354545,0.13454463,,,,,0.250000,grid_scan,False,True,scanning
A_R042,A,42,scan35,600.000,50.0000,20.750000,-17.638398,14.6418,4.2200,4.356663,0.13666291,,,,,0.250000,grid_scan,False,True,scanning
A_R042,A,42,scan36,600.000,50.0000,21.000000,-17.180519,14.7571,4.2200,4.358807,0.13880685,,,,,0.250000,grid_scan,False,True,scanning
A_R042,A,42,scan37,600.000,50.0000,21.250000,-16.730447,14.8728,4.2200,4.360976,0.14097644,,,,,0.250000,grid_scan,False,True,scanning
A_R042,A,42,scan38,600.000,50.0000,21.500000,-16.287910,14.9888,4.2200,4.363172,0.14317168,,,,,0.250000,grid_scan,False,True,scanning
A_R042,A,42,scan39,600.000,50.0000,21.750000,-15.852649,15.1052,4.2200,4.365393,0.14539258,,,,,0.250000,grid_scan,False,True,scanning
A_R042,A,42,scan40,600.000,50.0000,22.000000,-15.424418,15.2219,4.2200,4.367639,0.14763913,,,,,0.250000,grid_scan,False,True,scanning
A_R042,A,42,scan41,600.000,50.0000,22.250000,-15.002981,15.3390,4.2200,4.369911,0.14991135,,,,,0.250000,grid_scan,False,True,scanning
A_R042,A,42,scan42,600.000,50.0000,22.500000,-14.588111,15.4564,4.2200,4.372209,0.15220922,,,,,0.250000,grid_scan,False,True,scanning
A_R042,A,42,scan43,600.000,50.0000,22.750000,-14.179594,15.5742,4.2200,4.374533,0.15453276,,,,,0.250000,grid_scan,False,True,scanning
A_R042,A,42,scan44,600.000,50.0000,23.000000,-13.777222,15.6923,4.2200,4.376882,0.15688195,,,,,0.250000,grid_scan,False,True,scanning
A_R042,A,42,scan45,600.000,50.0000,23.250000,-13.380798,15.8107,4.2200,4.379257,0.15925681,,,,,0.250000,grid_scan,False,True,scanning
A_R042,A,42,scan46,600.000,50.0000,23.500000,-12.990133,15.9293,4.2200,4.381657,0.16165733,,,,,0.250000,grid_scan,False,True,scanning
A_R042,A,42,scan47,600.000,50.0000,23.750000,-12.605046,16.0483,4.2200,4.384084,0.16408352,,,,,0.250000,grid_scan,False,True,scanning
A_R042,A,42,scan48,600.000,50.0000,24.000000,-12.225364,16.1676,4.2200,4.386535,0.16653537,,,,,0.250000,grid_scan,False,True,scanning
A_R042,A,42,scan49,600.000,50.0000,24.250000,-11.850918,16.2872,4.2200,4.389013,0.16901289,,,,,0.250000,grid_scan,False,True,scanning
A_R042,A,42,scan50,600.000,50.0000,24.500000,-11.481550,16.4071,4.2200,4.391516,0.17151608,,,,,0.250000,grid_scan,False,True,scanning
A_R042,A,42,scan51,600.000,50.0000,24.750000,-11.117107,16.5272,4.2200,4.394045,0.17404494,,,,,0.250000,grid_scan,False,True,scanning
A_R042,A,42,scan52,600.000,50.0000,25.000000,-10.757440,16.6476,4.2200,4.396599,0.17659946,,,,,0.250000,grid_scan,False,True,scanning
A_R042,A,42,scan53,600.000,50.0000,25.250000,-10.402409,16.7682,4.2200,4.399180,0.17917965,,,,,0.250000,grid_scan,False,True,scanning
A_R042,A,42,scan54,600.000,50.0000,25.500000,-10.051877,16.8892,4.2200,4.401786,0.18178552,,,,,0.250000,grid_scan,False,True,scanning
A_R042,A,42,scan55,600.000,50.0000,25.750000,-9.705715,17.0103,4.2200,4.404417,0.18441705,,,,,0.250000,grid_scan,False,True,scanning
A_R042,A,42,scan56,600.000,50.0000,26.000000,-9.363795,17.1318,4.2200,4.407074,0.18707426,,,,,0.250000,grid_scan,False,True,scanning
A_R042,A,42,scan57,600.000,50.0000,26.250000,-9.025998,17.2534,4.2200,4.409757,0.18975714,,,,,0.250000,grid_scan,False,True,scanning
A_R042,A,42,scan58,600.000,50.0000,26.500000,-8.692207,17.3754,4.2200,4.412466,0.19246570,,,,,0.250000,grid_scan,False,True,scanning
A_R042,A,42,scan59,600.000,50.0000,26.750000,-8.362309,17.4975,4.2200,4.415200,0.19519993,,,,,0.250000,grid_scan,False,True,scanning
A_R042,A,42,scan60,600.000,50.0000,27.000000,-8.036198,17.6199,4.2200,4.417960,0.19795983,,,,,0.250000,grid_scan,False,True,scanning
A_R042,A,42,scan61,600.000,50.0000,27.250000,-7.713769,17.7425,4.2200,4.420745,0.20074541,,,,,0.250000,grid_scan,False,True,scanning
A_R042,A,42,scan62,600.000,50.0000,27.500000,-7.394922,17.8653,4.2200,4.423557,0.20355667,,,,,0.250000,grid_scan,False,True,scanning
A_R042,A,42,scan63,600.000,50.0000,27.750000,-7.079560,17.9883,4.2200,4.426394,0.20639360,,,,,0.250000,grid_scan,False,True,scanning
A_R042,A,42,scan64,600.000,50.0000,28.000000,-6.767590,18.1116,4.2200,4.429256,0.20925621,,,,,0.250000,grid_scan,False,True,scanning
A_R042,A,42,scan65,600.000,50.0000,28.250000,-6.458923,18.2350,4.2200,4.432144,0.21214450,,,,,0.250000,grid_scan,False,True,scanning
A_R042,A,42,scan66,600.000,50.0000,28.500000,-6.153472,18.3587,4.2200,4.435058,0.21505846,,,,,0.250000,grid_scan,False,True,scanning
A_R042,A,42,scan67,600.000,50.0000,28.750000,-5.851152,18.4826,4.2200,4.437998,0.21799811,,,,,0.250000,grid_scan,False,True,scanning
A_R042,A,42,scan68,600.000,50.0000,29.000000,-5.551884,18.6067,4.2200,4.440963,0.22096344,,,,,0.250000,grid_scan,False,True,scanning
A_R042,A,42,scan69,600.000,50.0000,29.250000,-5.255589,18.7309,4.2200,4.443954,0.22395445,,,,,0.250000,grid_scan,False,True,scanning
A_R042,A,42,scan70,600.000,50.0000,29.500000,-4.962191,18.8554,4.2200,4.446971,0.22697113,,,,,0.250000,grid_scan,False,True,scanning
A_R042,A,42,scan71,600.000,50.0000,29.750000,-4.671619,18.9800,4.2200,4.450014,0.23001351,,,,,0.250000,grid_scan,False,True,scanning
A_R042,A,42,scan72,600.000,50.0000,30.000000,-4.383801,19.1048,4.2200,4.453082,0.23308156,,,,,0.250000,grid_scan,False,True,scanning
A_R042,A,42,scan73,600.000,50.0000,30.250000,-4.098668,19.2299,4.2200,4.456175,0.23617530,,,,,0.250000,grid_scan,False,True,scanning
A_R042,A,42,scan74,600.000,50.0000,30.500000,-3.816157,19.3550,4.2200,4.459295,0.23929472,,,,,0.250000,grid_scan,False,True,scanning
A_R042,A,42,scan75,600.000,50.0000,30.750000,-3.536201,19.4804,4.2200,4.462440,0.24243982,,,,,0.250000,grid_scan,False,True,scanning
A_R042,A,42,scan76,600.000,50.0000,31.000000,-3.258741,19.6059,4.2200,4.465611,0.24561061,,,,,0.250000,grid_scan,False,True,scanning
A_R042,A,42,scan77,600.000,50.0000,31.250000,-2.983715,19.7317,4.2200,4.468807,0.24880709,,,,,0.250000,grid_scan,False,True,scanning
A_R042,A,42,scan78,600.000,50.0000,31.500000,-2.711067,19.8575,4.2200,4.472029,0.25202925,,,,,0.250000,grid_scan,False,True,scanning
A_R042,A,42,scan79,600.000,50.0000,31.750000,-2.440740,19.9836,4.2200,4.475277,0.25527710,,,,,0.250000,grid_scan,False,True,scanning
A_R042,A,42,scan80,600.000,50.0000,32.000000,-2.172679,20.1098,4.2200,4.478551,0.25855063,,,,,0.250000,grid_scan,False,True,scanning
A_R042,A,42,scan81,600.000,50.0000,32.250000,-1.906833,20.2361,4.2200,4.481850,0.26184985,,,,,0.250000,grid_scan,False,True,scanning
A_R042,A,42,scan82,600.000,50.0000,32.500000,-1.643150,20.3626,4.2200,4.485175,0.26517476,,,,,0.250000,grid_scan,False,True,scanning
A_R042,A,42,scan83,600.000,50.0000,32.750000,-1.381580,20.4893,4.2200,4.488525,0.26852536,,,,,0.250000,grid_scan,False,True,scanning
A_R042,A,42,scan84,600.000,50.0000,33.000000,-1.122077,20.6161,4.2200,4.491902,0.27190165,,,,,0.250000,grid_scan,False,True,scanning
A_R042,A,42,scan85,600.000,50.0000,33.250000,-0.864592,20.7431,4.2200,4.495304,0.27530363,,,,,0.250000,grid_scan,False,True,scanning
A_R042,A,42,scan86,600.000,50.0000,33.500000,-0.609082,20.8702,4.2200,4.498731,0.27873130,,,,,0.250000,grid_scan,False,True,scanning
A_R042,A,42,scan87,600.000,50.0000,33.750000,-0.355502,20.9975,4.2200,4.502185,0.28218466,,,,,0.250000,grid_scan,False,True,scanning
A_R042,A,42,scan88,600.000,50.0000,34.000000,-0.103810,21.1249,4.2200,4.505664,0.28566372,,,,,0.250000,grid_scan,False,True,scanning
A_R042,A,42,scan89,600.000,50.0000,34.250000,0.146036,21.2524,4.2200,4.509168,0.28916846,,,,,0.250000,grid_scan,True,True,scanning
A_R042,A,42,scan90,600.000,50.0000,34.500000,0.394075,21.3801,4.2200,4.512699,0.29269890,,,,,0.250000,grid_scan,True,True,scanning
A_R042,A,42,scan91,600.000,50.0000,34.750000,0.640346,21.5079,4.2200,4.516255,0.29625503,,,,,0.250000,grid_scan,True,True,scanning
A_R042,A,42,scan92,600.000,50.0000,35.000000,0.884888,21.6358,4.2200,4.519837,0.29983686,,,,,0.250000,grid_scan,True,True,scanning
A_R042,A,42,scan93,600.000,50.0000,35.250000,1.127737,21.7639,4.2200,4.523444,0.30344437,,,,,0.250000,grid_scan,True,True,scanning
A_R042,A,42,scan94,600.000,50.0000,35.500000,1.368929,21.8921,4.2200,4.527078,0.30707759,,,,,0.250000,grid_scan,True,True,scanning
A_R042,A,42,scan95,600.000,50.0000,35.750000,1.608498,22.0205,4.2200,4.530736,0.31073650,,,,,0.250000,grid_scan,True,True,scanning
A_R042,A,42,scan96,600.000,50.0000,36.000000,1.846478,22.1489,4.2200,4.534421,0.31442111,,,,,0.250000,grid_scan,True,True,scanning
A_R042,A,42,scan97,600.000,50.0000,36.250000,2.082902,22.2775,4.2200,4.538131,0.31813141,,,,,0.250000,grid_scan,True,True,scanning
A_R042,A,42,scan98,600.000,50.0000,36.500000,2.317803,22.4062,4.2200,4.541867,0.32186741,,,,,0.250000,grid_scan,True,True,scanning
A_R042,A,42,scan99,600.000,50.0000,36.750000,2.551210,22.5350,4.2200,4.545629,0.32562911,,,,,0.250000,grid_scan,True,True,scanning
A_R042,A,42,scan100,600.000,50.0000,37.000000,2.783154,22.6640,4.2200,4.549417,0.32941650,,,,,0.250000,grid_scan,True,True,scanning
A_R042,A,42,scan101,600.000,50.0000,37.250000,3.013666,22.7930,4.2200,4.553230,0.33322960,,,,,0.250000,grid_scan,True,True,scanning
A_R042,A,42,scan102,600.000,50.0000,37.500000,3.242772,22.9222,4.2200,4.557068,0.33706839,,,,,0.250000,grid_scan,True,True,scanning
A_R042,A,42,scan103,600.000,50.0000,37.750000,3.470502,23.0515,4.2200,4.560933,0.34093289,,,,,0.250000,grid_scan,True,True,scanning
A_R042,A,42,scan104,600.000,50.0000,38.000000,3.696882,23.1809,4.2200,4.564823,0.34482309,,,,,0.250000,grid_scan,True,True,scanning
A_R042,A,42,scan105,600.000,50.0000,38.250000,3.921938,23.3104,4.2200,4.568739,0.34873898,,,,,0.250000,grid_scan,True,True,scanning
A_R042,A,42,scan106,600.000,50.0000,38.500000,4.145697,23.4400,4.2200,4.572681,0.35268058,,,,,0.250000,grid_scan,True,True,scanning
A_R042,A,42,scan107,600.000,50.0000,38.750000,4.368184,23.5697,4.2200,4.576648,0.35664788,,,,,0.250000,grid_scan,True,True,scanning
A_R042,A,42,scan108,600.000,50.0000,39.000000,4.589422,23.6995,4.2200,4.580641,0.36064089,,,,,0.250000,grid_scan,True,True,scanning
A_R042,A,42,scan109,600.000,50.0000,39.250000,4.809437,23.8294,4.2200,4.584660,0.36465960,,,,,0.250000,grid_scan,True,True,scanning
A_R042,A,42,scan110,600.000,50.0000,39.500000,5.028250,23.9595,4.2200,4.588704,0.36870401,,,,,0.250000,grid_scan,True,True,scanning
A_R042,A,42,scan111,600.000,50.0000,39.750000,5.245885,24.0896,4.2200,4.592774,0.37277412,,,,,0.250000,grid_scan,True,True,scanning
A_R042,A,42,scan112,600.000,50.0000,40.000000,5.462364,24.2198,4.2200,4.596870,0.37686995,,,,,0.250000,grid_scan,True,True,scanning
A_R042,A,42,,600.000,50.0000,,,,4.2200,,,,,,12.000,,bisection,,True,no_root
B_start0,B,0,0,180.000,15.0000,20.000000,1.293748,14.2983,4.2200,4.483950,0.26395014,,,0.116211,,,least_squares,True,False,iterating
B_start0,B,0,1,180.000,15.0000,20.000000,1.293748,14.2983,4.2200,4.483950,0.26395015,,,0.116211,0.0000,0.000000,least_squares,True,False,iterating
B_start0,B,0,2,180.000,15.0000,20.000000,1.293748,14.2983,4.2200,4.483950,0.26395014,,,0.116211,0.0000,-0.000000,least_squares,True,False,iterating
B_start0,B,0,3,267.923,22.3269,18.449143,-4.834210,13.6004,4.2200,4.393852,0.17385169,,,0.073426,87.9229,-1.550857,least_squares,False,False,iterating
B_start0,B,0,4,267.923,22.3269,18.449143,-4.834210,13.6004,4.2200,4.393852,0.17385169,,,0.073426,0.0000,0.000000,least_squares,False,False,iterating
B_start0,B,0,5,267.923,22.3269,18.449143,-4.834210,13.6004,4.2200,4.393852,0.17385168,,,0.073426,0.0000,-0.000000,least_squares,False,False,iterating
B_start0,B,0,6,387.482,32.2901,18.537571,-10.973140,13.6397,4.2200,4.363826,0.14382573,,,0.063155,119.5589,0.088428,least_squares,False,False,iterating
B_start0,B,0,7,387.482,32.2901,18.537572,-10.973140,13.6397,4.2200,4.363826,0.14382573,,,0.063155,0.0000,0.000000,least_squares,False,False,iterating
B_start0,B,0,8,387.482,32.2901,18.537571,-10.973140,13.6397,4.2200,4.363826,0.14382573,,,0.063155,0.0000,-0.000000,least_squares,False,False,iterating
B_start0,B,0,9,524.320,43.6934,19.497638,-16.299175,14.0703,4.2200,4.353976,0.13397558,,,0.056905,136.8384,0.960066,least_squares,False,False,iterating
B_start0,B,0,10,524.320,43.6934,19.497638,-16.299174,14.0703,4.2200,4.353976,0.13397558,,,0.056905,0.0000,0.000000,least_squares,False,False,iterating
B_start0,B,0,11,524.320,43.6934,19.497638,-16.299175,14.0703,4.2200,4.353976,0.13397558,,,0.056905,0.0000,-0.000000,least_squares,False,False,iterating
B_start0,B,0,12,588.747,49.0623,19.807656,-18.889105,14.2108,4.2200,4.349875,0.12987519,,,0.055099,64.4272,0.310018,least_squares,False,False,iterating
B_start0,B,0,13,588.747,49.0623,19.807656,-18.889104,14.2108,4.2200,4.349875,0.12987519,,,0.055099,0.0000,0.000000,least_squares,False,False,iterating
B_start0,B,0,14,588.747,49.0623,19.807656,-18.889105,14.2108,4.2200,4.349875,0.12987518,,,0.055099,0.0000,-0.000000,least_squares,False,False,iterating
B_start0,B,0,15,599.839,49.9866,19.916791,-19.216717,14.2604,4.2200,4.349718,0.12971792,,,0.054833,11.0915,0.109135,least_squares,False,False,iterating
B_start0,B,0,16,599.839,49.9866,19.916792,-19.216717,14.2604,4.2200,4.349718,0.12971792,,,0.054833,0.0000,0.000000,least_squares,False,False,iterating
B_start0,B,0,17,599.839,49.9866,19.916791,-19.216718,14.2604,4.2200,4.349718,0.12971792,,,0.054833,0.0000,-0.000000,least_squares,False,False,iterating
B_start0,B,0,18,600.000,50.0000,19.938069,-19.182837,14.2701,4.2200,4.349877,0.12987694,,,0.054828,0.1611,0.021277,least_squares,False,True,iterating
B_start0,B,0,19,600.000,50.0000,19.938069,-19.182837,14.2701,4.2200,4.349877,0.12987694,,,0.054828,0.0000,0.000000,least_squares,False,True,iterating
B_start0,B,0,20,600.000,50.0000,19.938069,-19.182837,14.2701,4.2200,4.349877,0.12987694,,,0.054828,-0.0000,-0.000000,least_squares,False,True,iterating
B_start0,B,0,21,600.000,50.0000,19.938527,-19.181939,14.2703,4.2200,4.349881,0.12988069,,,0.054828,0.0000,0.000459,least_squares,False,True,iterating
B_start0,B,0,22,600.000,50.0000,19.938528,-19.181938,14.2703,4.2200,4.349881,0.12988070,,,0.054828,0.0000,0.000000,least_squares,False,True,iterating
B_start0,B,0,23,600.000,50.0000,19.938527,-19.181939,14.2703,4.2200,4.349881,0.12988069,,,0.054828,-0.0000,-0.000000,least_squares,False,True,iterating
B_start0,B,0,24,600.000,50.0000,19.938491,-19.182010,14.2703,4.2200,4.349880,0.12988040,,,0.054828,0.0000,-0.000036,least_squares,False,True,iterating
B_start0,B,0,25,600.000,50.0000,19.938512,-19.181969,14.2703,4.2200,4.349881,0.12988057,,,0.054828,-0.0000,0.000021,least_squares,False,True,iterating
B_start0,B,0,26,600.000,50.0000,19.938524,-19.181946,14.2703,4.2200,4.349881,0.12988066,,,0.054828,-0.0000,0.000011,least_squares,False,True,iterating
B_start0,B,0,final,600.000,50.0000,19.938527,-19.181939,,4.2200,,,,,0.054828,,,least_squares,False,True,converged
B_start1,B,1,0,300.000,25.0000,18.000000,-7.135956,13.4017,4.2200,4.376356,0.15635604,,,0.068918,,,least_squares,False,False,iterating
B_start1,B,1,1,300.000,25.0000,18.000000,-7.135956,13.4017,4.2200,4.376356,0.15635604,,,0.068918,0.0000,0.000000,least_squares,False,False,iterating
B_start1,B,1,2,300.000,25.0000,18.000000,-7.135957,13.4017,4.2200,4.376356,0.15635603,,,0.068918,0.0000,-0.000000,least_squares,False,False,iterating
B_start1,B,1,3,444.155,37.0129,19.135664,-12.912581,13.9072,4.2200,4.361066,0.14106578,,,0.059981,144.1548,1.135664,least_squares,False,False,iterating
B_start1,B,1,4,444.155,37.0129,19.135664,-12.912580,13.9072,4.2200,4.361066,0.14106578,,,0.059981,0.0000,0.000000,least_squares,False,False,iterating
B_start1,B,1,5,444.155,37.0129,19.135664,-12.912581,13.9072,4.2200,4.361066,0.14106578,,,0.059981,0.0000,-0.000000,least_squares,False,False,iterating
B_start1,B,1,6,553.977,46.1648,19.641582,-17.499774,14.1355,4.2200,4.351975,0.13197512,,,0.056003,109.8222,0.505918,least_squares,False,False,iterating
B_start1,B,1,7,553.977,46.1648,19.641582,-17.499774,14.1355,4.2200,4.351975,0.13197512,,,0.056003,0.0000,0.000000,least_squares,False,False,iterating
B_start1,B,1,8,553.977,46.1648,19.641582,-17.499775,14.1355,4.2200,4.351975,0.13197512,,,0.056003,0.0000,-0.000000,least_squares,False,False,iterating
B_start1,B,1,9,595.844,49.6536,19.861788,-19.129925,14.2354,4.2200,4.349644,0.12964435,,,0.054928,41.8665,0.220207,least_squares,False,False,iterating
B_start1,B,1,10,595.844,49.6536,19.861789,-19.129925,14.2354,4.2200,4.349644,0.12964435,,,0.054928,0.0000,0.000000,least_squares,False,False,iterating
B_start1,B,1,11,595.844,49.6536,19.861788,-19.129926,14.2354,4.2200,4.349644,0.12964435,,,0.054928,0.0000,-0.000000,least_squares,False,False,iterating
B_start1,B,1,12,600.000,50.0000,19.931942,-19.194823,14.2673,4.2200,4.349827,0.12982680,,,0.054829,4.1560,0.070153,least_squares,False,True,iterating
B_start1,B,1,13,600.000,50.0000,19.931942,-19.194823,14.2673,4.2200,4.349827,0.12982680,,,0.054829,0.0000,0.000000,least_squares,False,True,iterating
B_start1,B,1,14,600.000,50.0000,19.931942,-19.194824,14.2673,4.2200,4.349827,0.12982680,,,0.054829,0.0000,-0.000000,least_squares,False,True,iterating
B_start1,B,1,15,600.000,50.0000,19.938508,-19.181977,14.2703,4.2200,4.349881,0.12988053,,,0.054828,0.0004,0.006566,least_squares,False,True,iterating
B_start1,B,1,16,600.000,50.0000,19.938508,-19.181977,14.2703,4.2200,4.349881,0.12988054,,,0.054828,0.0000,0.000000,least_squares,False,True,iterating
B_start1,B,1,17,600.000,50.0000,19.938508,-19.181977,14.2703,4.2200,4.349881,0.12988053,,,0.054828,-0.0000,-0.000000,least_squares,False,True,iterating
B_start1,B,1,18,600.000,50.0000,19.938534,-19.181927,14.2703,4.2200,4.349881,0.12988074,,,0.054828,0.0000,0.000026,least_squares,False,True,iterating
B_start1,B,1,19,600.000,50.0000,19.938534,-19.181926,14.2703,4.2200,4.349881,0.12988075,,,0.054828,0.0000,0.000000,least_squares,False,True,iterating
B_start1,B,1,20,600.000,50.0000,19.938534,-19.181926,14.2703,4.2200,4.349881,0.12988075,,,0.054828,-0.0000,-0.000000,least_squares,False,True,iterating
B_start1,B,1,final,600.000,50.0000,19.938534,-19.181927,,4.2200,,,,,0.054828,,,least_squares,False,True,converged
B_start2,B,2,0,120.000,10.0000,22.000000,5.736524,15.2219,4.2200,4.666204,0.44620437,,,0.221677,,,least_squares,True,False,iterating
B_start2,B,2,1,120.000,10.0000,22.000000,5.736524,15.2219,4.2200,4.666204,0.44620439,,,0.221677,0.0000,0.000000,least_squares,True,False,iterating
B_start2,B,2,2,120.000,10.0000,22.000000,5.736524,15.2219,4.2200,4.666204,0.44620437,,,0.221677,0.0000,-0.000000,least_squares,True,False,iterating
B_start2,B,2,3,197.137,16.4281,20.964272,1.383419,14.7406,4.2200,4.492064,0.27206384,,,0.119567,77.1373,-1.035728,least_squares,True,False,iterating
B_start2,B,2,4,197.137,16.4281,20.964272,1.383419,14.7406,4.2200,4.492064,0.27206384,,,0.119567,0.0000,0.000000,least_squares,True,False,iterating
B_start2,B,2,5,197.137,16.4281,20.964272,1.383419,14.7406,4.2200,4.492064,0.27206383,,,0.119567,0.0000,-0.000000,least_squares,True,False,iterating
B_start2,B,2,6,285.644,23.8036,19.104352,-4.924243,13.8931,4.2200,4.398225,0.17822517,,,0.073469,88.5063,-1.859920,least_squares,False,False,iterating
B_start2,B,2,7,285.644,23.8036,19.104352,-4.924243,13.8931,4.2200,4.398225,0.17822518,,,0.073469,0.0000,0.000000,least_squares,False,False,iterating
B_start2,B,2,8,285.644,23.8036,19.104352,-4.924243,13.8931,4.2200,4.398225,0.17822517,,,0.073469,0.0000,-0.000000,least_squares,False,False,iterating
B_start2,B,2,9,402.430,33.5359,18.696609,-11.496523,13.7105,4.2200,4.363016,0.14301565,,,0.062251,116.7867,-0.407743,least_squares,False,False,iterating
B_start2,B,2,10,402.430,33.5359,18.696609,-11.496523,13.7105,4.2200,4.363016,0.14301565,,,0.062251,0.0000,0.000000,least_squares,False,False,iterating
B_start2,B,2,11,402.430,33.5359,18.696609,-11.496524,13.7105,4.2200,4.363016,0.14301565,,,0.062251,0.0000,-0.000000,least_squares,False,False,iterating
B_start2,B,2,12,526.862,43.9052,19.512756,-16.397705,14.0772,4.2200,4.353820,0.13382029,,,0.056820,124.4319,0.816147,least_squares,False,False,iterating
B_start2,B,2,13,526.862,43.9052,19.512756,-16.397705,14.0772,4.2200,4.353820,0.13382029,,,0.056820,0.0000,0.000000,least_squares,False,False,iterating
B_start2,B,2,14,526.862,43.9052,19.512756,-16.397705,14.0772,4.2200,4.353820,0.13382029,,,0.056820,0.0000,-0.000000,least_squares,False,False,iterating
B_start2,B,2,15,589.427,49.1189,19.811393,-18.915048,14.2125,4.2200,4.349841,0.12984081,,,0.055082,62.5647,0.298637,least_squares,False,False,iterating
B_start2,B,2,16,589.427,49.1189,19.811393,-18.915047,14.2125,4.2200,4.349841,0.12984081,,,0.055082,0.0000,0.000000,least_squares,False,False,iterating
B_start2,B,2,17,589.427,49.1189,19.811393,-18.915048,14.2125,4.2200,4.349841,0.12984081,,,0.055082,0.0000,-0.000000,least_squares,False,False,iterating
B_start2,B,2,18,599.864,49.9887,19.917596,-19.216358,14.2608,4.2200,4.349722,0.12972214,,,0.054832,10.4372,0.106203,least_squares,False,False,iterating
B_start2,B,2,19,599.864,49.9887,19.917596,-19.216358,14.2608,4.2200,4.349722,0.12972214,,,0.054832,0.0000,0.000000,least_squares,False,False,iterating
B_start2,B,2,20,599.864,49.9887,19.917596,-19.216359,14.2608,4.2200,4.349722,0.12972214,,,0.054832,0.0000,-0.000000,least_squares,False,False,iterating
B_start2,B,2,21,600.000,50.0000,19.938127,-19.182724,14.2702,4.2200,4.349877,0.12987741,,,0.054828,0.1360,0.020531,least_squares,False,True,iterating
B_start2,B,2,22,600.000,50.0000,19.938127,-19.182723,14.2702,4.2200,4.349877,0.12987741,,,0.054828,0.0000,0.000000,least_squares,False,True,iterating
B_start2,B,2,23,600.000,50.0000,19.938127,-19.182724,14.2702,4.2200,4.349877,0.12987741,,,0.054828,-0.0000,-0.000000,least_squares,False,True,iterating
B_start2,B,2,24,600.000,50.0000,19.938555,-19.181885,14.2703,4.2200,4.349881,0.12988092,,,0.054828,0.0000,0.000429,least_squares,False,True,iterating
B_start2,B,2,25,600.000,50.0000,19.938555,-19.181884,14.2703,4.2200,4.349881,0.12988092,,,0.054828,0.0000,0.000000,least_squares,False,True,iterating
B_start2,B,2,26,600.000,50.0000,19.938555,-19.181884,14.2703,4.2200,4.349881,0.12988092,,,0.054828,-0.0000,-0.000000,least_squares,False,True,iterating
B_start2,B,2,27,600.000,50.0000,19.938517,-19.181959,14.2703,4.2200,4.349881,0.12988061,,,0.054828,0.0000,-0.000038,least_squares,False,True,iterating
B_start2,B,2,28,600.000,50.0000,19.938542,-19.181910,14.2703,4.2200,4.349881,0.12988081,,,0.054828,-0.0000,0.000025,least_squares,False,True,iterating
B_start2,B,2,29,600.000,50.0000,19.938542,-19.181909,14.2703,4.2200,4.349881,0.12988082,,,0.054828,0.0000,0.000000,least_squares,False,True,iterating
B_start2,B,2,30,600.000,50.0000,19.938542,-19.181909,14.2703,4.2200,4.349881,0.12988082,,,0.054828,-0.0000,-0.000000,least_squares,False,True,iterating
B_start2,B,2,31,600.000,50.0000,19.938539,-19.181916,14.2703,4.2200,4.349881,0.12988079,,,0.054828,0.0000,-0.000003,least_squares,False,True,iterating
B_start2,B,2,32,600.000,50.0000,19.938539,-19.181916,14.2703,4.2200,4.349881,0.12988079,,,0.054828,0.0000,0.000000,least_squares,False,True,iterating
B_start2,B,2,33,600.000,50.0000,19.938539,-19.181916,14.2703,4.2200,4.349881,0.12988079,,,0.054828,-0.0000,-0.000000,least_squares,False,True,iterating
B_start2,B,2,final,600.000,50.0000,19.938539,-19.181916,,4.2200,,,,,0.054828,,,least_squares,False,True,converged
B_start3,B,3,0,500.000,41.6667,16.000000,-22.253061,12.5388,4.2200,4.326320,0.10632023,,,0.081498,,,least_squares,False,False,iterating
B_start3,B,3,1,500.000,41.6667,16.000000,-22.253060,12.5388,4.2200,4.326320,0.10632023,,,0.081498,0.0000,0.000000,least_squares,False,False,iterating
B_start3,B,3,2,500.000,41.6667,16.000000,-22.253061,12.5388,4.2200,4.326320,0.10632023,,,0.081498,0.0000,-0.000000,least_squares,False,False,iterating
B_start3,B,3,3,487.505,40.6254,18.408325,-16.444026,13.5822,4.2200,4.348125,0.12812547,,,0.060536,-12.4951,2.408325,least_squares,False,False,iterating
B_start3,B,3,4,487.505,40.6254,18.408325,-16.444026,13.5822,4.2200,4.348125,0.12812547,,,0.060536,0.0000,0.000000,least_squares,False,False,iterating
B_start3,B,3,5,487.505,40.6254,18.408325,-16.444027,13.5822,4.2200,4.348125,0.12812547,,,0.060536,0.0000,-0.000000,least_squares,False,False,iterating
B_start3,B,3,6,598.215,49.8513,19.621182,-19.722944,14.1262,4.2200,4.347463,0.12746327,,,0.055051,110.7103,1.212857,least_squares,False,False,iterating
B_start3,B,3,7,598.215,49.8513,19.621182,-19.722944,14.1262,4.2200,4.347463,0.12746328,,,0.055051,0.0000,0.000000,least_squares,False,False,iterating
B_start3,B,3,8,598.215,49.8513,19.621182,-19.722945,14.1262,4.2200,4.347463,0.12746327,,,0.055051,0.0000,-0.000000,least_squares,False,False,iterating
B_start3,B,3,9,599.925,49.9937,19.905139,-19.243755,14.2551,4.2200,4.349615,0.12961452,,,0.054832,1.7093,0.283957,least_squares,False,False,iterating
B_start3,B,3,10,599.925,49.9937,19.905139,-19.243755,14.2551,4.2200,4.349615,0.12961452,,,0.054832,0.0000,0.000000,least_squares,False,False,iterating
B_start3,B,3,11,599.925,49.9937,19.905139,-19.243756,14.2551,4.2200,4.349615,0.12961452,,,0.054832,0.0000,-0.000000,least_squares,False,False,iterating
B_start3,B,3,12,600.000,50.0000,19.938046,-19.182873,14.2701,4.2200,4.349877,0.12987677,,,0.054828,0.0753,0.032907,least_squares,False,True,iterating
B_start3,B,3,13,600.000,50.0000,19.938046,-19.182873,14.2701,4.2200,4.349877,0.12987677,,,0.054828,0.0000,0.000000,least_squares,False,True,iterating
B_start3,B,3,14,600.000,50.0000,19.938046,-19.182874,14.2701,4.2200,4.349877,0.12987677,,,0.054828,0.0000,-0.000000,least_squares,False,True,iterating
B_start3,B,3,15,600.000,50.0000,19.938497,-19.181999,14.2703,4.2200,4.349880,0.12988044,,,0.054828,0.0002,0.000451,least_squares,False,True,iterating
B_start3,B,3,16,600.000,50.0000,19.938497,-19.181998,14.2703,4.2200,4.349880,0.12988045,,,0.054828,0.0000,0.000000,least_squares,False,True,iterating
B_start3,B,3,17,600.000,50.0000,19.938497,-19.181998,14.2703,4.2200,4.349880,0.12988044,,,0.054828,-0.0000,-0.000000,least_squares,False,True,iterating
B_start3,B,3,18,600.000,50.0000,19.938508,-19.181977,14.2703,4.2200,4.349881,0.12988053,,,0.054828,0.0000,0.000011,least_squares,False,True,iterating
B_start3,B,3,19,600.000,50.0000,19.938508,-19.181977,14.2703,4.2200,4.349881,0.12988054,,,0.054828,0.0000,0.000000,least_squares,False,True,iterating
B_start3,B,3,20,600.000,50.0000,19.938508,-19.181977,14.2703,4.2200,4.349881,0.12988053,,,0.054828,-0.0000,-0.000000,least_squares,False,True,iterating
B_start3,B,3,final,600.000,50.0000,19.938508,-19.181977,,4.2200,,,,,0.054828,,,least_squares,False,True,converged
B_start4,B,4,0,250.000,20.8333,30.000000,6.935459,19.1048,4.2200,4.677192,0.45719212,,,0.196708,,,least_squares,True,False,iterating
B_start4,B,4,1,250.000,20.8333,30.000000,6.935460,19.1048,4.2200,4.677192,0.45719213,,,0.196708,0.0000,0.000000,least_squares,True,False,iterating
B_start4,B,4,2,250.000,20.8333,30.000000,6.935459,19.1048,4.2200,4.677192,0.45719211,,,0.196708,0.0000,-0.000000,least_squares,True,False,iterating
B_start4,B,4,3,323.991,26.9993,27.358597,2.209637,17.7958,4.2200,4.531726,0.31172609,,,0.124125,73.9913,-2.641403,least_squares,True,False,iterating
B_start4,B,4,4,323.991,26.9993,27.358598,2.209638,17.7958,4.2200,4.531726,0.31172610,,,0.124125,0.0000,0.000000,least_squares,True,False,iterating
B_start4,B,4,5,323.991,26.9993,27.358597,2.209637,17.7958,4.2200,4.531726,0.31172609,,,0.124125,0.0000,-0.000000,least_squares,True,False,iterating
B_start4,B,4,6,377.299,31.4415,23.520640,-3.778832,15.9392,4.2200,4.434204,0.21420396,,,0.085241,53.3072,-3.837957,least_squares,False,False,iterating
B_start4,B,4,7,377.299,31.4415,23.520640,-3.778832,15.9392,4.2200,4.434204,0.21420397,,,0.085241,0.0000,0.000000,least_squares,False,False,iterating
B_start4,B,4,8,377.299,31.4415,23.520640,-3.778832,15.9392,4.2200,4.434204,0.21420396,,,0.085241,0.0000,-0.000000,least_squares,False,False,iterating
B_start4,B,4,9,456.718,38.0599,19.813534,-12.420522,14.2135,4.2200,4.366324,0.14632425,,,0.059617,79.4198,-3.707106,least_squares,False,False,iterating
B_start4,B,4,10,456.718,38.0599,19.813534,-12.420522,14.2135,4.2200,4.366324,0.14632425,,,0.059617,0.0000,0.000000,least_squares,False,False,iterating
B_start4,B,4,11,456.718,38.0599,19.813534,-12.420522,14.2135,4.2200,4.366324,0.14632424,,,0.059617,0.0000,-0.000000,least_squares,False,False,iterating
B_start4,B,4,12,551.032,45.9193,19.655880,-17.327617,14.1420,4.2200,4.352415,0.13241495,,,0.056070,94.3138,-0.157654,least_squares,False,False,iterating
B_start4,B,4,13,551.032,45.9193,19.655880,-17.327617,14.1420,4.2200,4.352415,0.13241495,,,0.056070,0.0000,0.000000,least_squares,False,False,iterating
B_start4,B,4,14,551.032,45.9193,19.655880,-17.327618,14.1420,4.2200,4.352415,0.13241495,,,0.056070,0.0000,-0.000000,least_squares,False,False,iterating
B_start4,B,4,15,595.050,49.5875,19.858016,-19.098600,14.2337,4.2200,4.349689,0.12968859,,,0.054946,44.0179,0.202136,least_squares,False,False,iterating
B_start4,B,4,16,595.050,49.5875,19.858016,-19.098599,14.2337,4.2200,4.349689,0.12968859,,,0.054946,0.0000,0.000000,least_squares,False,False,iterating
B_start4,B,4,17,595.050,49.5875,19.858016,-19.098600,14.2337,4.2200,4.349689,0.12968859,,,0.054946,0.0000,-0.000000,least_squares,False,False,iterating
B_start4,B,4,18,599.991,49.9993,19.932731,-19.192863,14.2677,4.2200,4.349834,0.12983406,,,0.054829,4.9411,0.074715,least_squares,False,False,iterating
B_start4,B,4,19,599.991,49.9993,19.932731,-19.192863,14.2677,4.2200,4.349834,0.12983406,,,0.054829,0.0000,0.000000,least_squares,False,False,iterating
B_start4,B,4,20,599.991,49.9993,19.932731,-19.192864,14.2677,4.2200,4.349834,0.12983406,,,0.054829,0.0000,-0.000000,least_squares,False,False,iterating
B_start4,B,4,21,600.000,50.0000,19.938511,-19.181971,14.2703,4.2200,4.349881,0.12988056,,,0.054828,0.0089,0.005780,least_squares,False,True,iterating
B_start4,B,4,22,600.000,50.0000,19.938511,-19.181970,14.2703,4.2200,4.349881,0.12988056,,,0.054828,0.0000,0.000000,least_squares,False,True,iterating
B_start4,B,4,23,600.000,50.0000,19.938511,-19.181970,14.2703,4.2200,4.349881,0.12988056,,,0.054828,-0.0000,-0.000000,least_squares,False,True,iterating
B_start4,B,4,24,600.000,50.0000,19.938529,-19.181936,14.2703,4.2200,4.349881,0.12988070,,,0.054828,0.0000,0.000018,least_squares,False,True,iterating
B_start4,B,4,25,600.000,50.0000,19.938529,-19.181936,14.2703,4.2200,4.349881,0.12988071,,,0.054828,0.0000,0.000000,least_squares,False,True,iterating
B_start4,B,4,26,600.000,50.0000,19.938529,-19.181936,14.2703,4.2200,4.349881,0.12988071,,,0.054828,-0.0000,-0.000000,least_squares,False,True,iterating
B_start4,B,4,final,600.000,50.0000,19.938529,-19.181936,,4.2200,,,,,0.054828,,,least_squares,False,True,converged
C_3.0_R000,C,0,final,96.000,8.0000,12.658157,-0.989885,,3.7400,,,0.046933,,0.046933,,,bisection(outer),False,True,solved
C_3.0_R001,C,1,final,120.000,10.0000,12.383011,-3.167204,,3.7400,,,0.066149,,0.066149,,,bisection(outer),False,False,solved
C_3.0_R002,C,2,final,144.000,12.0000,12.168808,-5.347546,,3.7400,,,0.088844,,0.088844,,,bisection(outer),False,False,solved
C_6.0_R000,C,0,final,96.000,8.0000,12.931320,-0.698889,,3.8950,,,0.048289,,0.048289,,,bisection(outer),False,True,solved
C_6.0_R001,C,1,final,120.000,10.0000,12.745361,-2.720795,,3.8950,,,0.061660,,0.061660,,,bisection(outer),False,False,solved
C_6.0_R002,C,2,final,144.000,12.0000,12.570465,-4.782972,,3.8950,,,0.081155,,0.081155,,,bisection(outer),False,False,solved
C_6.0_R003,C,3,final,168.000,14.0000,12.406555,-6.882767,,3.8950,,,0.098443,,0.098443,,,bisection(outer),False,False,solved
C_6.0_R004,C,4,final,192.000,16.0000,12.254898,-9.014592,,3.8950,,,0.113093,,0.113093,,,bisection(outer),False,False,solved
C_6.0_R005,C,5,final,216.000,18.0000,12.113892,-11.176894,,3.8950,,,0.125611,,0.125611,,,bisection(outer),False,False,solved
C_9.0_R018,C,18,final,528.000,44.0000,21.626221,-12.840494,,4.0850,,,0.042689,,0.042689,,,bisection(outer),False,False,solved
C_9.0_R019,C,19,final,552.000,46.0000,20.283081,-16.222219,,4.0850,,,0.039944,,0.039944,,,bisection(outer),False,False,solved
C_9.0_R020,C,20,final,576.000,48.0000,19.633301,-18.602315,,4.0850,,,0.041806,,0.041806,,,bisection(outer),False,False,solved
C_9.0_R021,C,21,final,600.000,50.0000,19.198059,-20.674028,,4.0850,,,0.044510,,0.044510,,,bisection(outer),False,True,solved
C_12.0_R015,C,15,final,456.000,38.0000,22.611877,-8.231469,,4.2400,,,0.048657,,0.048657,,,bisection(outer),False,False,solved
C_12.0_R016,C,16,final,480.000,40.0000,32.050690,1.513107,,4.2400,,,0.072020,,0.072020,,,bisection(outer),True,False,solved
C_12.0_R017,C,17,final,504.000,42.0000,34.324768,2.933555,,4.2400,,,0.070569,,0.070569,,,bisection(outer),True,False,solved
C_12.0_R018,C,18,final,528.000,44.0000,36.438293,4.176954,,4.2400,,,0.069123,,0.069123,,,bisection(outer),True,False,solved
C_12.0_R019,C,19,final,552.000,46.0000,38.463135,5.323584,,4.2400,,,0.067589,,0.067589,,,bisection(outer),True,False,solved
C_12.0_R020,C,20,final,576.000,48.0000,20.011307,-17.877602,,4.2400,,,0.040385,,0.040385,,,bisection(outer),False,False,solved
C_12.0_R021,C,21,final,600.000,50.0000,19.791412,-19.471728,,4.2400,,,0.041151,,0.041151,,,bisection(outer),False,True,solved
C_15.0_R000,C,0,final,96.000,8.0000,13.586121,-0.026366,,4.3500,,,0.056117,,0.056117,,,bisection(outer),False,True,solved
C_15.0_R017,C,17,final,504.000,42.0000,33.519775,2.189237,,4.3500,,,0.071355,,0.071355,,,bisection(outer),True,False,solved
C_15.0_R018,C,18,final,528.000,44.0000,36.252533,4.012087,,4.3500,,,0.069338,,0.069338,,,bisection(outer),True,False,solved
C_15.0_R019,C,19,final,552.000,46.0000,38.615601,5.454762,,4.3500,,,0.067449,,0.067449,,,bisection(outer),True,False,solved
C_15.0_R020,C,20,final,576.000,48.0000,23.224533,-12.419203,,4.3500,,,0.050940,,0.050940,,,bisection(outer),False,False,solved
C_15.0_R021,C,21,final,600.000,50.0000,22.836212,-14.040152,,4.3500,,,0.048644,,0.048644,,,bisection(outer),False,True,solved
C_18.0_R000,C,0,final,96.000,8.0000,17.894676,3.773868,,4.4550,,,0.133555,,0.133555,,,bisection(outer),True,True,solved
C_18.0_R001,C,1,final,120.000,10.0000,17.430847,2.065586,,4.4550,,,0.095532,,0.095532,,,bisection(outer),True,False,solved
C_18.0_R011,C,11,final,360.000,30.0000,20.322388,-6.995433,,4.4550,,,0.046845,,0.046845,,,bisection(outer),False,False,solved
C_18.0_R012,C,12,final,384.000,32.0000,19.991150,-8.608454,,4.4550,,,0.044621,,0.044621,,,bisection(outer),False,False,solved
C_18.0_R013,C,13,final,408.000,34.0000,19.811554,-10.040649,,4.4550,,,0.043501,,0.043501,,,bisection(outer),False,False,solved
C_18.0_R014,C,14,final,432.000,36.0000,19.692505,-11.401607,,4.4550,,,0.042908,,0.042908,,,bisection(outer),False,False,solved
C_18.0_R015,C,15,final,456.000,38.0000,19.606293,-12.724178,,4.4550,,,0.042626,,0.042626,,,bisection(outer),False,False,solved
C_18.0_R016,C,16,final,480.000,40.0000,19.540253,-14.023364,,4.4550,,,0.042542,,0.042542,,,bisection(outer),False,False,solved
C_18.0_R017,C,17,final,504.000,42.0000,34.242371,2.858105,,4.4550,,,0.070641,,0.070641,,,bisection(outer),True,False,solved
C_18.0_R018,C,18,final,528.000,44.0000,37.205627,4.850380,,4.4550,,,0.068389,,0.068389,,,bisection(outer),True,False,solved
C_18.0_R019,C,19,final,552.000,46.0000,39.672089,6.352154,,4.4550,,,0.067030,,0.067030,,,bisection(outer),True,False,solved
C_18.0_R020,C,20,final,576.000,48.0000,19.379280,-19.101020,,4.4550,,,0.043184,,0.043184,,,bisection(outer),False,False,solved
C_18.0_R021,C,21,final,600.000,50.0000,19.353439,-20.353838,,4.4550,,,0.043456,,0.043456,,,bisection(outer),False,True,solved
C_21.0_R000,C,0,final,96.000,8.0000,21.704979,6.594037,,4.5650,,,0.240700,,0.240700,,,bisection(outer),True,True,solved
C_21.0_R001,C,1,final,120.000,10.0000,22.045105,5.769916,,4.5650,,,0.192066,,0.192066,,,bisection(outer),True,False,solved
C_21.0_R002,C,2,final,144.000,12.0000,22.489845,5.058872,,4.5650,,,0.161170,,0.161170,,,bisection(outer),True,False,solved
C_21.0_R003,C,3,final,168.000,14.0000,23.055122,4.482205,,4.5650,,,0.140453,,0.140453,,,bisection(outer),True,False,solved
C_21.0_R004,C,4,final,192.000,16.0000,23.739456,4.046120,,4.5650,,,0.126027,,0.126027,,,bisection(outer),True,False,solved
C_21.0_R005,C,5,final,216.000,18.0000,24.522919,3.738079,,4.5650,,,0.115618,,0.115618,,,bisection(outer),True,False,solved
C_21.0_R006,C,6,final,240.000,20.0000,25.376328,3.533793,,4.5650,,,0.107832,,0.107832,,,bisection(outer),True,False,solved
C_21.0_R007,C,7,final,264.000,22.0000,26.272308,3.407728,,4.5650,,,0.101809,,0.101809,,,bisection(outer),True,False,solved
C_21.0_R008,C,8,final,288.000,24.0000,27.189857,3.338502,,4.5650,,,0.097013,,0.097013,,,bisection(outer),True,False,solved
C_21.0_R009,C,9,final,312.000,26.0000,28.115311,3.310753,,4.5650,,,0.092355,,0.092355,,,bisection(outer),True,False,solved
C_21.0_R010,C,10,final,336.000,28.0000,29.040535,3.314079,,4.5650,,,0.087253,,0.087253,,,bisection(outer),True,False,solved
C_21.0_R011,C,11,final,360.000,30.0000,29.960587,3.341185,,4.5650,,,0.082955,,0.082955,,,bisection(outer),True,False,solved
C_21.0_R012,C,12,final,384.000,32.0000,30.872795,3.387114,,4.5650,,,0.079354,,0.079354,,,bisection(outer),True,False,solved
C_21.0_R013,C,13,final,408.000,34.0000,31.775360,3.447997,,4.5650,,,0.076374,,0.076374,,,bisection(outer),True,False,solved
C_21.0_R014,C,14,final,432.000,36.0000,32.668610,3.522140,,4.5650,,,0.073953,,0.073953,,,bisection(outer),True,False,solved
C_21.0_R015,C,15,final,456.000,38.0000,33.552170,3.607467,,4.5650,,,0.072034,,0.072034,,,bisection(outer),True,False,solved
C_21.0_R016,C,16,final,480.000,40.0000,36.011597,5.090421,,4.5650,,,0.070974,,0.070974,,,bisection(outer),True,False,solved
C_21.0_R017,C,17,final,504.000,42.0000,38.525970,6.586658,,4.5650,,,0.070760,,0.070760,,,bisection(outer),True,False,solved
C_21.0_R018,C,18,final,528.000,44.0000,19.656334,-16.191369,,4.5650,,,0.041739,,0.041739,,,bisection(outer),False,False,solved
C_21.0_R019,C,19,final,552.000,46.0000,19.683075,-17.324227,,4.5650,,,0.041571,,0.041571,,,bisection(outer),False,False,solved
C_21.0_R020,C,20,final,576.000,48.0000,19.706818,-18.459765,,4.5650,,,0.041470,,0.041470,,,bisection(outer),False,False,solved
C_21.0_R021,C,21,final,600.000,50.0000,19.728027,-19.597574,,4.5650,,,0.041423,,0.041423,,,bisection(outer),False,True,solved
C_24.0_R000,C,0,final,96.000,8.0000,24.573425,8.531391,,4.6400,,,0.334525,,0.334525,,,bisection(outer),True,True,solved
C_24.0_R001,C,1,final,120.000,10.0000,15.683350,0.449840,,4.6400,,,0.073010,,0.073010,,,bisection(outer),True,False,solved
C_24.0_R002,C,2,final,144.000,12.0000,16.735855,0.049886,,4.6400,,,0.072269,,0.072269,,,bisection(outer),True,False,solved
C_24.0_R003,C,3,final,168.000,14.0000,26.309235,6.983830,,4.6400,,,0.195817,,0.195817,,,bisection(outer),True,False,solved
C_24.0_R004,C,4,final,192.000,16.0000,27.064529,6.672472,,4.6400,,,0.174960,,0.174960,,,bisection(outer),True,False,solved
C_24.0_R005,C,5,final,216.000,18.0000,27.889366,6.452363,,4.6400,,,0.159077,,0.159077,,,bisection(outer),True,False,solved
C_24.0_R006,C,6,final,240.000,20.0000,28.766968,6.310020,,4.6400,,,0.144379,,0.144379,,,bisection(outer),True,False,solved
C_24.0_R007,C,7,final,264.000,22.0000,29.681259,6.231217,,4.6400,,,0.132376,,0.132376,,,bisection(outer),True,False,solved
C_24.0_R008,C,8,final,288.000,24.0000,30.619461,6.203602,,4.6400,,,0.122349,,0.122349,,,bisection(outer),True,False,solved
C_24.0_R009,C,9,final,312.000,26.0000,31.572121,6.217192,,4.6400,,,0.113827,,0.113827,,,bisection(outer),True,False,solved
C_24.0_R010,C,10,final,336.000,28.0000,32.531876,6.263658,,4.6400,,,0.106498,,0.106498,,,bisection(outer),True,False,solved
C_24.0_R011,C,11,final,360.000,30.0000,33.494072,6.336972,,4.6400,,,0.100141,,0.100141,,,bisection(outer),True,False,solved
C_24.0_R012,C,12,final,384.000,32.0000,34.455727,6.432639,,4.6400,,,0.093807,,0.093807,,,bisection(outer),True,False,solved
C_24.0_R013,C,13,final,408.000,34.0000,35.414581,6.546956,,4.6400,,,0.088030,,0.088030,,,bisection(outer),True,False,solved
C_24.0_R014,C,14,final,432.000,36.0000,36.369545,6.677356,,4.6400,,,0.083048,,0.083048,,,bisection(outer),True,False,solved
C_24.0_R015,C,15,final,456.000,38.0000,37.320251,6.822048,,4.6400,,,0.078797,,0.078797,,,bisection(outer),True,False,solved
C_24.0_R016,C,16,final,480.000,40.0000,38.265961,6.979089,,4.6400,,,0.075227,,0.075227,,,bisection(outer),True,False,solved
C_24.0_R017,C,17,final,504.000,42.0000,39.206894,7.147464,,4.6400,,,0.072292,,0.072292,,,bisection(outer),True,False,solved
C_24.0_R018,C,18,final,528.000,44.0000,20.842850,-14.119672,,4.6400,,,0.040355,,0.040355,,,bisection(outer),False,False,solved
C_24.0_R019,C,19,final,552.000,46.0000,20.888184,-15.157352,,4.6400,,,0.040146,,0.040146,,,bisection(outer),False,False,solved
C_24.0_R020,C,20,final,576.000,48.0000,20.928841,-16.198718,,4.6400,,,0.040035,,0.040035,,,bisection(outer),False,False,solved
C_24.0_R021,C,21,final,600.000,50.0000,20.965363,-17.243486,,4.6400,,,0.040004,,0.040004,,,bisection(outer),False,True,solved
C_27.0_R000,C,0,final,96.000,8.0000,16.582100,2.705958,,4.6700,,,0.106427,,0.106427,,,bisection(outer),True,True,solved
C_27.0_R001,C,1,final,120.000,10.0000,17.634422,2.244317,,4.6700,,,0.098853,,0.098853,,,bisection(outer),True,False,solved
C_27.0_R002,C,2,final,144.000,12.0000,18.581772,1.799747,,4.6700,,,0.094227,,0.094227,,,bisection(outer),True,False,solved
C_27.0_R003,C,3,final,168.000,14.0000,19.402908,1.327222,,4.6700,,,0.089785,,0.089785,,,bisection(outer),True,False,solved
C_27.0_R004,C,4,final,192.000,16.0000,20.094345,0.802386,,4.6700,,,0.085032,,0.085032,,,bisection(outer),True,False,solved
C_27.0_R005,C,5,final,216.000,18.0000,20.664810,0.216201,,4.6700,,,0.080091,,0.080091,,,bisection(outer),True,False,solved
C_27.0_R006,C,6,final,240.000,20.0000,30.230362,7.433571,,4.6700,,,0.163153,,0.163153,,,bisection(outer),True,False,solved
C_27.0_R007,C,7,final,264.000,22.0000,31.070618,7.311742,,4.6700,,,0.148472,,0.148472,,,bisection(outer),True,False,solved
C_27.0_R008,C,8,final,288.000,24.0000,31.949425,7.248388,,4.6700,,,0.136418,,0.136418,,,bisection(outer),True,False,solved
C_27.0_R009,C,9,final,312.000,26.0000,32.855469,7.233277,,4.6700,,,0.126327,,0.126327,,,bisection(outer),True,False,solved
C_27.0_R010,C,10,final,336.000,28.0000,33.779327,7.257337,,4.6700,,,0.117710,,0.117710,,,bisection(outer),True,False,solved
C_27.0_R011,C,11,final,360.000,30.0000,34.714325,7.313543,,4.6700,,,0.108988,,0.108988,,,bisection(outer),True,False,solved
C_27.0_R012,C,12,final,384.000,32.0000,35.655685,7.396394,,4.6700,,,0.101405,,0.101405,,,bisection(outer),True,False,solved
C_27.0_R013,C,13,final,408.000,34.0000,36.599930,7.501511,,4.6700,,,0.094803,,0.094803,,,bisection(outer),True,False,solved
C_27.0_R014,C,14,final,432.000,36.0000,37.544701,7.625524,,4.6700,,,0.089069,,0.089069,,,bisection(outer),True,False,solved
C_27.0_R015,C,15,final,456.000,38.0000,38.488182,7.765622,,4.6700,,,0.084120,,0.084120,,,bisection(outer),True,False,solved
C_27.0_R016,C,16,final,480.000,40.0000,39.429489,7.919863,,4.6700,,,0.079886,,0.079886,,,bisection(outer),True,False,solved
C_27.0_R017,C,17,final,504.000,42.0000,23.023788,-9.697432,,4.6700,,,0.049673,,0.049673,,,bisection(outer),False,False,solved
C_27.0_R018,C,18,final,528.000,44.0000,23.082870,-10.621576,,4.6700,,,0.049863,,0.049863,,,bisection(outer),False,False,solved
C_27.0_R019,C,19,final,552.000,46.0000,23.135254,-11.550871,,4.6700,,,0.050207,,0.050207,,,bisection(outer),False,False,solved
C_27.0_R020,C,20,final,576.000,48.0000,23.182045,-12.484433,,4.6700,,,0.050665,,0.050665,,,bisection(outer),False,False,solved
C_27.0_R021,C,21,final,600.000,50.0000,23.224144,-13.421528,,4.6700,,,0.051210,,0.051210,,,bisection(outer),False,True,solved
