run_id,analysis,model_variant,phase,outer_iteration,inner_iteration,integration_resolution,outline_source,symmetry_mode,body_length_in,radius_in,radius_ft,high_point_P_in,waist_y_in,waist_y_norm,waist_station_derived_in,half_perimeter_in,target_waist_height_in,predicted_waist_height_in,waist_residual_in,validation_rmse_in,validation_max_abs_resid_in,objective,delta_radius_in,delta_body_length_in,delta_waist_station_in,solver_method,physically_admissible,bound_hit,convergence_status
INTEG_x1,INTEGRATION,-,arclength_refine,,,1993,ACOUSTIC_BODY.pdf(traced #65260); extracted D28_65260_ARNOLD_OUTLINE.csv,symmetric_by_construction,19.9900,,,,,,,26.7283,,,,,,,,,,cumulative_trapezoid,,,refine
INTEG_x2,INTEGRATION,-,arclength_refine,,,3986,ACOUSTIC_BODY.pdf(traced #65260); extracted D28_65260_ARNOLD_OUTLINE.csv,symmetric_by_construction,19.9900,,,,,,,26.7282,,,,,,,,-0.000077,,cumulative_trapezoid,,,refine
INTEG_x4,INTEGRATION,-,arclength_refine,,,7972,ACOUSTIC_BODY.pdf(traced #65260); extracted D28_65260_ARNOLD_OUTLINE.csv,symmetric_by_construction,19.9900,,,,,,,26.7282,,,,,,,,0.000024,,cumulative_trapezoid,,,refine
A1_anchor12.0,A,A1_fixedL,R_scan,0,scan0,1993,ACOUSTIC_BODY.pdf(traced #65260); extracted D28_65260_ARNOLD_OUTLINE.csv,symmetric_by_construction,19.9900,96.000,8.0000,5.3675,6.5228,0.3263,9.2770,26.7283,4.2200,4.3748,0.1548,,,0.285095,,,,scan,True,True,scanning
A1_anchor12.0,A,A1_fixedL,R_scan,1,scan1,1993,ACOUSTIC_BODY.pdf(traced #65260); extracted D28_65260_ARNOLD_OUTLINE.csv,symmetric_by_construction,19.9900,105.000,8.7500,4.9291,6.5228,0.3263,9.2770,26.7283,4.2200,4.3482,0.1282,,,0.256541,9.000,,,scan,True,False,scanning
A1_anchor12.0,A,A1_fixedL,R_scan,2,scan2,1993,ACOUSTIC_BODY.pdf(traced #65260); extracted D28_65260_ARNOLD_OUTLINE.csv,symmetric_by_construction,19.9900,114.000,9.5000,4.4910,6.5228,0.3263,9.2770,26.7283,4.2200,4.3258,0.1058,,,0.232536,9.000,,,scan,True,False,scanning
A1_anchor12.0,A,A1_fixedL,R_scan,3,scan3,1993,ACOUSTIC_BODY.pdf(traced #65260); extracted D28_65260_ARNOLD_OUTLINE.csv,symmetric_by_construction,19.9900,123.000,10.2500,4.0533,6.5228,0.3263,9.2770,26.7283,4.2200,4.3067,0.0867,,,0.212072,9.000,,,scan,True,False,scanning
A1_anchor12.0,A,A1_fixedL,R_scan,4,scan4,1993,ACOUSTIC_BODY.pdf(traced #65260); extracted D28_65260_ARNOLD_OUTLINE.csv,symmetric_by_construction,19.9900,132.000,11.0000,3.6157,6.5228,0.3263,9.2770,26.7283,4.2200,4.2902,0.0702,,,0.194417,9.000,,,scan,True,False,scanning
A1_anchor12.0,A,A1_fixedL,R_scan,5,scan5,1993,ACOUSTIC_BODY.pdf(traced #65260); extracted D28_65260_ARNOLD_OUTLINE.csv,symmetric_by_construction,19.9900,141.000,11.7500,3.1783,6.5228,0.3263,9.2770,26.7283,4.2200,4.2759,0.0559,,,0.179028,9.000,,,scan,True,False,scanning
A1_anchor12.0,A,A1_fixedL,R_scan,6,scan6,1993,ACOUSTIC_BODY.pdf(traced #65260); extracted D28_65260_ARNOLD_OUTLINE.csv,symmetric_by_construction,19.9900,150.000,12.5000,2.7411,6.5228,0.3263,9.2770,26.7283,4.2200,4.2633,0.0433,,,0.165496,9.000,,,scan,True,False,scanning
A1_anchor12.0,A,A1_fixedL,R_scan,7,scan7,1993,ACOUSTIC_BODY.pdf(traced #65260); extracted D28_65260_ARNOLD_OUTLINE.csv,symmetric_by_construction,19.9900,159.000,13.2500,2.3040,6.5228,0.3263,9.2770,26.7283,4.2200,4.2521,0.0321,,,0.153503,9.000,,,scan,True,False,scanning
A1_anchor12.0,A,A1_fixedL,R_scan,8,scan8,1993,ACOUSTIC_BODY.pdf(traced #65260); extracted D28_65260_ARNOLD_OUTLINE.csv,symmetric_by_construction,19.9900,168.000,14.0000,1.8669,6.5228,0.3263,9.2770,26.7283,4.2200,4.2421,0.0221,,,0.142800,9.000,,,scan,True,False,scanning
A1_anchor12.0,A,A1_fixedL,R_scan,9,scan9,1993,ACOUSTIC_BODY.pdf(traced #65260); extracted D28_65260_ARNOLD_OUTLINE.csv,symmetric_by_construction,19.9900,177.000,14.7500,1.4300,6.5228,0.3263,9.2770,26.7283,4.2200,4.2331,0.0131,,,0.133190,9.000,,,scan,True,False,scanning
A1_anchor12.0,A,A1_fixedL,R_scan,10,scan10,1993,ACOUSTIC_BODY.pdf(traced #65260); extracted D28_65260_ARNOLD_OUTLINE.csv,symmetric_by_construction,19.9900,186.000,15.5000,0.9931,6.5228,0.3263,9.2770,26.7283,4.2200,4.2251,0.0051,,,0.124513,9.000,,,scan,True,False,scanning
A1_anchor12.0,A,A1_fixedL,R_scan,11,scan11,1993,ACOUSTIC_BODY.pdf(traced #65260); extracted D28_65260_ARNOLD_OUTLINE.csv,symmetric_by_construction,19.9900,195.000,16.2500,0.5563,6.5228,0.3263,9.2770,26.7283,4.2200,4.2177,-0.0023,,,0.116639,9.000,,,scan,True,False,scanning
A1_anchor12.0,A,A1_fixedL,R_scan,12,scan12,1993,ACOUSTIC_BODY.pdf(traced #65260); extracted D28_65260_ARNOLD_OUTLINE.csv,symmetric_by_construction,19.9900,204.000,17.0000,0.1195,6.5228,0.3263,9.2770,26.7283,4.2200,4.2110,-0.0090,,,0.109462,9.000,,,scan,True,False,scanning
A1_anchor12.0,A,A1_fixedL,R_scan,13,scan13,1993,ACOUSTIC_BODY.pdf(traced #65260); extracted D28_65260_ARNOLD_OUTLINE.csv,symmetric_by_construction,19.9900,213.000,17.7500,-0.3172,6.5228,0.3263,9.2770,26.7283,4.2200,4.2049,-0.0151,,,0.102893,9.000,,,scan,False,False,scanning
A1_anchor12.0,A,A1_fixedL,R_scan,14,scan14,1993,ACOUSTIC_BODY.pdf(traced #65260); extracted D28_65260_ARNOLD_OUTLINE.csv,symmetric_by_construction,19.9900,222.000,18.5000,-0.7538,6.5228,0.3263,9.2770,26.7283,4.2200,4.1993,-0.0207,,,0.096858,9.000,,,scan,False,False,scanning
A1_anchor12.0,A,A1_fixedL,R_scan,15,scan15,1993,ACOUSTIC_BODY.pdf(traced #65260); extracted D28_65260_ARNOLD_OUTLINE.csv,symmetric_by_construction,19.9900,231.000,19.2500,-1.1905,6.5228,0.3263,9.2770,26.7283,4.2200,4.1941,-0.0259,,,0.091294,9.000,,,scan,False,False,scanning
A1_anchor12.0,A,A1_fixedL,R_scan,16,scan16,1993,ACOUSTIC_BODY.pdf(traced #65260); extracted D28_65260_ARNOLD_OUTLINE.csv,symmetric_by_construction,19.9900,240.000,20.0000,-1.6271,6.5228,0.3263,9.2770,26.7283,4.2200,4.1893,-0.0307,,,0.086148,9.000,,,scan,False,False,scanning
A1_anchor12.0,A,A1_fixedL,R_scan,17,scan17,1993,ACOUSTIC_BODY.pdf(traced #65260); extracted D28_65260_ARNOLD_OUTLINE.csv,symmetric_by_construction,19.9900,249.000,20.7500,-2.0636,6.5228,0.3263,9.2770,26.7283,4.2200,4.1849,-0.0351,,,0.081375,9.000,,,scan,False,False,scanning
A1_anchor12.0,A,A1_fixedL,R_scan,18,scan18,1993,ACOUSTIC_BODY.pdf(traced #65260); extracted D28_65260_ARNOLD_OUTLINE.csv,symmetric_by_construction,19.9900,258.000,21.5000,-2.5002,6.5228,0.3263,9.2770,26.7283,4.2200,4.1807,-0.0393,,,0.076935,9.000,,,scan,False,False,scanning
A1_anchor12.0,A,A1_fixedL,R_scan,19,scan19,1993,ACOUSTIC_BODY.pdf(traced #65260); extracted D28_65260_ARNOLD_OUTLINE.csv,symmetric_by_construction,19.9900,267.000,22.2500,-2.9367,6.5228,0.3263,9.2770,26.7283,4.2200,4.1769,-0.0431,,,0.072796,9.000,,,scan,False,False,scanning
A1_anchor12.0,A,A1_fixedL,R_scan,20,scan20,1993,ACOUSTIC_BODY.pdf(traced #65260); extracted D28_65260_ARNOLD_OUTLINE.csv,symmetric_by_construction,19.9900,276.000,23.0000,-3.3732,6.5228,0.3263,9.2770,26.7283,4.2200,4.1733,-0.0467,,,0.068926,9.000,,,scan,False,False,scanning
A1_anchor12.0,A,A1_fixedL,R_scan,21,scan21,1993,ACOUSTIC_BODY.pdf(traced #65260); extracted D28_65260_ARNOLD_OUTLINE.csv,symmetric_by_construction,19.9900,285.000,23.7500,-3.8097,6.5228,0.3263,9.2770,26.7283,4.2200,4.1699,-0.0501,,,0.065302,9.000,,,scan,False,False,scanning
A1_anchor12.0,A,A1_fixedL,R_scan,22,scan22,1993,ACOUSTIC_BODY.pdf(traced #65260); extracted D28_65260_ARNOLD_OUTLINE.csv,symmetric_by_construction,19.9900,294.000,24.5000,-4.2462,6.5228,0.3263,9.2770,26.7283,4.2200,4.1667,-0.0533,,,0.061900,9.000,,,scan,False,False,scanning
A1_anchor12.0,A,A1_fixedL,R_scan,23,scan23,1993,ACOUSTIC_BODY.pdf(traced #65260); extracted D28_65260_ARNOLD_OUTLINE.csv,symmetric_by_construction,19.9900,303.000,25.2500,-4.6826,6.5228,0.3263,9.2770,26.7283,4.2200,4.1637,-0.0563,,,0.058700,9.000,,,scan,False,False,scanning
A1_anchor12.0,A,A1_fixedL,R_scan,24,scan24,1993,ACOUSTIC_BODY.pdf(traced #65260); extracted D28_65260_ARNOLD_OUTLINE.csv,symmetric_by_construction,19.9900,312.000,26.0000,-5.1190,6.5228,0.3263,9.2770,26.7283,4.2200,4.1609,-0.0591,,,0.055684,9.000,,,scan,False,False,scanning
A1_anchor12.0,A,A1_fixedL,R_scan,25,scan25,1993,ACOUSTIC_BODY.pdf(traced #65260); extracted D28_65260_ARNOLD_OUTLINE.csv,symmetric_by_construction,19.9900,321.000,26.7500,-5.5555,6.5228,0.3263,9.2770,26.7283,4.2200,4.1583,-0.0617,,,0.052839,9.000,,,scan,False,False,scanning
A1_anchor12.0,A,A1_fixedL,R_scan,26,scan26,1993,ACOUSTIC_BODY.pdf(traced #65260); extracted D28_65260_ARNOLD_OUTLINE.csv,symmetric_by_construction,19.9900,330.000,27.5000,-5.9919,6.5228,0.3263,9.2770,26.7283,4.2200,4.1558,-0.0642,,,0.050148,9.000,,,scan,False,False,scanning
A1_anchor12.0,A,A1_fixedL,R_scan,27,scan27,1993,ACOUSTIC_BODY.pdf(traced #65260); extracted D28_65260_ARNOLD_OUTLINE.csv,symmetric_by_construction,19.9900,339.000,28.2500,-6.4283,6.5228,0.3263,9.2770,26.7283,4.2200,4.1534,-0.0666,,,0.047601,9.000,,,scan,False,False,scanning
A1_anchor12.0,A,A1_fixedL,R_scan,28,scan28,1993,ACOUSTIC_BODY.pdf(traced #65260); extracted D28_65260_ARNOLD_OUTLINE.csv,symmetric_by_construction,19.9900,348.000,29.0000,-6.8647,6.5228,0.3263,9.2770,26.7283,4.2200,4.1512,-0.0688,,,0.045185,9.000,,,scan,False,False,scanning
A1_anchor12.0,A,A1_fixedL,R_scan,29,scan29,1993,ACOUSTIC_BODY.pdf(traced #65260); extracted D28_65260_ARNOLD_OUTLINE.csv,symmetric_by_construction,19.9900,357.000,29.7500,-7.3011,6.5228,0.3263,9.2770,26.7283,4.2200,4.1490,-0.0710,,,0.042891,9.000,,,scan,False,False,scanning
A1_anchor12.0,A,A1_fixedL,R_scan,30,scan30,1993,ACOUSTIC_BODY.pdf(traced #65260); extracted D28_65260_ARNOLD_OUTLINE.csv,symmetric_by_construction,19.9900,366.000,30.5000,-7.7374,6.5228,0.3263,9.2770,26.7283,4.2200,4.1470,-0.0730,,,0.040711,9.000,,,scan,False,False,scanning
A1_anchor12.0,A,A1_fixedL,R_scan,31,scan31,1993,ACOUSTIC_BODY.pdf(traced #65260); extracted D28_65260_ARNOLD_OUTLINE.csv,symmetric_by_construction,19.9900,375.000,31.2500,-8.1738,6.5228,0.3263,9.2770,26.7283,4.2200,4.1451,-0.0749,,,0.038635,9.000,,,scan,False,False,scanning
A1_anchor12.0,A,A1_fixedL,R_scan,32,scan32,1993,ACOUSTIC_BODY.pdf(traced #65260); extracted D28_65260_ARNOLD_OUTLINE.csv,symmetric_by_construction,19.9900,384.000,32.0000,-8.6102,6.5228,0.3263,9.2770,26.7283,4.2200,4.1432,-0.0768,,,0.036656,9.000,,,scan,False,False,scanning
A1_anchor12.0,A,A1_fixedL,R_scan,33,scan33,1993,ACOUSTIC_BODY.pdf(traced #65260); extracted D28_65260_ARNOLD_OUTLINE.csv,symmetric_by_construction,19.9900,393.000,32.7500,-9.0465,6.5228,0.3263,9.2770,26.7283,4.2200,4.1415,-0.0785,,,0.034768,9.000,,,scan,False,False,scanning
A1_anchor12.0,A,A1_fixedL,R_scan,34,scan34,1993,ACOUSTIC_BODY.pdf(traced #65260); extracted D28_65260_ARNOLD_OUTLINE.csv,symmetric_by_construction,19.9900,402.000,33.5000,-9.4829,6.5228,0.3263,9.2770,26.7283,4.2200,4.1398,-0.0802,,,0.032965,9.000,,,scan,False,False,scanning
A1_anchor12.0,A,A1_fixedL,R_scan,35,scan35,1993,ACOUSTIC_BODY.pdf(traced #65260); extracted D28_65260_ARNOLD_OUTLINE.csv,symmetric_by_construction,19.9900,411.000,34.2500,-9.9192,6.5228,0.3263,9.2770,26.7283,4.2200,4.1382,-0.0818,,,0.031241,9.000,,,scan,False,False,scanning
A1_anchor12.0,A,A1_fixedL,R_scan,36,scan36,1993,ACOUSTIC_BODY.pdf(traced #65260); extracted D28_65260_ARNOLD_OUTLINE.csv,symmetric_by_construction,19.9900,420.000,35.0000,-10.3555,6.5228,0.3263,9.2770,26.7283,4.2200,4.1366,-0.0834,,,0.029590,9.000,,,scan,False,False,scanning
A1_anchor12.0,A,A1_fixedL,R_scan,37,scan37,1993,ACOUSTIC_BODY.pdf(traced #65260); extracted D28_65260_ARNOLD_OUTLINE.csv,symmetric_by_construction,19.9900,429.000,35.7500,-10.7918,6.5228,0.3263,9.2770,26.7283,4.2200,4.1352,-0.0848,,,0.028009,9.000,,,scan,False,False,scanning
A1_anchor12.0,A,A1_fixedL,R_scan,38,scan38,1993,ACOUSTIC_BODY.pdf(traced #65260); extracted D28_65260_ARNOLD_OUTLINE.csv,symmetric_by_construction,19.9900,438.000,36.5000,-11.2282,6.5228,0.3263,9.2770,26.7283,4.2200,4.1337,-0.0863,,,0.026493,9.000,,,scan,False,False,scanning
A1_anchor12.0,A,A1_fixedL,R_scan,39,scan39,1993,ACOUSTIC_BODY.pdf(traced #65260); extracted D28_65260_ARNOLD_OUTLINE.csv,symmetric_by_construction,19.9900,447.000,37.2500,-11.6645,6.5228,0.3263,9.2770,26.7283,4.2200,4.1324,-0.0876,,,0.025038,9.000,,,scan,False,False,scanning
A1_anchor12.0,A,A1_fixedL,R_scan,40,scan40,1993,ACOUSTIC_BODY.pdf(traced #65260); extracted D28_65260_ARNOLD_OUTLINE.csv,symmetric_by_construction,19.9900,456.000,38.0000,-12.1008,6.5228,0.3263,9.2770,26.7283,4.2200,4.1311,-0.0889,,,0.023641,9.000,,,scan,False,False,scanning
A1_anchor12.0,A,A1_fixedL,R_scan,41,scan41,1993,ACOUSTIC_BODY.pdf(traced #65260); extracted D28_65260_ARNOLD_OUTLINE.csv,symmetric_by_construction,19.9900,465.000,38.7500,-12.5371,6.5228,0.3263,9.2770,26.7283,4.2200,4.1298,-0.0902,,,0.022298,9.000,,,scan,False,False,scanning
A1_anchor12.0,A,A1_fixedL,R_scan,42,scan42,1993,ACOUSTIC_BODY.pdf(traced #65260); extracted D28_65260_ARNOLD_OUTLINE.csv,symmetric_by_construction,19.9900,474.000,39.5000,-12.9734,6.5228,0.3263,9.2770,26.7283,4.2200,4.1286,-0.0914,,,0.021005,9.000,,,scan,False,False,scanning
A1_anchor12.0,A,A1_fixedL,R_scan,43,scan43,1993,ACOUSTIC_BODY.pdf(traced #65260); extracted D28_65260_ARNOLD_OUTLINE.csv,symmetric_by_construction,19.9900,483.000,40.2500,-13.4097,6.5228,0.3263,9.2770,26.7283,4.2200,4.1275,-0.0925,,,0.019761,9.000,,,scan,False,False,scanning
A1_anchor12.0,A,A1_fixedL,R_scan,44,scan44,1993,ACOUSTIC_BODY.pdf(traced #65260); extracted D28_65260_ARNOLD_OUTLINE.csv,symmetric_by_construction,19.9900,492.000,41.0000,-13.8460,6.5228,0.3263,9.2770,26.7283,4.2200,4.1264,-0.0936,,,0.018563,9.000,,,scan,False,False,scanning
A1_anchor12.0,A,A1_fixedL,R_scan,45,scan45,1993,ACOUSTIC_BODY.pdf(traced #65260); extracted D28_65260_ARNOLD_OUTLINE.csv,symmetric_by_construction,19.9900,501.000,41.7500,-14.2823,6.5228,0.3263,9.2770,26.7283,4.2200,4.1253,-0.0947,,,0.017407,9.000,,,scan,False,False,scanning
A1_anchor12.0,A,A1_fixedL,R_scan,46,scan46,1993,ACOUSTIC_BODY.pdf(traced #65260); extracted D28_65260_ARNOLD_OUTLINE.csv,symmetric_by_construction,19.9900,510.000,42.5000,-14.7186,6.5228,0.3263,9.2770,26.7283,4.2200,4.1243,-0.0957,,,0.016292,9.000,,,scan,False,False,scanning
A1_anchor12.0,A,A1_fixedL,R_scan,47,scan47,1993,ACOUSTIC_BODY.pdf(traced #65260); extracted D28_65260_ARNOLD_OUTLINE.csv,symmetric_by_construction,19.9900,519.000,43.2500,-15.1549,6.5228,0.3263,9.2770,26.7283,4.2200,4.1232,-0.0968,,,0.015216,9.000,,,scan,False,False,scanning
A1_anchor12.0,A,A1_fixedL,R_scan,48,scan48,1993,ACOUSTIC_BODY.pdf(traced #65260); extracted D28_65260_ARNOLD_OUTLINE.csv,symmetric_by_construction,19.9900,528.000,44.0000,-15.5912,6.5228,0.3263,9.2770,26.7283,4.2200,4.1223,-0.0977,,,0.014177,9.000,,,scan,False,False,scanning
A1_anchor12.0,A,A1_fixedL,R_scan,49,scan49,1993,ACOUSTIC_BODY.pdf(traced #65260); extracted D28_65260_ARNOLD_OUTLINE.csv,symmetric_by_construction,19.9900,537.000,44.7500,-16.0275,6.5228,0.3263,9.2770,26.7283,4.2200,4.1213,-0.0987,,,0.013173,9.000,,,scan,False,False,scanning
A1_anchor12.0,A,A1_fixedL,R_scan,50,scan50,1993,ACOUSTIC_BODY.pdf(traced #65260); extracted D28_65260_ARNOLD_OUTLINE.csv,symmetric_by_construction,19.9900,546.000,45.5000,-16.4637,6.5228,0.3263,9.2770,26.7283,4.2200,4.1204,-0.0996,,,0.012201,9.000,,,scan,False,False,scanning
A1_anchor12.0,A,A1_fixedL,R_scan,51,scan51,1993,ACOUSTIC_BODY.pdf(traced #65260); extracted D28_65260_ARNOLD_OUTLINE.csv,symmetric_by_construction,19.9900,555.000,46.2500,-16.9000,6.5228,0.3263,9.2770,26.7283,4.2200,4.1196,-0.1004,,,0.011262,9.000,,,scan,False,False,scanning
A1_anchor12.0,A,A1_fixedL,R_scan,52,scan52,1993,ACOUSTIC_BODY.pdf(traced #65260); extracted D28_65260_ARNOLD_OUTLINE.csv,symmetric_by_construction,19.9900,564.000,47.0000,-17.3363,6.5228,0.3263,9.2770,26.7283,4.2200,4.1187,-0.1013,,,0.010352,9.000,,,scan,False,False,scanning
A1_anchor12.0,A,A1_fixedL,R_scan,53,scan53,1993,ACOUSTIC_BODY.pdf(traced #65260); extracted D28_65260_ARNOLD_OUTLINE.csv,symmetric_by_construction,19.9900,573.000,47.7500,-17.7726,6.5228,0.3263,9.2770,26.7283,4.2200,4.1179,-0.1021,,,0.009470,9.000,,,scan,False,False,scanning
A1_anchor12.0,A,A1_fixedL,R_scan,54,scan54,1993,ACOUSTIC_BODY.pdf(traced #65260); extracted D28_65260_ARNOLD_OUTLINE.csv,symmetric_by_construction,19.9900,582.000,48.5000,-18.2088,6.5228,0.3263,9.2770,26.7283,4.2200,4.1171,-0.1029,,,0.008617,9.000,,,scan,False,False,scanning
A1_anchor12.0,A,A1_fixedL,R_scan,55,scan55,1993,ACOUSTIC_BODY.pdf(traced #65260); extracted D28_65260_ARNOLD_OUTLINE.csv,symmetric_by_construction,19.9900,591.000,49.2500,-18.6451,6.5228,0.3263,9.2770,26.7283,4.2200,4.1163,-0.1037,,,0.007789,9.000,,,scan,False,False,scanning
A1_anchor9.0,A,A1_fixedL,R_scan,0,scan0,1993,ACOUSTIC_BODY.pdf(traced #65260); extracted D28_65260_ARNOLD_OUTLINE.csv,symmetric_by_construction,19.9900,96.000,8.0000,5.3675,6.5228,0.3263,9.2770,26.7283,4.2200,4.3748,0.1548,,,0.265338,,,,scan,True,True,scanning
A1_anchor9.0,A,A1_fixedL,R_scan,1,scan1,1993,ACOUSTIC_BODY.pdf(traced #65260); extracted D28_65260_ARNOLD_OUTLINE.csv,symmetric_by_construction,19.9900,105.000,8.7500,4.9291,6.5228,0.3263,9.2770,26.7283,4.2200,4.3482,0.1282,,,0.239640,9.000,,,scan,True,False,scanning
A1_anchor9.0,A,A1_fixedL,R_scan,2,scan2,1993,ACOUSTIC_BODY.pdf(traced #65260); extracted D28_65260_ARNOLD_OUTLINE.csv,symmetric_by_construction,19.9900,114.000,9.5000,4.4910,6.5228,0.3263,9.2770,26.7283,4.2200,4.3258,0.1058,,,0.218043,9.000,,,scan,True,False,scanning
A1_anchor9.0,A,A1_fixedL,R_scan,3,scan3,1993,ACOUSTIC_BODY.pdf(traced #65260); extracted D28_65260_ARNOLD_OUTLINE.csv,symmetric_by_construction,19.9900,123.000,10.2500,4.0533,6.5228,0.3263,9.2770,26.7283,4.2200,4.3067,0.0867,,,0.199635,9.000,,,scan,True,False,scanning
A1_anchor9.0,A,A1_fixedL,R_scan,4,scan4,1993,ACOUSTIC_BODY.pdf(traced #65260); extracted D28_65260_ARNOLD_OUTLINE.csv,symmetric_by_construction,19.9900,132.000,11.0000,3.6157,6.5228,0.3263,9.2770,26.7283,4.2200,4.2902,0.0702,,,0.183758,9.000,,,scan,True,False,scanning
A1_anchor9.0,A,A1_fixedL,R_scan,5,scan5,1993,ACOUSTIC_BODY.pdf(traced #65260); extracted D28_65260_ARNOLD_OUTLINE.csv,symmetric_by_construction,19.9900,141.000,11.7500,3.1783,6.5228,0.3263,9.2770,26.7283,4.2200,4.2759,0.0559,,,0.169923,9.000,,,scan,True,False,scanning
A1_anchor9.0,A,A1_fixedL,R_scan,6,scan6,1993,ACOUSTIC_BODY.pdf(traced #65260); extracted D28_65260_ARNOLD_OUTLINE.csv,symmetric_by_construction,19.9900,150.000,12.5000,2.7411,6.5228,0.3263,9.2770,26.7283,4.2200,4.2633,0.0433,,,0.157758,9.000,,,scan,True,False,scanning
A1_anchor9.0,A,A1_fixedL,R_scan,7,scan7,1993,ACOUSTIC_BODY.pdf(traced #65260); extracted D28_65260_ARNOLD_OUTLINE.csv,symmetric_by_construction,19.9900,159.000,13.2500,2.3040,6.5228,0.3263,9.2770,26.7283,4.2200,4.2521,0.0321,,,0.146978,9.000,,,scan,True,False,scanning
A1_anchor9.0,A,A1_fixedL,R_scan,8,scan8,1993,ACOUSTIC_BODY.pdf(traced #65260); extracted D28_65260_ARNOLD_OUTLINE.csv,symmetric_by_construction,19.9900,168.000,14.0000,1.8669,6.5228,0.3263,9.2770,26.7283,4.2200,4.2421,0.0221,,,0.137359,9.000,,,scan,True,False,scanning
A1_anchor9.0,A,A1_fixedL,R_scan,9,scan9,1993,ACOUSTIC_BODY.pdf(traced #65260); extracted D28_65260_ARNOLD_OUTLINE.csv,symmetric_by_construction,19.9900,177.000,14.7500,1.4300,6.5228,0.3263,9.2770,26.7283,4.2200,4.2331,0.0131,,,0.128723,9.000,,,scan,True,False,scanning
A1_anchor9.0,A,A1_fixedL,R_scan,10,scan10,1993,ACOUSTIC_BODY.pdf(traced #65260); extracted D28_65260_ARNOLD_OUTLINE.csv,symmetric_by_construction,19.9900,186.000,15.5000,0.9931,6.5228,0.3263,9.2770,26.7283,4.2200,4.2251,0.0051,,,0.120926,9.000,,,scan,True,False,scanning
A1_anchor9.0,A,A1_fixedL,R_scan,11,scan11,1993,ACOUSTIC_BODY.pdf(traced #65260); extracted D28_65260_ARNOLD_OUTLINE.csv,symmetric_by_construction,19.9900,195.000,16.2500,0.5563,6.5228,0.3263,9.2770,26.7283,4.2200,4.2177,-0.0023,,,0.113851,9.000,,,scan,True,False,scanning
A1_anchor9.0,A,A1_fixedL,R_scan,12,scan12,1993,ACOUSTIC_BODY.pdf(traced #65260); extracted D28_65260_ARNOLD_OUTLINE.csv,symmetric_by_construction,19.9900,204.000,17.0000,0.1195,6.5228,0.3263,9.2770,26.7283,4.2200,4.2110,-0.0090,,,0.107404,9.000,,,scan,True,False,scanning
A1_anchor9.0,A,A1_fixedL,R_scan,13,scan13,1993,ACOUSTIC_BODY.pdf(traced #65260); extracted D28_65260_ARNOLD_OUTLINE.csv,symmetric_by_construction,19.9900,213.000,17.7500,-0.3172,6.5228,0.3263,9.2770,26.7283,4.2200,4.2049,-0.0151,,,0.101502,9.000,,,scan,False,False,scanning
A1_anchor9.0,A,A1_fixedL,R_scan,14,scan14,1993,ACOUSTIC_BODY.pdf(traced #65260); extracted D28_65260_ARNOLD_OUTLINE.csv,symmetric_by_construction,19.9900,222.000,18.5000,-0.7538,6.5228,0.3263,9.2770,26.7283,4.2200,4.1993,-0.0207,,,0.096081,9.000,,,scan,False,False,scanning
A1_anchor9.0,A,A1_fixedL,R_scan,15,scan15,1993,ACOUSTIC_BODY.pdf(traced #65260); extracted D28_65260_ARNOLD_OUTLINE.csv,symmetric_by_construction,19.9900,231.000,19.2500,-1.1905,6.5228,0.3263,9.2770,26.7283,4.2200,4.1941,-0.0259,,,0.091084,9.000,,,scan,False,False,scanning
A1_anchor9.0,A,A1_fixedL,R_scan,16,scan16,1993,ACOUSTIC_BODY.pdf(traced #65260); extracted D28_65260_ARNOLD_OUTLINE.csv,symmetric_by_construction,19.9900,240.000,20.0000,-1.6271,6.5228,0.3263,9.2770,26.7283,4.2200,4.1893,-0.0307,,,0.086462,9.000,,,scan,False,False,scanning
A1_anchor9.0,A,A1_fixedL,R_scan,17,scan17,1993,ACOUSTIC_BODY.pdf(traced #65260); extracted D28_65260_ARNOLD_OUTLINE.csv,symmetric_by_construction,19.9900,249.000,20.7500,-2.0636,6.5228,0.3263,9.2770,26.7283,4.2200,4.1849,-0.0351,,,0.082175,9.000,,,scan,False,False,scanning
A1_anchor9.0,A,A1_fixedL,R_scan,18,scan18,1993,ACOUSTIC_BODY.pdf(traced #65260); extracted D28_65260_ARNOLD_OUTLINE.csv,symmetric_by_construction,19.9900,258.000,21.5000,-2.5002,6.5228,0.3263,9.2770,26.7283,4.2200,4.1807,-0.0393,,,0.078188,9.000,,,scan,False,False,scanning
A1_anchor9.0,A,A1_fixedL,R_scan,19,scan19,1993,ACOUSTIC_BODY.pdf(traced #65260); extracted D28_65260_ARNOLD_OUTLINE.csv,symmetric_by_construction,19.9900,267.000,22.2500,-2.9367,6.5228,0.3263,9.2770,26.7283,4.2200,4.1769,-0.0431,,,0.074470,9.000,,,scan,False,False,scanning
A1_anchor9.0,A,A1_fixedL,R_scan,20,scan20,1993,ACOUSTIC_BODY.pdf(traced #65260); extracted D28_65260_ARNOLD_OUTLINE.csv,symmetric_by_construction,19.9900,276.000,23.0000,-3.3732,6.5228,0.3263,9.2770,26.7283,4.2200,4.1733,-0.0467,,,0.070996,9.000,,,scan,False,False,scanning
A1_anchor9.0,A,A1_fixedL,R_scan,21,scan21,1993,ACOUSTIC_BODY.pdf(traced #65260); extracted D28_65260_ARNOLD_OUTLINE.csv,symmetric_by_construction,19.9900,285.000,23.7500,-3.8097,6.5228,0.3263,9.2770,26.7283,4.2200,4.1699,-0.0501,,,0.067741,9.000,,,scan,False,False,scanning
A1_anchor9.0,A,A1_fixedL,R_scan,22,scan22,1993,ACOUSTIC_BODY.pdf(traced #65260); extracted D28_65260_ARNOLD_OUTLINE.csv,symmetric_by_construction,19.9900,294.000,24.5000,-4.2462,6.5228,0.3263,9.2770,26.7283,4.2200,4.1667,-0.0533,,,0.064686,9.000,,,scan,False,False,scanning
A1_anchor9.0,A,A1_fixedL,R_scan,23,scan23,1993,ACOUSTIC_BODY.pdf(traced #65260); extracted D28_65260_ARNOLD_OUTLINE.csv,symmetric_by_construction,19.9900,303.000,25.2500,-4.6826,6.5228,0.3263,9.2770,26.7283,4.2200,4.1637,-0.0563,,,0.061813,9.000,,,scan,False,False,scanning
A1_anchor9.0,A,A1_fixedL,R_scan,24,scan24,1993,ACOUSTIC_BODY.pdf(traced #65260); extracted D28_65260_ARNOLD_OUTLINE.csv,symmetric_by_construction,19.9900,312.000,26.0000,-5.1190,6.5228,0.3263,9.2770,26.7283,4.2200,4.1609,-0.0591,,,0.059105,9.000,,,scan,False,False,scanning
A1_anchor9.0,A,A1_fixedL,R_scan,25,scan25,1993,ACOUSTIC_BODY.pdf(traced #65260); extracted D28_65260_ARNOLD_OUTLINE.csv,symmetric_by_construction,19.9900,321.000,26.7500,-5.5555,6.5228,0.3263,9.2770,26.7283,4.2200,4.1583,-0.0617,,,0.056550,9.000,,,scan,False,False,scanning
A1_anchor9.0,A,A1_fixedL,R_scan,26,scan26,1993,ACOUSTIC_BODY.pdf(traced #65260); extracted D28_65260_ARNOLD_OUTLINE.csv,symmetric_by_construction,19.9900,330.000,27.5000,-5.9919,6.5228,0.3263,9.2770,26.7283,4.2200,4.1558,-0.0642,,,0.054135,9.000,,,scan,False,False,scanning
A1_anchor9.0,A,A1_fixedL,R_scan,27,scan27,1993,ACOUSTIC_BODY.pdf(traced #65260); extracted D28_65260_ARNOLD_OUTLINE.csv,symmetric_by_construction,19.9900,339.000,28.2500,-6.4283,6.5228,0.3263,9.2770,26.7283,4.2200,4.1534,-0.0666,,,0.051848,9.000,,,scan,False,False,scanning
A1_anchor9.0,A,A1_fixedL,R_scan,28,scan28,1993,ACOUSTIC_BODY.pdf(traced #65260); extracted D28_65260_ARNOLD_OUTLINE.csv,symmetric_by_construction,19.9900,348.000,29.0000,-6.8647,6.5228,0.3263,9.2770,26.7283,4.2200,4.1512,-0.0688,,,0.049679,9.000,,,scan,False,False,scanning
A1_anchor9.0,A,A1_fixedL,R_scan,29,scan29,1993,ACOUSTIC_BODY.pdf(traced #65260); extracted D28_65260_ARNOLD_OUTLINE.csv,symmetric_by_construction,19.9900,357.000,29.7500,-7.3011,6.5228,0.3263,9.2770,26.7283,4.2200,4.1490,-0.0710,,,0.047620,9.000,,,scan,False,False,scanning
A1_anchor9.0,A,A1_fixedL,R_scan,30,scan30,1993,ACOUSTIC_BODY.pdf(traced #65260); extracted D28_65260_ARNOLD_OUTLINE.csv,symmetric_by_construction,19.9900,366.000,30.5000,-7.7374,6.5228,0.3263,9.2770,26.7283,4.2200,4.1470,-0.0730,,,0.045662,9.000,,,scan,False,False,scanning
A1_anchor9.0,A,A1_fixedL,R_scan,31,scan31,1993,ACOUSTIC_BODY.pdf(traced #65260); extracted D28_65260_ARNOLD_OUTLINE.csv,symmetric_by_construction,19.9900,375.000,31.2500,-8.1738,6.5228,0.3263,9.2770,26.7283,4.2200,4.1451,-0.0749,,,0.043798,9.000,,,scan,False,False,scanning
A1_anchor9.0,A,A1_fixedL,R_scan,32,scan32,1993,ACOUSTIC_BODY.pdf(traced #65260); extracted D28_65260_ARNOLD_OUTLINE.csv,symmetric_by_construction,19.9900,384.000,32.0000,-8.6102,6.5228,0.3263,9.2770,26.7283,4.2200,4.1432,-0.0768,,,0.042022,9.000,,,scan,False,False,scanning
A1_anchor9.0,A,A1_fixedL,R_scan,33,scan33,1993,ACOUSTIC_BODY.pdf(traced #65260); extracted D28_65260_ARNOLD_OUTLINE.csv,symmetric_by_construction,19.9900,393.000,32.7500,-9.0465,6.5228,0.3263,9.2770,26.7283,4.2200,4.1415,-0.0785,,,0.040327,9.000,,,scan,False,False,scanning
A1_anchor9.0,A,A1_fixedL,R_scan,34,scan34,1993,ACOUSTIC_BODY.pdf(traced #65260); extracted D28_65260_ARNOLD_OUTLINE.csv,symmetric_by_construction,19.9900,402.000,33.5000,-9.4829,6.5228,0.3263,9.2770,26.7283,4.2200,4.1398,-0.0802,,,0.038709,9.000,,,scan,False,False,scanning
A1_anchor9.0,A,A1_fixedL,R_scan,35,scan35,1993,ACOUSTIC_BODY.pdf(traced #65260); extracted D28_65260_ARNOLD_OUTLINE.csv,symmetric_by_construction,19.9900,411.000,34.2500,-9.9192,6.5228,0.3263,9.2770,26.7283,4.2200,4.1382,-0.0818,,,0.037161,9.000,,,scan,False,False,scanning
A1_anchor9.0,A,A1_fixedL,R_scan,36,scan36,1993,ACOUSTIC_BODY.pdf(traced #65260); extracted D28_65260_ARNOLD_OUTLINE.csv,symmetric_by_construction,19.9900,420.000,35.0000,-10.3555,6.5228,0.3263,9.2770,26.7283,4.2200,4.1366,-0.0834,,,0.035679,9.000,,,scan,False,False,scanning
A1_anchor9.0,A,A1_fixedL,R_scan,37,scan37,1993,ACOUSTIC_BODY.pdf(traced #65260); extracted D28_65260_ARNOLD_OUTLINE.csv,symmetric_by_construction,19.9900,429.000,35.7500,-10.7918,6.5228,0.3263,9.2770,26.7283,4.2200,4.1352,-0.0848,,,0.034260,9.000,,,scan,False,False,scanning
A1_anchor9.0,A,A1_fixedL,R_scan,38,scan38,1993,ACOUSTIC_BODY.pdf(traced #65260); extracted D28_65260_ARNOLD_OUTLINE.csv,symmetric_by_construction,19.9900,438.000,36.5000,-11.2282,6.5228,0.3263,9.2770,26.7283,4.2200,4.1337,-0.0863,,,0.032899,9.000,,,scan,False,False,scanning
A1_anchor9.0,A,A1_fixedL,R_scan,39,scan39,1993,ACOUSTIC_BODY.pdf(traced #65260); extracted D28_65260_ARNOLD_OUTLINE.csv,symmetric_by_construction,19.9900,447.000,37.2500,-11.6645,6.5228,0.3263,9.2770,26.7283,4.2200,4.1324,-0.0876,,,0.031593,9.000,,,scan,False,False,scanning
A1_anchor9.0,A,A1_fixedL,R_scan,40,scan40,1993,ACOUSTIC_BODY.pdf(traced #65260); extracted D28_65260_ARNOLD_OUTLINE.csv,symmetric_by_construction,19.9900,456.000,38.0000,-12.1008,6.5228,0.3263,9.2770,26.7283,4.2200,4.1311,-0.0889,,,0.030339,9.000,,,scan,False,False,scanning
A1_anchor9.0,A,A1_fixedL,R_scan,41,scan41,1993,ACOUSTIC_BODY.pdf(traced #65260); extracted D28_65260_ARNOLD_OUTLINE.csv,symmetric_by_construction,19.9900,465.000,38.7500,-12.5371,6.5228,0.3263,9.2770,26.7283,4.2200,4.1298,-0.0902,,,0.029133,9.000,,,scan,False,False,scanning
A1_anchor9.0,A,A1_fixedL,R_scan,42,scan42,1993,ACOUSTIC_BODY.pdf(traced #65260); extracted D28_65260_ARNOLD_OUTLINE.csv,symmetric_by_construction,19.9900,474.000,39.5000,-12.9734,6.5228,0.3263,9.2770,26.7283,4.2200,4.1286,-0.0914,,,0.027973,9.000,,,scan,False,False,scanning
A1_anchor9.0,A,A1_fixedL,R_scan,43,scan43,1993,ACOUSTIC_BODY.pdf(traced #65260); extracted D28_65260_ARNOLD_OUTLINE.csv,symmetric_by_construction,19.9900,483.000,40.2500,-13.4097,6.5228,0.3263,9.2770,26.7283,4.2200,4.1275,-0.0925,,,0.026857,9.000,,,scan,False,False,scanning
A1_anchor9.0,A,A1_fixedL,R_scan,44,scan44,1993,ACOUSTIC_BODY.pdf(traced #65260); extracted D28_65260_ARNOLD_OUTLINE.csv,symmetric_by_construction,19.9900,492.000,41.0000,-13.8460,6.5228,0.3263,9.2770,26.7283,4.2200,4.1264,-0.0936,,,0.025781,9.000,,,scan,False,False,scanning
A1_anchor9.0,A,A1_fixedL,R_scan,45,scan45,1993,ACOUSTIC_BODY.pdf(traced #65260); extracted D28_65260_ARNOLD_OUTLINE.csv,symmetric_by_construction,19.9900,501.000,41.7500,-14.2823,6.5228,0.3263,9.2770,26.7283,4.2200,4.1253,-0.0947,,,0.024744,9.000,,,scan,False,False,scanning
A1_anchor9.0,A,A1_fixedL,R_scan,46,scan46,1993,ACOUSTIC_BODY.pdf(traced #65260); extracted D28_65260_ARNOLD_OUTLINE.csv,symmetric_by_construction,19.9900,510.000,42.5000,-14.7186,6.5228,0.3263,9.2770,26.7283,4.2200,4.1243,-0.0957,,,0.023743,9.000,,,scan,False,False,scanning
A1_anchor9.0,A,A1_fixedL,R_scan,47,scan47,1993,ACOUSTIC_BODY.pdf(traced #65260); extracted D28_65260_ARNOLD_OUTLINE.csv,symmetric_by_construction,19.9900,519.000,43.2500,-15.1549,6.5228,0.3263,9.2770,26.7283,4.2200,4.1232,-0.0968,,,0.022778,9.000,,,scan,False,False,scanning
A1_anchor9.0,A,A1_fixedL,R_scan,48,scan48,1993,ACOUSTIC_BODY.pdf(traced #65260); extracted D28_65260_ARNOLD_OUTLINE.csv,symmetric_by_construction,19.9900,528.000,44.0000,-15.5912,6.5228,0.3263,9.2770,26.7283,4.2200,4.1223,-0.0977,,,0.021845,9.000,,,scan,False,False,scanning
A1_anchor9.0,A,A1_fixedL,R_scan,49,scan49,1993,ACOUSTIC_BODY.pdf(traced #65260); extracted D28_65260_ARNOLD_OUTLINE.csv,symmetric_by_construction,19.9900,537.000,44.7500,-16.0275,6.5228,0.3263,9.2770,26.7283,4.2200,4.1213,-0.0987,,,0.020943,9.000,,,scan,False,False,scanning
A1_anchor9.0,A,A1_fixedL,R_scan,50,scan50,1993,ACOUSTIC_BODY.pdf(traced #65260); extracted D28_65260_ARNOLD_OUTLINE.csv,symmetric_by_construction,19.9900,546.000,45.5000,-16.4637,6.5228,0.3263,9.2770,26.7283,4.2200,4.1204,-0.0996,,,0.020072,9.000,,,scan,False,False,scanning
A1_anchor9.0,A,A1_fixedL,R_scan,51,scan51,1993,ACOUSTIC_BODY.pdf(traced #65260); extracted D28_65260_ARNOLD_OUTLINE.csv,symmetric_by_construction,19.9900,555.000,46.2500,-16.9000,6.5228,0.3263,9.2770,26.7283,4.2200,4.1196,-0.1004,,,0.019228,9.000,,,scan,False,False,scanning
A1_anchor9.0,A,A1_fixedL,R_scan,52,scan52,1993,ACOUSTIC_BODY.pdf(traced #65260); extracted D28_65260_ARNOLD_OUTLINE.csv,symmetric_by_construction,19.9900,564.000,47.0000,-17.3363,6.5228,0.3263,9.2770,26.7283,4.2200,4.1187,-0.1013,,,0.018412,9.000,,,scan,False,False,scanning
A1_anchor9.0,A,A1_fixedL,R_scan,53,scan53,1993,ACOUSTIC_BODY.pdf(traced #65260); extracted D28_65260_ARNOLD_OUTLINE.csv,symmetric_by_construction,19.9900,573.000,47.7500,-17.7726,6.5228,0.3263,9.2770,26.7283,4.2200,4.1179,-0.1021,,,0.017621,9.000,,,scan,False,False,scanning
A1_anchor9.0,A,A1_fixedL,R_scan,54,scan54,1993,ACOUSTIC_BODY.pdf(traced #65260); extracted D28_65260_ARNOLD_OUTLINE.csv,symmetric_by_construction,19.9900,582.000,48.5000,-18.2088,6.5228,0.3263,9.2770,26.7283,4.2200,4.1171,-0.1029,,,0.016854,9.000,,,scan,False,False,scanning
A1_anchor9.0,A,A1_fixedL,R_scan,55,scan55,1993,ACOUSTIC_BODY.pdf(traced #65260); extracted D28_65260_ARNOLD_OUTLINE.csv,symmetric_by_construction,19.9900,591.000,49.2500,-18.6451,6.5228,0.3263,9.2770,26.7283,4.2200,4.1163,-0.1037,,,0.016111,9.000,,,scan,False,False,scanning
A1_anchor15.0,A,A1_fixedL,R_scan,0,scan0,1993,ACOUSTIC_BODY.pdf(traced #65260); extracted D28_65260_ARNOLD_OUTLINE.csv,symmetric_by_construction,19.9900,96.000,8.0000,5.3675,6.5228,0.3263,9.2770,26.7283,4.2200,4.3748,0.1548,,,0.206859,,,,scan,True,True,scanning
A1_anchor15.0,A,A1_fixedL,R_scan,1,scan1,1993,ACOUSTIC_BODY.pdf(traced #65260); extracted D28_65260_ARNOLD_OUTLINE.csv,symmetric_by_construction,19.9900,105.000,8.7500,4.9291,6.5228,0.3263,9.2770,26.7283,4.2200,4.3482,0.1282,,,0.187023,9.000,,,scan,True,False,scanning
A1_anchor15.0,A,A1_fixedL,R_scan,2,scan2,1993,ACOUSTIC_BODY.pdf(traced #65260); extracted D28_65260_ARNOLD_OUTLINE.csv,symmetric_by_construction,19.9900,114.000,9.5000,4.4910,6.5228,0.3263,9.2770,26.7283,4.2200,4.3258,0.1058,,,0.170348,9.000,,,scan,True,False,scanning
A1_anchor15.0,A,A1_fixedL,R_scan,3,scan3,1993,ACOUSTIC_BODY.pdf(traced #65260); extracted D28_65260_ARNOLD_OUTLINE.csv,symmetric_by_construction,19.9900,123.000,10.2500,4.0533,6.5228,0.3263,9.2770,26.7283,4.2200,4.3067,0.0867,,,0.156132,9.000,,,scan,True,False,scanning
A1_anchor15.0,A,A1_fixedL,R_scan,4,scan4,1993,ACOUSTIC_BODY.pdf(traced #65260); extracted D28_65260_ARNOLD_OUTLINE.csv,symmetric_by_construction,19.9900,132.000,11.0000,3.6157,6.5228,0.3263,9.2770,26.7283,4.2200,4.2902,0.0702,,,0.143868,9.000,,,scan,True,False,scanning
A1_anchor15.0,A,A1_fixedL,R_scan,5,scan5,1993,ACOUSTIC_BODY.pdf(traced #65260); extracted D28_65260_ARNOLD_OUTLINE.csv,symmetric_by_construction,19.9900,141.000,11.7500,3.1783,6.5228,0.3263,9.2770,26.7283,4.2200,4.2759,0.0559,,,0.133178,9.000,,,scan,True,False,scanning
A1_anchor15.0,A,A1_fixedL,R_scan,6,scan6,1993,ACOUSTIC_BODY.pdf(traced #65260); extracted D28_65260_ARNOLD_OUTLINE.csv,symmetric_by_construction,19.9900,150.000,12.5000,2.7411,6.5228,0.3263,9.2770,26.7283,4.2200,4.2633,0.0433,,,0.123777,9.000,,,scan,True,False,scanning
A1_anchor15.0,A,A1_fixedL,R_scan,7,scan7,1993,ACOUSTIC_BODY.pdf(traced #65260); extracted D28_65260_ARNOLD_OUTLINE.csv,symmetric_by_construction,19.9900,159.000,13.2500,2.3040,6.5228,0.3263,9.2770,26.7283,4.2200,4.2521,0.0321,,,0.115445,9.000,,,scan,True,False,scanning
A1_anchor15.0,A,A1_fixedL,R_scan,8,scan8,1993,ACOUSTIC_BODY.pdf(traced #65260); extracted D28_65260_ARNOLD_OUTLINE.csv,symmetric_by_construction,19.9900,168.000,14.0000,1.8669,6.5228,0.3263,9.2770,26.7283,4.2200,4.2421,0.0221,,,0.108009,9.000,,,scan,True,False,scanning
A1_anchor15.0,A,A1_fixedL,R_scan,9,scan9,1993,ACOUSTIC_BODY.pdf(traced #65260); extracted D28_65260_ARNOLD_OUTLINE.csv,symmetric_by_construction,19.9900,177.000,14.7500,1.4300,6.5228,0.3263,9.2770,26.7283,4.2200,4.2331,0.0131,,,0.101332,9.000,,,scan,True,False,scanning
A1_anchor15.0,A,A1_fixedL,R_scan,10,scan10,1993,ACOUSTIC_BODY.pdf(traced #65260); extracted D28_65260_ARNOLD_OUTLINE.csv,symmetric_by_construction,19.9900,186.000,15.5000,0.9931,6.5228,0.3263,9.2770,26.7283,4.2200,4.2251,0.0051,,,0.095303,9.000,,,scan,True,False,scanning
A1_anchor15.0,A,A1_fixedL,R_scan,11,scan11,1993,ACOUSTIC_BODY.pdf(traced #65260); extracted D28_65260_ARNOLD_OUTLINE.csv,symmetric_by_construction,19.9900,195.000,16.2500,0.5563,6.5228,0.3263,9.2770,26.7283,4.2200,4.2177,-0.0023,,,0.089832,9.000,,,scan,True,False,scanning
A1_anchor15.0,A,A1_fixedL,R_scan,12,scan12,1993,ACOUSTIC_BODY.pdf(traced #65260); extracted D28_65260_ARNOLD_OUTLINE.csv,symmetric_by_construction,19.9900,204.000,17.0000,0.1195,6.5228,0.3263,9.2770,26.7283,4.2200,4.2110,-0.0090,,,0.084845,9.000,,,scan,True,False,scanning
A1_anchor15.0,A,A1_fixedL,R_scan,13,scan13,1993,ACOUSTIC_BODY.pdf(traced #65260); extracted D28_65260_ARNOLD_OUTLINE.csv,symmetric_by_construction,19.9900,213.000,17.7500,-0.3172,6.5228,0.3263,9.2770,26.7283,4.2200,4.2049,-0.0151,,,0.080281,9.000,,,scan,False,False,scanning
A1_anchor15.0,A,A1_fixedL,R_scan,14,scan14,1993,ACOUSTIC_BODY.pdf(traced #65260); extracted D28_65260_ARNOLD_OUTLINE.csv,symmetric_by_construction,19.9900,222.000,18.5000,-0.7538,6.5228,0.3263,9.2770,26.7283,4.2200,4.1993,-0.0207,,,0.076087,9.000,,,scan,False,False,scanning
A1_anchor15.0,A,A1_fixedL,R_scan,15,scan15,1993,ACOUSTIC_BODY.pdf(traced #65260); extracted D28_65260_ARNOLD_OUTLINE.csv,symmetric_by_construction,19.9900,231.000,19.2500,-1.1905,6.5228,0.3263,9.2770,26.7283,4.2200,4.1941,-0.0259,,,0.072221,9.000,,,scan,False,False,scanning
A1_anchor15.0,A,A1_fixedL,R_scan,16,scan16,1993,ACOUSTIC_BODY.pdf(traced #65260); extracted D28_65260_ARNOLD_OUTLINE.csv,symmetric_by_construction,19.9900,240.000,20.0000,-1.6271,6.5228,0.3263,9.2770,26.7283,4.2200,4.1893,-0.0307,,,0.068645,9.000,,,scan,False,False,scanning
A1_anchor15.0,A,A1_fixedL,R_scan,17,scan17,1993,ACOUSTIC_BODY.pdf(traced #65260); extracted D28_65260_ARNOLD_OUTLINE.csv,symmetric_by_construction,19.9900,249.000,20.7500,-2.0636,6.5228,0.3263,9.2770,26.7283,4.2200,4.1849,-0.0351,,,0.065328,9.000,,,scan,False,False,scanning
A1_anchor15.0,A,A1_fixedL,R_scan,18,scan18,1993,ACOUSTIC_BODY.pdf(traced #65260); extracted D28_65260_ARNOLD_OUTLINE.csv,symmetric_by_construction,19.9900,258.000,21.5000,-2.5002,6.5228,0.3263,9.2770,26.7283,4.2200,4.1807,-0.0393,,,0.062243,9.000,,,scan,False,False,scanning
A1_anchor15.0,A,A1_fixedL,R_scan,19,scan19,1993,ACOUSTIC_BODY.pdf(traced #65260); extracted D28_65260_ARNOLD_OUTLINE.csv,symmetric_by_construction,19.9900,267.000,22.2500,-2.9367,6.5228,0.3263,9.2770,26.7283,4.2200,4.1769,-0.0431,,,0.059366,9.000,,,scan,False,False,scanning
A1_anchor15.0,A,A1_fixedL,R_scan,20,scan20,1993,ACOUSTIC_BODY.pdf(traced #65260); extracted D28_65260_ARNOLD_OUTLINE.csv,symmetric_by_construction,19.9900,276.000,23.0000,-3.3732,6.5228,0.3263,9.2770,26.7283,4.2200,4.1733,-0.0467,,,0.056677,9.000,,,scan,False,False,scanning
A1_anchor15.0,A,A1_fixedL,R_scan,21,scan21,1993,ACOUSTIC_BODY.pdf(traced #65260); extracted D28_65260_ARNOLD_OUTLINE.csv,symmetric_by_construction,19.9900,285.000,23.7500,-3.8097,6.5228,0.3263,9.2770,26.7283,4.2200,4.1699,-0.0501,,,0.054158,9.000,,,scan,False,False,scanning
A1_anchor15.0,A,A1_fixedL,R_scan,22,scan22,1993,ACOUSTIC_BODY.pdf(traced #65260); extracted D28_65260_ARNOLD_OUTLINE.csv,symmetric_by_construction,19.9900,294.000,24.5000,-4.2462,6.5228,0.3263,9.2770,26.7283,4.2200,4.1667,-0.0533,,,0.051793,9.000,,,scan,False,False,scanning
A1_anchor15.0,A,A1_fixedL,R_scan,23,scan23,1993,ACOUSTIC_BODY.pdf(traced #65260); extracted D28_65260_ARNOLD_OUTLINE.csv,symmetric_by_construction,19.9900,303.000,25.2500,-4.6826,6.5228,0.3263,9.2770,26.7283,4.2200,4.1637,-0.0563,,,0.049569,9.000,,,scan,False,False,scanning
A1_anchor15.0,A,A1_fixedL,R_scan,24,scan24,1993,ACOUSTIC_BODY.pdf(traced #65260); extracted D28_65260_ARNOLD_OUTLINE.csv,symmetric_by_construction,19.9900,312.000,26.0000,-5.1190,6.5228,0.3263,9.2770,26.7283,4.2200,4.1609,-0.0591,,,0.047474,9.000,,,scan,False,False,scanning
A1_anchor15.0,A,A1_fixedL,R_scan,25,scan25,1993,ACOUSTIC_BODY.pdf(traced #65260); extracted D28_65260_ARNOLD_OUTLINE.csv,symmetric_by_construction,19.9900,321.000,26.7500,-5.5555,6.5228,0.3263,9.2770,26.7283,4.2200,4.1583,-0.0617,,,0.045496,9.000,,,scan,False,False,scanning
A1_anchor15.0,A,A1_fixedL,R_scan,26,scan26,1993,ACOUSTIC_BODY.pdf(traced #65260); extracted D28_65260_ARNOLD_OUTLINE.csv,symmetric_by_construction,19.9900,330.000,27.5000,-5.9919,6.5228,0.3263,9.2770,26.7283,4.2200,4.1558,-0.0642,,,0.043626,9.000,,,scan,False,False,scanning
A1_anchor15.0,A,A1_fixedL,R_scan,27,scan27,1993,ACOUSTIC_BODY.pdf(traced #65260); extracted D28_65260_ARNOLD_OUTLINE.csv,symmetric_by_construction,19.9900,339.000,28.2500,-6.4283,6.5228,0.3263,9.2770,26.7283,4.2200,4.1534,-0.0666,,,0.041855,9.000,,,scan,False,False,scanning
A1_anchor15.0,A,A1_fixedL,R_scan,28,scan28,1993,ACOUSTIC_BODY.pdf(traced #65260); extracted D28_65260_ARNOLD_OUTLINE.csv,symmetric_by_construction,19.9900,348.000,29.0000,-6.8647,6.5228,0.3263,9.2770,26.7283,4.2200,4.1512,-0.0688,,,0.040177,9.000,,,scan,False,False,scanning
A1_anchor15.0,A,A1_fixedL,R_scan,29,scan29,1993,ACOUSTIC_BODY.pdf(traced #65260); extracted D28_65260_ARNOLD_OUTLINE.csv,symmetric_by_construction,19.9900,357.000,29.7500,-7.3011,6.5228,0.3263,9.2770,26.7283,4.2200,4.1490,-0.0710,,,0.038582,9.000,,,scan,False,False,scanning
A1_anchor15.0,A,A1_fixedL,R_scan,30,scan30,1993,ACOUSTIC_BODY.pdf(traced #65260); extracted D28_65260_ARNOLD_OUTLINE.csv,symmetric_by_construction,19.9900,366.000,30.5000,-7.7374,6.5228,0.3263,9.2770,26.7283,4.2200,4.1470,-0.0730,,,0.037067,9.000,,,scan,False,False,scanning
A1_anchor15.0,A,A1_fixedL,R_scan,31,scan31,1993,ACOUSTIC_BODY.pdf(traced #65260); extracted D28_65260_ARNOLD_OUTLINE.csv,symmetric_by_construction,19.9900,375.000,31.2500,-8.1738,6.5228,0.3263,9.2770,26.7283,4.2200,4.1451,-0.0749,,,0.035624,9.000,,,scan,False,False,scanning
A1_anchor15.0,A,A1_fixedL,R_scan,32,scan32,1993,ACOUSTIC_BODY.pdf(traced #65260); extracted D28_65260_ARNOLD_OUTLINE.csv,symmetric_by_construction,19.9900,384.000,32.0000,-8.6102,6.5228,0.3263,9.2770,26.7283,4.2200,4.1432,-0.0768,,,0.034248,9.000,,,scan,False,False,scanning
A1_anchor15.0,A,A1_fixedL,R_scan,33,scan33,1993,ACOUSTIC_BODY.pdf(traced #65260); extracted D28_65260_ARNOLD_OUTLINE.csv,symmetric_by_construction,19.9900,393.000,32.7500,-9.0465,6.5228,0.3263,9.2770,26.7283,4.2200,4.1415,-0.0785,,,0.032936,9.000,,,scan,False,False,scanning
A1_anchor15.0,A,A1_fixedL,R_scan,34,scan34,1993,ACOUSTIC_BODY.pdf(traced #65260); extracted D28_65260_ARNOLD_OUTLINE.csv,symmetric_by_construction,19.9900,402.000,33.5000,-9.4829,6.5228,0.3263,9.2770,26.7283,4.2200,4.1398,-0.0802,,,0.031682,9.000,,,scan,False,False,scanning
A1_anchor15.0,A,A1_fixedL,R_scan,35,scan35,1993,ACOUSTIC_BODY.pdf(traced #65260); extracted D28_65260_ARNOLD_OUTLINE.csv,symmetric_by_construction,19.9900,411.000,34.2500,-9.9192,6.5228,0.3263,9.2770,26.7283,4.2200,4.1382,-0.0818,,,0.030484,9.000,,,scan,False,False,scanning
A1_anchor15.0,A,A1_fixedL,R_scan,36,scan36,1993,ACOUSTIC_BODY.pdf(traced #65260); extracted D28_65260_ARNOLD_OUTLINE.csv,symmetric_by_construction,19.9900,420.000,35.0000,-10.3555,6.5228,0.3263,9.2770,26.7283,4.2200,4.1366,-0.0834,,,0.029337,9.000,,,scan,False,False,scanning
A1_anchor15.0,A,A1_fixedL,R_scan,37,scan37,1993,ACOUSTIC_BODY.pdf(traced #65260); extracted D28_65260_ARNOLD_OUTLINE.csv,symmetric_by_construction,19.9900,429.000,35.7500,-10.7918,6.5228,0.3263,9.2770,26.7283,4.2200,4.1352,-0.0848,,,0.028238,9.000,,,scan,False,False,scanning
A1_anchor15.0,A,A1_fixedL,R_scan,38,scan38,1993,ACOUSTIC_BODY.pdf(traced #65260); extracted D28_65260_ARNOLD_OUTLINE.csv,symmetric_by_construction,19.9900,438.000,36.5000,-11.2282,6.5228,0.3263,9.2770,26.7283,4.2200,4.1337,-0.0863,,,0.027184,9.000,,,scan,False,False,scanning
A1_anchor15.0,A,A1_fixedL,R_scan,39,scan39,1993,ACOUSTIC_BODY.pdf(traced #65260); extracted D28_65260_ARNOLD_OUTLINE.csv,symmetric_by_construction,19.9900,447.000,37.2500,-11.6645,6.5228,0.3263,9.2770,26.7283,4.2200,4.1324,-0.0876,,,0.026173,9.000,,,scan,False,False,scanning
A1_anchor15.0,A,A1_fixedL,R_scan,40,scan40,1993,ACOUSTIC_BODY.pdf(traced #65260); extracted D28_65260_ARNOLD_OUTLINE.csv,symmetric_by_construction,19.9900,456.000,38.0000,-12.1008,6.5228,0.3263,9.2770,26.7283,4.2200,4.1311,-0.0889,,,0.025201,9.000,,,scan,False,False,scanning
A1_anchor15.0,A,A1_fixedL,R_scan,41,scan41,1993,ACOUSTIC_BODY.pdf(traced #65260); extracted D28_65260_ARNOLD_OUTLINE.csv,symmetric_by_construction,19.9900,465.000,38.7500,-12.5371,6.5228,0.3263,9.2770,26.7283,4.2200,4.1298,-0.0902,,,0.024267,9.000,,,scan,False,False,scanning
A1_anchor15.0,A,A1_fixedL,R_scan,42,scan42,1993,ACOUSTIC_BODY.pdf(traced #65260); extracted D28_65260_ARNOLD_OUTLINE.csv,symmetric_by_construction,19.9900,474.000,39.5000,-12.9734,6.5228,0.3263,9.2770,26.7283,4.2200,4.1286,-0.0914,,,0.023369,9.000,,,scan,False,False,scanning
A1_anchor15.0,A,A1_fixedL,R_scan,43,scan43,1993,ACOUSTIC_BODY.pdf(traced #65260); extracted D28_65260_ARNOLD_OUTLINE.csv,symmetric_by_construction,19.9900,483.000,40.2500,-13.4097,6.5228,0.3263,9.2770,26.7283,4.2200,4.1275,-0.0925,,,0.022504,9.000,,,scan,False,False,scanning
A1_anchor15.0,A,A1_fixedL,R_scan,44,scan44,1993,ACOUSTIC_BODY.pdf(traced #65260); extracted D28_65260_ARNOLD_OUTLINE.csv,symmetric_by_construction,19.9900,492.000,41.0000,-13.8460,6.5228,0.3263,9.2770,26.7283,4.2200,4.1264,-0.0936,,,0.021671,9.000,,,scan,False,False,scanning
A1_anchor15.0,A,A1_fixedL,R_scan,45,scan45,1993,ACOUSTIC_BODY.pdf(traced #65260); extracted D28_65260_ARNOLD_OUTLINE.csv,symmetric_by_construction,19.9900,501.000,41.7500,-14.2823,6.5228,0.3263,9.2770,26.7283,4.2200,4.1253,-0.0947,,,0.020868,9.000,,,scan,False,False,scanning
A1_anchor15.0,A,A1_fixedL,R_scan,46,scan46,1993,ACOUSTIC_BODY.pdf(traced #65260); extracted D28_65260_ARNOLD_OUTLINE.csv,symmetric_by_construction,19.9900,510.000,42.5000,-14.7186,6.5228,0.3263,9.2770,26.7283,4.2200,4.1243,-0.0957,,,0.020093,9.000,,,scan,False,False,scanning
A1_anchor15.0,A,A1_fixedL,R_scan,47,scan47,1993,ACOUSTIC_BODY.pdf(traced #65260); extracted D28_65260_ARNOLD_OUTLINE.csv,symmetric_by_construction,19.9900,519.000,43.2500,-15.1549,6.5228,0.3263,9.2770,26.7283,4.2200,4.1232,-0.0968,,,0.019345,9.000,,,scan,False,False,scanning
A1_anchor15.0,A,A1_fixedL,R_scan,48,scan48,1993,ACOUSTIC_BODY.pdf(traced #65260); extracted D28_65260_ARNOLD_OUTLINE.csv,symmetric_by_construction,19.9900,528.000,44.0000,-15.5912,6.5228,0.3263,9.2770,26.7283,4.2200,4.1223,-0.0977,,,0.018622,9.000,,,scan,False,False,scanning
A1_anchor15.0,A,A1_fixedL,R_scan,49,scan49,1993,ACOUSTIC_BODY.pdf(traced #65260); extracted D28_65260_ARNOLD_OUTLINE.csv,symmetric_by_construction,19.9900,537.000,44.7500,-16.0275,6.5228,0.3263,9.2770,26.7283,4.2200,4.1213,-0.0987,,,0.017924,9.000,,,scan,False,False,scanning
A1_anchor15.0,A,A1_fixedL,R_scan,50,scan50,1993,ACOUSTIC_BODY.pdf(traced #65260); extracted D28_65260_ARNOLD_OUTLINE.csv,symmetric_by_construction,19.9900,546.000,45.5000,-16.4637,6.5228,0.3263,9.2770,26.7283,4.2200,4.1204,-0.0996,,,0.017249,9.000,,,scan,False,False,scanning
A1_anchor15.0,A,A1_fixedL,R_scan,51,scan51,1993,ACOUSTIC_BODY.pdf(traced #65260); extracted D28_65260_ARNOLD_OUTLINE.csv,symmetric_by_construction,19.9900,555.000,46.2500,-16.9000,6.5228,0.3263,9.2770,26.7283,4.2200,4.1196,-0.1004,,,0.016595,9.000,,,scan,False,False,scanning
A1_anchor15.0,A,A1_fixedL,R_scan,52,scan52,1993,ACOUSTIC_BODY.pdf(traced #65260); extracted D28_65260_ARNOLD_OUTLINE.csv,symmetric_by_construction,19.9900,564.000,47.0000,-17.3363,6.5228,0.3263,9.2770,26.7283,4.2200,4.1187,-0.1013,,,0.015963,9.000,,,scan,False,False,scanning
A1_anchor15.0,A,A1_fixedL,R_scan,53,scan53,1993,ACOUSTIC_BODY.pdf(traced #65260); extracted D28_65260_ARNOLD_OUTLINE.csv,symmetric_by_construction,19.9900,573.000,47.7500,-17.7726,6.5228,0.3263,9.2770,26.7283,4.2200,4.1179,-0.1021,,,0.015350,9.000,,,scan,False,False,scanning
A1_anchor15.0,A,A1_fixedL,R_scan,54,scan54,1993,ACOUSTIC_BODY.pdf(traced #65260); extracted D28_65260_ARNOLD_OUTLINE.csv,symmetric_by_construction,19.9900,582.000,48.5000,-18.2088,6.5228,0.3263,9.2770,26.7283,4.2200,4.1171,-0.1029,,,0.014756,9.000,,,scan,False,False,scanning
A1_anchor15.0,A,A1_fixedL,R_scan,55,scan55,1993,ACOUSTIC_BODY.pdf(traced #65260); extracted D28_65260_ARNOLD_OUTLINE.csv,symmetric_by_construction,19.9900,591.000,49.2500,-18.6451,6.5228,0.3263,9.2770,26.7283,4.2200,4.1163,-0.1037,,,0.014181,9.000,,,scan,False,False,scanning
A2_anchor12.0_R000,A,A2_floatL,R_sweep,0,,1993,ACOUSTIC_BODY.pdf(traced #65260); extracted D28_65260_ARNOLD_OUTLINE.csv,symmetric_by_construction,,96.000,8.0000,,,,,,4.2200,,,,,,,,,bisection,,True,no_root
A2_anchor12.0_R001,A,A2_floatL,R_sweep,1,,1993,ACOUSTIC_BODY.pdf(traced #65260); extracted D28_65260_ARNOLD_OUTLINE.csv,symmetric_by_construction,,108.000,9.0000,,,,,,4.2200,,,,,,,,,bisection,,False,no_root
A2_anchor12.0_R002,A,A2_floatL,R_sweep,2,,1993,ACOUSTIC_BODY.pdf(traced #65260); extracted D28_65260_ARNOLD_OUTLINE.csv,symmetric_by_construction,,120.000,10.0000,,,,,,4.2200,,,,,,,,,bisection,,False,no_root
A2_anchor12.0_R003,A,A2_floatL,R_sweep,3,final,1993,ACOUSTIC_BODY.pdf(traced #65260); extracted D28_65260_ARNOLD_OUTLINE.csv,symmetric_by_construction,39.5453,132.000,11.0000,16.5724,12.9039,0.3263,18.3523,52.8755,4.2200,4.9441,0.7241,0.433459,0.724143,0.433459,12.000,,,bisection,True,False,solved
A2_anchor12.0_R004,A,A2_floatL,R_sweep,4,final,1993,ACOUSTIC_BODY.pdf(traced #65260); extracted D28_65260_ARNOLD_OUTLINE.csv,symmetric_by_construction,38.1692,144.000,12.0000,15.4586,12.4548,0.3263,17.7137,51.0356,4.2200,4.8147,0.5947,0.342407,0.594668,0.342407,12.000,-1.376095,,bisection,True,False,solved
A2_anchor12.0_R005,A,A2_floatL,R_sweep,5,final,1993,ACOUSTIC_BODY.pdf(traced #65260); extracted D28_65260_ARNOLD_OUTLINE.csv,symmetric_by_construction,36.8052,156.000,13.0000,14.3214,12.0097,0.3263,17.0807,49.2117,4.2200,4.7078,0.4878,0.268917,0.487806,0.268917,12.000,-1.364058,,bisection,True,False,solved
A2_anchor12.0_R006,A,A2_floatL,R_sweep,6,final,1993,ACOUSTIC_BODY.pdf(traced #65260); extracted D28_65260_ARNOLD_OUTLINE.csv,symmetric_by_construction,35.4856,168.000,14.0000,13.1779,11.5791,0.3263,16.4683,47.4473,4.2200,4.6195,0.3995,0.210971,0.399534,0.210971,12.000,-1.319581,,bisection,True,False,solved
A2_anchor12.0_R007,A,A2_floatL,R_sweep,7,final,1993,ACOUSTIC_BODY.pdf(traced #65260); extracted D28_65260_ARNOLD_OUTLINE.csv,symmetric_by_construction,34.2161,180.000,15.0000,12.0303,11.1649,0.3263,15.8791,45.7499,4.2200,4.5461,0.3261,0.166725,0.326056,0.166725,12.000,-1.269513,,bisection,True,False,solved
A2_anchor12.0_R008,A,A2_floatL,R_sweep,8,final,1993,ACOUSTIC_BODY.pdf(traced #65260); extracted D28_65260_ARNOLD_OUTLINE.csv,symmetric_by_construction,32.9819,192.000,16.0000,10.8675,10.7622,0.3263,15.3063,44.0996,4.2200,4.4840,0.2640,0.134149,0.264016,0.134149,12.000,-1.234242,,bisection,True,False,solved
A2_anchor12.0_R009,A,A2_floatL,R_sweep,9,final,1993,ACOUSTIC_BODY.pdf(traced #65260); extracted D28_65260_ARNOLD_OUTLINE.csv,symmetric_by_construction,31.7982,204.000,17.0000,9.6979,10.3759,0.3263,14.7570,42.5169,4.2200,4.4316,0.2116,0.111533,0.211619,0.111533,12.000,-1.183658,,bisection,True,False,solved
A2_anchor12.0_R010,A,A2_floatL,R_sweep,10,final,1993,ACOUSTIC_BODY.pdf(traced #65260); extracted D28_65260_ARNOLD_OUTLINE.csv,symmetric_by_construction,30.6665,216.000,18.0000,8.5217,10.0067,0.3263,14.2318,41.0038,4.2200,4.3871,0.1671,0.096517,0.167141,0.096517,12.000,-1.131663,,bisection,True,False,solved
A2_anchor12.0_R011,A,A2_floatL,R_sweep,11,final,1993,ACOUSTIC_BODY.pdf(traced #65260); extracted D28_65260_ARNOLD_OUTLINE.csv,symmetric_by_construction,29.6122,228.000,19.0000,7.3573,9.6626,0.3263,13.7425,39.5941,4.2200,4.3497,0.1297,0.087082,0.129686,0.087082,12.000,-1.054338,,bisection,True,False,solved
A2_anchor12.0_R012,A,A2_floatL,R_sweep,12,final,1993,ACOUSTIC_BODY.pdf(traced #65260); extracted D28_65260_ARNOLD_OUTLINE.csv,symmetric_by_construction,28.6503,240.000,20.0000,6.2188,9.3488,0.3263,13.2962,38.3080,4.2200,4.3183,0.0983,0.080923,0.131357,0.080923,12.000,-0.961850,,bisection,True,False,solved
A2_anchor12.0_R013,A,A2_floatL,R_sweep,13,final,1993,ACOUSTIC_BODY.pdf(traced #65260); extracted D28_65260_ARNOLD_OUTLINE.csv,symmetric_by_construction,27.7902,252.000,21.0000,5.1179,9.0681,0.3263,12.8970,37.1579,4.2200,4.2921,0.0721,0.076201,0.129405,0.076201,12.000,-0.860158,,bisection,True,False,solved
A2_anchor12.0_R014,A,A2_floatL,R_sweep,14,final,1993,ACOUSTIC_BODY.pdf(traced #65260); extracted D28_65260_ARNOLD_OUTLINE.csv,symmetric_by_construction,27.0018,264.000,22.0000,4.0356,8.8108,0.3263,12.5311,36.1037,4.2200,4.2698,0.0498,0.071632,0.123011,0.071632,12.000,-0.788420,,bisection,True,False,solved
A2_anchor12.0_R015,A,A2_floatL,R_sweep,15,final,1993,ACOUSTIC_BODY.pdf(traced #65260); extracted D28_65260_ARNOLD_OUTLINE.csv,symmetric_by_construction,26.2842,276.000,23.0000,2.9750,8.5767,0.3263,12.1981,35.1443,4.2200,4.2508,0.0308,0.066861,0.119514,0.066861,12.000,-0.717546,,bisection,True,False,solved
A2_anchor12.0_R016,A,A2_floatL,R_sweep,16,final,1993,ACOUSTIC_BODY.pdf(traced #65260); extracted D28_65260_ARNOLD_OUTLINE.csv,symmetric_by_construction,25.6295,288.000,24.0000,1.9334,8.3630,0.3263,11.8942,34.2688,4.2200,4.2344,0.0144,0.061776,0.113354,0.061776,12.000,-0.654770,,bisection,True,False,solved
A2_anchor12.0_R017,A,A2_floatL,R_sweep,17,final,1993,ACOUSTIC_BODY.pdf(traced #65260); extracted D28_65260_ARNOLD_OUTLINE.csv,symmetric_by_construction,25.0443,300.000,25.0000,0.9215,8.1721,0.3263,11.6226,33.4863,4.2200,4.2204,0.0004,0.056618,0.106114,0.056618,12.000,-0.585198,,bisection,True,False,solved
A2_anchor12.0_R018,A,A2_floatL,R_sweep,18,final,1993,ACOUSTIC_BODY.pdf(traced #65260); extracted D28_65260_ARNOLD_OUTLINE.csv,symmetric_by_construction,24.5253,312.000,26.0000,-0.0581,8.0027,0.3263,11.3818,32.7924,4.2200,4.2084,-0.0116,0.051308,0.097275,0.051308,12.000,-0.518959,,bisection,False,False,solved
A2_anchor12.0_R019,A,A2_floatL,R_sweep,19,final,1993,ACOUSTIC_BODY.pdf(traced #65260); extracted D28_65260_ARNOLD_OUTLINE.csv,symmetric_by_construction,24.0678,324.000,27.0000,-1.0046,7.8535,0.3263,11.1695,32.1808,4.2200,4.1981,-0.0219,0.046175,0.087834,0.046175,12.000,-0.457462,,bisection,False,False,solved
A2_anchor12.0_R020,A,A2_floatL,R_sweep,20,final,1993,ACOUSTIC_BODY.pdf(traced #65260); extracted D28_65260_ARNOLD_OUTLINE.csv,symmetric_by_construction,23.6611,336.000,28.0000,-1.9239,7.7207,0.3263,10.9807,31.6369,4.2200,4.1892,-0.0308,0.041491,0.078117,0.041491,12.000,-0.406776,,bisection,False,False,solved
A2_anchor12.0_R021,A,A2_floatL,R_sweep,21,final,1993,ACOUSTIC_BODY.pdf(traced #65260); extracted D28_65260_ARNOLD_OUTLINE.csv,symmetric_by_construction,23.3043,348.000,29.0000,-2.8120,7.6043,0.3263,10.8152,31.1599,4.2200,4.1814,-0.0386,0.037453,0.068547,0.037453,12.000,-0.356708,,bisection,False,False,solved
A2_anchor12.0_R022,A,A2_floatL,R_sweep,22,final,1993,ACOUSTIC_BODY.pdf(traced #65260); extracted D28_65260_ARNOLD_OUTLINE.csv,symmetric_by_construction,22.9968,360.000,30.0000,-3.6651,7.5040,0.3263,10.6724,30.7487,4.2200,4.1747,-0.0453,0.034261,0.060847,0.034261,12.000,-0.307578,,bisection,False,False,solved
A2_anchor12.0_R023,A,A2_floatL,R_sweep,23,final,1993,ACOUSTIC_BODY.pdf(traced #65260); extracted D28_65260_ARNOLD_OUTLINE.csv,symmetric_by_construction,22.7225,372.000,31.0000,-4.4972,7.4145,0.3263,10.5451,30.3819,4.2200,4.1687,-0.0513,0.031794,0.055076,0.031794,12.000,-0.274288,,bisection,False,False,solved
A2_anchor12.0_R024,A,A2_floatL,R_sweep,24,final,1993,ACOUSTIC_BODY.pdf(traced #65260); extracted D28_65260_ARNOLD_OUTLINE.csv,symmetric_by_construction,22.4762,384.000,32.0000,-5.3116,7.3341,0.3263,10.4308,30.0526,4.2200,4.1634,-0.0566,0.030037,0.056614,0.030037,12.000,-0.246316,,bisection,False,False,solved
A2_anchor12.0_R025,A,A2_floatL,R_sweep,25,final,1993,ACOUSTIC_BODY.pdf(traced #65260); extracted D28_65260_ARNOLD_OUTLINE.csv,symmetric_by_construction,22.2519,396.000,33.0000,-6.1132,7.2609,0.3263,10.3268,29.7528,4.2200,4.1586,-0.0614,0.028881,0.061411,0.028881,12.000,-0.224232,,bisection,False,False,solved
A2_anchor12.0_R026,A,A2_floatL,R_sweep,26,final,1993,ACOUSTIC_BODY.pdf(traced #65260); extracted D28_65260_ARNOLD_OUTLINE.csv,symmetric_by_construction,22.0503,408.000,34.0000,-6.8990,7.1951,0.3263,10.2332,29.4831,4.2200,4.1543,-0.0657,0.028246,0.065728,0.028246,12.000,-0.201639,,bisection,False,False,solved
A2_anchor12.0_R027,A,A2_floatL,R_sweep,27,final,1993,ACOUSTIC_BODY.pdf(traced #65260); extracted D28_65260_ARNOLD_OUTLINE.csv,symmetric_by_construction,21.8689,420.000,35.0000,-7.6701,7.1360,0.3263,10.1490,29.2407,4.2200,4.1504,-0.0696,0.028052,0.069629,0.028052,12.000,-0.181352,,bisection,False,False,solved
A2_anchor12.0_R028,A,A2_floatL,R_sweep,28,final,1993,ACOUSTIC_BODY.pdf(traced #65260); extracted D28_65260_ARNOLD_OUTLINE.csv,symmetric_by_construction,21.7024,432.000,36.0000,-8.4319,7.0816,0.3263,10.0717,29.0179,4.2200,4.1468,-0.0732,0.028217,0.073193,0.028217,12.000,-0.166568,,bisection,False,False,solved
A2_anchor12.0_R029,A,A2_floatL,R_sweep,29,final,1993,ACOUSTIC_BODY.pdf(traced #65260); extracted D28_65260_ARNOLD_OUTLINE.csv,symmetric_by_construction,21.5498,444.000,37.0000,-9.1844,7.0318,0.3263,10.0009,28.8139,4.2200,4.1435,-0.0765,0.028681,0.076455,0.028681,12.000,-0.152594,,bisection,False,False,solved
A2_anchor12.0_R030,A,A2_floatL,R_sweep,30,final,1993,ACOUSTIC_BODY.pdf(traced #65260); extracted D28_65260_ARNOLD_OUTLINE.csv,symmetric_by_construction,21.4107,456.000,38.0000,-9.9267,6.9864,0.3263,9.9363,28.6279,4.2200,4.1406,-0.0794,0.029371,0.079445,0.029371,12.000,-0.139109,,bisection,False,False,solved
A2_anchor12.0_R031,A,A2_floatL,R_sweep,31,final,1993,ACOUSTIC_BODY.pdf(traced #65260); extracted D28_65260_ARNOLD_OUTLINE.csv,symmetric_by_construction,21.2820,468.000,39.0000,-10.6621,6.9444,0.3263,9.8766,28.4558,4.2200,4.1378,-0.0822,0.030231,0.082206,0.030231,12.000,-0.128720,,bisection,False,False,solved
A2_anchor12.0_R032,A,A2_floatL,R_sweep,32,final,1993,ACOUSTIC_BODY.pdf(traced #65260); extracted D28_65260_ARNOLD_OUTLINE.csv,symmetric_by_construction,21.1631,480.000,40.0000,-11.3906,6.9056,0.3263,9.8214,28.2969,4.2200,4.1352,-0.0848,0.031209,0.084760,0.031209,12.000,-0.118853,,bisection,False,False,solved
A2_anchor12.0_R033,A,A2_floatL,R_sweep,33,final,1993,ACOUSTIC_BODY.pdf(traced #65260); extracted D28_65260_ARNOLD_OUTLINE.csv,symmetric_by_construction,21.0525,492.000,41.0000,-12.1135,6.8696,0.3263,9.7701,28.1490,4.2200,4.1329,-0.0871,0.032269,0.087134,0.032269,12.000,-0.110570,,bisection,False,False,solved
A2_anchor12.0_R034,A,A2_floatL,R_sweep,34,final,1993,ACOUSTIC_BODY.pdf(traced #65260); extracted D28_65260_ARNOLD_OUTLINE.csv,symmetric_by_construction,20.9508,504.000,42.0000,-12.8293,6.8363,0.3263,9.7229,28.0130,4.2200,4.1307,-0.0893,0.033373,0.089337,0.033373,12.000,-0.101769,,bisection,False,False,solved
A2_anchor12.0_R035,A,A2_floatL,R_sweep,35,final,1993,ACOUSTIC_BODY.pdf(traced #65260); extracted D28_65260_ARNOLD_OUTLINE.csv,symmetric_by_construction,20.8560,516.000,43.0000,-13.5400,6.8054,0.3263,9.6789,27.8863,4.2200,4.1286,-0.0914,0.034498,0.091392,0.034498,12.000,-0.094734,,bisection,False,False,solved
A2_anchor12.0_R036,A,A2_floatL,R_sweep,36,final,1993,ACOUSTIC_BODY.pdf(traced #65260); extracted D28_65260_ARNOLD_OUTLINE.csv,symmetric_by_construction,20.7680,528.000,44.0000,-14.2454,6.7767,0.3263,9.6381,27.7686,4.2200,4.1267,-0.0933,0.035623,0.093313,0.035623,12.000,-0.088047,,bisection,False,False,solved
A2_anchor12.0_R037,A,A2_floatL,R_sweep,37,final,1993,ACOUSTIC_BODY.pdf(traced #65260); extracted D28_65260_ARNOLD_OUTLINE.csv,symmetric_by_construction,20.6855,540.000,45.0000,-14.9469,6.7498,0.3263,9.5998,27.6583,4.2200,4.1249,-0.0951,0.036738,0.095116,0.036738,12.000,-0.082495,,bisection,False,False,solved
A2_anchor12.0_R038,A,A2_floatL,R_sweep,38,final,1993,ACOUSTIC_BODY.pdf(traced #65260); extracted D28_65260_ARNOLD_OUTLINE.csv,symmetric_by_construction,20.6088,552.000,46.0000,-15.6435,6.7248,0.3263,9.5642,27.5557,4.2200,4.1232,-0.0968,0.037826,0.096806,0.037826,12.000,-0.076695,,bisection,False,False,solved
A2_anchor12.0_R039,A,A2_floatL,R_sweep,39,final,1993,ACOUSTIC_BODY.pdf(traced #65260); extracted D28_65260_ARNOLD_OUTLINE.csv,symmetric_by_construction,20.5371,564.000,47.0000,-16.3360,6.7014,0.3263,9.5309,27.4599,4.2200,4.1216,-0.0984,0.038883,0.098396,0.038883,12.000,-0.071688,,bisection,False,False,solved
A2_anchor12.0_R040,A,A2_floatL,R_sweep,40,final,1993,ACOUSTIC_BODY.pdf(traced #65260); extracted D28_65260_ARNOLD_OUTLINE.csv,symmetric_by_construction,20.4701,576.000,48.0000,-17.0245,6.6795,0.3263,9.4998,27.3703,4.2200,4.1201,-0.0999,0.039904,0.099894,0.039904,12.000,-0.067003,,bisection,False,False,solved
A2_anchor12.0_R041,A,A2_floatL,R_sweep,41,final,1993,ACOUSTIC_BODY.pdf(traced #65260); extracted D28_65260_ARNOLD_OUTLINE.csv,symmetric_by_construction,20.4073,588.000,49.0000,-17.7094,6.6590,0.3263,9.4707,27.2863,4.2200,4.1187,-0.1013,0.040888,0.101309,0.040888,12.000,-0.062776,,bisection,False,False,solved
A2_anchor12.0_R042,A,A2_floatL,R_sweep,42,final,1993,ACOUSTIC_BODY.pdf(traced #65260); extracted D28_65260_ARNOLD_OUTLINE.csv,symmetric_by_construction,20.3484,600.000,50.0000,-18.3910,6.6398,0.3263,9.4433,27.2075,4.2200,4.1174,-0.1026,0.041836,0.102646,0.041836,12.000,-0.058948,,bisection,False,True,solved
A2_anchor9.0_R000,A,A2_floatL,R_sweep,0,final,1993,ACOUSTIC_BODY.pdf(traced #65260); extracted D28_65260_ARNOLD_OUTLINE.csv,symmetric_by_construction,32.6983,96.000,8.0000,13.5442,10.6696,0.3263,15.1747,43.7204,4.2200,4.8944,0.6744,0.426935,0.674368,0.426935,,,,bisection,True,True,solved
A2_anchor9.0_R001,A,A2_floatL,R_sweep,1,final,1993,ACOUSTIC_BODY.pdf(traced #65260); extracted D28_65260_ARNOLD_OUTLINE.csv,symmetric_by_construction,31.8126,108.000,9.0000,12.6507,10.3806,0.3263,14.7637,42.5362,4.2200,4.7612,0.5412,0.330095,0.541156,0.330095,12.000,-0.885717,,bisection,True,False,solved
A2_anchor9.0_R002,A,A2_floatL,R_sweep,2,final,1993,ACOUSTIC_BODY.pdf(traced #65260); extracted D28_65260_ARNOLD_OUTLINE.csv,symmetric_by_construction,30.9752,120.000,10.0000,11.7630,10.1074,0.3263,14.3751,41.4165,4.2200,4.6581,0.4381,0.258771,0.438109,0.258771,12.000,-0.837396,,bisection,True,False,solved
A2_anchor9.0_R003,A,A2_floatL,R_sweep,3,final,1993,ACOUSTIC_BODY.pdf(traced #65260); extracted D28_65260_ARNOLD_OUTLINE.csv,symmetric_by_construction,30.1755,132.000,11.0000,10.8746,9.8464,0.3263,14.0040,40.3473,4.2200,4.5763,0.3563,0.205835,0.356250,0.205835,12.000,-0.799667,,bisection,True,False,solved
A2_anchor9.0_R004,A,A2_floatL,R_sweep,4,final,1993,ACOUSTIC_BODY.pdf(traced #65260); extracted D28_65260_ARNOLD_OUTLINE.csv,symmetric_by_construction,29.4324,144.000,12.0000,9.9978,9.6039,0.3263,13.6591,39.3536,4.2200,4.5106,0.2906,0.166688,0.290625,0.166688,12.000,-0.743146,,bisection,True,False,solved
A2_anchor9.0_R005,A,A2_floatL,R_sweep,5,final,1993,ACOUSTIC_BODY.pdf(traced #65260); extracted D28_65260_ARNOLD_OUTLINE.csv,symmetric_by_construction,28.7336,156.000,13.0000,9.1259,9.3759,0.3263,13.3348,38.4193,4.2200,4.4570,0.2370,0.137900,0.236961,0.137900,12.000,-0.698791,,bisection,True,False,solved
A2_anchor9.0_R006,A,A2_floatL,R_sweep,6,final,1993,ACOUSTIC_BODY.pdf(traced #65260); extracted D28_65260_ARNOLD_OUTLINE.csv,symmetric_by_construction,28.0813,168.000,14.0000,8.2613,9.1631,0.3263,13.0321,37.5471,4.2200,4.4126,0.1926,0.116868,0.192624,0.116868,12.000,-0.652284,,bisection,True,False,solved
A2_anchor9.0_R007,A,A2_floatL,R_sweep,7,final,1993,ACOUSTIC_BODY.pdf(traced #65260); extracted D28_65260_ARNOLD_OUTLINE.csv,symmetric_by_construction,27.4811,180.000,15.0000,7.4096,8.9672,0.3263,12.7535,36.7446,4.2200,4.3758,0.1558,0.101143,0.155774,0.101143,12.000,-0.600175,,bisection,True,False,solved
A2_anchor9.0_R008,A,A2_floatL,R_sweep,8,final,1993,ACOUSTIC_BODY.pdf(traced #65260); extracted D28_65260_ARNOLD_OUTLINE.csv,symmetric_by_construction,26.9283,192.000,16.0000,6.5695,8.7869,0.3263,12.4970,36.0055,4.2200,4.3448,0.1248,0.089290,0.128502,0.089290,12.000,-0.552793,,bisection,True,False,solved
A2_anchor9.0_R009,A,A2_floatL,R_sweep,9,final,1993,ACOUSTIC_BODY.pdf(traced #65260); extracted D28_65260_ARNOLD_OUTLINE.csv,symmetric_by_construction,26.4237,204.000,17.0000,5.7439,8.6222,0.3263,12.2628,35.3308,4.2200,4.3187,0.0987,0.080041,0.124392,0.080041,12.000,-0.504598,,bisection,True,False,solved
A2_anchor9.0_R010,A,A2_floatL,R_sweep,10,final,1993,ACOUSTIC_BODY.pdf(traced #65260); extracted D28_65260_ARNOLD_OUTLINE.csv,symmetric_by_construction,25.9616,216.000,18.0000,4.9307,8.4714,0.3263,12.0484,34.7130,4.2200,4.2964,0.0764,0.072554,0.117898,0.072554,12.000,-0.462072,,bisection,True,False,solved
A2_anchor9.0_R011,A,A2_floatL,R_sweep,11,final,1993,ACOUSTIC_BODY.pdf(traced #65260); extracted D28_65260_ARNOLD_OUTLINE.csv,symmetric_by_construction,25.5355,228.000,19.0000,4.1267,8.3324,0.3263,11.8506,34.1431,4.2200,4.2772,0.0572,0.066310,0.109696,0.066310,12.000,-0.426172,,bisection,True,False,solved
A2_anchor9.0_R012,A,A2_floatL,R_sweep,12,final,1993,ACOUSTIC_BODY.pdf(traced #65260); extracted D28_65260_ARNOLD_OUTLINE.csv,symmetric_by_construction,25.1450,240.000,20.0000,3.3338,8.2050,0.3263,11.6694,33.6211,4.2200,4.2605,0.0405,0.060948,0.104755,0.060948,12.000,-0.390441,,bisection,True,False,solved
A2_anchor9.0_R013,A,A2_floatL,R_sweep,13,final,1993,ACOUSTIC_BODY.pdf(traced #65260); extracted D28_65260_ARNOLD_OUTLINE.csv,symmetric_by_construction,24.7871,252.000,21.0000,2.5515,8.0882,0.3263,11.5033,33.1425,4.2200,4.2461,0.0261,0.056074,0.101162,0.056074,12.000,-0.357928,,bisection,True,False,solved
A2_anchor9.0_R014,A,A2_floatL,R_sweep,14,final,1993,ACOUSTIC_BODY.pdf(traced #65260); extracted D28_65260_ARNOLD_OUTLINE.csv,symmetric_by_construction,24.4587,264.000,22.0000,1.7790,7.9810,0.3263,11.3509,32.7034,4.2200,4.2334,0.0134,0.051570,0.096465,0.051570,12.000,-0.328367,,bisection,True,False,solved
A2_anchor9.0_R015,A,A2_floatL,R_sweep,15,final,1993,ACOUSTIC_BODY.pdf(traced #65260); extracted D28_65260_ARNOLD_OUTLINE.csv,symmetric_by_construction,24.1581,276.000,23.0000,1.0166,7.8829,0.3263,11.2114,32.3014,4.2200,4.2222,0.0022,0.047445,0.091133,0.047445,12.000,-0.300687,,bisection,True,False,solved
A2_anchor9.0_R016,A,A2_floatL,R_sweep,16,final,1993,ACOUSTIC_BODY.pdf(traced #65260); extracted D28_65260_ARNOLD_OUTLINE.csv,symmetric_by_construction,23.8810,288.000,24.0000,0.2622,7.7925,0.3263,11.0828,31.9309,4.2200,4.2123,-0.0077,0.043713,0.085323,0.043713,12.000,-0.277079,,bisection,True,False,solved
A2_anchor9.0_R017,A,A2_floatL,R_sweep,17,final,1993,ACOUSTIC_BODY.pdf(traced #65260); extracted D28_65260_ARNOLD_OUTLINE.csv,symmetric_by_construction,23.6260,300.000,25.0000,-0.4840,7.7093,0.3263,10.9645,31.5900,4.2200,4.2035,-0.0165,0.040392,0.079262,0.040392,12.000,-0.254951,,bisection,False,False,solved
A2_anchor9.0_R018,A,A2_floatL,R_sweep,18,final,1993,ACOUSTIC_BODY.pdf(traced #65260); extracted D28_65260_ARNOLD_OUTLINE.csv,symmetric_by_construction,23.3913,312.000,26.0000,-1.2223,7.6327,0.3263,10.8555,31.2762,4.2200,4.1956,-0.0244,0.037456,0.073058,0.037456,12.000,-0.234714,,bisection,False,False,solved
A2_anchor9.0_R019,A,A2_floatL,R_sweep,19,final,1993,ACOUSTIC_BODY.pdf(traced #65260); extracted D28_65260_ARNOLD_OUTLINE.csv,symmetric_by_construction,23.1751,324.000,27.0000,-1.9530,7.5622,0.3263,10.7552,30.9871,4.2200,4.1886,-0.0314,0.034959,0.066854,0.034959,12.000,-0.216196,,bisection,False,False,solved
A2_anchor9.0_R020,A,A2_floatL,R_sweep,20,final,1993,ACOUSTIC_BODY.pdf(traced #65260); extracted D28_65260_ARNOLD_OUTLINE.csv,symmetric_by_construction,22.9756,336.000,28.0000,-2.6768,7.4971,0.3263,10.6626,30.7203,4.2200,4.1822,-0.0378,0.032901,0.060731,0.032901,12.000,-0.199523,,bisection,False,False,solved
A2_anchor9.0_R021,A,A2_floatL,R_sweep,21,final,1993,ACOUSTIC_BODY.pdf(traced #65260); extracted D28_65260_ARNOLD_OUTLINE.csv,symmetric_by_construction,22.7911,348.000,29.0000,-3.3941,7.4369,0.3263,10.5770,30.4737,4.2200,4.1764,-0.0436,0.031262,0.055402,0.031262,12.000,-0.184469,,bisection,False,False,solved
A2_anchor9.0_R022,A,A2_floatL,R_sweep,22,final,1993,ACOUSTIC_BODY.pdf(traced #65260); extracted D28_65260_ARNOLD_OUTLINE.csv,symmetric_by_construction,22.6202,360.000,30.0000,-4.1056,7.3811,0.3263,10.4977,30.2452,4.2200,4.1712,-0.0488,0.030020,0.052006,0.030020,12.000,-0.170879,,bisection,False,False,solved
A2_anchor9.0_R023,A,A2_floatL,R_sweep,23,final,1993,ACOUSTIC_BODY.pdf(traced #65260); extracted D28_65260_ARNOLD_OUTLINE.csv,symmetric_by_construction,22.4617,372.000,31.0000,-4.8116,7.3294,0.3263,10.4241,30.0332,4.2200,4.1664,-0.0536,0.029161,0.053614,0.029161,12.000,-0.158565,,bisection,False,False,solved
A2_anchor9.0_R024,A,A2_floatL,R_sweep,24,final,1993,ACOUSTIC_BODY.pdf(traced #65260); extracted D28_65260_ARNOLD_OUTLINE.csv,symmetric_by_construction,22.3142,384.000,32.0000,-5.5126,7.2813,0.3263,10.3557,29.8361,4.2200,4.1620,-0.0580,0.028611,0.058000,0.028611,12.000,-0.147440,,bisection,False,False,solved
A2_anchor9.0_R025,A,A2_floatL,R_sweep,25,final,1993,ACOUSTIC_BODY.pdf(traced #65260); extracted D28_65260_ARNOLD_OUTLINE.csv,symmetric_by_construction,22.1768,396.000,33.0000,-6.2091,7.2364,0.3263,10.2919,29.6523,4.2200,4.1580,-0.0620,0.028318,0.062029,0.028318,12.000,-0.137460,,bisection,False,False,solved
A2_anchor9.0_R026,A,A2_floatL,R_sweep,26,final,1993,ACOUSTIC_BODY.pdf(traced #65260); extracted D28_65260_ARNOLD_OUTLINE.csv,symmetric_by_construction,22.0486,408.000,34.0000,-6.9013,7.1946,0.3263,10.2324,29.4808,4.2200,4.1543,-0.0657,0.028235,0.065741,0.028235,12.000,-0.128225,,bisection,False,False,solved
A2_anchor9.0_R027,A,A2_floatL,R_sweep,27,final,1993,ACOUSTIC_BODY.pdf(traced #65260); extracted D28_65260_ARNOLD_OUTLINE.csv,symmetric_by_construction,21.9288,420.000,35.0000,-7.5894,7.1555,0.3263,10.1768,29.3207,4.2200,4.1508,-0.0692,0.028336,0.069171,0.028336,12.000,-0.119735,,bisection,False,False,solved
A2_anchor9.0_R028,A,A2_floatL,R_sweep,28,final,1993,ACOUSTIC_BODY.pdf(traced #65260); extracted D28_65260_ARNOLD_OUTLINE.csv,symmetric_by_construction,21.8168,432.000,36.0000,-8.2738,7.1189,0.3263,10.1248,29.1709,4.2200,4.1477,-0.0723,0.028592,0.072347,0.028592,12.000,-0.112057,,bisection,False,False,solved
A2_anchor9.0_R029,A,A2_floatL,R_sweep,29,final,1993,ACOUSTIC_BODY.pdf(traced #65260); extracted D28_65260_ARNOLD_OUTLINE.csv,symmetric_by_construction,21.7117,444.000,37.0000,-8.9547,7.0847,0.3263,10.0761,29.0305,4.2200,4.1447,-0.0753,0.028978,0.075297,0.028978,12.000,-0.105026,,bisection,False,False,solved
A2_anchor9.0_R030,A,A2_floatL,R_sweep,30,final,1993,ACOUSTIC_BODY.pdf(traced #65260); extracted D28_65260_ARNOLD_OUTLINE.csv,symmetric_by_construction,21.6131,456.000,38.0000,-9.6325,7.0525,0.3263,10.0303,28.8986,4.2200,4.1420,-0.0780,0.029469,0.078044,0.029469,12.000,-0.098621,,bisection,False,False,solved
A2_anchor9.0_R031,A,A2_floatL,R_sweep,31,final,1993,ACOUSTIC_BODY.pdf(traced #65260); extracted D28_65260_ARNOLD_OUTLINE.csv,symmetric_by_construction,21.5203,468.000,39.0000,-10.3073,7.0222,0.3263,9.9872,28.7745,4.2200,4.1394,-0.0806,0.030041,0.080607,0.030041,12.000,-0.092789,,bisection,False,False,solved
A2_anchor9.0_R032,A,A2_floatL,R_sweep,32,final,1993,ACOUSTIC_BODY.pdf(traced #65260); extracted D28_65260_ARNOLD_OUTLINE.csv,symmetric_by_construction,21.4329,480.000,40.0000,-10.9796,6.9937,0.3263,9.9466,28.6576,4.2200,4.1370,-0.0830,0.030676,0.083004,0.030676,12.000,-0.087473,,bisection,False,False,solved
A2_anchor9.0_R033,A,A2_floatL,R_sweep,33,final,1993,ACOUSTIC_BODY.pdf(traced #65260); extracted D28_65260_ARNOLD_OUTLINE.csv,symmetric_by_construction,21.3503,492.000,41.0000,-11.6494,6.9667,0.3263,9.9083,28.5472,4.2200,4.1347,-0.0853,0.031360,0.085251,0.031360,12.000,-0.082579,,bisection,False,False,solved
A2_anchor9.0_R034,A,A2_floatL,R_sweep,34,final,1993,ACOUSTIC_BODY.pdf(traced #65260); extracted D28_65260_ARNOLD_OUTLINE.csv,symmetric_by_construction,21.2722,504.000,42.0000,-12.3170,6.9412,0.3263,9.8721,28.4428,4.2200,4.1326,-0.0874,0.032079,0.087361,0.032079,12.000,-0.078032,,bisection,False,False,solved
A2_anchor9.0_R035,A,A2_floatL,R_sweep,35,final,1993,ACOUSTIC_BODY.pdf(traced #65260); extracted D28_65260_ARNOLD_OUTLINE.csv,symmetric_by_construction,21.1984,516.000,43.0000,-12.9824,6.9171,0.3263,9.8378,28.3440,4.2200,4.1307,-0.0893,0.032822,0.089346,0.032822,12.000,-0.073874,,bisection,False,False,solved
A2_anchor9.0_R036,A,A2_floatL,R_sweep,36,final,1993,ACOUSTIC_BODY.pdf(traced #65260); extracted D28_65260_ARNOLD_OUTLINE.csv,symmetric_by_construction,21.1284,528.000,44.0000,-13.6458,6.8943,0.3263,9.8053,28.2505,4.2200,4.1288,-0.0912,0.033580,0.091216,0.033580,12.000,-0.069996,,bisection,False,False,solved
A2_anchor9.0_R037,A,A2_floatL,R_sweep,37,final,1993,ACOUSTIC_BODY.pdf(traced #65260); extracted D28_65260_ARNOLD_OUTLINE.csv,symmetric_by_construction,21.0619,540.000,45.0000,-14.3075,6.8726,0.3263,9.7745,28.1616,4.2200,4.1270,-0.0930,0.034347,0.092981,0.034347,12.000,-0.066433,,bisection,False,False,solved
A2_anchor9.0_R038,A,A2_floatL,R_sweep,38,final,1993,ACOUSTIC_BODY.pdf(traced #65260); extracted D28_65260_ARNOLD_OUTLINE.csv,symmetric_by_construction,20.9988,552.000,46.0000,-14.9674,6.8520,0.3263,9.7452,28.0772,4.2200,4.1254,-0.0946,0.035115,0.094650,0.035115,12.000,-0.063136,,bisection,False,False,solved
A2_anchor9.0_R039,A,A2_floatL,R_sweep,39,final,1993,ACOUSTIC_BODY.pdf(traced #65260); extracted D28_65260_ARNOLD_OUTLINE.csv,symmetric_by_construction,20.9388,564.000,47.0000,-15.6257,6.8324,0.3263,9.7173,27.9969,4.2200,4.1238,-0.0962,0.035881,0.096230,0.035881,12.000,-0.060041,,bisection,False,False,solved
A2_anchor9.0_R040,A,A2_floatL,R_sweep,40,final,1993,ACOUSTIC_BODY.pdf(traced #65260); extracted D28_65260_ARNOLD_OUTLINE.csv,symmetric_by_construction,20.8816,576.000,48.0000,-16.2826,6.8138,0.3263,9.6908,27.9205,4.2200,4.1223,-0.0977,0.036639,0.097728,0.036639,12.000,-0.057188,,bisection,False,False,solved
A2_anchor9.0_R041,A,A2_floatL,R_sweep,41,final,1993,ACOUSTIC_BODY.pdf(traced #65260); extracted D28_65260_ARNOLD_OUTLINE.csv,symmetric_by_construction,20.8271,588.000,49.0000,-16.9380,6.7960,0.3263,9.6655,27.8476,4.2200,4.1209,-0.0991,0.037388,0.099150,0.037388,12.000,-0.054512,,bisection,False,False,solved
A2_anchor9.0_R042,A,A2_floatL,R_sweep,42,final,1993,ACOUSTIC_BODY.pdf(traced #65260); extracted D28_65260_ARNOLD_OUTLINE.csv,symmetric_by_construction,20.7750,600.000,50.0000,-17.5922,6.7790,0.3263,9.6414,27.7780,4.2200,4.1195,-0.1005,0.038123,0.100502,0.038123,12.000,-0.052015,,bisection,False,True,solved
A2_anchor15.0_R000,A,A2_floatL,R_sweep,0,,1993,ACOUSTIC_BODY.pdf(traced #65260); extracted D28_65260_ARNOLD_OUTLINE.csv,symmetric_by_construction,,96.000,8.0000,,,,,,4.2200,,,,,,,,,bisection,,True,no_root
A2_anchor15.0_R001,A,A2_floatL,R_sweep,1,,1993,ACOUSTIC_BODY.pdf(traced #65260); extracted D28_65260_ARNOLD_OUTLINE.csv,symmetric_by_construction,,108.000,9.0000,,,,,,4.2200,,,,,,,,,bisection,,False,no_root
A2_anchor15.0_R002,A,A2_floatL,R_sweep,2,,1993,ACOUSTIC_BODY.pdf(traced #65260); extracted D28_65260_ARNOLD_OUTLINE.csv,symmetric_by_construction,,120.000,10.0000,,,,,,4.2200,,,,,,,,,bisection,,False,no_root
A2_anchor15.0_R003,A,A2_floatL,R_sweep,3,,1993,ACOUSTIC_BODY.pdf(traced #65260); extracted D28_65260_ARNOLD_OUTLINE.csv,symmetric_by_construction,,132.000,11.0000,,,,,,4.2200,,,,,,,,,bisection,,False,no_root
A2_anchor15.0_R004,A,A2_floatL,R_sweep,4,,1993,ACOUSTIC_BODY.pdf(traced #65260); extracted D28_65260_ARNOLD_OUTLINE.csv,symmetric_by_construction,,144.000,12.0000,,,,,,4.2200,,,,,,,,,bisection,,False,no_root
A2_anchor15.0_R005,A,A2_floatL,R_sweep,5,,1993,ACOUSTIC_BODY.pdf(traced #65260); extracted D28_65260_ARNOLD_OUTLINE.csv,symmetric_by_construction,,156.000,13.0000,,,,,,4.2200,,,,,,,,,bisection,,False,no_root
A2_anchor15.0_R006,A,A2_floatL,R_sweep,6,,1993,ACOUSTIC_BODY.pdf(traced #65260); extracted D28_65260_ARNOLD_OUTLINE.csv,symmetric_by_construction,,168.000,14.0000,,,,,,4.2200,,,,,,,,,bisection,,False,no_root
A2_anchor15.0_R007,A,A2_floatL,R_sweep,7,,1993,ACOUSTIC_BODY.pdf(traced #65260); extracted D28_65260_ARNOLD_OUTLINE.csv,symmetric_by_construction,,180.000,15.0000,,,,,,4.2200,,,,,,,,,bisection,,False,no_root
A2_anchor15.0_R008,A,A2_floatL,R_sweep,8,,1993,ACOUSTIC_BODY.pdf(traced #65260); extracted D28_65260_ARNOLD_OUTLINE.csv,symmetric_by_construction,,192.000,16.0000,,,,,,4.2200,,,,,,,,,bisection,,False,no_root
A2_anchor15.0_R009,A,A2_floatL,R_sweep,9,,1993,ACOUSTIC_BODY.pdf(traced #65260); extracted D28_65260_ARNOLD_OUTLINE.csv,symmetric_by_construction,,204.000,17.0000,,,,,,4.2200,,,,,,,,,bisection,,False,no_root
A2_anchor15.0_R010,A,A2_floatL,R_sweep,10,,1993,ACOUSTIC_BODY.pdf(traced #65260); extracted D28_65260_ARNOLD_OUTLINE.csv,symmetric_by_construction,,216.000,18.0000,,,,,,4.2200,,,,,,,,,bisection,,False,no_root
A2_anchor15.0_R011,A,A2_floatL,R_sweep,11,final,1993,ACOUSTIC_BODY.pdf(traced #65260); extracted D28_65260_ARNOLD_OUTLINE.csv,symmetric_by_construction,39.0065,228.000,19.0000,13.8560,12.7280,0.3263,18.1023,52.1551,4.2200,4.5579,0.3379,0.176688,0.337949,0.176688,12.000,,,bisection,True,False,solved
A2_anchor15.0_R012,A,A2_floatL,R_sweep,12,final,1993,ACOUSTIC_BODY.pdf(traced #65260); extracted D28_65260_ARNOLD_OUTLINE.csv,symmetric_by_construction,37.1640,240.000,20.0000,12.3388,12.1268,0.3263,17.2472,49.6915,4.2200,4.4902,0.2702,0.143370,0.270152,0.143370,12.000,-1.842502,,bisection,True,False,solved
A2_anchor15.0_R013,A,A2_floatL,R_sweep,13,final,1993,ACOUSTIC_BODY.pdf(traced #65260); extracted D28_65260_ARNOLD_OUTLINE.csv,symmetric_by_construction,35.3343,252.000,21.0000,10.7689,11.5298,0.3263,16.3981,47.2451,4.2200,4.4311,0.2111,0.119749,0.211130,0.119749,12.000,-1.829690,,bisection,True,False,solved
A2_anchor15.0_R014,A,A2_floatL,R_sweep,14,final,1993,ACOUSTIC_BODY.pdf(traced #65260); extracted D28_65260_ARNOLD_OUTLINE.csv,symmetric_by_construction,33.5044,264.000,22.0000,9.1276,10.9327,0.3263,15.5489,44.7983,4.2200,4.3794,0.1594,0.105156,0.159386,0.105156,12.000,-1.829931,,bisection,True,False,solved
A2_anchor15.0_R015,A,A2_floatL,R_sweep,15,final,1993,ACOUSTIC_BODY.pdf(traced #65260); extracted D28_65260_ARNOLD_OUTLINE.csv,symmetric_by_construction,31.4562,276.000,23.0000,7.2351,10.2643,0.3263,14.5983,42.0596,4.2200,4.3303,0.1103,0.095684,0.138706,0.095684,12.000,-2.048250,,bisection,True,False,solved
A2_anchor15.0_R016,A,A2_floatL,R_sweep,16,final,1993,ACOUSTIC_BODY.pdf(traced #65260); extracted D28_65260_ARNOLD_OUTLINE.csv,symmetric_by_construction,29.2148,288.000,24.0000,5.0627,9.5329,0.3263,13.5581,39.0627,4.2200,4.2846,0.0646,0.086788,0.139297,0.086788,12.000,-2.241404,,bisection,True,False,solved
A2_anchor15.0_R017,A,A2_floatL,R_sweep,17,final,1993,ACOUSTIC_BODY.pdf(traced #65260); extracted D28_65260_ARNOLD_OUTLINE.csv,symmetric_by_construction,27.2657,300.000,25.0000,2.9779,8.8969,0.3263,12.6536,36.4566,4.2200,4.2489,0.0289,0.076477,0.132355,0.076477,12.000,-1.949091,,bisection,True,False,solved
A2_anchor15.0_R018,A,A2_floatL,R_sweep,18,final,1993,ACOUSTIC_BODY.pdf(traced #65260); extracted D28_65260_ARNOLD_OUTLINE.csv,symmetric_by_construction,25.5238,312.000,26.0000,0.9232,8.3286,0.3263,11.8452,34.1275,4.2200,4.2202,0.0002,0.062303,0.113690,0.062303,12.000,-1.741864,,bisection,True,False,solved
A2_anchor15.0_R019,A,A2_floatL,R_sweep,19,final,1993,ACOUSTIC_BODY.pdf(traced #65260); extracted D28_65260_ARNOLD_OUTLINE.csv,symmetric_by_construction,24.3627,324.000,27.0000,-0.6993,7.9497,0.3263,11.3063,32.5751,4.2200,4.2014,-0.0186,0.049921,0.093997,0.049921,12.000,-1.161090,,bisection,False,False,solved
A2_anchor15.0_R020,A,A2_floatL,R_sweep,20,final,1993,ACOUSTIC_BODY.pdf(traced #65260); extracted D28_65260_ARNOLD_OUTLINE.csv,symmetric_by_construction,23.6147,336.000,28.0000,-1.9741,7.7056,0.3263,10.9592,31.5748,4.2200,4.1887,-0.0313,0.040886,0.077001,0.040886,12.000,-0.748057,,bisection,False,False,solved
A2_anchor15.0_R021,A,A2_floatL,R_sweep,21,final,1993,ACOUSTIC_BODY.pdf(traced #65260); extracted D28_65260_ARNOLD_OUTLINE.csv,symmetric_by_construction,23.0948,348.000,29.0000,-3.0479,7.5360,0.3263,10.7179,30.8798,4.2200,4.1794,-0.0406,0.034798,0.063025,0.034798,12.000,-0.519848,,bisection,False,False,solved
A2_anchor15.0_R022,A,A2_floatL,R_sweep,22,final,1993,ACOUSTIC_BODY.pdf(traced #65260); extracted D28_65260_ARNOLD_OUTLINE.csv,symmetric_by_construction,22.7079,360.000,30.0000,-4.0023,7.4097,0.3263,10.5383,30.3624,4.2200,4.1720,-0.0480,0.030930,0.054109,0.030930,12.000,-0.386953,,bisection,False,False,solved
A2_anchor15.0_R023,A,A2_floatL,R_sweep,23,final,1993,ACOUSTIC_BODY.pdf(traced #65260); extracted D28_65260_ARNOLD_OUTLINE.csv,symmetric_by_construction,22.4034,372.000,31.0000,-4.8825,7.3103,0.3263,10.3970,29.9552,4.2200,4.1659,-0.0541,0.028650,0.054130,0.028650,12.000,-0.304500,,bisection,False,False,solved
A2_anchor15.0_R024,A,A2_floatL,R_sweep,24,final,1993,ACOUSTIC_BODY.pdf(traced #65260); extracted D28_65260_ARNOLD_OUTLINE.csv,symmetric_by_construction,22.1569,384.000,32.0000,-5.7095,7.2299,0.3263,10.2827,29.6257,4.2200,4.1607,-0.0593,0.027459,0.059337,0.027459,12.000,-0.246447,,bisection,False,False,solved
A2_anchor15.0_R025,A,A2_floatL,R_sweep,25,final,1993,ACOUSTIC_BODY.pdf(traced #65260); extracted D28_65260_ARNOLD_OUTLINE.csv,symmetric_by_construction,21.9519,396.000,33.0000,-6.4986,7.1630,0.3263,10.1875,29.3515,4.2200,4.1561,-0.0639,0.026980,0.063868,0.026980,12.000,-0.205034,,bisection,False,False,solved
A2_anchor15.0_R026,A,A2_floatL,R_sweep,26,final,1993,ACOUSTIC_BODY.pdf(traced #65260); extracted D28_65260_ARNOLD_OUTLINE.csv,symmetric_by_construction,21.7792,408.000,34.0000,-7.2574,7.1067,0.3263,10.1074,29.1206,4.2200,4.1521,-0.0679,0.027017,0.067865,0.027017,12.000,-0.172706,,bisection,False,False,solved
A2_anchor15.0_R027,A,A2_floatL,R_sweep,27,final,1993,ACOUSTIC_BODY.pdf(traced #65260); extracted D28_65260_ARNOLD_OUTLINE.csv,symmetric_by_construction,21.6307,420.000,35.0000,-7.9938,7.0582,0.3263,10.0385,28.9221,4.2200,4.1486,-0.0714,0.027402,0.071439,0.027402,12.000,-0.148448,,bisection,False,False,solved
A2_anchor15.0_R028,A,A2_floatL,R_sweep,28,final,1993,ACOUSTIC_BODY.pdf(traced #65260); extracted D28_65260_ARNOLD_OUTLINE.csv,symmetric_by_construction,21.5007,432.000,36.0000,-8.7134,7.0158,0.3263,9.9781,28.7483,4.2200,4.1453,-0.0747,0.028016,0.074672,0.028016,12.000,-0.129986,,bisection,False,False,solved
A2_anchor15.0_R029,A,A2_floatL,R_sweep,29,final,1993,ACOUSTIC_BODY.pdf(traced #65260); extracted D28_65260_ARNOLD_OUTLINE.csv,symmetric_by_construction,21.3854,444.000,37.0000,-9.4197,6.9782,0.3263,9.9246,28.5942,4.2200,4.1424,-0.0776,0.028779,0.077621,0.028779,12.000,-0.115300,,bisection,False,False,solved
A2_anchor15.0_R030,A,A2_floatL,R_sweep,30,final,1993,ACOUSTIC_BODY.pdf(traced #65260); extracted D28_65260_ARNOLD_OUTLINE.csv,symmetric_by_construction,21.2828,456.000,38.0000,-10.1144,6.9447,0.3263,9.8770,28.4569,4.2200,4.1397,-0.0803,0.029632,0.080323,0.029632,12.000,-0.102648,,bisection,False,False,solved
A2_anchor15.0_R031,A,A2_floatL,R_sweep,31,final,1993,ACOUSTIC_BODY.pdf(traced #65260); extracted D28_65260_ARNOLD_OUTLINE.csv,symmetric_by_construction,21.1905,468.000,39.0000,-10.7996,6.9146,0.3263,9.8342,28.3336,4.2200,4.1372,-0.0828,0.030534,0.082815,0.030534,12.000,-0.092264,,bisection,False,False,solved
A2_anchor15.0_R032,A,A2_floatL,R_sweep,32,final,1993,ACOUSTIC_BODY.pdf(traced #65260); extracted D28_65260_ARNOLD_OUTLINE.csv,symmetric_by_construction,21.1069,480.000,40.0000,-11.4771,6.8873,0.3263,9.7954,28.2217,4.2200,4.1349,-0.0851,0.031459,0.085124,0.031459,12.000,-0.083652,,bisection,False,False,solved
A2_anchor15.0_R033,A,A2_floatL,R_sweep,33,final,1993,ACOUSTIC_BODY.pdf(traced #65260); extracted D28_65260_ARNOLD_OUTLINE.csv,symmetric_by_construction,21.0312,492.000,41.0000,-12.1470,6.8626,0.3263,9.7603,28.1206,4.2200,4.1327,-0.0873,0.032385,0.087267,0.032385,12.000,-0.075626,,bisection,False,False,solved
A2_anchor15.0_R034,A,A2_floatL,R_sweep,34,final,1993,ACOUSTIC_BODY.pdf(traced #65260); extracted D28_65260_ARNOLD_OUTLINE.csv,symmetric_by_construction,20.9620,504.000,42.0000,-12.8113,6.8400,0.3263,9.7281,28.0279,4.2200,4.1307,-0.0893,0.033302,0.089268,0.033302,12.000,-0.069287,,bisection,False,False,solved
A2_anchor15.0_R035,A,A2_floatL,R_sweep,35,final,1993,ACOUSTIC_BODY.pdf(traced #65260); extracted D28_65260_ARNOLD_OUTLINE.csv,symmetric_by_construction,20.8985,516.000,43.0000,-13.4702,6.8193,0.3263,9.6986,27.9430,4.2200,4.1289,-0.0911,0.034200,0.091140,0.034200,12.000,-0.063502,,bisection,False,False,solved
A2_anchor15.0_R036,A,A2_floatL,R_sweep,36,final,1993,ACOUSTIC_BODY.pdf(traced #65260); extracted D28_65260_ARNOLD_OUTLINE.csv,symmetric_by_construction,20.8399,528.000,44.0000,-14.1245,6.8002,0.3263,9.6715,27.8648,4.2200,4.1271,-0.0929,0.035074,0.092897,0.035074,12.000,-0.058518,,bisection,False,False,solved
A2_anchor15.0_R037,A,A2_floatL,R_sweep,37,final,1993,ACOUSTIC_BODY.pdf(traced #65260); extracted D28_65260_ARNOLD_OUTLINE.csv,symmetric_by_construction,20.7860,540.000,45.0000,-14.7746,6.7826,0.3263,9.6464,27.7927,4.2200,4.1255,-0.0945,0.035918,0.094550,0.035918,12.000,-0.053947,,bisection,False,False,solved
A2_anchor15.0_R038,A,A2_floatL,R_sweep,38,final,1993,ACOUSTIC_BODY.pdf(traced #65260); extracted D28_65260_ARNOLD_OUTLINE.csv,symmetric_by_construction,20.7358,552.000,46.0000,-15.4214,6.7662,0.3263,9.6231,27.7255,4.2200,4.1239,-0.0961,0.036734,0.096109,0.036734,12.000,-0.050235,,bisection,False,False,solved
A2_anchor15.0_R039,A,A2_floatL,R_sweep,39,final,1993,ACOUSTIC_BODY.pdf(traced #65260); extracted D28_65260_ARNOLD_OUTLINE.csv,symmetric_by_construction,20.6889,564.000,47.0000,-16.0652,6.7509,0.3263,9.6014,27.6629,4.2200,4.1224,-0.0976,0.037519,0.097582,0.037519,12.000,-0.046825,,bisection,False,False,solved
A2_anchor15.0_R040,A,A2_floatL,R_sweep,40,final,1993,ACOUSTIC_BODY.pdf(traced #65260); extracted D28_65260_ARNOLD_OUTLINE.csv,symmetric_by_construction,20.6452,576.000,48.0000,-16.7062,6.7366,0.3263,9.5811,27.6044,4.2200,4.1210,-0.0990,0.038274,0.098978,0.038274,12.000,-0.043756,,bisection,False,False,solved
A2_anchor15.0_R041,A,A2_floatL,R_sweep,41,final,1993,ACOUSTIC_BODY.pdf(traced #65260); extracted D28_65260_ARNOLD_OUTLINE.csv,symmetric_by_construction,20.6043,588.000,49.0000,-17.3446,6.7233,0.3263,9.5621,27.5497,4.2200,4.1197,-0.1003,0.038999,0.100301,0.038999,12.000,-0.040887,,bisection,False,False,solved
A2_anchor15.0_R042,A,A2_floatL,R_sweep,42,final,1993,ACOUSTIC_BODY.pdf(traced #65260); extracted D28_65260_ARNOLD_OUTLINE.csv,symmetric_by_construction,20.5659,600.000,50.0000,-17.9807,6.7108,0.3263,9.5443,27.4984,4.2200,4.1184,-0.1016,0.039694,0.101558,0.039694,12.000,-0.038375,,bisection,False,True,solved
B_A2_floatL,B,B_A2_floatL,lsq,0,0,1993,ACOUSTIC_BODY.pdf(traced #65260); extracted D28_65260_ARNOLD_OUTLINE.csv,symmetric_by_construction,20.0000,180.000,15.0000,1.2937,6.5261,0.3263,9.2817,26.7417,4.2200,4.2305,0.0105,,,0.075996,,,,least_squares,True,False,iterating
B_A2_floatL,B,B_A2_floatL,lsq,0,1,1993,ACOUSTIC_BODY.pdf(traced #65260); extracted D28_65260_ARNOLD_OUTLINE.csv,symmetric_by_construction,20.0000,180.000,15.0000,1.2937,6.5261,0.3263,9.2817,26.7417,4.2200,4.2305,0.0105,,,0.075995,,,,least_squares,True,False,iterating
B_A2_floatL,B,B_A2_floatL,lsq,0,2,1993,ACOUSTIC_BODY.pdf(traced #65260); extracted D28_65260_ARNOLD_OUTLINE.csv,symmetric_by_construction,20.0000,180.000,15.0000,1.2937,6.5261,0.3263,9.2817,26.7417,4.2200,4.2305,0.0105,,,0.075996,,,,least_squares,True,False,iterating
B_A2_floatL,B,B_A2_floatL,lsq,0,3,1993,ACOUSTIC_BODY.pdf(traced #65260); extracted D28_65260_ARNOLD_OUTLINE.csv,symmetric_by_construction,21.2701,276.740,23.0617,-1.9629,6.9405,0.3263,9.8711,28.4400,4.2200,4.1870,-0.0330,,,0.031453,,,,least_squares,False,False,iterating
B_A2_floatL,B,B_A2_floatL,lsq,0,4,1993,ACOUSTIC_BODY.pdf(traced #65260); extracted D28_65260_ARNOLD_OUTLINE.csv,symmetric_by_construction,21.2701,276.740,23.0617,-1.9629,6.9405,0.3263,9.8711,28.4400,4.2200,4.1870,-0.0330,,,0.031453,,,,least_squares,False,False,iterating
B_A2_floatL,B,B_A2_floatL,lsq,0,5,1993,ACOUSTIC_BODY.pdf(traced #65260); extracted D28_65260_ARNOLD_OUTLINE.csv,symmetric_by_construction,21.2701,276.740,23.0617,-1.9629,6.9405,0.3263,9.8711,28.4400,4.2200,4.1870,-0.0330,,,0.031453,,,,least_squares,False,False,iterating
B_A2_floatL,B,B_A2_floatL,lsq,0,6,1993,ACOUSTIC_BODY.pdf(traced #65260); extracted D28_65260_ARNOLD_OUTLINE.csv,symmetric_by_construction,21.5645,354.125,29.5104,-5.1233,7.0366,0.3263,10.0077,28.8336,4.2200,4.1632,-0.0568,,,0.016747,,,,least_squares,False,False,iterating
B_A2_floatL,B,B_A2_floatL,lsq,0,7,1993,ACOUSTIC_BODY.pdf(traced #65260); extracted D28_65260_ARNOLD_OUTLINE.csv,symmetric_by_construction,21.5645,354.125,29.5104,-5.1233,7.0366,0.3263,10.0077,28.8336,4.2200,4.1632,-0.0568,,,0.016747,,,,least_squares,False,False,iterating
B_A2_floatL,B,B_A2_floatL,lsq,0,8,1993,ACOUSTIC_BODY.pdf(traced #65260); extracted D28_65260_ARNOLD_OUTLINE.csv,symmetric_by_construction,21.5645,354.125,29.5104,-5.1233,7.0366,0.3263,10.0077,28.8336,4.2200,4.1632,-0.0568,,,0.016747,,,,least_squares,False,False,iterating
B_A2_floatL,B,B_A2_floatL,lsq,0,9,1993,ACOUSTIC_BODY.pdf(traced #65260); extracted D28_65260_ARNOLD_OUTLINE.csv,symmetric_by_construction,21.4672,406.459,33.8715,-7.6071,7.0049,0.3263,9.9626,28.7035,4.2200,4.1500,-0.0700,,,0.013243,,,,least_squares,False,False,iterating
B_A2_floatL,B,B_A2_floatL,lsq,0,10,1993,ACOUSTIC_BODY.pdf(traced #65260); extracted D28_65260_ARNOLD_OUTLINE.csv,symmetric_by_construction,21.4672,406.459,33.8715,-7.6071,7.0049,0.3263,9.9626,28.7035,4.2200,4.1500,-0.0700,,,0.013243,,,,least_squares,False,False,iterating
B_A2_floatL,B,B_A2_floatL,lsq,0,11,1993,ACOUSTIC_BODY.pdf(traced #65260); extracted D28_65260_ARNOLD_OUTLINE.csv,symmetric_by_construction,21.4672,406.459,33.8715,-7.6071,7.0049,0.3263,9.9626,28.7035,4.2200,4.1500,-0.0700,,,0.013243,,,,least_squares,False,False,iterating
B_A2_floatL,B,B_A2_floatL,lsq,0,12,1993,ACOUSTIC_BODY.pdf(traced #65260); extracted D28_65260_ARNOLD_OUTLINE.csv,symmetric_by_construction,21.3998,434.677,36.2231,-8.9767,6.9829,0.3263,9.9313,28.6134,4.2200,4.1441,-0.0759,,,0.012644,,,,least_squares,False,False,iterating
B_A2_floatL,B,B_A2_floatL,lsq,0,13,1993,ACOUSTIC_BODY.pdf(traced #65260); extracted D28_65260_ARNOLD_OUTLINE.csv,symmetric_by_construction,21.3998,434.677,36.2231,-8.9767,6.9829,0.3263,9.9313,28.6134,4.2200,4.1441,-0.0759,,,0.012644,,,,least_squares,False,False,iterating
B_A2_floatL,B,B_A2_floatL,lsq,0,14,1993,ACOUSTIC_BODY.pdf(traced #65260); extracted D28_65260_ARNOLD_OUTLINE.csv,symmetric_by_construction,21.3998,434.677,36.2231,-8.9767,6.9829,0.3263,9.9313,28.6134,4.2200,4.1441,-0.0759,,,0.012644,,,,least_squares,False,False,iterating
B_A2_floatL,B,B_A2_floatL,lsq,0,15,1993,ACOUSTIC_BODY.pdf(traced #65260); extracted D28_65260_ARNOLD_OUTLINE.csv,symmetric_by_construction,21.3740,444.177,37.0147,-9.4442,6.9744,0.3263,9.9193,28.5788,4.2200,4.1423,-0.0777,,,0.012596,,,,least_squares,False,False,iterating
B_A2_floatL,B,B_A2_floatL,lsq,0,16,1993,ACOUSTIC_BODY.pdf(traced #65260); extracted D28_65260_ARNOLD_OUTLINE.csv,symmetric_by_construction,21.3740,444.177,37.0147,-9.4442,6.9744,0.3263,9.9193,28.5788,4.2200,4.1423,-0.0777,,,0.012596,,,,least_squares,False,False,iterating
B_A2_floatL,B,B_A2_floatL,lsq,0,17,1993,ACOUSTIC_BODY.pdf(traced #65260); extracted D28_65260_ARNOLD_OUTLINE.csv,symmetric_by_construction,21.3740,444.177,37.0147,-9.4442,6.9744,0.3263,9.9193,28.5788,4.2200,4.1423,-0.0777,,,0.012596,,,,least_squares,False,False,iterating
B_A2_floatL,B,B_A2_floatL,lsq,0,18,1993,ACOUSTIC_BODY.pdf(traced #65260); extracted D28_65260_ARNOLD_OUTLINE.csv,symmetric_by_construction,21.3671,445.808,37.1507,-9.5281,6.9722,0.3263,9.9161,28.5696,4.2200,4.1419,-0.0781,,,0.012595,,,,least_squares,False,False,iterating
B_A2_floatL,B,B_A2_floatL,lsq,0,19,1993,ACOUSTIC_BODY.pdf(traced #65260); extracted D28_65260_ARNOLD_OUTLINE.csv,symmetric_by_construction,21.3671,445.808,37.1507,-9.5281,6.9722,0.3263,9.9161,28.5696,4.2200,4.1419,-0.0781,,,0.012595,,,,least_squares,False,False,iterating
B_A2_floatL,B,B_A2_floatL,lsq,0,20,1993,ACOUSTIC_BODY.pdf(traced #65260); extracted D28_65260_ARNOLD_OUTLINE.csv,symmetric_by_construction,21.3671,445.808,37.1507,-9.5281,6.9722,0.3263,9.9161,28.5696,4.2200,4.1419,-0.0781,,,0.012595,,,,least_squares,False,False,iterating
B_A2_floatL,B,B_A2_floatL,lsq,0,21,1993,ACOUSTIC_BODY.pdf(traced #65260); extracted D28_65260_ARNOLD_OUTLINE.csv,symmetric_by_construction,21.3653,446.066,37.1721,-9.5423,6.9716,0.3263,9.9153,28.5673,4.2200,4.1419,-0.0781,,,0.012594,,,,least_squares,False,False,iterating
B_A2_floatL,B,B_A2_floatL,lsq,0,22,1993,ACOUSTIC_BODY.pdf(traced #65260); extracted D28_65260_ARNOLD_OUTLINE.csv,symmetric_by_construction,21.3653,446.066,37.1721,-9.5423,6.9716,0.3263,9.9153,28.5673,4.2200,4.1419,-0.0781,,,0.012594,,,,least_squares,False,False,iterating
B_A2_floatL,B,B_A2_floatL,lsq,0,23,1993,ACOUSTIC_BODY.pdf(traced #65260); extracted D28_65260_ARNOLD_OUTLINE.csv,symmetric_by_construction,21.3653,446.066,37.1721,-9.5423,6.9716,0.3263,9.9153,28.5673,4.2200,4.1419,-0.0781,,,0.012594,,,,least_squares,False,False,iterating
B_A2_floatL,B,B_A2_floatL,lsq,0,24,1993,ACOUSTIC_BODY.pdf(traced #65260); extracted D28_65260_ARNOLD_OUTLINE.csv,symmetric_by_construction,21.3651,446.107,37.1756,-9.5446,6.9715,0.3263,9.9152,28.5670,4.2200,4.1419,-0.0781,,,0.012594,,,,least_squares,False,False,iterating
B_A2_floatL,B,B_A2_floatL,lsq,0,25,1993,ACOUSTIC_BODY.pdf(traced #65260); extracted D28_65260_ARNOLD_OUTLINE.csv,symmetric_by_construction,21.3651,446.107,37.1756,-9.5446,6.9715,0.3263,9.9152,28.5670,4.2200,4.1419,-0.0781,,,0.012594,,,,least_squares,False,False,iterating
B_A2_floatL,B,B_A2_floatL,lsq,0,26,1993,ACOUSTIC_BODY.pdf(traced #65260); extracted D28_65260_ARNOLD_OUTLINE.csv,symmetric_by_construction,21.3651,446.107,37.1756,-9.5446,6.9715,0.3263,9.9152,28.5670,4.2200,4.1419,-0.0781,,,0.012594,,,,least_squares,False,False,iterating
B_A2_floatL,B,B_A2_floatL,lsq,0,27,1993,ACOUSTIC_BODY.pdf(traced #65260); extracted D28_65260_ARNOLD_OUTLINE.csv,symmetric_by_construction,21.3651,446.118,37.1765,-9.5451,6.9715,0.3263,9.9152,28.5669,4.2200,4.1419,-0.0781,,,0.012594,,,,least_squares,False,False,iterating
B_A2_floatL,B,B_A2_floatL,lsq,0,28,1993,ACOUSTIC_BODY.pdf(traced #65260); extracted D28_65260_ARNOLD_OUTLINE.csv,symmetric_by_construction,21.3651,446.118,37.1765,-9.5451,6.9715,0.3263,9.9152,28.5669,4.2200,4.1419,-0.0781,,,0.012594,,,,least_squares,False,False,iterating
B_A2_floatL,B,B_A2_floatL,lsq,0,29,1993,ACOUSTIC_BODY.pdf(traced #65260); extracted D28_65260_ARNOLD_OUTLINE.csv,symmetric_by_construction,21.3651,446.118,37.1765,-9.5451,6.9715,0.3263,9.9152,28.5669,4.2200,4.1419,-0.0781,,,0.012594,,,,least_squares,False,False,iterating
B_A1_fixedL,B,B_A1_fixedL,lsq,0,0,1993,ACOUSTIC_BODY.pdf(traced #65260); extracted D28_65260_ARNOLD_OUTLINE.csv,symmetric_by_construction,19.9900,180.000,15.0000,1.2844,6.5228,0.3263,9.2770,26.7283,4.2200,4.2304,0.0104,,,0.076073,,,,least_squares,True,False,iterating
B_A1_fixedL,B,B_A1_fixedL,lsq,0,1,1993,ACOUSTIC_BODY.pdf(traced #65260); extracted D28_65260_ARNOLD_OUTLINE.csv,symmetric_by_construction,19.9900,180.000,15.0000,1.2844,6.5228,0.3263,9.2770,26.7283,4.2200,4.2304,0.0104,,,0.076073,,,,least_squares,True,False,iterating
B_A1_fixedL,B,B_A1_fixedL,lsq,0,2,1993,ACOUSTIC_BODY.pdf(traced #65260); extracted D28_65260_ARNOLD_OUTLINE.csv,symmetric_by_construction,19.9900,278.750,23.2291,-3.5066,6.5228,0.3263,9.2770,26.7283,4.2200,4.1722,-0.0478,,,0.046435,,,,least_squares,False,False,iterating
B_A1_fixedL,B,B_A1_fixedL,lsq,0,3,1993,ACOUSTIC_BODY.pdf(traced #65260); extracted D28_65260_ARNOLD_OUTLINE.csv,symmetric_by_construction,19.9900,278.750,23.2291,-3.5066,6.5228,0.3263,9.2770,26.7283,4.2200,4.1722,-0.0478,,,0.046435,,,,least_squares,False,False,iterating
B_A1_fixedL,B,B_A1_fixedL,lsq,0,4,1993,ACOUSTIC_BODY.pdf(traced #65260); extracted D28_65260_ARNOLD_OUTLINE.csv,symmetric_by_construction,19.9900,384.296,32.0246,-8.6245,6.5228,0.3263,9.2770,26.7283,4.2200,4.1432,-0.0768,,,0.035112,,,,least_squares,False,False,iterating
B_A1_fixedL,B,B_A1_fixedL,lsq,0,5,1993,ACOUSTIC_BODY.pdf(traced #65260); extracted D28_65260_ARNOLD_OUTLINE.csv,symmetric_by_construction,19.9900,384.296,32.0246,-8.6245,6.5228,0.3263,9.2770,26.7283,4.2200,4.1432,-0.0768,,,0.035112,,,,least_squares,False,False,iterating
B_A1_fixedL,B,B_A1_fixedL,lsq,0,6,1993,ACOUSTIC_BODY.pdf(traced #65260); extracted D28_65260_ARNOLD_OUTLINE.csv,symmetric_by_construction,19.9900,473.944,39.4953,-12.9707,6.5228,0.3263,9.2770,26.7283,4.2200,4.1286,-0.0914,,,0.031532,,,,least_squares,False,False,iterating
B_A1_fixedL,B,B_A1_fixedL,lsq,0,7,1993,ACOUSTIC_BODY.pdf(traced #65260); extracted D28_65260_ARNOLD_OUTLINE.csv,symmetric_by_construction,19.9900,473.944,39.4953,-12.9707,6.5228,0.3263,9.2770,26.7283,4.2200,4.1286,-0.0914,,,0.031532,,,,least_squares,False,False,iterating
B_A1_fixedL,B,B_A1_fixedL,lsq,0,8,1993,ACOUSTIC_BODY.pdf(traced #65260); extracted D28_65260_ARNOLD_OUTLINE.csv,symmetric_by_construction,19.9900,536.134,44.6779,-15.9855,6.5228,0.3263,9.2770,26.7283,4.2200,4.1214,-0.0986,,,0.030509,,,,least_squares,False,False,iterating
B_A1_fixedL,B,B_A1_fixedL,lsq,0,9,1993,ACOUSTIC_BODY.pdf(traced #65260); extracted D28_65260_ARNOLD_OUTLINE.csv,symmetric_by_construction,19.9900,536.134,44.6779,-15.9855,6.5228,0.3263,9.2770,26.7283,4.2200,4.1214,-0.0986,,,0.030509,,,,least_squares,False,False,iterating
B_A1_fixedL,B,B_A1_fixedL,lsq,0,10,1993,ACOUSTIC_BODY.pdf(traced #65260); extracted D28_65260_ARNOLD_OUTLINE.csv,symmetric_by_construction,19.9900,572.907,47.7422,-17.7680,6.5228,0.3263,9.2770,26.7283,4.2200,4.1179,-0.1021,,,0.030217,,,,least_squares,False,False,iterating
B_A1_fixedL,B,B_A1_fixedL,lsq,0,11,1993,ACOUSTIC_BODY.pdf(traced #65260); extracted D28_65260_ARNOLD_OUTLINE.csv,symmetric_by_construction,19.9900,572.907,47.7422,-17.7680,6.5228,0.3263,9.2770,26.7283,4.2200,4.1179,-0.1021,,,0.030217,,,,least_squares,False,False,iterating
B_A1_fixedL,B,B_A1_fixedL,lsq,0,12,1993,ACOUSTIC_BODY.pdf(traced #65260); extracted D28_65260_ARNOLD_OUTLINE.csv,symmetric_by_construction,19.9900,591.549,49.2957,-18.6717,6.5228,0.3263,9.2770,26.7283,4.2200,4.1163,-0.1037,,,0.030131,,,,least_squares,False,False,iterating
B_A1_fixedL,B,B_A1_fixedL,lsq,0,13,1993,ACOUSTIC_BODY.pdf(traced #65260); extracted D28_65260_ARNOLD_OUTLINE.csv,symmetric_by_construction,19.9900,591.549,49.2957,-18.6717,6.5228,0.3263,9.2770,26.7283,4.2200,4.1163,-0.1037,,,0.030131,,,,least_squares,False,False,iterating
B_A1_fixedL,B,B_A1_fixedL,lsq,0,14,1993,ACOUSTIC_BODY.pdf(traced #65260); extracted D28_65260_ARNOLD_OUTLINE.csv,symmetric_by_construction,19.9900,598.651,49.8876,-19.0160,6.5228,0.3263,9.2770,26.7283,4.2200,4.1157,-0.1043,,,0.030107,,,,least_squares,False,False,iterating
B_A1_fixedL,B,B_A1_fixedL,lsq,0,15,1993,ACOUSTIC_BODY.pdf(traced #65260); extracted D28_65260_ARNOLD_OUTLINE.csv,symmetric_by_construction,19.9900,598.651,49.8876,-19.0160,6.5228,0.3263,9.2770,26.7283,4.2200,4.1157,-0.1043,,,0.030107,,,,least_squares,False,False,iterating
B_A1_fixedL,B,B_A1_fixedL,lsq,0,16,1993,ACOUSTIC_BODY.pdf(traced #65260); extracted D28_65260_ARNOLD_OUTLINE.csv,symmetric_by_construction,19.9900,599.954,49.9962,-19.0792,6.5228,0.3263,9.2770,26.7283,4.2200,4.1156,-0.1044,,,0.030104,,,,least_squares,False,False,iterating
B_A1_fixedL,B,B_A1_fixedL,lsq,0,17,1993,ACOUSTIC_BODY.pdf(traced #65260); extracted D28_65260_ARNOLD_OUTLINE.csv,symmetric_by_construction,19.9900,599.954,49.9962,-19.0792,6.5228,0.3263,9.2770,26.7283,4.2200,4.1156,-0.1044,,,0.030104,,,,least_squares,False,False,iterating
B_A1_fixedL,B,B_A1_fixedL,lsq,0,18,1993,ACOUSTIC_BODY.pdf(traced #65260); extracted D28_65260_ARNOLD_OUTLINE.csv,symmetric_by_construction,19.9900,600.000,50.0000,-19.0814,6.5228,0.3263,9.2770,26.7283,4.2200,4.1156,-0.1044,,,0.030103,,,,least_squares,False,False,iterating
B_A1_fixedL,B,B_A1_fixedL,lsq,0,19,1993,ACOUSTIC_BODY.pdf(traced #65260); extracted D28_65260_ARNOLD_OUTLINE.csv,symmetric_by_construction,19.9900,600.000,50.0000,-19.0814,6.5228,0.3263,9.2770,26.7283,4.2200,4.1156,-0.1044,,,0.030103,,,,least_squares,False,False,iterating
C_pert_scale+0.5%,A,A1_fixedL,R_scan,0,scan0,1993,ACOUSTIC_BODY.pdf(traced #65260); extracted D28_65260_ARNOLD_OUTLINE.csv,symmetric_by_construction,19.9900,96.000,8.0000,5.3675,6.5228,0.3263,9.2935,26.7703,4.2200,4.3733,0.1533,,,0.282736,,,,scan,True,True,scanning
C_pert_scale+0.5%,A,A1_fixedL,R_scan,1,scan1,1993,ACOUSTIC_BODY.pdf(traced #65260); extracted D28_65260_ARNOLD_OUTLINE.csv,symmetric_by_construction,19.9900,105.000,8.7500,4.9291,6.5228,0.3263,9.2935,26.7703,4.2200,4.3468,0.1268,,,0.254319,9.000,,,scan,True,False,scanning
C_pert_scale+0.5%,A,A1_fixedL,R_scan,2,scan2,1993,ACOUSTIC_BODY.pdf(traced #65260); extracted D28_65260_ARNOLD_OUTLINE.csv,symmetric_by_construction,19.9900,114.000,9.5000,4.4910,6.5228,0.3263,9.2935,26.7703,4.2200,4.3245,0.1045,,,0.230430,9.000,,,scan,True,False,scanning
C_pert_scale+0.5%,A,A1_fixedL,R_scan,3,scan3,1993,ACOUSTIC_BODY.pdf(traced #65260); extracted D28_65260_ARNOLD_OUTLINE.csv,symmetric_by_construction,19.9900,123.000,10.2500,4.0533,6.5228,0.3263,9.2935,26.7703,4.2200,4.3055,0.0855,,,0.210063,9.000,,,scan,True,False,scanning
C_pert_scale+0.5%,A,A1_fixedL,R_scan,4,scan4,1993,ACOUSTIC_BODY.pdf(traced #65260); extracted D28_65260_ARNOLD_OUTLINE.csv,symmetric_by_construction,19.9900,132.000,11.0000,3.6157,6.5228,0.3263,9.2935,26.7703,4.2200,4.2891,0.0691,,,0.192493,9.000,,,scan,True,False,scanning
C_pert_scale+0.5%,A,A1_fixedL,R_scan,5,scan5,1993,ACOUSTIC_BODY.pdf(traced #65260); extracted D28_65260_ARNOLD_OUTLINE.csv,symmetric_by_construction,19.9900,141.000,11.7500,3.1783,6.5228,0.3263,9.2935,26.7703,4.2200,4.2748,0.0548,,,0.177178,9.000,,,scan,True,False,scanning
C_pert_scale+0.5%,A,A1_fixedL,R_scan,6,scan6,1993,ACOUSTIC_BODY.pdf(traced #65260); extracted D28_65260_ARNOLD_OUTLINE.csv,symmetric_by_construction,19.9900,150.000,12.5000,2.7411,6.5228,0.3263,9.2935,26.7703,4.2200,4.2623,0.0423,,,0.163711,9.000,,,scan,True,False,scanning
C_pert_scale+0.5%,A,A1_fixedL,R_scan,7,scan7,1993,ACOUSTIC_BODY.pdf(traced #65260); extracted D28_65260_ARNOLD_OUTLINE.csv,symmetric_by_construction,19.9900,159.000,13.2500,2.3040,6.5228,0.3263,9.2935,26.7703,4.2200,4.2511,0.0311,,,0.151776,9.000,,,scan,True,False,scanning
C_pert_scale+0.5%,A,A1_fixedL,R_scan,8,scan8,1993,ACOUSTIC_BODY.pdf(traced #65260); extracted D28_65260_ARNOLD_OUTLINE.csv,symmetric_by_construction,19.9900,168.000,14.0000,1.8669,6.5228,0.3263,9.2935,26.7703,4.2200,4.2412,0.0212,,,0.141124,9.000,,,scan,True,False,scanning
C_pert_scale+0.5%,A,A1_fixedL,R_scan,9,scan9,1993,ACOUSTIC_BODY.pdf(traced #65260); extracted D28_65260_ARNOLD_OUTLINE.csv,symmetric_by_construction,19.9900,177.000,14.7500,1.4300,6.5228,0.3263,9.2935,26.7703,4.2200,4.2323,0.0123,,,0.131560,9.000,,,scan,True,False,scanning
C_pert_scale+0.5%,A,A1_fixedL,R_scan,10,scan10,1993,ACOUSTIC_BODY.pdf(traced #65260); extracted D28_65260_ARNOLD_OUTLINE.csv,symmetric_by_construction,19.9900,186.000,15.5000,0.9931,6.5228,0.3263,9.2935,26.7703,4.2200,4.2243,0.0043,,,0.122925,9.000,,,scan,True,False,scanning
C_pert_scale+0.5%,A,A1_fixedL,R_scan,11,scan11,1993,ACOUSTIC_BODY.pdf(traced #65260); extracted D28_65260_ARNOLD_OUTLINE.csv,symmetric_by_construction,19.9900,195.000,16.2500,0.5563,6.5228,0.3263,9.2935,26.7703,4.2200,4.2170,-0.0030,,,0.115089,9.000,,,scan,True,False,scanning
C_pert_scale+0.5%,A,A1_fixedL,R_scan,12,scan12,1993,ACOUSTIC_BODY.pdf(traced #65260); extracted D28_65260_ARNOLD_OUTLINE.csv,symmetric_by_construction,19.9900,204.000,17.0000,0.1195,6.5228,0.3263,9.2935,26.7703,4.2200,4.2103,-0.0097,,,0.107946,9.000,,,scan,True,False,scanning
C_pert_scale+0.5%,A,A1_fixedL,R_scan,13,scan13,1993,ACOUSTIC_BODY.pdf(traced #65260); extracted D28_65260_ARNOLD_OUTLINE.csv,symmetric_by_construction,19.9900,213.000,17.7500,-0.3172,6.5228,0.3263,9.2935,26.7703,4.2200,4.2042,-0.0158,,,0.101409,9.000,,,scan,False,False,scanning
C_pert_scale+0.5%,A,A1_fixedL,R_scan,14,scan14,1993,ACOUSTIC_BODY.pdf(traced #65260); extracted D28_65260_ARNOLD_OUTLINE.csv,symmetric_by_construction,19.9900,222.000,18.5000,-0.7538,6.5228,0.3263,9.2935,26.7703,4.2200,4.1986,-0.0214,,,0.095403,9.000,,,scan,False,False,scanning
C_pert_scale+0.5%,A,A1_fixedL,R_scan,15,scan15,1993,ACOUSTIC_BODY.pdf(traced #65260); extracted D28_65260_ARNOLD_OUTLINE.csv,symmetric_by_construction,19.9900,231.000,19.2500,-1.1905,6.5228,0.3263,9.2935,26.7703,4.2200,4.1935,-0.0265,,,0.089865,9.000,,,scan,False,False,scanning
C_pert_scale+0.5%,A,A1_fixedL,R_scan,16,scan16,1993,ACOUSTIC_BODY.pdf(traced #65260); extracted D28_65260_ARNOLD_OUTLINE.csv,symmetric_by_construction,19.9900,240.000,20.0000,-1.6271,6.5228,0.3263,9.2935,26.7703,4.2200,4.1887,-0.0313,,,0.084745,9.000,,,scan,False,False,scanning
C_pert_scale+0.5%,A,A1_fixedL,R_scan,17,scan17,1993,ACOUSTIC_BODY.pdf(traced #65260); extracted D28_65260_ARNOLD_OUTLINE.csv,symmetric_by_construction,19.9900,249.000,20.7500,-2.0636,6.5228,0.3263,9.2935,26.7703,4.2200,4.1843,-0.0357,,,0.079994,9.000,,,scan,False,False,scanning
C_pert_scale+0.5%,A,A1_fixedL,R_scan,18,scan18,1993,ACOUSTIC_BODY.pdf(traced #65260); extracted D28_65260_ARNOLD_OUTLINE.csv,symmetric_by_construction,19.9900,258.000,21.5000,-2.5002,6.5228,0.3263,9.2935,26.7703,4.2200,4.1802,-0.0398,,,0.075576,9.000,,,scan,False,False,scanning
C_pert_scale+0.5%,A,A1_fixedL,R_scan,19,scan19,1993,ACOUSTIC_BODY.pdf(traced #65260); extracted D28_65260_ARNOLD_OUTLINE.csv,symmetric_by_construction,19.9900,267.000,22.2500,-2.9367,6.5228,0.3263,9.2935,26.7703,4.2200,4.1763,-0.0437,,,0.071457,9.000,,,scan,False,False,scanning
C_pert_scale+0.5%,A,A1_fixedL,R_scan,20,scan20,1993,ACOUSTIC_BODY.pdf(traced #65260); extracted D28_65260_ARNOLD_OUTLINE.csv,symmetric_by_construction,19.9900,276.000,23.0000,-3.3732,6.5228,0.3263,9.2935,26.7703,4.2200,4.1727,-0.0473,,,0.067606,9.000,,,scan,False,False,scanning
C_pert_scale+0.5%,A,A1_fixedL,R_scan,21,scan21,1993,ACOUSTIC_BODY.pdf(traced #65260); extracted D28_65260_ARNOLD_OUTLINE.csv,symmetric_by_construction,19.9900,285.000,23.7500,-3.8097,6.5228,0.3263,9.2935,26.7703,4.2200,4.1694,-0.0506,,,0.063999,9.000,,,scan,False,False,scanning
C_pert_scale+0.5%,A,A1_fixedL,R_scan,22,scan22,1993,ACOUSTIC_BODY.pdf(traced #65260); extracted D28_65260_ARNOLD_OUTLINE.csv,symmetric_by_construction,19.9900,294.000,24.5000,-4.2462,6.5228,0.3263,9.2935,26.7703,4.2200,4.1662,-0.0538,,,0.060613,9.000,,,scan,False,False,scanning
C_pert_scale+0.5%,A,A1_fixedL,R_scan,23,scan23,1993,ACOUSTIC_BODY.pdf(traced #65260); extracted D28_65260_ARNOLD_OUTLINE.csv,symmetric_by_construction,19.9900,303.000,25.2500,-4.6826,6.5228,0.3263,9.2935,26.7703,4.2200,4.1633,-0.0567,,,0.057428,9.000,,,scan,False,False,scanning
C_pert_scale+0.5%,A,A1_fixedL,R_scan,24,scan24,1993,ACOUSTIC_BODY.pdf(traced #65260); extracted D28_65260_ARNOLD_OUTLINE.csv,symmetric_by_construction,19.9900,312.000,26.0000,-5.1190,6.5228,0.3263,9.2935,26.7703,4.2200,4.1605,-0.0595,,,0.054428,9.000,,,scan,False,False,scanning
C_pert_scale+0.5%,A,A1_fixedL,R_scan,25,scan25,1993,ACOUSTIC_BODY.pdf(traced #65260); extracted D28_65260_ARNOLD_OUTLINE.csv,symmetric_by_construction,19.9900,321.000,26.7500,-5.5555,6.5228,0.3263,9.2935,26.7703,4.2200,4.1578,-0.0622,,,0.051596,9.000,,,scan,False,False,scanning
C_pert_scale+0.5%,A,A1_fixedL,R_scan,26,scan26,1993,ACOUSTIC_BODY.pdf(traced #65260); extracted D28_65260_ARNOLD_OUTLINE.csv,symmetric_by_construction,19.9900,330.000,27.5000,-5.9919,6.5228,0.3263,9.2935,26.7703,4.2200,4.1553,-0.0647,,,0.048918,9.000,,,scan,False,False,scanning
C_pert_scale+0.5%,A,A1_fixedL,R_scan,27,scan27,1993,ACOUSTIC_BODY.pdf(traced #65260); extracted D28_65260_ARNOLD_OUTLINE.csv,symmetric_by_construction,19.9900,339.000,28.2500,-6.4283,6.5228,0.3263,9.2935,26.7703,4.2200,4.1530,-0.0670,,,0.046383,9.000,,,scan,False,False,scanning
C_pert_scale+0.5%,A,A1_fixedL,R_scan,28,scan28,1993,ACOUSTIC_BODY.pdf(traced #65260); extracted D28_65260_ARNOLD_OUTLINE.csv,symmetric_by_construction,19.9900,348.000,29.0000,-6.8647,6.5228,0.3263,9.2935,26.7703,4.2200,4.1507,-0.0693,,,0.043979,9.000,,,scan,False,False,scanning
C_pert_scale+0.5%,A,A1_fixedL,R_scan,29,scan29,1993,ACOUSTIC_BODY.pdf(traced #65260); extracted D28_65260_ARNOLD_OUTLINE.csv,symmetric_by_construction,19.9900,357.000,29.7500,-7.3011,6.5228,0.3263,9.2935,26.7703,4.2200,4.1486,-0.0714,,,0.041696,9.000,,,scan,False,False,scanning
C_pert_scale+0.5%,A,A1_fixedL,R_scan,30,scan30,1993,ACOUSTIC_BODY.pdf(traced #65260); extracted D28_65260_ARNOLD_OUTLINE.csv,symmetric_by_construction,19.9900,366.000,30.5000,-7.7374,6.5228,0.3263,9.2935,26.7703,4.2200,4.1466,-0.0734,,,0.039526,9.000,,,scan,False,False,scanning
C_pert_scale+0.5%,A,A1_fixedL,R_scan,31,scan31,1993,ACOUSTIC_BODY.pdf(traced #65260); extracted D28_65260_ARNOLD_OUTLINE.csv,symmetric_by_construction,19.9900,375.000,31.2500,-8.1738,6.5228,0.3263,9.2935,26.7703,4.2200,4.1447,-0.0753,,,0.037460,9.000,,,scan,False,False,scanning
C_pert_scale+0.5%,A,A1_fixedL,R_scan,32,scan32,1993,ACOUSTIC_BODY.pdf(traced #65260); extracted D28_65260_ARNOLD_OUTLINE.csv,symmetric_by_construction,19.9900,384.000,32.0000,-8.6102,6.5228,0.3263,9.2935,26.7703,4.2200,4.1428,-0.0772,,,0.035491,9.000,,,scan,False,False,scanning
C_pert_scale+0.5%,A,A1_fixedL,R_scan,33,scan33,1993,ACOUSTIC_BODY.pdf(traced #65260); extracted D28_65260_ARNOLD_OUTLINE.csv,symmetric_by_construction,19.9900,393.000,32.7500,-9.0465,6.5228,0.3263,9.2935,26.7703,4.2200,4.1411,-0.0789,,,0.033612,9.000,,,scan,False,False,scanning
C_pert_scale+0.5%,A,A1_fixedL,R_scan,34,scan34,1993,ACOUSTIC_BODY.pdf(traced #65260); extracted D28_65260_ARNOLD_OUTLINE.csv,symmetric_by_construction,19.9900,402.000,33.5000,-9.4829,6.5228,0.3263,9.2935,26.7703,4.2200,4.1394,-0.0806,,,0.031818,9.000,,,scan,False,False,scanning
C_pert_scale+0.5%,A,A1_fixedL,R_scan,35,scan35,1993,ACOUSTIC_BODY.pdf(traced #65260); extracted D28_65260_ARNOLD_OUTLINE.csv,symmetric_by_construction,19.9900,411.000,34.2500,-9.9192,6.5228,0.3263,9.2935,26.7703,4.2200,4.1378,-0.0822,,,0.030102,9.000,,,scan,False,False,scanning
C_pert_scale+0.5%,A,A1_fixedL,R_scan,36,scan36,1993,ACOUSTIC_BODY.pdf(traced #65260); extracted D28_65260_ARNOLD_OUTLINE.csv,symmetric_by_construction,19.9900,420.000,35.0000,-10.3555,6.5228,0.3263,9.2935,26.7703,4.2200,4.1363,-0.0837,,,0.028459,9.000,,,scan,False,False,scanning
C_pert_scale+0.5%,A,A1_fixedL,R_scan,37,scan37,1993,ACOUSTIC_BODY.pdf(traced #65260); extracted D28_65260_ARNOLD_OUTLINE.csv,symmetric_by_construction,19.9900,429.000,35.7500,-10.7918,6.5228,0.3263,9.2935,26.7703,4.2200,4.1348,-0.0852,,,0.026886,9.000,,,scan,False,False,scanning
C_pert_scale+0.5%,A,A1_fixedL,R_scan,38,scan38,1993,ACOUSTIC_BODY.pdf(traced #65260); extracted D28_65260_ARNOLD_OUTLINE.csv,symmetric_by_construction,19.9900,438.000,36.5000,-11.2282,6.5228,0.3263,9.2935,26.7703,4.2200,4.1334,-0.0866,,,0.025377,9.000,,,scan,False,False,scanning
C_pert_scale+0.5%,A,A1_fixedL,R_scan,39,scan39,1993,ACOUSTIC_BODY.pdf(traced #65260); extracted D28_65260_ARNOLD_OUTLINE.csv,symmetric_by_construction,19.9900,447.000,37.2500,-11.6645,6.5228,0.3263,9.2935,26.7703,4.2200,4.1321,-0.0879,,,0.023929,9.000,,,scan,False,False,scanning
C_pert_scale+0.5%,A,A1_fixedL,R_scan,40,scan40,1993,ACOUSTIC_BODY.pdf(traced #65260); extracted D28_65260_ARNOLD_OUTLINE.csv,symmetric_by_construction,19.9900,456.000,38.0000,-12.1008,6.5228,0.3263,9.2935,26.7703,4.2200,4.1308,-0.0892,,,0.022539,9.000,,,scan,False,False,scanning
C_pert_scale+0.5%,A,A1_fixedL,R_scan,41,scan41,1993,ACOUSTIC_BODY.pdf(traced #65260); extracted D28_65260_ARNOLD_OUTLINE.csv,symmetric_by_construction,19.9900,465.000,38.7500,-12.5371,6.5228,0.3263,9.2935,26.7703,4.2200,4.1295,-0.0905,,,0.021202,9.000,,,scan,False,False,scanning
C_pert_scale+0.5%,A,A1_fixedL,R_scan,42,scan42,1993,ACOUSTIC_BODY.pdf(traced #65260); extracted D28_65260_ARNOLD_OUTLINE.csv,symmetric_by_construction,19.9900,474.000,39.5000,-12.9734,6.5228,0.3263,9.2935,26.7703,4.2200,4.1283,-0.0917,,,0.019916,9.000,,,scan,False,False,scanning
C_pert_scale+0.5%,A,A1_fixedL,R_scan,43,scan43,1993,ACOUSTIC_BODY.pdf(traced #65260); extracted D28_65260_ARNOLD_OUTLINE.csv,symmetric_by_construction,19.9900,483.000,40.2500,-13.4097,6.5228,0.3263,9.2935,26.7703,4.2200,4.1272,-0.0928,,,0.018678,9.000,,,scan,False,False,scanning
C_pert_scale+0.5%,A,A1_fixedL,R_scan,44,scan44,1993,ACOUSTIC_BODY.pdf(traced #65260); extracted D28_65260_ARNOLD_OUTLINE.csv,symmetric_by_construction,19.9900,492.000,41.0000,-13.8460,6.5228,0.3263,9.2935,26.7703,4.2200,4.1261,-0.0939,,,0.017485,9.000,,,scan,False,False,scanning
C_pert_scale+0.5%,A,A1_fixedL,R_scan,45,scan45,1993,ACOUSTIC_BODY.pdf(traced #65260); extracted D28_65260_ARNOLD_OUTLINE.csv,symmetric_by_construction,19.9900,501.000,41.7500,-14.2823,6.5228,0.3263,9.2935,26.7703,4.2200,4.1250,-0.0950,,,0.016335,9.000,,,scan,False,False,scanning
C_pert_scale+0.5%,A,A1_fixedL,R_scan,46,scan46,1993,ACOUSTIC_BODY.pdf(traced #65260); extracted D28_65260_ARNOLD_OUTLINE.csv,symmetric_by_construction,19.9900,510.000,42.5000,-14.7186,6.5228,0.3263,9.2935,26.7703,4.2200,4.1240,-0.0960,,,0.015226,9.000,,,scan,False,False,scanning
C_pert_scale+0.5%,A,A1_fixedL,R_scan,47,scan47,1993,ACOUSTIC_BODY.pdf(traced #65260); extracted D28_65260_ARNOLD_OUTLINE.csv,symmetric_by_construction,19.9900,519.000,43.2500,-15.1549,6.5228,0.3263,9.2935,26.7703,4.2200,4.1230,-0.0970,,,0.014155,9.000,,,scan,False,False,scanning
C_pert_scale+0.5%,A,A1_fixedL,R_scan,48,scan48,1993,ACOUSTIC_BODY.pdf(traced #65260); extracted D28_65260_ARNOLD_OUTLINE.csv,symmetric_by_construction,19.9900,528.000,44.0000,-15.5912,6.5228,0.3263,9.2935,26.7703,4.2200,4.1220,-0.0980,,,0.013120,9.000,,,scan,False,False,scanning
C_pert_scale+0.5%,A,A1_fixedL,R_scan,49,scan49,1993,ACOUSTIC_BODY.pdf(traced #65260); extracted D28_65260_ARNOLD_OUTLINE.csv,symmetric_by_construction,19.9900,537.000,44.7500,-16.0275,6.5228,0.3263,9.2935,26.7703,4.2200,4.1211,-0.0989,,,0.012121,9.000,,,scan,False,False,scanning
C_pert_scale+0.5%,A,A1_fixedL,R_scan,50,scan50,1993,ACOUSTIC_BODY.pdf(traced #65260); extracted D28_65260_ARNOLD_OUTLINE.csv,symmetric_by_construction,19.9900,546.000,45.5000,-16.4637,6.5228,0.3263,9.2935,26.7703,4.2200,4.1202,-0.0998,,,0.011154,9.000,,,scan,False,False,scanning
C_pert_scale+0.5%,A,A1_fixedL,R_scan,51,scan51,1993,ACOUSTIC_BODY.pdf(traced #65260); extracted D28_65260_ARNOLD_OUTLINE.csv,symmetric_by_construction,19.9900,555.000,46.2500,-16.9000,6.5228,0.3263,9.2935,26.7703,4.2200,4.1193,-0.1007,,,0.010219,9.000,,,scan,False,False,scanning
C_pert_scale+0.5%,A,A1_fixedL,R_scan,52,scan52,1993,ACOUSTIC_BODY.pdf(traced #65260); extracted D28_65260_ARNOLD_OUTLINE.csv,symmetric_by_construction,19.9900,564.000,47.0000,-17.3363,6.5228,0.3263,9.2935,26.7703,4.2200,4.1185,-0.1015,,,0.009314,9.000,,,scan,False,False,scanning
C_pert_scale+0.5%,A,A1_fixedL,R_scan,53,scan53,1993,ACOUSTIC_BODY.pdf(traced #65260); extracted D28_65260_ARNOLD_OUTLINE.csv,symmetric_by_construction,19.9900,573.000,47.7500,-17.7726,6.5228,0.3263,9.2935,26.7703,4.2200,4.1176,-0.1024,,,0.008437,9.000,,,scan,False,False,scanning
C_pert_scale+0.5%,A,A1_fixedL,R_scan,54,scan54,1993,ACOUSTIC_BODY.pdf(traced #65260); extracted D28_65260_ARNOLD_OUTLINE.csv,symmetric_by_construction,19.9900,582.000,48.5000,-18.2088,6.5228,0.3263,9.2935,26.7703,4.2200,4.1169,-0.1031,,,0.007587,9.000,,,scan,False,False,scanning
C_pert_scale+0.5%,A,A1_fixedL,R_scan,55,scan55,1993,ACOUSTIC_BODY.pdf(traced #65260); extracted D28_65260_ARNOLD_OUTLINE.csv,symmetric_by_construction,19.9900,591.000,49.2500,-18.6451,6.5228,0.3263,9.2935,26.7703,4.2200,4.1161,-0.1039,,,0.006763,9.000,,,scan,False,False,scanning
C_pert_scale-0.5%,A,A1_fixedL,R_scan,0,scan0,1993,ACOUSTIC_BODY.pdf(traced #65260); extracted D28_65260_ARNOLD_OUTLINE.csv,symmetric_by_construction,19.9900,96.000,8.0000,5.3675,6.5228,0.3263,9.2606,26.6864,4.2200,4.3763,0.1563,,,0.287451,,,,scan,True,True,scanning
C_pert_scale-0.5%,A,A1_fixedL,R_scan,1,scan1,1993,ACOUSTIC_BODY.pdf(traced #65260); extracted D28_65260_ARNOLD_OUTLINE.csv,symmetric_by_construction,19.9900,105.000,8.7500,4.9291,6.5228,0.3263,9.2606,26.6864,4.2200,4.3496,0.1296,,,0.258760,9.000,,,scan,True,False,scanning
C_pert_scale-0.5%,A,A1_fixedL,R_scan,2,scan2,1993,ACOUSTIC_BODY.pdf(traced #65260); extracted D28_65260_ARNOLD_OUTLINE.csv,symmetric_by_construction,19.9900,114.000,9.5000,4.4910,6.5228,0.3263,9.2606,26.6864,4.2200,4.3271,0.1071,,,0.234641,9.000,,,scan,True,False,scanning
C_pert_scale-0.5%,A,A1_fixedL,R_scan,3,scan3,1993,ACOUSTIC_BODY.pdf(traced #65260); extracted D28_65260_ARNOLD_OUTLINE.csv,symmetric_by_construction,19.9900,123.000,10.2500,4.0533,6.5228,0.3263,9.2606,26.6864,4.2200,4.3079,0.0879,,,0.214079,9.000,,,scan,True,False,scanning
C_pert_scale-0.5%,A,A1_fixedL,R_scan,4,scan4,1993,ACOUSTIC_BODY.pdf(traced #65260); extracted D28_65260_ARNOLD_OUTLINE.csv,symmetric_by_construction,19.9900,132.000,11.0000,3.6157,6.5228,0.3263,9.2606,26.6864,4.2200,4.2913,0.0713,,,0.196339,9.000,,,scan,True,False,scanning
C_pert_scale-0.5%,A,A1_fixedL,R_scan,5,scan5,1993,ACOUSTIC_BODY.pdf(traced #65260); extracted D28_65260_ARNOLD_OUTLINE.csv,symmetric_by_construction,19.9900,141.000,11.7500,3.1783,6.5228,0.3263,9.2606,26.6864,4.2200,4.2769,0.0569,,,0.180877,9.000,,,scan,True,False,scanning
C_pert_scale-0.5%,A,A1_fixedL,R_scan,6,scan6,1993,ACOUSTIC_BODY.pdf(traced #65260); extracted D28_65260_ARNOLD_OUTLINE.csv,symmetric_by_construction,19.9900,150.000,12.5000,2.7411,6.5228,0.3263,9.2606,26.6864,4.2200,4.2642,0.0442,,,0.167280,9.000,,,scan,True,False,scanning
C_pert_scale-0.5%,A,A1_fixedL,R_scan,7,scan7,1993,ACOUSTIC_BODY.pdf(traced #65260); extracted D28_65260_ARNOLD_OUTLINE.csv,symmetric_by_construction,19.9900,159.000,13.2500,2.3040,6.5228,0.3263,9.2606,26.6864,4.2200,4.2530,0.0330,,,0.155229,9.000,,,scan,True,False,scanning
C_pert_scale-0.5%,A,A1_fixedL,R_scan,8,scan8,1993,ACOUSTIC_BODY.pdf(traced #65260); extracted D28_65260_ARNOLD_OUTLINE.csv,symmetric_by_construction,19.9900,168.000,14.0000,1.8669,6.5228,0.3263,9.2606,26.6864,4.2200,4.2430,0.0230,,,0.144475,9.000,,,scan,True,False,scanning
C_pert_scale-0.5%,A,A1_fixedL,R_scan,9,scan9,1993,ACOUSTIC_BODY.pdf(traced #65260); extracted D28_65260_ARNOLD_OUTLINE.csv,symmetric_by_construction,19.9900,177.000,14.7500,1.4300,6.5228,0.3263,9.2606,26.6864,4.2200,4.2340,0.0140,,,0.134819,9.000,,,scan,True,False,scanning
C_pert_scale-0.5%,A,A1_fixedL,R_scan,10,scan10,1993,ACOUSTIC_BODY.pdf(traced #65260); extracted D28_65260_ARNOLD_OUTLINE.csv,symmetric_by_construction,19.9900,186.000,15.5000,0.9931,6.5228,0.3263,9.2606,26.6864,4.2200,4.2258,0.0058,,,0.126100,9.000,,,scan,True,False,scanning
C_pert_scale-0.5%,A,A1_fixedL,R_scan,11,scan11,1993,ACOUSTIC_BODY.pdf(traced #65260); extracted D28_65260_ARNOLD_OUTLINE.csv,symmetric_by_construction,19.9900,195.000,16.2500,0.5563,6.5228,0.3263,9.2606,26.6864,4.2200,4.2185,-0.0015,,,0.118188,9.000,,,scan,True,False,scanning
C_pert_scale-0.5%,A,A1_fixedL,R_scan,12,scan12,1993,ACOUSTIC_BODY.pdf(traced #65260); extracted D28_65260_ARNOLD_OUTLINE.csv,symmetric_by_construction,19.9900,204.000,17.0000,0.1195,6.5228,0.3263,9.2606,26.6864,4.2200,4.2117,-0.0083,,,0.110977,9.000,,,scan,True,False,scanning
C_pert_scale-0.5%,A,A1_fixedL,R_scan,13,scan13,1993,ACOUSTIC_BODY.pdf(traced #65260); extracted D28_65260_ARNOLD_OUTLINE.csv,symmetric_by_construction,19.9900,213.000,17.7500,-0.3172,6.5228,0.3263,9.2606,26.6864,4.2200,4.2056,-0.0144,,,0.104376,9.000,,,scan,False,False,scanning
C_pert_scale-0.5%,A,A1_fixedL,R_scan,14,scan14,1993,ACOUSTIC_BODY.pdf(traced #65260); extracted D28_65260_ARNOLD_OUTLINE.csv,symmetric_by_construction,19.9900,222.000,18.5000,-0.7538,6.5228,0.3263,9.2606,26.6864,4.2200,4.1999,-0.0201,,,0.098312,9.000,,,scan,False,False,scanning
C_pert_scale-0.5%,A,A1_fixedL,R_scan,15,scan15,1993,ACOUSTIC_BODY.pdf(traced #65260); extracted D28_65260_ARNOLD_OUTLINE.csv,symmetric_by_construction,19.9900,231.000,19.2500,-1.1905,6.5228,0.3263,9.2606,26.6864,4.2200,4.1947,-0.0253,,,0.092721,9.000,,,scan,False,False,scanning
C_pert_scale-0.5%,A,A1_fixedL,R_scan,16,scan16,1993,ACOUSTIC_BODY.pdf(traced #65260); extracted D28_65260_ARNOLD_OUTLINE.csv,symmetric_by_construction,19.9900,240.000,20.0000,-1.6271,6.5228,0.3263,9.2606,26.6864,4.2200,4.1899,-0.0301,,,0.087551,9.000,,,scan,False,False,scanning
C_pert_scale-0.5%,A,A1_fixedL,R_scan,17,scan17,1993,ACOUSTIC_BODY.pdf(traced #65260); extracted D28_65260_ARNOLD_OUTLINE.csv,symmetric_by_construction,19.9900,249.000,20.7500,-2.0636,6.5228,0.3263,9.2606,26.6864,4.2200,4.1854,-0.0346,,,0.082755,9.000,,,scan,False,False,scanning
C_pert_scale-0.5%,A,A1_fixedL,R_scan,18,scan18,1993,ACOUSTIC_BODY.pdf(traced #65260); extracted D28_65260_ARNOLD_OUTLINE.csv,symmetric_by_construction,19.9900,258.000,21.5000,-2.5002,6.5228,0.3263,9.2606,26.6864,4.2200,4.1813,-0.0387,,,0.078294,9.000,,,scan,False,False,scanning
C_pert_scale-0.5%,A,A1_fixedL,R_scan,19,scan19,1993,ACOUSTIC_BODY.pdf(traced #65260); extracted D28_65260_ARNOLD_OUTLINE.csv,symmetric_by_construction,19.9900,267.000,22.2500,-2.9367,6.5228,0.3263,9.2606,26.6864,4.2200,4.1774,-0.0426,,,0.074134,9.000,,,scan,False,False,scanning
C_pert_scale-0.5%,A,A1_fixedL,R_scan,20,scan20,1993,ACOUSTIC_BODY.pdf(traced #65260); extracted D28_65260_ARNOLD_OUTLINE.csv,symmetric_by_construction,19.9900,276.000,23.0000,-3.3732,6.5228,0.3263,9.2606,26.6864,4.2200,4.1738,-0.0462,,,0.070247,9.000,,,scan,False,False,scanning
C_pert_scale-0.5%,A,A1_fixedL,R_scan,21,scan21,1993,ACOUSTIC_BODY.pdf(traced #65260); extracted D28_65260_ARNOLD_OUTLINE.csv,symmetric_by_construction,19.9900,285.000,23.7500,-3.8097,6.5228,0.3263,9.2606,26.6864,4.2200,4.1704,-0.0496,,,0.066605,9.000,,,scan,False,False,scanning
C_pert_scale-0.5%,A,A1_fixedL,R_scan,22,scan22,1993,ACOUSTIC_BODY.pdf(traced #65260); extracted D28_65260_ARNOLD_OUTLINE.csv,symmetric_by_construction,19.9900,294.000,24.5000,-4.2462,6.5228,0.3263,9.2606,26.6864,4.2200,4.1672,-0.0528,,,0.063186,9.000,,,scan,False,False,scanning
C_pert_scale-0.5%,A,A1_fixedL,R_scan,23,scan23,1993,ACOUSTIC_BODY.pdf(traced #65260); extracted D28_65260_ARNOLD_OUTLINE.csv,symmetric_by_construction,19.9900,303.000,25.2500,-4.6826,6.5228,0.3263,9.2606,26.6864,4.2200,4.1642,-0.0558,,,0.059970,9.000,,,scan,False,False,scanning
C_pert_scale-0.5%,A,A1_fixedL,R_scan,24,scan24,1993,ACOUSTIC_BODY.pdf(traced #65260); extracted D28_65260_ARNOLD_OUTLINE.csv,symmetric_by_construction,19.9900,312.000,26.0000,-5.1190,6.5228,0.3263,9.2606,26.6864,4.2200,4.1614,-0.0586,,,0.056941,9.000,,,scan,False,False,scanning
C_pert_scale-0.5%,A,A1_fixedL,R_scan,25,scan25,1993,ACOUSTIC_BODY.pdf(traced #65260); extracted D28_65260_ARNOLD_OUTLINE.csv,symmetric_by_construction,19.9900,321.000,26.7500,-5.5555,6.5228,0.3263,9.2606,26.6864,4.2200,4.1587,-0.0613,,,0.054081,9.000,,,scan,False,False,scanning
C_pert_scale-0.5%,A,A1_fixedL,R_scan,26,scan26,1993,ACOUSTIC_BODY.pdf(traced #65260); extracted D28_65260_ARNOLD_OUTLINE.csv,symmetric_by_construction,19.9900,330.000,27.5000,-5.9919,6.5228,0.3263,9.2606,26.6864,4.2200,4.1562,-0.0638,,,0.051378,9.000,,,scan,False,False,scanning
C_pert_scale-0.5%,A,A1_fixedL,R_scan,27,scan27,1993,ACOUSTIC_BODY.pdf(traced #65260); extracted D28_65260_ARNOLD_OUTLINE.csv,symmetric_by_construction,19.9900,339.000,28.2500,-6.4283,6.5228,0.3263,9.2606,26.6864,4.2200,4.1538,-0.0662,,,0.048818,9.000,,,scan,False,False,scanning
C_pert_scale-0.5%,A,A1_fixedL,R_scan,28,scan28,1993,ACOUSTIC_BODY.pdf(traced #65260); extracted D28_65260_ARNOLD_OUTLINE.csv,symmetric_by_construction,19.9900,348.000,29.0000,-6.8647,6.5228,0.3263,9.2606,26.6864,4.2200,4.1516,-0.0684,,,0.046391,9.000,,,scan,False,False,scanning
C_pert_scale-0.5%,A,A1_fixedL,R_scan,29,scan29,1993,ACOUSTIC_BODY.pdf(traced #65260); extracted D28_65260_ARNOLD_OUTLINE.csv,symmetric_by_construction,19.9900,357.000,29.7500,-7.3011,6.5228,0.3263,9.2606,26.6864,4.2200,4.1494,-0.0706,,,0.044086,9.000,,,scan,False,False,scanning
C_pert_scale-0.5%,A,A1_fixedL,R_scan,30,scan30,1993,ACOUSTIC_BODY.pdf(traced #65260); extracted D28_65260_ARNOLD_OUTLINE.csv,symmetric_by_construction,19.9900,366.000,30.5000,-7.7374,6.5228,0.3263,9.2606,26.6864,4.2200,4.1474,-0.0726,,,0.041895,9.000,,,scan,False,False,scanning
C_pert_scale-0.5%,A,A1_fixedL,R_scan,31,scan31,1993,ACOUSTIC_BODY.pdf(traced #65260); extracted D28_65260_ARNOLD_OUTLINE.csv,symmetric_by_construction,19.9900,375.000,31.2500,-8.1738,6.5228,0.3263,9.2606,26.6864,4.2200,4.1454,-0.0746,,,0.039809,9.000,,,scan,False,False,scanning
C_pert_scale-0.5%,A,A1_fixedL,R_scan,32,scan32,1993,ACOUSTIC_BODY.pdf(traced #65260); extracted D28_65260_ARNOLD_OUTLINE.csv,symmetric_by_construction,19.9900,384.000,32.0000,-8.6102,6.5228,0.3263,9.2606,26.6864,4.2200,4.1436,-0.0764,,,0.037821,9.000,,,scan,False,False,scanning
C_pert_scale-0.5%,A,A1_fixedL,R_scan,33,scan33,1993,ACOUSTIC_BODY.pdf(traced #65260); extracted D28_65260_ARNOLD_OUTLINE.csv,symmetric_by_construction,19.9900,393.000,32.7500,-9.0465,6.5228,0.3263,9.2606,26.6864,4.2200,4.1418,-0.0782,,,0.035924,9.000,,,scan,False,False,scanning
C_pert_scale-0.5%,A,A1_fixedL,R_scan,34,scan34,1993,ACOUSTIC_BODY.pdf(traced #65260); extracted D28_65260_ARNOLD_OUTLINE.csv,symmetric_by_construction,19.9900,402.000,33.5000,-9.4829,6.5228,0.3263,9.2606,26.6864,4.2200,4.1401,-0.0799,,,0.034112,9.000,,,scan,False,False,scanning
C_pert_scale-0.5%,A,A1_fixedL,R_scan,35,scan35,1993,ACOUSTIC_BODY.pdf(traced #65260); extracted D28_65260_ARNOLD_OUTLINE.csv,symmetric_by_construction,19.9900,411.000,34.2500,-9.9192,6.5228,0.3263,9.2606,26.6864,4.2200,4.1385,-0.0815,,,0.032380,9.000,,,scan,False,False,scanning
C_pert_scale-0.5%,A,A1_fixedL,R_scan,36,scan36,1993,ACOUSTIC_BODY.pdf(traced #65260); extracted D28_65260_ARNOLD_OUTLINE.csv,symmetric_by_construction,19.9900,420.000,35.0000,-10.3555,6.5228,0.3263,9.2606,26.6864,4.2200,4.1370,-0.0830,,,0.030721,9.000,,,scan,False,False,scanning
C_pert_scale-0.5%,A,A1_fixedL,R_scan,37,scan37,1993,ACOUSTIC_BODY.pdf(traced #65260); extracted D28_65260_ARNOLD_OUTLINE.csv,symmetric_by_construction,19.9900,429.000,35.7500,-10.7918,6.5228,0.3263,9.2606,26.6864,4.2200,4.1355,-0.0845,,,0.029133,9.000,,,scan,False,False,scanning
C_pert_scale-0.5%,A,A1_fixedL,R_scan,38,scan38,1993,ACOUSTIC_BODY.pdf(traced #65260); extracted D28_65260_ARNOLD_OUTLINE.csv,symmetric_by_construction,19.9900,438.000,36.5000,-11.2282,6.5228,0.3263,9.2606,26.6864,4.2200,4.1341,-0.0859,,,0.027609,9.000,,,scan,False,False,scanning
C_pert_scale-0.5%,A,A1_fixedL,R_scan,39,scan39,1993,ACOUSTIC_BODY.pdf(traced #65260); extracted D28_65260_ARNOLD_OUTLINE.csv,symmetric_by_construction,19.9900,447.000,37.2500,-11.6645,6.5228,0.3263,9.2606,26.6864,4.2200,4.1327,-0.0873,,,0.026147,9.000,,,scan,False,False,scanning
C_pert_scale-0.5%,A,A1_fixedL,R_scan,40,scan40,1993,ACOUSTIC_BODY.pdf(traced #65260); extracted D28_65260_ARNOLD_OUTLINE.csv,symmetric_by_construction,19.9900,456.000,38.0000,-12.1008,6.5228,0.3263,9.2606,26.6864,4.2200,4.1314,-0.0886,,,0.024743,9.000,,,scan,False,False,scanning
C_pert_scale-0.5%,A,A1_fixedL,R_scan,41,scan41,1993,ACOUSTIC_BODY.pdf(traced #65260); extracted D28_65260_ARNOLD_OUTLINE.csv,symmetric_by_construction,19.9900,465.000,38.7500,-12.5371,6.5228,0.3263,9.2606,26.6864,4.2200,4.1302,-0.0898,,,0.023393,9.000,,,scan,False,False,scanning
C_pert_scale-0.5%,A,A1_fixedL,R_scan,42,scan42,1993,ACOUSTIC_BODY.pdf(traced #65260); extracted D28_65260_ARNOLD_OUTLINE.csv,symmetric_by_construction,19.9900,474.000,39.5000,-12.9734,6.5228,0.3263,9.2606,26.6864,4.2200,4.1289,-0.0911,,,0.022095,9.000,,,scan,False,False,scanning
C_pert_scale-0.5%,A,A1_fixedL,R_scan,43,scan43,1993,ACOUSTIC_BODY.pdf(traced #65260); extracted D28_65260_ARNOLD_OUTLINE.csv,symmetric_by_construction,19.9900,483.000,40.2500,-13.4097,6.5228,0.3263,9.2606,26.6864,4.2200,4.1278,-0.0922,,,0.020845,9.000,,,scan,False,False,scanning
C_pert_scale-0.5%,A,A1_fixedL,R_scan,44,scan44,1993,ACOUSTIC_BODY.pdf(traced #65260); extracted D28_65260_ARNOLD_OUTLINE.csv,symmetric_by_construction,19.9900,492.000,41.0000,-13.8460,6.5228,0.3263,9.2606,26.6864,4.2200,4.1267,-0.0933,,,0.019641,9.000,,,scan,False,False,scanning
C_pert_scale-0.5%,A,A1_fixedL,R_scan,45,scan45,1993,ACOUSTIC_BODY.pdf(traced #65260); extracted D28_65260_ARNOLD_OUTLINE.csv,symmetric_by_construction,19.9900,501.000,41.7500,-14.2823,6.5228,0.3263,9.2606,26.6864,4.2200,4.1256,-0.0944,,,0.018479,9.000,,,scan,False,False,scanning
C_pert_scale-0.5%,A,A1_fixedL,R_scan,46,scan46,1993,ACOUSTIC_BODY.pdf(traced #65260); extracted D28_65260_ARNOLD_OUTLINE.csv,symmetric_by_construction,19.9900,510.000,42.5000,-14.7186,6.5228,0.3263,9.2606,26.6864,4.2200,4.1245,-0.0955,,,0.017359,9.000,,,scan,False,False,scanning
C_pert_scale-0.5%,A,A1_fixedL,R_scan,47,scan47,1993,ACOUSTIC_BODY.pdf(traced #65260); extracted D28_65260_ARNOLD_OUTLINE.csv,symmetric_by_construction,19.9900,519.000,43.2500,-15.1549,6.5228,0.3263,9.2606,26.6864,4.2200,4.1235,-0.0965,,,0.016278,9.000,,,scan,False,False,scanning
C_pert_scale-0.5%,A,A1_fixedL,R_scan,48,scan48,1993,ACOUSTIC_BODY.pdf(traced #65260); extracted D28_65260_ARNOLD_OUTLINE.csv,symmetric_by_construction,19.9900,528.000,44.0000,-15.5912,6.5228,0.3263,9.2606,26.6864,4.2200,4.1226,-0.0974,,,0.015234,9.000,,,scan,False,False,scanning
C_pert_scale-0.5%,A,A1_fixedL,R_scan,49,scan49,1993,ACOUSTIC_BODY.pdf(traced #65260); extracted D28_65260_ARNOLD_OUTLINE.csv,symmetric_by_construction,19.9900,537.000,44.7500,-16.0275,6.5228,0.3263,9.2606,26.6864,4.2200,4.1216,-0.0984,,,0.014225,9.000,,,scan,False,False,scanning
C_pert_scale-0.5%,A,A1_fixedL,R_scan,50,scan50,1993,ACOUSTIC_BODY.pdf(traced #65260); extracted D28_65260_ARNOLD_OUTLINE.csv,symmetric_by_construction,19.9900,546.000,45.5000,-16.4637,6.5228,0.3263,9.2606,26.6864,4.2200,4.1207,-0.0993,,,0.013249,9.000,,,scan,False,False,scanning
C_pert_scale-0.5%,A,A1_fixedL,R_scan,51,scan51,1993,ACOUSTIC_BODY.pdf(traced #65260); extracted D28_65260_ARNOLD_OUTLINE.csv,symmetric_by_construction,19.9900,555.000,46.2500,-16.9000,6.5228,0.3263,9.2606,26.6864,4.2200,4.1198,-0.1002,,,0.012304,9.000,,,scan,False,False,scanning
C_pert_scale-0.5%,A,A1_fixedL,R_scan,52,scan52,1993,ACOUSTIC_BODY.pdf(traced #65260); extracted D28_65260_ARNOLD_OUTLINE.csv,symmetric_by_construction,19.9900,564.000,47.0000,-17.3363,6.5228,0.3263,9.2606,26.6864,4.2200,4.1190,-0.1010,,,0.011390,9.000,,,scan,False,False,scanning
C_pert_scale-0.5%,A,A1_fixedL,R_scan,53,scan53,1993,ACOUSTIC_BODY.pdf(traced #65260); extracted D28_65260_ARNOLD_OUTLINE.csv,symmetric_by_construction,19.9900,573.000,47.7500,-17.7726,6.5228,0.3263,9.2606,26.6864,4.2200,4.1182,-0.1018,,,0.010505,9.000,,,scan,False,False,scanning
C_pert_scale-0.5%,A,A1_fixedL,R_scan,54,scan54,1993,ACOUSTIC_BODY.pdf(traced #65260); extracted D28_65260_ARNOLD_OUTLINE.csv,symmetric_by_construction,19.9900,582.000,48.5000,-18.2088,6.5228,0.3263,9.2606,26.6864,4.2200,4.1174,-0.1026,,,0.009647,9.000,,,scan,False,False,scanning
C_pert_scale-0.5%,A,A1_fixedL,R_scan,55,scan55,1993,ACOUSTIC_BODY.pdf(traced #65260); extracted D28_65260_ARNOLD_OUTLINE.csv,symmetric_by_construction,19.9900,591.000,49.2500,-18.6451,6.5228,0.3263,9.2606,26.6864,4.2200,4.1166,-0.1034,,,0.008815,9.000,,,scan,False,False,scanning
C_pert_h+0.01,A,A1_fixedL,R_scan,0,scan0,1993,ACOUSTIC_BODY.pdf(traced #65260); extracted D28_65260_ARNOLD_OUTLINE.csv,symmetric_by_construction,19.9900,96.000,8.0000,5.3675,6.5228,0.3263,9.2770,26.7283,4.2200,4.3748,0.1548,,,0.275095,,,,scan,True,True,scanning
C_pert_h+0.01,A,A1_fixedL,R_scan,1,scan1,1993,ACOUSTIC_BODY.pdf(traced #65260); extracted D28_65260_ARNOLD_OUTLINE.csv,symmetric_by_construction,19.9900,105.000,8.7500,4.9291,6.5228,0.3263,9.2770,26.7283,4.2200,4.3482,0.1282,,,0.246541,9.000,,,scan,True,False,scanning
C_pert_h+0.01,A,A1_fixedL,R_scan,2,scan2,1993,ACOUSTIC_BODY.pdf(traced #65260); extracted D28_65260_ARNOLD_OUTLINE.csv,symmetric_by_construction,19.9900,114.000,9.5000,4.4910,6.5228,0.3263,9.2770,26.7283,4.2200,4.3258,0.1058,,,0.222536,9.000,,,scan,True,False,scanning
C_pert_h+0.01,A,A1_fixedL,R_scan,3,scan3,1993,ACOUSTIC_BODY.pdf(traced #65260); extracted D28_65260_ARNOLD_OUTLINE.csv,symmetric_by_construction,19.9900,123.000,10.2500,4.0533,6.5228,0.3263,9.2770,26.7283,4.2200,4.3067,0.0867,,,0.202072,9.000,,,scan,True,False,scanning
C_pert_h+0.01,A,A1_fixedL,R_scan,4,scan4,1993,ACOUSTIC_BODY.pdf(traced #65260); extracted D28_65260_ARNOLD_OUTLINE.csv,symmetric_by_construction,19.9900,132.000,11.0000,3.6157,6.5228,0.3263,9.2770,26.7283,4.2200,4.2902,0.0702,,,0.184417,9.000,,,scan,True,False,scanning
C_pert_h+0.01,A,A1_fixedL,R_scan,5,scan5,1993,ACOUSTIC_BODY.pdf(traced #65260); extracted D28_65260_ARNOLD_OUTLINE.csv,symmetric_by_construction,19.9900,141.000,11.7500,3.1783,6.5228,0.3263,9.2770,26.7283,4.2200,4.2759,0.0559,,,0.169028,9.000,,,scan,True,False,scanning
C_pert_h+0.01,A,A1_fixedL,R_scan,6,scan6,1993,ACOUSTIC_BODY.pdf(traced #65260); extracted D28_65260_ARNOLD_OUTLINE.csv,symmetric_by_construction,19.9900,150.000,12.5000,2.7411,6.5228,0.3263,9.2770,26.7283,4.2200,4.2633,0.0433,,,0.155496,9.000,,,scan,True,False,scanning
C_pert_h+0.01,A,A1_fixedL,R_scan,7,scan7,1993,ACOUSTIC_BODY.pdf(traced #65260); extracted D28_65260_ARNOLD_OUTLINE.csv,symmetric_by_construction,19.9900,159.000,13.2500,2.3040,6.5228,0.3263,9.2770,26.7283,4.2200,4.2521,0.0321,,,0.143503,9.000,,,scan,True,False,scanning
C_pert_h+0.01,A,A1_fixedL,R_scan,8,scan8,1993,ACOUSTIC_BODY.pdf(traced #65260); extracted D28_65260_ARNOLD_OUTLINE.csv,symmetric_by_construction,19.9900,168.000,14.0000,1.8669,6.5228,0.3263,9.2770,26.7283,4.2200,4.2421,0.0221,,,0.132800,9.000,,,scan,True,False,scanning
C_pert_h+0.01,A,A1_fixedL,R_scan,9,scan9,1993,ACOUSTIC_BODY.pdf(traced #65260); extracted D28_65260_ARNOLD_OUTLINE.csv,symmetric_by_construction,19.9900,177.000,14.7500,1.4300,6.5228,0.3263,9.2770,26.7283,4.2200,4.2331,0.0131,,,0.123190,9.000,,,scan,True,False,scanning
C_pert_h+0.01,A,A1_fixedL,R_scan,10,scan10,1993,ACOUSTIC_BODY.pdf(traced #65260); extracted D28_65260_ARNOLD_OUTLINE.csv,symmetric_by_construction,19.9900,186.000,15.5000,0.9931,6.5228,0.3263,9.2770,26.7283,4.2200,4.2251,0.0051,,,0.114513,9.000,,,scan,True,False,scanning
C_pert_h+0.01,A,A1_fixedL,R_scan,11,scan11,1993,ACOUSTIC_BODY.pdf(traced #65260); extracted D28_65260_ARNOLD_OUTLINE.csv,symmetric_by_construction,19.9900,195.000,16.2500,0.5563,6.5228,0.3263,9.2770,26.7283,4.2200,4.2177,-0.0023,,,0.106639,9.000,,,scan,True,False,scanning
C_pert_h+0.01,A,A1_fixedL,R_scan,12,scan12,1993,ACOUSTIC_BODY.pdf(traced #65260); extracted D28_65260_ARNOLD_OUTLINE.csv,symmetric_by_construction,19.9900,204.000,17.0000,0.1195,6.5228,0.3263,9.2770,26.7283,4.2200,4.2110,-0.0090,,,0.099462,9.000,,,scan,True,False,scanning
C_pert_h+0.01,A,A1_fixedL,R_scan,13,scan13,1993,ACOUSTIC_BODY.pdf(traced #65260); extracted D28_65260_ARNOLD_OUTLINE.csv,symmetric_by_construction,19.9900,213.000,17.7500,-0.3172,6.5228,0.3263,9.2770,26.7283,4.2200,4.2049,-0.0151,,,0.092893,9.000,,,scan,False,False,scanning
C_pert_h+0.01,A,A1_fixedL,R_scan,14,scan14,1993,ACOUSTIC_BODY.pdf(traced #65260); extracted D28_65260_ARNOLD_OUTLINE.csv,symmetric_by_construction,19.9900,222.000,18.5000,-0.7538,6.5228,0.3263,9.2770,26.7283,4.2200,4.1993,-0.0207,,,0.086858,9.000,,,scan,False,False,scanning
C_pert_h+0.01,A,A1_fixedL,R_scan,15,scan15,1993,ACOUSTIC_BODY.pdf(traced #65260); extracted D28_65260_ARNOLD_OUTLINE.csv,symmetric_by_construction,19.9900,231.000,19.2500,-1.1905,6.5228,0.3263,9.2770,26.7283,4.2200,4.1941,-0.0259,,,0.081294,9.000,,,scan,False,False,scanning
C_pert_h+0.01,A,A1_fixedL,R_scan,16,scan16,1993,ACOUSTIC_BODY.pdf(traced #65260); extracted D28_65260_ARNOLD_OUTLINE.csv,symmetric_by_construction,19.9900,240.000,20.0000,-1.6271,6.5228,0.3263,9.2770,26.7283,4.2200,4.1893,-0.0307,,,0.076148,9.000,,,scan,False,False,scanning
C_pert_h+0.01,A,A1_fixedL,R_scan,17,scan17,1993,ACOUSTIC_BODY.pdf(traced #65260); extracted D28_65260_ARNOLD_OUTLINE.csv,symmetric_by_construction,19.9900,249.000,20.7500,-2.0636,6.5228,0.3263,9.2770,26.7283,4.2200,4.1849,-0.0351,,,0.071375,9.000,,,scan,False,False,scanning
C_pert_h+0.01,A,A1_fixedL,R_scan,18,scan18,1993,ACOUSTIC_BODY.pdf(traced #65260); extracted D28_65260_ARNOLD_OUTLINE.csv,symmetric_by_construction,19.9900,258.000,21.5000,-2.5002,6.5228,0.3263,9.2770,26.7283,4.2200,4.1807,-0.0393,,,0.066935,9.000,,,scan,False,False,scanning
C_pert_h+0.01,A,A1_fixedL,R_scan,19,scan19,1993,ACOUSTIC_BODY.pdf(traced #65260); extracted D28_65260_ARNOLD_OUTLINE.csv,symmetric_by_construction,19.9900,267.000,22.2500,-2.9367,6.5228,0.3263,9.2770,26.7283,4.2200,4.1769,-0.0431,,,0.062796,9.000,,,scan,False,False,scanning
C_pert_h+0.01,A,A1_fixedL,R_scan,20,scan20,1993,ACOUSTIC_BODY.pdf(traced #65260); extracted D28_65260_ARNOLD_OUTLINE.csv,symmetric_by_construction,19.9900,276.000,23.0000,-3.3732,6.5228,0.3263,9.2770,26.7283,4.2200,4.1733,-0.0467,,,0.058926,9.000,,,scan,False,False,scanning
C_pert_h+0.01,A,A1_fixedL,R_scan,21,scan21,1993,ACOUSTIC_BODY.pdf(traced #65260); extracted D28_65260_ARNOLD_OUTLINE.csv,symmetric_by_construction,19.9900,285.000,23.7500,-3.8097,6.5228,0.3263,9.2770,26.7283,4.2200,4.1699,-0.0501,,,0.055302,9.000,,,scan,False,False,scanning
C_pert_h+0.01,A,A1_fixedL,R_scan,22,scan22,1993,ACOUSTIC_BODY.pdf(traced #65260); extracted D28_65260_ARNOLD_OUTLINE.csv,symmetric_by_construction,19.9900,294.000,24.5000,-4.2462,6.5228,0.3263,9.2770,26.7283,4.2200,4.1667,-0.0533,,,0.051900,9.000,,,scan,False,False,scanning
C_pert_h+0.01,A,A1_fixedL,R_scan,23,scan23,1993,ACOUSTIC_BODY.pdf(traced #65260); extracted D28_65260_ARNOLD_OUTLINE.csv,symmetric_by_construction,19.9900,303.000,25.2500,-4.6826,6.5228,0.3263,9.2770,26.7283,4.2200,4.1637,-0.0563,,,0.048700,9.000,,,scan,False,False,scanning
C_pert_h+0.01,A,A1_fixedL,R_scan,24,scan24,1993,ACOUSTIC_BODY.pdf(traced #65260); extracted D28_65260_ARNOLD_OUTLINE.csv,symmetric_by_construction,19.9900,312.000,26.0000,-5.1190,6.5228,0.3263,9.2770,26.7283,4.2200,4.1609,-0.0591,,,0.045684,9.000,,,scan,False,False,scanning
C_pert_h+0.01,A,A1_fixedL,R_scan,25,scan25,1993,ACOUSTIC_BODY.pdf(traced #65260); extracted D28_65260_ARNOLD_OUTLINE.csv,symmetric_by_construction,19.9900,321.000,26.7500,-5.5555,6.5228,0.3263,9.2770,26.7283,4.2200,4.1583,-0.0617,,,0.042839,9.000,,,scan,False,False,scanning
C_pert_h+0.01,A,A1_fixedL,R_scan,26,scan26,1993,ACOUSTIC_BODY.pdf(traced #65260); extracted D28_65260_ARNOLD_OUTLINE.csv,symmetric_by_construction,19.9900,330.000,27.5000,-5.9919,6.5228,0.3263,9.2770,26.7283,4.2200,4.1558,-0.0642,,,0.040148,9.000,,,scan,False,False,scanning
C_pert_h+0.01,A,A1_fixedL,R_scan,27,scan27,1993,ACOUSTIC_BODY.pdf(traced #65260); extracted D28_65260_ARNOLD_OUTLINE.csv,symmetric_by_construction,19.9900,339.000,28.2500,-6.4283,6.5228,0.3263,9.2770,26.7283,4.2200,4.1534,-0.0666,,,0.037601,9.000,,,scan,False,False,scanning
C_pert_h+0.01,A,A1_fixedL,R_scan,28,scan28,1993,ACOUSTIC_BODY.pdf(traced #65260); extracted D28_65260_ARNOLD_OUTLINE.csv,symmetric_by_construction,19.9900,348.000,29.0000,-6.8647,6.5228,0.3263,9.2770,26.7283,4.2200,4.1512,-0.0688,,,0.035185,9.000,,,scan,False,False,scanning
C_pert_h+0.01,A,A1_fixedL,R_scan,29,scan29,1993,ACOUSTIC_BODY.pdf(traced #65260); extracted D28_65260_ARNOLD_OUTLINE.csv,symmetric_by_construction,19.9900,357.000,29.7500,-7.3011,6.5228,0.3263,9.2770,26.7283,4.2200,4.1490,-0.0710,,,0.032891,9.000,,,scan,False,False,scanning
C_pert_h+0.01,A,A1_fixedL,R_scan,30,scan30,1993,ACOUSTIC_BODY.pdf(traced #65260); extracted D28_65260_ARNOLD_OUTLINE.csv,symmetric_by_construction,19.9900,366.000,30.5000,-7.7374,6.5228,0.3263,9.2770,26.7283,4.2200,4.1470,-0.0730,,,0.030711,9.000,,,scan,False,False,scanning
C_pert_h+0.01,A,A1_fixedL,R_scan,31,scan31,1993,ACOUSTIC_BODY.pdf(traced #65260); extracted D28_65260_ARNOLD_OUTLINE.csv,symmetric_by_construction,19.9900,375.000,31.2500,-8.1738,6.5228,0.3263,9.2770,26.7283,4.2200,4.1451,-0.0749,,,0.028635,9.000,,,scan,False,False,scanning
C_pert_h+0.01,A,A1_fixedL,R_scan,32,scan32,1993,ACOUSTIC_BODY.pdf(traced #65260); extracted D28_65260_ARNOLD_OUTLINE.csv,symmetric_by_construction,19.9900,384.000,32.0000,-8.6102,6.5228,0.3263,9.2770,26.7283,4.2200,4.1432,-0.0768,,,0.026656,9.000,,,scan,False,False,scanning
C_pert_h+0.01,A,A1_fixedL,R_scan,33,scan33,1993,ACOUSTIC_BODY.pdf(traced #65260); extracted D28_65260_ARNOLD_OUTLINE.csv,symmetric_by_construction,19.9900,393.000,32.7500,-9.0465,6.5228,0.3263,9.2770,26.7283,4.2200,4.1415,-0.0785,,,0.024768,9.000,,,scan,False,False,scanning
C_pert_h+0.01,A,A1_fixedL,R_scan,34,scan34,1993,ACOUSTIC_BODY.pdf(traced #65260); extracted D28_65260_ARNOLD_OUTLINE.csv,symmetric_by_construction,19.9900,402.000,33.5000,-9.4829,6.5228,0.3263,9.2770,26.7283,4.2200,4.1398,-0.0802,,,0.022965,9.000,,,scan,False,False,scanning
C_pert_h+0.01,A,A1_fixedL,R_scan,35,scan35,1993,ACOUSTIC_BODY.pdf(traced #65260); extracted D28_65260_ARNOLD_OUTLINE.csv,symmetric_by_construction,19.9900,411.000,34.2500,-9.9192,6.5228,0.3263,9.2770,26.7283,4.2200,4.1382,-0.0818,,,0.021241,9.000,,,scan,False,False,scanning
C_pert_h+0.01,A,A1_fixedL,R_scan,36,scan36,1993,ACOUSTIC_BODY.pdf(traced #65260); extracted D28_65260_ARNOLD_OUTLINE.csv,symmetric_by_construction,19.9900,420.000,35.0000,-10.3555,6.5228,0.3263,9.2770,26.7283,4.2200,4.1366,-0.0834,,,0.019590,9.000,,,scan,False,False,scanning
C_pert_h+0.01,A,A1_fixedL,R_scan,37,scan37,1993,ACOUSTIC_BODY.pdf(traced #65260); extracted D28_65260_ARNOLD_OUTLINE.csv,symmetric_by_construction,19.9900,429.000,35.7500,-10.7918,6.5228,0.3263,9.2770,26.7283,4.2200,4.1352,-0.0848,,,0.018009,9.000,,,scan,False,False,scanning
C_pert_h+0.01,A,A1_fixedL,R_scan,38,scan38,1993,ACOUSTIC_BODY.pdf(traced #65260); extracted D28_65260_ARNOLD_OUTLINE.csv,symmetric_by_construction,19.9900,438.000,36.5000,-11.2282,6.5228,0.3263,9.2770,26.7283,4.2200,4.1337,-0.0863,,,0.016493,9.000,,,scan,False,False,scanning
C_pert_h+0.01,A,A1_fixedL,R_scan,39,scan39,1993,ACOUSTIC_BODY.pdf(traced #65260); extracted D28_65260_ARNOLD_OUTLINE.csv,symmetric_by_construction,19.9900,447.000,37.2500,-11.6645,6.5228,0.3263,9.2770,26.7283,4.2200,4.1324,-0.0876,,,0.015038,9.000,,,scan,False,False,scanning
C_pert_h+0.01,A,A1_fixedL,R_scan,40,scan40,1993,ACOUSTIC_BODY.pdf(traced #65260); extracted D28_65260_ARNOLD_OUTLINE.csv,symmetric_by_construction,19.9900,456.000,38.0000,-12.1008,6.5228,0.3263,9.2770,26.7283,4.2200,4.1311,-0.0889,,,0.013641,9.000,,,scan,False,False,scanning
C_pert_h+0.01,A,A1_fixedL,R_scan,41,scan41,1993,ACOUSTIC_BODY.pdf(traced #65260); extracted D28_65260_ARNOLD_OUTLINE.csv,symmetric_by_construction,19.9900,465.000,38.7500,-12.5371,6.5228,0.3263,9.2770,26.7283,4.2200,4.1298,-0.0902,,,0.012298,9.000,,,scan,False,False,scanning
C_pert_h+0.01,A,A1_fixedL,R_scan,42,scan42,1993,ACOUSTIC_BODY.pdf(traced #65260); extracted D28_65260_ARNOLD_OUTLINE.csv,symmetric_by_construction,19.9900,474.000,39.5000,-12.9734,6.5228,0.3263,9.2770,26.7283,4.2200,4.1286,-0.0914,,,0.011005,9.000,,,scan,False,False,scanning
C_pert_h+0.01,A,A1_fixedL,R_scan,43,scan43,1993,ACOUSTIC_BODY.pdf(traced #65260); extracted D28_65260_ARNOLD_OUTLINE.csv,symmetric_by_construction,19.9900,483.000,40.2500,-13.4097,6.5228,0.3263,9.2770,26.7283,4.2200,4.1275,-0.0925,,,0.009761,9.000,,,scan,False,False,scanning
C_pert_h+0.01,A,A1_fixedL,R_scan,44,scan44,1993,ACOUSTIC_BODY.pdf(traced #65260); extracted D28_65260_ARNOLD_OUTLINE.csv,symmetric_by_construction,19.9900,492.000,41.0000,-13.8460,6.5228,0.3263,9.2770,26.7283,4.2200,4.1264,-0.0936,,,0.008563,9.000,,,scan,False,False,scanning
C_pert_h+0.01,A,A1_fixedL,R_scan,45,scan45,1993,ACOUSTIC_BODY.pdf(traced #65260); extracted D28_65260_ARNOLD_OUTLINE.csv,symmetric_by_construction,19.9900,501.000,41.7500,-14.2823,6.5228,0.3263,9.2770,26.7283,4.2200,4.1253,-0.0947,,,0.007407,9.000,,,scan,False,False,scanning
C_pert_h+0.01,A,A1_fixedL,R_scan,46,scan46,1993,ACOUSTIC_BODY.pdf(traced #65260); extracted D28_65260_ARNOLD_OUTLINE.csv,symmetric_by_construction,19.9900,510.000,42.5000,-14.7186,6.5228,0.3263,9.2770,26.7283,4.2200,4.1243,-0.0957,,,0.006292,9.000,,,scan,False,False,scanning
C_pert_h+0.01,A,A1_fixedL,R_scan,47,scan47,1993,ACOUSTIC_BODY.pdf(traced #65260); extracted D28_65260_ARNOLD_OUTLINE.csv,symmetric_by_construction,19.9900,519.000,43.2500,-15.1549,6.5228,0.3263,9.2770,26.7283,4.2200,4.1232,-0.0968,,,0.005216,9.000,,,scan,False,False,scanning
C_pert_h+0.01,A,A1_fixedL,R_scan,48,scan48,1993,ACOUSTIC_BODY.pdf(traced #65260); extracted D28_65260_ARNOLD_OUTLINE.csv,symmetric_by_construction,19.9900,528.000,44.0000,-15.5912,6.5228,0.3263,9.2770,26.7283,4.2200,4.1223,-0.0977,,,0.004177,9.000,,,scan,False,False,scanning
C_pert_h+0.01,A,A1_fixedL,R_scan,49,scan49,1993,ACOUSTIC_BODY.pdf(traced #65260); extracted D28_65260_ARNOLD_OUTLINE.csv,symmetric_by_construction,19.9900,537.000,44.7500,-16.0275,6.5228,0.3263,9.2770,26.7283,4.2200,4.1213,-0.0987,,,0.003173,9.000,,,scan,False,False,scanning
C_pert_h+0.01,A,A1_fixedL,R_scan,50,scan50,1993,ACOUSTIC_BODY.pdf(traced #65260); extracted D28_65260_ARNOLD_OUTLINE.csv,symmetric_by_construction,19.9900,546.000,45.5000,-16.4637,6.5228,0.3263,9.2770,26.7283,4.2200,4.1204,-0.0996,,,0.002201,9.000,,,scan,False,False,scanning
C_pert_h+0.01,A,A1_fixedL,R_scan,51,scan51,1993,ACOUSTIC_BODY.pdf(traced #65260); extracted D28_65260_ARNOLD_OUTLINE.csv,symmetric_by_construction,19.9900,555.000,46.2500,-16.9000,6.5228,0.3263,9.2770,26.7283,4.2200,4.1196,-0.1004,,,0.001262,9.000,,,scan,False,False,scanning
C_pert_h+0.01,A,A1_fixedL,R_scan,52,scan52,1993,ACOUSTIC_BODY.pdf(traced #65260); extracted D28_65260_ARNOLD_OUTLINE.csv,symmetric_by_construction,19.9900,564.000,47.0000,-17.3363,6.5228,0.3263,9.2770,26.7283,4.2200,4.1187,-0.1013,,,0.000352,9.000,,,scan,False,False,scanning
C_pert_h+0.01,C,A1_fixedL,perturbation,0,final,1993,ACOUSTIC_BODY.pdf(traced #65260); extracted D28_65260_ARNOLD_OUTLINE.csv,symmetric_by_construction,19.9900,567.558,47.2965,-17.5088,6.5228,0.3263,9.2770,26.7283,4.2200,4.1184,-0.1016,,,,,,,brentq+perturb,False,False,solved
C_pert_h-0.01,A,A1_fixedL,R_scan,0,scan0,1993,ACOUSTIC_BODY.pdf(traced #65260); extracted D28_65260_ARNOLD_OUTLINE.csv,symmetric_by_construction,19.9900,96.000,8.0000,5.3675,6.5228,0.3263,9.2770,26.7283,4.2200,4.3748,0.1548,,,0.295095,,,,scan,True,True,scanning
C_pert_h-0.01,A,A1_fixedL,R_scan,1,scan1,1993,ACOUSTIC_BODY.pdf(traced #65260); extracted D28_65260_ARNOLD_OUTLINE.csv,symmetric_by_construction,19.9900,105.000,8.7500,4.9291,6.5228,0.3263,9.2770,26.7283,4.2200,4.3482,0.1282,,,0.266541,9.000,,,scan,True,False,scanning
C_pert_h-0.01,A,A1_fixedL,R_scan,2,scan2,1993,ACOUSTIC_BODY.pdf(traced #65260); extracted D28_65260_ARNOLD_OUTLINE.csv,symmetric_by_construction,19.9900,114.000,9.5000,4.4910,6.5228,0.3263,9.2770,26.7283,4.2200,4.3258,0.1058,,,0.242536,9.000,,,scan,True,False,scanning
C_pert_h-0.01,A,A1_fixedL,R_scan,3,scan3,1993,ACOUSTIC_BODY.pdf(traced #65260); extracted D28_65260_ARNOLD_OUTLINE.csv,symmetric_by_construction,19.9900,123.000,10.2500,4.0533,6.5228,0.3263,9.2770,26.7283,4.2200,4.3067,0.0867,,,0.222072,9.000,,,scan,True,False,scanning
C_pert_h-0.01,A,A1_fixedL,R_scan,4,scan4,1993,ACOUSTIC_BODY.pdf(traced #65260); extracted D28_65260_ARNOLD_OUTLINE.csv,symmetric_by_construction,19.9900,132.000,11.0000,3.6157,6.5228,0.3263,9.2770,26.7283,4.2200,4.2902,0.0702,,,0.204417,9.000,,,scan,True,False,scanning
C_pert_h-0.01,A,A1_fixedL,R_scan,5,scan5,1993,ACOUSTIC_BODY.pdf(traced #65260); extracted D28_65260_ARNOLD_OUTLINE.csv,symmetric_by_construction,19.9900,141.000,11.7500,3.1783,6.5228,0.3263,9.2770,26.7283,4.2200,4.2759,0.0559,,,0.189028,9.000,,,scan,True,False,scanning
C_pert_h-0.01,A,A1_fixedL,R_scan,6,scan6,1993,ACOUSTIC_BODY.pdf(traced #65260); extracted D28_65260_ARNOLD_OUTLINE.csv,symmetric_by_construction,19.9900,150.000,12.5000,2.7411,6.5228,0.3263,9.2770,26.7283,4.2200,4.2633,0.0433,,,0.175496,9.000,,,scan,True,False,scanning
C_pert_h-0.01,A,A1_fixedL,R_scan,7,scan7,1993,ACOUSTIC_BODY.pdf(traced #65260); extracted D28_65260_ARNOLD_OUTLINE.csv,symmetric_by_construction,19.9900,159.000,13.2500,2.3040,6.5228,0.3263,9.2770,26.7283,4.2200,4.2521,0.0321,,,0.163503,9.000,,,scan,True,False,scanning
C_pert_h-0.01,A,A1_fixedL,R_scan,8,scan8,1993,ACOUSTIC_BODY.pdf(traced #65260); extracted D28_65260_ARNOLD_OUTLINE.csv,symmetric_by_construction,19.9900,168.000,14.0000,1.8669,6.5228,0.3263,9.2770,26.7283,4.2200,4.2421,0.0221,,,0.152800,9.000,,,scan,True,False,scanning
C_pert_h-0.01,A,A1_fixedL,R_scan,9,scan9,1993,ACOUSTIC_BODY.pdf(traced #65260); extracted D28_65260_ARNOLD_OUTLINE.csv,symmetric_by_construction,19.9900,177.000,14.7500,1.4300,6.5228,0.3263,9.2770,26.7283,4.2200,4.2331,0.0131,,,0.143190,9.000,,,scan,True,False,scanning
C_pert_h-0.01,A,A1_fixedL,R_scan,10,scan10,1993,ACOUSTIC_BODY.pdf(traced #65260); extracted D28_65260_ARNOLD_OUTLINE.csv,symmetric_by_construction,19.9900,186.000,15.5000,0.9931,6.5228,0.3263,9.2770,26.7283,4.2200,4.2251,0.0051,,,0.134513,9.000,,,scan,True,False,scanning
C_pert_h-0.01,A,A1_fixedL,R_scan,11,scan11,1993,ACOUSTIC_BODY.pdf(traced #65260); extracted D28_65260_ARNOLD_OUTLINE.csv,symmetric_by_construction,19.9900,195.000,16.2500,0.5563,6.5228,0.3263,9.2770,26.7283,4.2200,4.2177,-0.0023,,,0.126639,9.000,,,scan,True,False,scanning
C_pert_h-0.01,A,A1_fixedL,R_scan,12,scan12,1993,ACOUSTIC_BODY.pdf(traced #65260); extracted D28_65260_ARNOLD_OUTLINE.csv,symmetric_by_construction,19.9900,204.000,17.0000,0.1195,6.5228,0.3263,9.2770,26.7283,4.2200,4.2110,-0.0090,,,0.119462,9.000,,,scan,True,False,scanning
C_pert_h-0.01,A,A1_fixedL,R_scan,13,scan13,1993,ACOUSTIC_BODY.pdf(traced #65260); extracted D28_65260_ARNOLD_OUTLINE.csv,symmetric_by_construction,19.9900,213.000,17.7500,-0.3172,6.5228,0.3263,9.2770,26.7283,4.2200,4.2049,-0.0151,,,0.112893,9.000,,,scan,False,False,scanning
C_pert_h-0.01,A,A1_fixedL,R_scan,14,scan14,1993,ACOUSTIC_BODY.pdf(traced #65260); extracted D28_65260_ARNOLD_OUTLINE.csv,symmetric_by_construction,19.9900,222.000,18.5000,-0.7538,6.5228,0.3263,9.2770,26.7283,4.2200,4.1993,-0.0207,,,0.106858,9.000,,,scan,False,False,scanning
C_pert_h-0.01,A,A1_fixedL,R_scan,15,scan15,1993,ACOUSTIC_BODY.pdf(traced #65260); extracted D28_65260_ARNOLD_OUTLINE.csv,symmetric_by_construction,19.9900,231.000,19.2500,-1.1905,6.5228,0.3263,9.2770,26.7283,4.2200,4.1941,-0.0259,,,0.101294,9.000,,,scan,False,False,scanning
C_pert_h-0.01,A,A1_fixedL,R_scan,16,scan16,1993,ACOUSTIC_BODY.pdf(traced #65260); extracted D28_65260_ARNOLD_OUTLINE.csv,symmetric_by_construction,19.9900,240.000,20.0000,-1.6271,6.5228,0.3263,9.2770,26.7283,4.2200,4.1893,-0.0307,,,0.096148,9.000,,,scan,False,False,scanning
C_pert_h-0.01,A,A1_fixedL,R_scan,17,scan17,1993,ACOUSTIC_BODY.pdf(traced #65260); extracted D28_65260_ARNOLD_OUTLINE.csv,symmetric_by_construction,19.9900,249.000,20.7500,-2.0636,6.5228,0.3263,9.2770,26.7283,4.2200,4.1849,-0.0351,,,0.091375,9.000,,,scan,False,False,scanning
C_pert_h-0.01,A,A1_fixedL,R_scan,18,scan18,1993,ACOUSTIC_BODY.pdf(traced #65260); extracted D28_65260_ARNOLD_OUTLINE.csv,symmetric_by_construction,19.9900,258.000,21.5000,-2.5002,6.5228,0.3263,9.2770,26.7283,4.2200,4.1807,-0.0393,,,0.086935,9.000,,,scan,False,False,scanning
C_pert_h-0.01,A,A1_fixedL,R_scan,19,scan19,1993,ACOUSTIC_BODY.pdf(traced #65260); extracted D28_65260_ARNOLD_OUTLINE.csv,symmetric_by_construction,19.9900,267.000,22.2500,-2.9367,6.5228,0.3263,9.2770,26.7283,4.2200,4.1769,-0.0431,,,0.082796,9.000,,,scan,False,False,scanning
C_pert_h-0.01,A,A1_fixedL,R_scan,20,scan20,1993,ACOUSTIC_BODY.pdf(traced #65260); extracted D28_65260_ARNOLD_OUTLINE.csv,symmetric_by_construction,19.9900,276.000,23.0000,-3.3732,6.5228,0.3263,9.2770,26.7283,4.2200,4.1733,-0.0467,,,0.078926,9.000,,,scan,False,False,scanning
C_pert_h-0.01,A,A1_fixedL,R_scan,21,scan21,1993,ACOUSTIC_BODY.pdf(traced #65260); extracted D28_65260_ARNOLD_OUTLINE.csv,symmetric_by_construction,19.9900,285.000,23.7500,-3.8097,6.5228,0.3263,9.2770,26.7283,4.2200,4.1699,-0.0501,,,0.075302,9.000,,,scan,False,False,scanning
C_pert_h-0.01,A,A1_fixedL,R_scan,22,scan22,1993,ACOUSTIC_BODY.pdf(traced #65260); extracted D28_65260_ARNOLD_OUTLINE.csv,symmetric_by_construction,19.9900,294.000,24.5000,-4.2462,6.5228,0.3263,9.2770,26.7283,4.2200,4.1667,-0.0533,,,0.071900,9.000,,,scan,False,False,scanning
C_pert_h-0.01,A,A1_fixedL,R_scan,23,scan23,1993,ACOUSTIC_BODY.pdf(traced #65260); extracted D28_65260_ARNOLD_OUTLINE.csv,symmetric_by_construction,19.9900,303.000,25.2500,-4.6826,6.5228,0.3263,9.2770,26.7283,4.2200,4.1637,-0.0563,,,0.068700,9.000,,,scan,False,False,scanning
C_pert_h-0.01,A,A1_fixedL,R_scan,24,scan24,1993,ACOUSTIC_BODY.pdf(traced #65260); extracted D28_65260_ARNOLD_OUTLINE.csv,symmetric_by_construction,19.9900,312.000,26.0000,-5.1190,6.5228,0.3263,9.2770,26.7283,4.2200,4.1609,-0.0591,,,0.065684,9.000,,,scan,False,False,scanning
C_pert_h-0.01,A,A1_fixedL,R_scan,25,scan25,1993,ACOUSTIC_BODY.pdf(traced #65260); extracted D28_65260_ARNOLD_OUTLINE.csv,symmetric_by_construction,19.9900,321.000,26.7500,-5.5555,6.5228,0.3263,9.2770,26.7283,4.2200,4.1583,-0.0617,,,0.062839,9.000,,,scan,False,False,scanning
C_pert_h-0.01,A,A1_fixedL,R_scan,26,scan26,1993,ACOUSTIC_BODY.pdf(traced #65260); extracted D28_65260_ARNOLD_OUTLINE.csv,symmetric_by_construction,19.9900,330.000,27.5000,-5.9919,6.5228,0.3263,9.2770,26.7283,4.2200,4.1558,-0.0642,,,0.060148,9.000,,,scan,False,False,scanning
C_pert_h-0.01,A,A1_fixedL,R_scan,27,scan27,1993,ACOUSTIC_BODY.pdf(traced #65260); extracted D28_65260_ARNOLD_OUTLINE.csv,symmetric_by_construction,19.9900,339.000,28.2500,-6.4283,6.5228,0.3263,9.2770,26.7283,4.2200,4.1534,-0.0666,,,0.057601,9.000,,,scan,False,False,scanning
C_pert_h-0.01,A,A1_fixedL,R_scan,28,scan28,1993,ACOUSTIC_BODY.pdf(traced #65260); extracted D28_65260_ARNOLD_OUTLINE.csv,symmetric_by_construction,19.9900,348.000,29.0000,-6.8647,6.5228,0.3263,9.2770,26.7283,4.2200,4.1512,-0.0688,,,0.055185,9.000,,,scan,False,False,scanning
C_pert_h-0.01,A,A1_fixedL,R_scan,29,scan29,1993,ACOUSTIC_BODY.pdf(traced #65260); extracted D28_65260_ARNOLD_OUTLINE.csv,symmetric_by_construction,19.9900,357.000,29.7500,-7.3011,6.5228,0.3263,9.2770,26.7283,4.2200,4.1490,-0.0710,,,0.052891,9.000,,,scan,False,False,scanning
C_pert_h-0.01,A,A1_fixedL,R_scan,30,scan30,1993,ACOUSTIC_BODY.pdf(traced #65260); extracted D28_65260_ARNOLD_OUTLINE.csv,symmetric_by_construction,19.9900,366.000,30.5000,-7.7374,6.5228,0.3263,9.2770,26.7283,4.2200,4.1470,-0.0730,,,0.050711,9.000,,,scan,False,False,scanning
C_pert_h-0.01,A,A1_fixedL,R_scan,31,scan31,1993,ACOUSTIC_BODY.pdf(traced #65260); extracted D28_65260_ARNOLD_OUTLINE.csv,symmetric_by_construction,19.9900,375.000,31.2500,-8.1738,6.5228,0.3263,9.2770,26.7283,4.2200,4.1451,-0.0749,,,0.048635,9.000,,,scan,False,False,scanning
C_pert_h-0.01,A,A1_fixedL,R_scan,32,scan32,1993,ACOUSTIC_BODY.pdf(traced #65260); extracted D28_65260_ARNOLD_OUTLINE.csv,symmetric_by_construction,19.9900,384.000,32.0000,-8.6102,6.5228,0.3263,9.2770,26.7283,4.2200,4.1432,-0.0768,,,0.046656,9.000,,,scan,False,False,scanning
C_pert_h-0.01,A,A1_fixedL,R_scan,33,scan33,1993,ACOUSTIC_BODY.pdf(traced #65260); extracted D28_65260_ARNOLD_OUTLINE.csv,symmetric_by_construction,19.9900,393.000,32.7500,-9.0465,6.5228,0.3263,9.2770,26.7283,4.2200,4.1415,-0.0785,,,0.044768,9.000,,,scan,False,False,scanning
C_pert_h-0.01,A,A1_fixedL,R_scan,34,scan34,1993,ACOUSTIC_BODY.pdf(traced #65260); extracted D28_65260_ARNOLD_OUTLINE.csv,symmetric_by_construction,19.9900,402.000,33.5000,-9.4829,6.5228,0.3263,9.2770,26.7283,4.2200,4.1398,-0.0802,,,0.042965,9.000,,,scan,False,False,scanning
C_pert_h-0.01,A,A1_fixedL,R_scan,35,scan35,1993,ACOUSTIC_BODY.pdf(traced #65260); extracted D28_65260_ARNOLD_OUTLINE.csv,symmetric_by_construction,19.9900,411.000,34.2500,-9.9192,6.5228,0.3263,9.2770,26.7283,4.2200,4.1382,-0.0818,,,0.041241,9.000,,,scan,False,False,scanning
C_pert_h-0.01,A,A1_fixedL,R_scan,36,scan36,1993,ACOUSTIC_BODY.pdf(traced #65260); extracted D28_65260_ARNOLD_OUTLINE.csv,symmetric_by_construction,19.9900,420.000,35.0000,-10.3555,6.5228,0.3263,9.2770,26.7283,4.2200,4.1366,-0.0834,,,0.039590,9.000,,,scan,False,False,scanning
C_pert_h-0.01,A,A1_fixedL,R_scan,37,scan37,1993,ACOUSTIC_BODY.pdf(traced #65260); extracted D28_65260_ARNOLD_OUTLINE.csv,symmetric_by_construction,19.9900,429.000,35.7500,-10.7918,6.5228,0.3263,9.2770,26.7283,4.2200,4.1352,-0.0848,,,0.038009,9.000,,,scan,False,False,scanning
C_pert_h-0.01,A,A1_fixedL,R_scan,38,scan38,1993,ACOUSTIC_BODY.pdf(traced #65260); extracted D28_65260_ARNOLD_OUTLINE.csv,symmetric_by_construction,19.9900,438.000,36.5000,-11.2282,6.5228,0.3263,9.2770,26.7283,4.2200,4.1337,-0.0863,,,0.036493,9.000,,,scan,False,False,scanning
C_pert_h-0.01,A,A1_fixedL,R_scan,39,scan39,1993,ACOUSTIC_BODY.pdf(traced #65260); extracted D28_65260_ARNOLD_OUTLINE.csv,symmetric_by_construction,19.9900,447.000,37.2500,-11.6645,6.5228,0.3263,9.2770,26.7283,4.2200,4.1324,-0.0876,,,0.035038,9.000,,,scan,False,False,scanning
C_pert_h-0.01,A,A1_fixedL,R_scan,40,scan40,1993,ACOUSTIC_BODY.pdf(traced #65260); extracted D28_65260_ARNOLD_OUTLINE.csv,symmetric_by_construction,19.9900,456.000,38.0000,-12.1008,6.5228,0.3263,9.2770,26.7283,4.2200,4.1311,-0.0889,,,0.033641,9.000,,,scan,False,False,scanning
C_pert_h-0.01,A,A1_fixedL,R_scan,41,scan41,1993,ACOUSTIC_BODY.pdf(traced #65260); extracted D28_65260_ARNOLD_OUTLINE.csv,symmetric_by_construction,19.9900,465.000,38.7500,-12.5371,6.5228,0.3263,9.2770,26.7283,4.2200,4.1298,-0.0902,,,0.032298,9.000,,,scan,False,False,scanning
C_pert_h-0.01,A,A1_fixedL,R_scan,42,scan42,1993,ACOUSTIC_BODY.pdf(traced #65260); extracted D28_65260_ARNOLD_OUTLINE.csv,symmetric_by_construction,19.9900,474.000,39.5000,-12.9734,6.5228,0.3263,9.2770,26.7283,4.2200,4.1286,-0.0914,,,0.031005,9.000,,,scan,False,False,scanning
C_pert_h-0.01,A,A1_fixedL,R_scan,43,scan43,1993,ACOUSTIC_BODY.pdf(traced #65260); extracted D28_65260_ARNOLD_OUTLINE.csv,symmetric_by_construction,19.9900,483.000,40.2500,-13.4097,6.5228,0.3263,9.2770,26.7283,4.2200,4.1275,-0.0925,,,0.029761,9.000,,,scan,False,False,scanning
C_pert_h-0.01,A,A1_fixedL,R_scan,44,scan44,1993,ACOUSTIC_BODY.pdf(traced #65260); extracted D28_65260_ARNOLD_OUTLINE.csv,symmetric_by_construction,19.9900,492.000,41.0000,-13.8460,6.5228,0.3263,9.2770,26.7283,4.2200,4.1264,-0.0936,,,0.028563,9.000,,,scan,False,False,scanning
C_pert_h-0.01,A,A1_fixedL,R_scan,45,scan45,1993,ACOUSTIC_BODY.pdf(traced #65260); extracted D28_65260_ARNOLD_OUTLINE.csv,symmetric_by_construction,19.9900,501.000,41.7500,-14.2823,6.5228,0.3263,9.2770,26.7283,4.2200,4.1253,-0.0947,,,0.027407,9.000,,,scan,False,False,scanning
C_pert_h-0.01,A,A1_fixedL,R_scan,46,scan46,1993,ACOUSTIC_BODY.pdf(traced #65260); extracted D28_65260_ARNOLD_OUTLINE.csv,symmetric_by_construction,19.9900,510.000,42.5000,-14.7186,6.5228,0.3263,9.2770,26.7283,4.2200,4.1243,-0.0957,,,0.026292,9.000,,,scan,False,False,scanning
C_pert_h-0.01,A,A1_fixedL,R_scan,47,scan47,1993,ACOUSTIC_BODY.pdf(traced #65260); extracted D28_65260_ARNOLD_OUTLINE.csv,symmetric_by_construction,19.9900,519.000,43.2500,-15.1549,6.5228,0.3263,9.2770,26.7283,4.2200,4.1232,-0.0968,,,0.025216,9.000,,,scan,False,False,scanning
C_pert_h-0.01,A,A1_fixedL,R_scan,48,scan48,1993,ACOUSTIC_BODY.pdf(traced #65260); extracted D28_65260_ARNOLD_OUTLINE.csv,symmetric_by_construction,19.9900,528.000,44.0000,-15.5912,6.5228,0.3263,9.2770,26.7283,4.2200,4.1223,-0.0977,,,0.024177,9.000,,,scan,False,False,scanning
C_pert_h-0.01,A,A1_fixedL,R_scan,49,scan49,1993,ACOUSTIC_BODY.pdf(traced #65260); extracted D28_65260_ARNOLD_OUTLINE.csv,symmetric_by_construction,19.9900,537.000,44.7500,-16.0275,6.5228,0.3263,9.2770,26.7283,4.2200,4.1213,-0.0987,,,0.023173,9.000,,,scan,False,False,scanning
C_pert_h-0.01,A,A1_fixedL,R_scan,50,scan50,1993,ACOUSTIC_BODY.pdf(traced #65260); extracted D28_65260_ARNOLD_OUTLINE.csv,symmetric_by_construction,19.9900,546.000,45.5000,-16.4637,6.5228,0.3263,9.2770,26.7283,4.2200,4.1204,-0.0996,,,0.022201,9.000,,,scan,False,False,scanning
C_pert_h-0.01,A,A1_fixedL,R_scan,51,scan51,1993,ACOUSTIC_BODY.pdf(traced #65260); extracted D28_65260_ARNOLD_OUTLINE.csv,symmetric_by_construction,19.9900,555.000,46.2500,-16.9000,6.5228,0.3263,9.2770,26.7283,4.2200,4.1196,-0.1004,,,0.021262,9.000,,,scan,False,False,scanning
C_pert_h-0.01,A,A1_fixedL,R_scan,52,scan52,1993,ACOUSTIC_BODY.pdf(traced #65260); extracted D28_65260_ARNOLD_OUTLINE.csv,symmetric_by_construction,19.9900,564.000,47.0000,-17.3363,6.5228,0.3263,9.2770,26.7283,4.2200,4.1187,-0.1013,,,0.020352,9.000,,,scan,False,False,scanning
C_pert_h-0.01,A,A1_fixedL,R_scan,53,scan53,1993,ACOUSTIC_BODY.pdf(traced #65260); extracted D28_65260_ARNOLD_OUTLINE.csv,symmetric_by_construction,19.9900,573.000,47.7500,-17.7726,6.5228,0.3263,9.2770,26.7283,4.2200,4.1179,-0.1021,,,0.019470,9.000,,,scan,False,False,scanning
C_pert_h-0.01,A,A1_fixedL,R_scan,54,scan54,1993,ACOUSTIC_BODY.pdf(traced #65260); extracted D28_65260_ARNOLD_OUTLINE.csv,symmetric_by_construction,19.9900,582.000,48.5000,-18.2088,6.5228,0.3263,9.2770,26.7283,4.2200,4.1171,-0.1029,,,0.018617,9.000,,,scan,False,False,scanning
C_pert_h-0.01,A,A1_fixedL,R_scan,55,scan55,1993,ACOUSTIC_BODY.pdf(traced #65260); extracted D28_65260_ARNOLD_OUTLINE.csv,symmetric_by_construction,19.9900,591.000,49.2500,-18.6451,6.5228,0.3263,9.2770,26.7283,4.2200,4.1163,-0.1037,,,0.017789,9.000,,,scan,False,False,scanning
