index,y_in,half_width_in,half_width_smoothed_in,ds_in,cumulative_arc_raw_in,cumulative_arc_sm_in,developed_fraction
0,0.00000,3.08580,2.06428,0.000000,0.00000,0.00000,0.000000
1,0.01004,3.31159,2.17955,0.226013,0.22601,0.11571,0.009231
2,0.02007,3.48721,2.29534,0.175906,0.40192,0.23194,0.016415
3,0.03011,3.62770,2.41178,0.140848,0.54277,0.34880,0.022168
4,0.04014,3.73808,2.52885,0.110835,0.65360,0.46631,0.026694
5,0.05018,3.83843,2.64644,0.100851,0.75445,0.58432,0.030813
6,0.06021,3.91872,2.76468,0.080914,0.83537,0.70298,0.034118
7,0.07025,4.00401,2.88343,0.085879,0.92125,0.82216,0.037625
8,0.08028,4.06422,3.00282,0.061040,0.98229,0.94197,0.040118
9,0.09032,4.11942,3.12285,0.056106,1.03839,1.06242,0.042410
10,0.10035,4.16458,3.24340,0.046260,1.08465,1.18339,0.044299
11,0.11039,4.20472,3.36447,0.041377,1.12603,1.30487,0.045989
12,0.12042,4.24486,3.48618,0.041374,1.16740,1.42699,0.047679
13,0.13046,4.28500,3.60840,0.041377,1.20878,1.54963,0.049369
14,0.14049,4.33016,3.73114,0.046260,1.25504,1.67277,0.051258
15,0.15053,4.36026,3.85439,0.031730,1.28677,1.79643,0.052554
16,0.16056,4.39037,3.97803,0.031737,1.31851,1.92048,0.053850
17,0.17060,4.41545,4.10218,0.027015,1.34552,2.04503,0.054954
18,0.18063,4.44556,4.22685,0.031737,1.37726,2.17010,0.056250
19,0.19067,4.47065,4.35203,0.027024,1.40428,2.29569,0.057353
20,0.20070,4.49574,4.39834,0.027021,1.43130,2.34308,0.058457
21,0.21074,4.51581,4.43926,0.022441,1.45374,2.38520,0.059374
22,0.22077,4.54089,4.47592,0.027011,1.48076,2.42322,0.060477
23,0.23081,4.56598,4.50937,0.027024,1.50778,2.45814,0.061581
24,0.24084,4.58605,4.54038,0.022437,1.53022,2.49073,0.062497
25,0.25088,4.61114,4.56907,0.027024,1.55724,2.52113,0.063601
26,0.26091,4.63121,4.59609,0.022437,1.57968,2.54995,0.064517
27,0.27095,4.65630,4.62117,0.027024,1.60670,2.57697,0.065621
28,0.28098,4.68138,4.64498,0.027011,1.63371,2.60280,0.066724
29,0.29102,4.70146,4.66762,0.022450,1.65616,2.62757,0.067641
30,0.30105,4.72153,4.68949,0.022437,1.67860,2.65163,0.068557
31,0.31109,4.74661,4.71059,0.027015,1.70561,2.67499,0.069660
32,0.32112,4.76668,4.73092,0.022437,1.72805,2.69766,0.070577
33,0.33116,4.78675,4.75047,0.022441,1.75049,2.71964,0.071493
34,0.34119,4.80682,4.76913,0.022437,1.77293,2.74082,0.072410
35,0.35123,4.82188,4.78727,0.018100,1.79103,2.76156,0.073149
36,0.36126,4.84195,4.80489,0.022437,1.81347,2.78184,0.074065
37,0.37130,4.86202,4.82213,0.022441,1.83591,2.80179,0.074982
38,0.38133,4.88209,4.83886,0.022437,1.85834,2.82129,0.075898
39,0.39137,4.89212,4.85507,0.014192,1.87254,2.84036,0.076478
40,0.40140,4.90718,4.87089,0.018094,1.89063,2.85909,0.077217
41,0.41144,4.91721,4.88646,0.014192,1.90482,2.87762,0.077796
42,0.42148,4.93226,4.90164,0.018092,1.92291,2.89582,0.078535
43,0.43151,4.94732,4.91631,0.018094,1.94101,2.91359,0.079274
44,0.44155,4.95735,4.93072,0.014192,1.95520,2.93115,0.079854
45,0.45158,4.97240,4.94474,0.018086,1.97328,2.94839,0.080593
46,0.46162,4.98244,4.95838,0.014199,1.98748,2.96532,0.081172
47,0.47165,4.99247,4.97163,0.014185,2.00167,2.98194,0.081752
48,0.48169,5.00251,4.98437,0.014199,2.01587,2.99816,0.082332
49,0.49172,5.01756,4.99685,0.018086,2.03395,3.01417,0.083070
50,0.50176,5.02760,5.00894,0.014199,2.04815,3.02989,0.083650
51,0.51179,5.03763,5.02065,0.014185,2.06234,3.04531,0.084230
52,0.52183,5.04767,5.03197,0.014199,2.07653,3.06044,0.084810
53,0.53186,5.05770,5.04304,0.014185,2.09072,3.07537,0.085389
54,0.54190,5.06774,5.05384,0.014199,2.10492,3.09012,0.085969
55,0.55193,5.07777,5.06439,0.014185,2.11910,3.10468,0.086548
56,0.56197,5.08781,5.07468,0.014199,2.13330,3.11906,0.087128
57,0.57200,5.09784,5.08459,0.014185,2.14749,3.13316,0.087707
58,0.58204,5.10286,5.09411,0.011225,2.15871,3.14699,0.088166
59,0.59207,5.11290,5.10363,0.014192,2.17290,3.16082,0.088745
60,0.60211,5.12293,5.11290,0.014192,2.18709,3.17448,0.089325
61,0.61214,5.13297,5.12203,0.014192,2.20129,3.18805,0.089905
62,0.62218,5.13798,5.13091,0.011221,2.21251,3.20145,0.090363
63,0.63221,5.14802,5.13966,0.014192,2.22670,3.21476,0.090942
64,0.64225,5.15805,5.14828,0.014192,2.24089,3.22799,0.091522
65,0.65228,5.16307,5.15664,0.011216,2.25211,3.24105,0.091980
66,0.66232,5.17311,5.16487,0.014199,2.26630,3.25404,0.092560
67,0.67235,5.17812,5.17311,0.011212,2.27752,3.26701,0.093018
68,0.68239,5.18816,5.18121,0.014199,2.29171,3.27992,0.093598
69,0.69242,5.19318,5.18906,0.011216,2.30293,3.29265,0.094056
70,0.70246,5.20321,5.19678,0.014192,2.31712,3.30532,0.094636
71,0.71249,5.20823,5.20450,0.011216,2.32834,3.31797,0.095094
72,0.72253,5.21826,5.21209,0.014192,2.34253,3.33056,0.095673
73,0.73256,5.22830,5.21955,0.014192,2.35672,3.34306,0.096253
74,0.74260,5.23332,5.22688,0.011225,2.36795,3.35549,0.096711
75,0.75263,5.24335,5.23409,0.014185,2.38213,3.36784,0.097291
76,0.76267,5.24837,5.24116,0.011225,2.39336,3.38013,0.097749
77,0.77270,5.25339,5.24811,0.011216,2.40457,3.39233,0.098207
78,0.78274,5.26342,5.25519,0.014192,2.41876,3.40461,0.098787
79,0.79277,5.26844,5.26214,0.011216,2.42998,3.41681,0.099245
80,0.80281,5.27346,5.26895,0.011225,2.44121,3.42895,0.099703
81,0.81284,5.27847,5.27564,0.011212,2.45242,3.44100,0.100161
82,0.82288,5.28851,5.28233,0.014199,2.46662,3.45307,0.100741
83,0.83292,5.29353,5.28890,0.011225,2.47784,3.46506,0.101200
84,0.84295,5.29854,5.29533,0.011212,2.48905,3.47698,0.101657
85,0.85299,5.30356,5.30176,0.011225,2.50028,3.48890,0.102116
86,0.86302,5.31360,5.30807,0.014192,2.51447,3.50075,0.102696
87,0.87306,5.31862,5.31437,0.011225,2.52569,3.51260,0.103154
88,0.88309,5.32363,5.32055,0.011212,2.53691,3.52438,0.103612
89,0.89313,5.32865,5.32672,0.011225,2.54813,3.53617,0.104070
90,0.90316,5.33869,5.33277,0.014192,2.56232,3.54788,0.104650
91,0.91320,5.34370,5.33881,0.011221,2.57354,3.55960,0.105108
92,0.92323,5.34872,5.34473,0.011216,2.58476,3.57125,0.105566
93,0.93327,5.35374,5.35052,0.011225,2.59598,3.58284,0.106025
94,0.94330,5.35876,5.35631,0.011216,2.60720,3.59442,0.106483
95,0.95334,5.36377,5.36197,0.011221,2.61842,3.60594,0.106941
96,0.96337,5.36879,5.36763,0.011216,2.62964,3.61746,0.107399
97,0.97341,5.37883,5.37329,0.014199,2.64384,3.62899,0.107979
98,0.98344,5.38384,5.37870,0.011212,2.65505,3.64038,0.108437
99,0.99348,5.38886,5.38410,0.011225,2.66627,3.65178,0.108895
100,1.00351,5.39388,5.38950,0.011216,2.67749,3.66317,0.109354
101,1.01355,5.39890,5.39491,0.011225,2.68871,3.67458,0.109812
102,1.02358,5.40391,5.40018,0.011212,2.69993,3.68591,0.110270
103,1.03362,5.40893,5.40546,0.011225,2.71115,3.69725,0.110728
104,1.04365,5.41395,5.41060,0.011216,2.72237,3.70852,0.111186
105,1.05369,5.41897,5.41575,0.011225,2.73359,3.71981,0.111645
106,1.06372,5.42398,5.42077,0.011212,2.74480,3.73102,0.112103
107,1.07376,5.42900,5.42578,0.011225,2.75603,3.74224,0.112561
108,1.08379,5.43402,5.43080,0.011216,2.76724,3.75346,0.113019
109,1.09383,5.43904,5.43582,0.011225,2.77847,3.76468,0.113478
110,1.10386,5.44405,5.44058,0.011212,2.78968,3.77579,0.113936
111,1.11390,5.44907,5.44534,0.011225,2.80091,3.78690,0.114394
112,1.12393,5.45409,5.45010,0.011216,2.81212,3.79800,0.114852
113,1.13397,5.45911,5.45486,0.011225,2.82335,3.80911,0.115311
114,1.14400,5.46412,5.45962,0.011212,2.83456,3.82021,0.115769
115,1.15404,5.46914,5.46425,0.011225,2.84578,3.83127,0.116227
116,1.16407,5.47416,5.46888,0.011216,2.85700,3.84232,0.116685
117,1.17411,5.47416,5.47339,0.010040,2.86704,3.85332,0.117095
118,1.18414,5.47918,5.47776,0.011216,2.87826,3.86426,0.117553
119,1.19418,5.48419,5.48214,0.011221,2.88948,3.87522,0.118012
120,1.20421,5.48921,5.48651,0.011216,2.90069,3.88616,0.118470
121,1.21425,5.49423,5.49076,0.011225,2.91192,3.89706,0.118928
122,1.22428,5.49925,5.49500,0.011216,2.92313,3.90795,0.119386
123,1.23432,5.49925,5.49925,0.010040,2.93317,3.91885,0.119796
124,1.24436,5.50426,5.50336,0.011221,2.94440,3.92970,0.120255
125,1.25439,5.50928,5.50748,0.011216,2.95561,3.94054,0.120713
126,1.26443,5.51430,5.51160,0.011225,2.96684,3.95140,0.121171
127,1.27446,5.51932,5.51572,0.011216,2.97805,3.96224,0.121629
128,1.28450,5.52434,5.51970,0.011225,2.98928,3.97304,0.122088
129,1.29453,5.52434,5.52369,0.010030,2.99931,3.98383,0.122497
130,1.30457,5.52935,5.52768,0.011221,3.01053,3.99464,0.122956
131,1.31460,5.53437,5.53154,0.011216,3.02174,4.00538,0.123414
132,1.32464,5.53939,5.53540,0.011225,3.03297,4.01614,0.123872
133,1.33467,5.54441,5.53913,0.011216,3.04419,4.02684,0.124330
134,1.34471,5.54441,5.54286,0.010040,3.05423,4.03755,0.124740
135,1.35474,5.54942,5.54659,0.011212,3.06544,4.04825,0.125198
136,1.36478,5.55444,5.55020,0.011225,3.07666,4.05892,0.125657
137,1.37481,5.55444,5.55393,0.010030,3.08669,4.06962,0.126066
138,1.38485,5.55946,5.55766,0.011225,3.09792,4.08033,0.126525
139,1.39488,5.56448,5.56126,0.011216,3.10913,4.09099,0.126983
140,1.40492,5.56448,5.56486,0.010040,3.11917,4.10166,0.127393
141,1.41495,5.56949,5.56834,0.011212,3.13038,4.11227,0.127851
142,1.42499,5.57451,5.57181,0.011225,3.14161,4.12290,0.128309
143,1.43502,5.57451,5.57541,0.010030,3.15164,4.13355,0.128719
144,1.44506,5.57953,5.57889,0.011225,3.16286,4.14418,0.129177
145,1.45509,5.58455,5.58236,0.011216,3.17408,4.15479,0.129635
146,1.46513,5.58956,5.58570,0.011221,3.18530,4.16537,0.130094
147,1.47516,5.58956,5.58905,0.010030,3.19533,4.17595,0.130503
148,1.48520,5.59458,5.59239,0.011225,3.20656,4.18653,0.130962
149,1.49523,5.59960,5.59574,0.011216,3.21777,4.19710,0.131420
150,1.50527,5.59960,5.59908,0.010040,3.22781,4.20769,0.131830
151,1.51530,5.60462,5.60230,0.011216,3.23903,4.21822,0.132288
152,1.52534,5.60462,5.60552,0.010040,3.24907,4.22876,0.132698
153,1.53537,5.60963,5.60860,0.011212,3.26028,4.23926,0.133156
154,1.54541,5.61465,5.61182,0.011225,3.27151,4.24980,0.133614
155,1.55544,5.61465,5.61491,0.010030,3.28154,4.26029,0.134024
156,1.56548,5.61967,5.61800,0.011225,3.29276,4.27080,0.134482
157,1.57551,5.62469,5.62108,0.011216,3.30398,4.28129,0.134941
158,1.58555,5.62469,5.62417,0.010040,3.31402,4.29180,0.135351
159,1.59558,5.62970,5.62713,0.011212,3.32523,4.30225,0.135808
160,1.60562,5.62970,5.63022,0.010040,3.33527,4.31276,0.136219
161,1.61565,5.63472,5.63318,0.011216,3.34648,4.32321,0.136677
162,1.62569,5.63974,5.63614,0.011225,3.35771,4.33368,0.137135
163,1.63573,5.63974,5.63910,0.010040,3.36775,4.34415,0.137545
164,1.64576,5.64476,5.64205,0.011216,3.37897,4.35461,0.138003
165,1.65580,5.64476,5.64488,0.010040,3.38901,4.36504,0.138413
166,1.66583,5.64977,5.64772,0.011212,3.40022,4.37546,0.138871
167,1.67587,5.65479,5.65055,0.011225,3.41144,4.38589,0.139330
168,1.68590,5.65479,5.65325,0.010030,3.42147,4.39628,0.139739
169,1.69594,5.65981,5.65595,0.011225,3.43270,4.40667,0.140198
170,1.70597,5.65981,5.65865,0.010030,3.44273,4.41706,0.140607
171,1.71601,5.66483,5.66135,0.011225,3.45395,4.42746,0.141066
172,1.72604,5.66483,5.66405,0.010030,3.46398,4.43785,0.141475
173,1.73608,5.66984,5.66663,0.011221,3.47520,4.44821,0.141934
174,1.74611,5.66984,5.66920,0.010030,3.48523,4.45857,0.142343
175,1.75615,5.67486,5.67177,0.011225,3.49646,4.46893,0.142802
176,1.76618,5.67486,5.67435,0.010030,3.50649,4.47929,0.143211
177,1.77622,5.67988,5.67679,0.011225,3.51771,4.48962,0.143670
178,1.78625,5.67988,5.67936,0.010030,3.52774,4.49997,0.144080
179,1.79629,5.68490,5.68181,0.011225,3.53897,4.51031,0.144538
180,1.80632,5.68490,5.68425,0.010030,3.54900,4.52063,0.144948
181,1.81636,5.68991,5.68670,0.011221,3.56022,4.53096,0.145406
182,1.82639,5.68991,5.68901,0.010030,3.57025,4.54126,0.145816
183,1.83643,5.69493,5.69146,0.011225,3.58147,4.55159,0.146274
184,1.84646,5.69493,5.69377,0.010030,3.59150,4.56188,0.146684
185,1.85650,5.69995,5.69609,0.011225,3.60273,4.57219,0.147142
186,1.86653,5.69995,5.69841,0.010030,3.61276,4.58248,0.147552
187,1.87657,5.69995,5.70059,0.010040,3.62280,4.59276,0.147962
188,1.88660,5.70497,5.70278,0.011216,3.63402,4.60302,0.148420
189,1.89664,5.70497,5.70497,0.010040,3.64406,4.61330,0.148830
190,1.90667,5.70998,5.70715,0.011212,3.65527,4.62356,0.149288
191,1.91671,5.70998,5.70921,0.010040,3.66531,4.63381,0.149698
192,1.92674,5.70998,5.71140,0.010030,3.67534,4.64408,0.150108
193,1.93678,5.71500,5.71346,0.011225,3.68656,4.65433,0.150566
194,1.94681,5.71500,5.71552,0.010030,3.69659,4.66457,0.150976
195,1.95685,5.72002,5.71758,0.011225,3.70782,4.67482,0.151434
196,1.96688,5.72002,5.71963,0.010030,3.71785,4.68506,0.151844
197,1.97692,5.72504,5.72156,0.011225,3.72907,4.69528,0.152302
198,1.98695,5.72504,5.72362,0.010030,3.73910,4.70552,0.152712
199,1.99699,5.72504,5.72555,0.010040,3.74914,4.71574,0.153122
200,2.00702,5.73006,5.72748,0.011216,3.76036,4.72596,0.153580
201,2.01706,5.73006,5.72941,0.010040,3.77040,4.73618,0.153990
202,2.02709,5.73507,5.73134,0.011212,3.78161,4.74639,0.154448
203,2.03713,5.73507,5.73314,0.010040,3.79165,4.75659,0.154858
204,2.04717,5.73507,5.73507,0.010040,3.80169,4.76682,0.155268
205,2.05720,5.74009,5.73687,0.011216,3.81291,4.77701,0.155726
206,2.06724,5.74009,5.73868,0.010040,3.82295,4.78721,0.156136
207,2.07727,5.74009,5.74061,0.010030,3.83298,4.79742,0.156546
208,2.08731,5.74511,5.74241,0.011225,3.84420,4.80762,0.157004
209,2.09734,5.74511,5.74421,0.010030,3.85423,4.81781,0.157414
210,2.10738,5.74511,5.74588,0.010040,3.86427,4.82799,0.157824
211,2.11741,5.75013,5.74755,0.011216,3.87549,4.83816,0.158282
212,2.12745,5.75013,5.74935,0.010040,3.88553,4.84836,0.158692
213,2.13748,5.75013,5.75103,0.010030,3.89556,4.85853,0.159102
214,2.14752,5.75514,5.75270,0.011221,3.90678,4.86871,0.159560
215,2.15755,5.75514,5.75424,0.010030,3.91681,4.87886,0.159970
216,2.16759,5.75514,5.75592,0.010040,3.92685,4.88903,0.160380
217,2.17762,5.76016,5.75746,0.011216,3.93806,4.89918,0.160838
218,2.18766,5.76016,5.75900,0.010040,3.94810,4.90934,0.161248
219,2.19769,5.76016,5.76055,0.010030,3.95813,4.91949,0.161657
220,2.20773,5.76518,5.76209,0.011225,3.96936,4.92965,0.162116
221,2.21776,5.76518,5.76363,0.010030,3.97939,4.93979,0.162526
222,2.22780,5.76518,5.76505,0.010040,3.98943,4.94993,0.162936
223,2.23783,5.77020,5.76647,0.011216,4.00064,4.96006,0.163394
224,2.24787,5.77020,5.76775,0.010040,4.01068,4.97018,0.163804
225,2.25790,5.77020,5.76904,0.010030,4.02071,4.98030,0.164213
226,2.26794,5.77521,5.77020,0.011221,4.03194,4.99040,0.164672
227,2.27797,5.77521,5.77135,0.010030,4.04197,5.00050,0.165081
228,2.28801,5.77521,5.77238,0.010040,4.05201,5.01059,0.165491
229,2.29804,5.77521,5.77341,0.010030,4.06204,5.02068,0.165901
230,2.30808,5.77521,5.77444,0.010040,4.07208,5.03077,0.166311
231,2.31811,5.78023,5.77534,0.011216,4.08329,5.04084,0.166769
232,2.32815,5.78023,5.77624,0.010040,4.09333,5.05092,0.167179
233,2.33818,5.78023,5.77714,0.010030,4.10336,5.06099,0.167589
234,2.34822,5.78023,5.77792,0.010040,4.11340,5.07106,0.167999
235,2.35825,5.78525,5.77869,0.011216,4.12462,5.08112,0.168457
236,2.36829,5.78525,5.77946,0.010040,4.13466,5.09119,0.168867
237,2.37832,5.78525,5.78023,0.010030,4.14469,5.10125,0.169277
238,2.38836,5.78525,5.78100,0.010040,4.15473,5.11132,0.169687
239,2.39839,5.79027,5.78178,0.011216,4.16594,5.12138,0.170145
240,2.40843,5.79027,5.78242,0.010040,4.17598,5.13144,0.170555
241,2.41846,5.79027,5.78319,0.010030,4.18601,5.14150,0.170965
242,2.42850,5.79027,5.78396,0.010040,4.19605,5.15157,0.171375
243,2.43853,5.78525,5.78473,0.011216,4.20727,5.16163,0.171833
244,2.44857,5.79027,5.78551,0.011225,4.21850,5.17170,0.172291
245,2.45861,5.78525,5.78628,0.011225,4.22972,5.18177,0.172750
246,2.46864,5.78525,5.78692,0.010030,4.23975,5.19182,0.173159
247,2.47868,5.78525,5.78757,0.010040,4.24979,5.20188,0.173569
248,2.48871,5.78525,5.78834,0.010030,4.25982,5.21194,0.173979
249,2.49875,5.78525,5.78911,0.010040,4.26986,5.22201,0.174389
250,2.50878,5.78525,5.78988,0.010030,4.27989,5.23207,0.174799
251,2.51882,5.78525,5.79065,0.010040,4.28993,5.24214,0.175209
252,2.52885,5.78525,5.79143,0.010030,4.29996,5.25220,0.175618
253,2.53889,5.78525,5.79220,0.010040,4.31000,5.26226,0.176028
254,2.54892,5.78525,5.79297,0.010030,4.32003,5.27232,0.176438
255,2.55896,5.78525,5.79361,0.010040,4.33007,5.28238,0.176848
256,2.56899,5.79027,5.79426,0.011216,4.34129,5.29244,0.177306
257,2.57903,5.79027,5.79490,0.010040,4.35133,5.30250,0.177716
258,2.58906,5.79027,5.79554,0.010030,4.36136,5.31255,0.178126
259,2.59910,5.79027,5.79619,0.010040,4.37140,5.32261,0.178536
260,2.60913,5.79528,5.79683,0.011212,4.38261,5.33266,0.178994
261,2.61917,5.79528,5.79747,0.010040,4.39265,5.34272,0.179404
262,2.62920,5.80030,5.79812,0.011216,4.40386,5.35277,0.179862
263,2.63924,5.80030,5.79889,0.010040,4.41390,5.36284,0.180272
264,2.64927,5.80030,5.79953,0.010030,4.42393,5.37289,0.180682
265,2.65931,5.80030,5.80030,0.010040,4.43397,5.38296,0.181092
266,2.66934,5.80030,5.80107,0.010030,4.44400,5.39302,0.181501
267,2.67938,5.80532,5.80185,0.011225,4.45523,5.40309,0.181960
268,2.68941,5.80532,5.80262,0.010030,4.46526,5.41315,0.182369
269,2.69945,5.80532,5.80339,0.010040,4.47530,5.42322,0.182779
270,2.70948,5.81034,5.80416,0.011216,4.48652,5.43328,0.183238
271,2.71952,5.81034,5.80493,0.010040,4.49656,5.44335,0.183648
272,2.72955,5.81034,5.80570,0.010030,4.50659,5.45341,0.184057
273,2.73959,5.81034,5.80648,0.010040,4.51663,5.46348,0.184467
274,2.74962,5.81034,5.80725,0.010030,4.52666,5.47354,0.184877
275,2.75966,5.81034,5.80802,0.010040,4.53670,5.48361,0.185287
276,2.76969,5.81034,5.80866,0.010030,4.54673,5.49366,0.185697
277,2.77973,5.81034,5.80931,0.010040,4.55677,5.50372,0.186107
278,2.78976,5.81535,5.80995,0.011212,4.56798,5.51377,0.186565
279,2.79980,5.81535,5.81059,0.010040,4.57802,5.52383,0.186975
280,2.80983,5.81535,5.81111,0.010030,4.58805,5.53387,0.187384
281,2.81987,5.81535,5.81162,0.010040,4.59809,5.54392,0.187794
282,2.82990,5.81535,5.81201,0.010030,4.60812,5.55396,0.188204
283,2.83994,5.81535,5.81252,0.010040,4.61816,5.56401,0.188614
284,2.84997,5.81535,5.81304,0.010030,4.62819,5.57406,0.189024
285,2.86001,5.81535,5.81355,0.010040,4.63823,5.58411,0.189434
286,2.87005,5.81535,5.81407,0.010040,4.64827,5.59416,0.189844
287,2.88008,5.81535,5.81445,0.010030,4.65830,5.60420,0.190253
288,2.89012,5.81535,5.81484,0.010040,4.66834,5.61425,0.190663
289,2.90015,5.81535,5.81535,0.010030,4.67837,5.62429,0.191073
290,2.91019,5.81535,5.81574,0.010040,4.68841,5.63434,0.191483
291,2.92022,5.81535,5.81612,0.010030,4.69844,5.64438,0.191893
292,2.93026,5.81535,5.81651,0.010040,4.70848,5.65442,0.192303
293,2.94029,5.81535,5.81690,0.010030,4.71851,5.66446,0.192713
294,2.95033,5.81535,5.81715,0.010040,4.72855,5.67451,0.193123
295,2.96036,5.81535,5.81741,0.010030,4.73858,5.68454,0.193532
296,2.97040,5.81535,5.81767,0.010040,4.74862,5.69458,0.193942
297,2.98043,5.81535,5.81792,0.010030,4.75865,5.70462,0.194352
298,2.99047,5.81535,5.81805,0.010040,4.76869,5.71466,0.194762
299,3.00050,5.81535,5.81818,0.010030,4.77872,5.72469,0.195172
300,3.01054,5.81535,5.81831,0.010040,4.78876,5.73473,0.195582
301,3.02057,5.81535,5.81844,0.010030,4.79879,5.74476,0.195991
302,3.03061,5.82037,5.81857,0.011225,4.81001,5.75480,0.196450
303,3.04064,5.82037,5.81870,0.010030,4.82004,5.76483,0.196859
304,3.05068,5.82037,5.81883,0.010040,4.83008,5.77487,0.197269
305,3.06071,5.82037,5.81895,0.010030,4.84011,5.78490,0.197679
306,3.07075,5.82037,5.81908,0.010040,4.85015,5.79494,0.198089
307,3.08078,5.82037,5.81921,0.010030,4.86018,5.80497,0.198499
308,3.09082,5.82539,5.81934,0.011225,4.87141,5.81501,0.198957
309,3.10085,5.82539,5.81947,0.010030,4.88144,5.82504,0.199367
310,3.11089,5.82539,5.81960,0.010040,4.89148,5.83509,0.199777
311,3.12092,5.82539,5.81973,0.010030,4.90151,5.84512,0.200187
312,3.13096,5.82539,5.81986,0.010040,4.91155,5.85516,0.200597
313,3.14099,5.82037,5.82011,0.011216,4.92276,5.86519,0.201055
314,3.15103,5.82037,5.82024,0.010040,4.93280,5.87523,0.201465
315,3.16106,5.82037,5.82037,0.010030,4.94283,5.88526,0.201874
316,3.17110,5.82037,5.82050,0.010040,4.95287,5.89530,0.202284
317,3.18113,5.82037,5.82063,0.010030,4.96290,5.90533,0.202694
318,3.19117,5.82037,5.82063,0.010040,4.97294,5.91537,0.203104
319,3.20120,5.82037,5.82063,0.010030,4.98297,5.92540,0.203514
320,3.21124,5.82037,5.82050,0.010040,4.99301,5.93544,0.203924
321,3.22127,5.82037,5.82037,0.010030,5.00304,5.94548,0.204334
322,3.23131,5.82037,5.82011,0.010040,5.01308,5.95552,0.204744
323,3.24134,5.82037,5.81986,0.010030,5.02311,5.96555,0.205153
324,3.25138,5.82037,5.81960,0.010040,5.03315,5.97560,0.205563
325,3.26141,5.82037,5.81934,0.010030,5.04318,5.98563,0.205973
326,3.27145,5.82037,5.81908,0.010040,5.05322,5.99567,0.206383
327,3.28149,5.82037,5.81883,0.010040,5.06326,6.00572,0.206793
328,3.29152,5.82037,5.81844,0.010030,5.07329,6.01575,0.207203
329,3.30156,5.82037,5.81806,0.010040,5.08333,6.02580,0.207613
330,3.31159,5.82037,5.81767,0.010030,5.09336,6.03584,0.208022
331,3.32163,5.82037,5.81728,0.010040,5.10340,6.04589,0.208432
332,3.33166,5.82539,5.81690,0.011216,5.11462,6.05592,0.208890
333,3.34170,5.82037,5.81664,0.011225,5.12584,6.06597,0.209349
334,3.35173,5.82037,5.81638,0.010030,5.13587,6.07600,0.209759
335,3.36177,5.82037,5.81613,0.010040,5.14591,6.08604,0.210169
336,3.37180,5.82037,5.81587,0.010030,5.15594,6.09608,0.210578
337,3.38184,5.81535,5.81561,0.011225,5.16717,6.10612,0.211037
338,3.39187,5.81535,5.81535,0.010030,5.17720,6.11615,0.211446
339,3.40191,5.81034,5.81510,0.011221,5.18842,6.12620,0.211905
340,3.41194,5.81034,5.81484,0.010030,5.19845,6.13623,0.212314
341,3.42198,5.81034,5.81458,0.010040,5.20849,6.14627,0.212724
342,3.43201,5.81034,5.81433,0.010030,5.21852,6.15631,0.213134
343,3.44205,5.81034,5.81394,0.010040,5.22856,6.16635,0.213544
344,3.45208,5.81034,5.81355,0.010030,5.23859,6.17639,0.213954
345,3.46212,5.81034,5.81304,0.010040,5.24863,6.18644,0.214364
346,3.47215,5.81034,5.81253,0.010030,5.25866,6.19649,0.214773
347,3.48219,5.81034,5.81201,0.010040,5.26870,6.20654,0.215183
348,3.49222,5.81034,5.81150,0.010030,5.27873,6.21658,0.215593
349,3.50226,5.81034,5.81098,0.010040,5.28877,6.22664,0.216003
350,3.51229,5.81034,5.81047,0.010030,5.29880,6.23668,0.216413
351,3.52233,5.81034,5.80995,0.010040,5.30884,6.24673,0.216823
352,3.53236,5.81034,5.80918,0.010030,5.31887,6.25679,0.217232
353,3.54240,5.81034,5.80854,0.010040,5.32891,6.26685,0.217643
354,3.55243,5.81034,5.80789,0.010030,5.33894,6.27690,0.218052
355,3.56247,5.81034,5.80725,0.010040,5.34898,6.28696,0.218462
356,3.57250,5.81034,5.80661,0.010030,5.35901,6.29701,0.218872
357,3.58254,5.81034,5.80596,0.010040,5.36905,6.30708,0.219282
358,3.59257,5.81034,5.80532,0.010030,5.37908,6.31713,0.219692
359,3.60261,5.81034,5.80481,0.010040,5.38912,6.32718,0.220102
360,3.61264,5.81034,5.80429,0.010030,5.39915,6.33722,0.220511
361,3.62268,5.81034,5.80378,0.010040,5.40919,6.34728,0.220921
362,3.63271,5.80532,5.80326,0.011216,5.42041,6.35732,0.221379
363,3.64275,5.80532,5.80275,0.010040,5.43045,6.36737,0.221789
364,3.65278,5.80030,5.80223,0.011216,5.44166,6.37741,0.222248
365,3.66282,5.80030,5.80172,0.010040,5.45170,6.38747,0.222658
366,3.67285,5.80030,5.80107,0.010030,5.46173,6.39752,0.223067
367,3.68289,5.80030,5.80043,0.010040,5.47177,6.40758,0.223477
368,3.69293,5.80030,5.79966,0.010040,5.48181,6.41765,0.223887
369,3.70296,5.80030,5.79889,0.010030,5.49184,6.42771,0.224297
370,3.71300,5.80030,5.79812,0.010040,5.50188,6.43778,0.224707
371,3.72303,5.79528,5.79734,0.011216,5.51310,6.44784,0.225165
372,3.73307,5.79528,5.79657,0.010040,5.52314,6.45791,0.225575
373,3.74310,5.79528,5.79580,0.010030,5.53317,6.46797,0.225985
374,3.75314,5.79528,5.79503,0.010040,5.54321,6.47804,0.226395
375,3.76317,5.79528,5.79426,0.010030,5.55324,6.48810,0.226804
376,3.77321,5.79027,5.79348,0.011221,5.56446,6.49817,0.227263
377,3.78324,5.79027,5.79258,0.010030,5.57449,6.50824,0.227672
378,3.79328,5.79027,5.79168,0.010040,5.58453,6.51832,0.228082
379,3.80331,5.79027,5.79078,0.010030,5.59456,6.52839,0.228492
380,3.81335,5.79027,5.78975,0.010040,5.60460,6.53848,0.228902
381,3.82338,5.79027,5.78872,0.010030,5.61463,6.54856,0.229312
382,3.83342,5.79027,5.78782,0.010040,5.62467,6.55864,0.229722
383,3.84345,5.79027,5.78692,0.010030,5.63470,6.56871,0.230131
384,3.85349,5.79027,5.78602,0.010040,5.64474,6.57879,0.230542
385,3.86352,5.78525,5.78512,0.011216,5.65596,6.58886,0.231000
386,3.87356,5.78525,5.78409,0.010040,5.66600,6.59896,0.231410
387,3.88359,5.78023,5.78306,0.011216,5.67721,6.60904,0.231868
388,3.89363,5.78023,5.78203,0.010040,5.68725,6.61913,0.232278
389,3.90366,5.78023,5.78100,0.010030,5.69728,6.62921,0.232687
390,3.91370,5.78023,5.77997,0.010040,5.70732,6.63931,0.233098
391,3.92373,5.78023,5.77894,0.010030,5.71735,6.64939,0.233507
392,3.93377,5.78023,5.77792,0.010040,5.72739,6.65948,0.233917
393,3.94380,5.78023,5.77676,0.010030,5.73742,6.66958,0.234327
394,3.95384,5.78023,5.77560,0.010040,5.74746,6.67969,0.234737
395,3.96387,5.78023,5.77444,0.010030,5.75749,6.68978,0.235147
396,3.97391,5.77521,5.77341,0.011225,5.76872,6.69987,0.235605
397,3.98394,5.77521,5.77226,0.010030,5.77875,6.70997,0.236015
398,3.99398,5.77521,5.77097,0.010040,5.78879,6.72009,0.236425
399,4.00401,5.77020,5.76968,0.011212,5.80000,6.73021,0.236883
400,4.01405,5.77020,5.76840,0.010040,5.81004,6.74033,0.237293
401,4.02408,5.77020,5.76711,0.010030,5.82007,6.75044,0.237702
402,4.03412,5.77020,5.76569,0.010040,5.83011,6.76058,0.238112
403,4.04415,5.76518,5.76428,0.011216,5.84132,6.77071,0.238570
404,4.05419,5.76518,5.76286,0.010040,5.85136,6.78085,0.238980
405,4.06422,5.76016,5.76158,0.011216,5.86258,6.79096,0.239439
406,4.07426,5.76016,5.76016,0.010040,5.87262,6.80110,0.239849
407,4.08430,5.76016,5.75887,0.010040,5.88266,6.81122,0.240259
408,4.09433,5.76016,5.75759,0.010030,5.89269,6.82133,0.240668
409,4.10437,5.76016,5.75630,0.010040,5.90273,6.83146,0.241078
410,4.11440,5.75514,5.75489,0.011216,5.91395,6.84158,0.241536
411,4.12444,5.75514,5.75347,0.010040,5.92399,6.85172,0.241947
412,4.13447,5.75013,5.75193,0.011212,5.93520,6.86187,0.242404
413,4.14451,5.75013,5.75038,0.010040,5.94524,6.87203,0.242814
414,4.15454,5.75013,5.74884,0.010030,5.95527,6.88218,0.243224
415,4.16458,5.75013,5.74730,0.010040,5.96531,6.89234,0.243634
416,4.17461,5.74511,5.74575,0.011216,5.97652,6.90248,0.244092
417,4.18465,5.74009,5.74421,0.011225,5.98775,6.91264,0.244551
418,4.19468,5.74009,5.74254,0.010030,5.99778,6.92281,0.244960
419,4.20472,5.74009,5.74099,0.010040,6.00782,6.93297,0.245370
420,4.21475,5.74009,5.73945,0.010030,6.01785,6.94312,0.245780
421,4.22479,5.73507,5.73790,0.011225,6.02907,6.95328,0.246238
422,4.23482,5.73507,5.73636,0.010030,6.03910,6.96342,0.246648
423,4.24486,5.73507,5.73494,0.010040,6.04914,6.97356,0.247058
424,4.25489,5.73507,5.73340,0.010030,6.05917,6.98371,0.247468
425,4.26493,5.73006,5.73198,0.011221,6.07039,6.99385,0.247926
426,4.27496,5.73006,5.73057,0.010030,6.08042,7.00398,0.248336
427,4.28500,5.73006,5.72915,0.010040,6.09046,7.01412,0.248746
428,4.29503,5.73006,5.72774,0.010030,6.10049,7.02425,0.249155
429,4.30507,5.72504,5.72620,0.011225,6.11172,7.03441,0.249614
430,4.31510,5.72504,5.72465,0.010030,6.12175,7.04455,0.250024
431,4.32514,5.72002,5.72298,0.011225,6.13297,7.05473,0.250482
432,4.33517,5.72002,5.72144,0.010030,6.14300,7.06488,0.250892
433,4.34521,5.72002,5.71989,0.010040,6.15304,7.07504,0.251302
434,4.35524,5.72002,5.71835,0.010030,6.16307,7.08519,0.251711
435,4.36528,5.71500,5.71667,0.011225,6.17430,7.09537,0.252170
436,4.37531,5.71500,5.71500,0.010030,6.18433,7.10553,0.252579
437,4.38535,5.70998,5.71346,0.011225,6.19555,7.11569,0.253038
438,4.39538,5.70998,5.71191,0.010030,6.20558,7.12584,0.253448
439,4.40542,5.70998,5.71037,0.010040,6.21562,7.13600,0.253858
440,4.41545,5.70998,5.70870,0.010030,6.22565,7.14617,0.254267
441,4.42549,5.70998,5.70715,0.010040,6.23569,7.15632,0.254677
442,4.43552,5.70998,5.70548,0.010030,6.24572,7.16649,0.255087
443,4.44556,5.70497,5.70381,0.011221,6.25695,7.17667,0.255545
444,4.45559,5.70497,5.70214,0.010030,6.26698,7.18684,0.255955
445,4.46563,5.70497,5.70059,0.010040,6.27702,7.19700,0.256365
446,4.47566,5.70497,5.69892,0.010030,6.28705,7.20717,0.256775
447,4.48570,5.70497,5.69725,0.010040,6.29709,7.21734,0.257185
448,4.49574,5.69995,5.69545,0.011225,6.30831,7.22754,0.257643
449,4.50577,5.69493,5.69377,0.011216,6.31953,7.23771,0.258101
450,4.51581,5.68991,5.69210,0.011225,6.33075,7.24789,0.258560
451,4.52584,5.68991,5.69056,0.010030,6.34078,7.25804,0.258969
452,4.53588,5.68991,5.68888,0.010040,6.35082,7.26822,0.259379
453,4.54591,5.68991,5.68721,0.010030,6.36085,7.27839,0.259789
454,4.55595,5.68490,5.68541,0.011221,6.37207,7.28859,0.260247
455,4.56598,5.67988,5.68374,0.011216,6.38329,7.29876,0.260705
456,4.57602,5.67988,5.68207,0.010040,6.39333,7.30893,0.261115
457,4.58605,5.67988,5.68052,0.010030,6.40336,7.31908,0.261525
458,4.59609,5.67988,5.67885,0.010040,6.41340,7.32926,0.261935
459,4.60612,5.67486,5.67718,0.011216,6.42461,7.33943,0.262393
460,4.61616,5.67486,5.67538,0.010040,6.43465,7.34963,0.262803
461,4.62619,5.66984,5.67357,0.011216,6.44587,7.35982,0.263261
462,4.63623,5.66984,5.67177,0.010040,6.45591,7.37002,0.263671
463,4.64626,5.66984,5.67010,0.010030,6.46594,7.38019,0.264081
464,4.65630,5.66984,5.66830,0.010040,6.47598,7.39039,0.264491
465,4.66633,5.66483,5.66650,0.011212,6.48719,7.40058,0.264949
466,4.67637,5.66483,5.66457,0.010040,6.49723,7.41080,0.265359
467,4.68640,5.65981,5.66264,0.011216,6.50845,7.42102,0.265817
468,4.69644,5.65981,5.66084,0.010040,6.51849,7.43122,0.266227
469,4.70647,5.65981,5.65916,0.010030,6.52852,7.44139,0.266637
470,4.71651,5.65981,5.65749,0.010040,6.53856,7.45156,0.267047
471,4.72654,5.65479,5.65582,0.011216,6.54977,7.46173,0.267505
472,4.73658,5.65479,5.65402,0.010040,6.55981,7.47193,0.267915
473,4.74661,5.64977,5.65222,0.011216,6.57103,7.48212,0.268373
474,4.75665,5.64977,5.65055,0.010040,6.58107,7.49230,0.268783
475,4.76668,5.64977,5.64900,0.010030,6.59110,7.50245,0.269193
476,4.77672,5.64977,5.64733,0.010040,6.60114,7.51263,0.269603
477,4.78675,5.64476,5.64566,0.011212,6.61235,7.52280,0.270061
478,4.79679,5.64476,5.64386,0.010040,6.62239,7.53300,0.270471
479,4.80682,5.63974,5.64218,0.011216,6.63361,7.54317,0.270929
480,4.81686,5.63974,5.64051,0.010040,6.64365,7.55334,0.271339
481,4.82689,5.63974,5.63897,0.010030,6.65368,7.56349,0.271748
482,4.83693,5.63974,5.63729,0.010040,6.66372,7.57367,0.272159
483,4.84696,5.63472,5.63562,0.011216,6.67493,7.58384,0.272617
484,4.85700,5.63472,5.63382,0.010040,6.68497,7.59404,0.273027
485,4.86703,5.62970,5.63215,0.011216,6.69619,7.60421,0.273485
486,4.87707,5.62970,5.63048,0.010040,6.70623,7.61439,0.273895
487,4.88710,5.62970,5.62893,0.010030,6.71626,7.62453,0.274304
488,4.89714,5.62970,5.62726,0.010040,6.72630,7.63471,0.274715
489,4.90718,5.62469,5.62559,0.011221,6.73752,7.64489,0.275173
490,4.91721,5.62469,5.62379,0.010030,6.74755,7.65508,0.275582
491,4.92725,5.61967,5.62211,0.011225,6.75878,7.66526,0.276041
492,4.93728,5.61967,5.62044,0.010030,6.76881,7.67543,0.276451
493,4.94732,5.61967,5.61890,0.010040,6.77885,7.68559,0.276861
494,4.95735,5.61967,5.61722,0.010030,6.78888,7.69575,0.277270
495,4.96739,5.61465,5.61555,0.011225,6.80010,7.70593,0.277729
496,4.97742,5.61465,5.61375,0.010030,6.81013,7.71612,0.278138
497,4.98746,5.60963,5.61208,0.011225,6.82136,7.72630,0.278597
498,4.99749,5.60963,5.61041,0.010030,6.83139,7.73647,0.279006
499,5.00753,5.60963,5.60886,0.010040,6.84143,7.74663,0.279416
500,5.01756,5.60963,5.60719,0.010030,6.85146,7.75680,0.279826
501,5.02760,5.60462,5.60552,0.011221,6.86268,7.76697,0.280284
502,5.03763,5.60462,5.60372,0.010030,6.87271,7.77717,0.280694
503,5.04767,5.59960,5.60204,0.011225,6.88393,7.78734,0.281152
504,5.05770,5.59960,5.60037,0.010030,6.89396,7.79751,0.281562
505,5.06774,5.59960,5.59883,0.010040,6.90400,7.80767,0.281972
506,5.07777,5.59960,5.59715,0.010030,6.91403,7.81784,0.282382
507,5.08781,5.59458,5.59548,0.011225,6.92526,7.82802,0.282840
508,5.09784,5.59458,5.59368,0.010030,6.93529,7.83821,0.283250
509,5.10788,5.58956,5.59201,0.011225,6.94651,7.84839,0.283708
510,5.11791,5.58956,5.59034,0.010030,6.95654,7.85855,0.284118
511,5.12795,5.58956,5.58879,0.010040,6.96658,7.86871,0.284528
512,5.13798,5.58956,5.58712,0.010030,6.97661,7.87888,0.284938
513,5.14802,5.58455,5.58545,0.011221,6.98783,7.88906,0.285396
514,5.15805,5.58455,5.58365,0.010030,6.99786,7.89925,0.285806
515,5.16809,5.57953,5.58197,0.011225,7.00909,7.90943,0.286264
516,5.17812,5.57953,5.58030,0.010030,7.01912,7.91960,0.286674
517,5.18816,5.57953,5.57876,0.010040,7.02916,7.92975,0.287084
518,5.19819,5.57953,5.57708,0.010030,7.03919,7.93992,0.287493
519,5.20823,5.57451,5.57541,0.011225,7.05041,7.95010,0.287952
520,5.21826,5.57451,5.57361,0.010030,7.06044,7.96029,0.288362
521,5.22830,5.56949,5.57194,0.011225,7.07167,7.97047,0.288820
522,5.23833,5.56949,5.57027,0.010030,7.08170,7.98064,0.289230
523,5.24837,5.56949,5.56872,0.010040,7.09174,7.99080,0.289640
524,5.25840,5.56949,5.56705,0.010030,7.10177,8.00096,0.290049
525,5.26844,5.56448,5.56538,0.011221,7.11299,8.01114,0.290508
526,5.27847,5.56448,5.56358,0.010030,7.12302,8.02133,0.290917
527,5.28851,5.55946,5.56190,0.011225,7.13424,8.03151,0.291376
528,5.29854,5.55946,5.56023,0.010030,7.14427,8.04168,0.291785
529,5.30858,5.55946,5.55869,0.010040,7.15431,8.05184,0.292195
530,5.31862,5.55946,5.55714,0.010040,7.16435,8.06200,0.292605
531,5.32865,5.55444,5.55547,0.011216,7.17557,8.07216,0.293063
532,5.33869,5.55444,5.55380,0.010040,7.18561,8.08234,0.293474
533,5.34872,5.54942,5.55225,0.011216,7.19683,8.09249,0.293932
534,5.35876,5.54942,5.55071,0.010040,7.20687,8.10265,0.294342
535,5.36879,5.54942,5.54929,0.010030,7.21690,8.11278,0.294751
536,5.37883,5.54942,5.54775,0.010040,7.22694,8.12294,0.295161
537,5.38886,5.54441,5.54621,0.011212,7.23815,8.13308,0.295619
538,5.39890,5.54441,5.54466,0.010040,7.24819,8.14324,0.296029
539,5.40893,5.53939,5.54312,0.011216,7.25940,8.15339,0.296487
540,5.41897,5.53939,5.54145,0.010040,7.26944,8.16357,0.296897
541,5.42900,5.53939,5.53990,0.010030,7.27947,8.17372,0.297307
542,5.43904,5.53939,5.53836,0.010040,7.28951,8.18388,0.297717
543,5.44907,5.53437,5.53669,0.011216,7.30073,8.19404,0.298175
544,5.45911,5.53437,5.53501,0.010040,7.31077,8.20422,0.298585
545,5.46914,5.52935,5.53334,0.011216,7.32199,8.21439,0.299043
546,5.47918,5.52935,5.53167,0.010040,7.33203,8.22457,0.299453
547,5.48921,5.52935,5.53013,0.010030,7.34206,8.23472,0.299863
548,5.49925,5.52935,5.52845,0.010040,7.35210,8.24490,0.300273
549,5.50928,5.52935,5.52678,0.010030,7.36213,8.25506,0.300683
550,5.51932,5.52434,5.52498,0.011221,7.37335,8.26526,0.301141
551,5.52935,5.52434,5.52331,0.010030,7.38338,8.27543,0.301551
552,5.53939,5.52434,5.52163,0.010040,7.39342,8.28561,0.301961
553,5.54942,5.52434,5.51996,0.010030,7.40345,8.29578,0.302370
554,5.55946,5.52434,5.51816,0.010040,7.41349,8.30598,0.302780
555,5.56949,5.51932,5.51636,0.011216,7.42470,8.31617,0.303239
556,5.57953,5.51932,5.51456,0.010040,7.43474,8.32637,0.303649
557,5.58956,5.51932,5.51276,0.010030,7.44477,8.33656,0.304058
558,5.59960,5.51430,5.51096,0.011225,7.45600,8.34676,0.304517
559,5.60963,5.50928,5.50915,0.011216,7.46721,8.35695,0.304975
560,5.61967,5.50928,5.50735,0.010040,7.47725,8.36715,0.305385
561,5.62970,5.50928,5.50555,0.010030,7.48728,8.37734,0.305794
562,5.63974,5.50426,5.50375,0.011225,7.49851,8.38754,0.306253
563,5.64977,5.50426,5.50208,0.010030,7.50854,8.39771,0.306663
564,5.65981,5.49925,5.50028,0.011221,7.51976,8.40791,0.307121
565,5.66984,5.49925,5.49860,0.010030,7.52979,8.41808,0.307530
566,5.67988,5.49925,5.49680,0.010040,7.53983,8.42828,0.307941
567,5.68991,5.49423,5.49500,0.011216,7.55105,8.43847,0.308399
568,5.69995,5.49423,5.49320,0.010040,7.56109,8.44867,0.308809
569,5.70998,5.48921,5.49140,0.011216,7.57230,8.45886,0.309267
570,5.72002,5.48921,5.48973,0.010040,7.58234,8.46904,0.309677
571,5.73006,5.48921,5.48793,0.010040,7.59238,8.47924,0.310087
572,5.74009,5.48419,5.48612,0.011216,7.60360,8.48943,0.310545
573,5.75013,5.47918,5.48432,0.011221,7.61482,8.49963,0.311003
574,5.76016,5.47918,5.48239,0.010030,7.62485,8.50985,0.311413
575,5.77020,5.47918,5.48059,0.010040,7.63489,8.52005,0.311823
576,5.78023,5.47416,5.47879,0.011216,7.64610,8.53024,0.312281
577,5.79027,5.47416,5.47699,0.010040,7.65614,8.54044,0.312691
578,5.80030,5.46914,5.47532,0.011216,7.66736,8.55060,0.313149
579,5.81034,5.46914,5.47364,0.010040,7.67740,8.56078,0.313559
580,5.82037,5.46914,5.47197,0.010030,7.68743,8.57095,0.313969
581,5.83041,5.46914,5.47017,0.010040,7.69747,8.58115,0.314379
582,5.84044,5.46914,5.46850,0.010030,7.70750,8.59132,0.314789
583,5.85048,5.46412,5.46683,0.011225,7.71873,8.60150,0.315247
584,5.86051,5.46412,5.46528,0.010030,7.72876,8.61165,0.315657
585,5.87055,5.45911,5.46374,0.011221,7.73998,8.62180,0.316115
586,5.88058,5.45911,5.46219,0.010030,7.75001,8.63195,0.316525
587,5.89062,5.45911,5.46065,0.010040,7.76005,8.64211,0.316935
588,5.90065,5.45911,5.45911,0.010030,7.77008,8.65226,0.317344
589,5.91069,5.45911,5.45769,0.010040,7.78012,8.66240,0.317754
590,5.92072,5.45409,5.45615,0.011216,7.79133,8.67255,0.318212
591,5.93076,5.45409,5.45460,0.010040,7.80137,8.68270,0.318622
592,5.94079,5.45409,5.45319,0.010030,7.81140,8.69283,0.319032
593,5.95083,5.44907,5.45190,0.011225,7.82263,8.70296,0.319491
594,5.96086,5.44907,5.45062,0.010030,7.83266,8.71307,0.319900
595,5.97090,5.44907,5.44933,0.010040,7.84270,8.72319,0.320310
596,5.98093,5.44907,5.44804,0.010030,7.85273,8.73330,0.320720
597,5.99097,5.44907,5.44676,0.010040,7.86277,8.74342,0.321130
598,6.00100,5.44405,5.44560,0.011216,7.87398,8.75352,0.321588
599,6.01104,5.44405,5.44431,0.010040,7.88402,8.76364,0.321998
600,6.02107,5.43904,5.44302,0.011212,7.89524,8.77376,0.322456
601,6.03111,5.43904,5.44174,0.010040,7.90528,8.78388,0.322866
602,6.04114,5.43904,5.44045,0.010030,7.91531,8.79399,0.323276
603,6.05118,5.43904,5.43929,0.010040,7.92535,8.80410,0.323686
604,6.06121,5.43904,5.43814,0.010030,7.93538,8.81419,0.324095
605,6.07125,5.43904,5.43698,0.010040,7.94542,8.82430,0.324505
606,6.08128,5.43402,5.43582,0.011216,7.95663,8.83440,0.324963
607,6.09132,5.43402,5.43466,0.010040,7.96667,8.84450,0.325374
608,6.10135,5.43402,5.43350,0.010030,7.97670,8.85460,0.325783
609,6.11139,5.42900,5.43235,0.011225,7.98793,8.86471,0.326242
610,6.12142,5.42900,5.43132,0.010030,7.99796,8.87479,0.326651
611,6.13146,5.42900,5.43029,0.010040,8.00800,8.88488,0.327061
612,6.14150,5.42900,5.42926,0.010040,8.01804,8.89497,0.327471
613,6.15153,5.42900,5.42823,0.010030,8.02807,8.90506,0.327881
614,6.16157,5.42900,5.42720,0.010040,8.03811,8.91515,0.328291
615,6.17160,5.42398,5.42617,0.011216,8.04932,8.92523,0.328749
616,6.18164,5.42398,5.42514,0.010040,8.05936,8.93532,0.329159
617,6.19167,5.42398,5.42411,0.010030,8.06939,8.94541,0.329569
618,6.20171,5.41897,5.42321,0.011221,8.08061,8.95549,0.330027
619,6.21174,5.41897,5.42231,0.010030,8.09064,8.96556,0.330437
620,6.22178,5.41897,5.42154,0.010040,8.10068,8.97563,0.330847
621,6.23181,5.41897,5.42077,0.010030,8.11071,8.98569,0.331256
622,6.24185,5.41897,5.42000,0.010040,8.12075,8.99576,0.331667
623,6.25188,5.41897,5.41922,0.010030,8.13078,9.00582,0.332076
624,6.26192,5.41395,5.41845,0.011225,8.14201,9.01589,0.332535
625,6.27195,5.41395,5.41768,0.010030,8.15204,9.02595,0.332944
626,6.28199,5.41395,5.41704,0.010040,8.16208,9.03601,0.333354
627,6.29202,5.41395,5.41639,0.010030,8.17211,9.04606,0.333764
628,6.30206,5.41395,5.41575,0.010040,8.18215,9.05612,0.334174
629,6.31209,5.41395,5.41524,0.010030,8.19218,9.06616,0.334584
630,6.32213,5.41395,5.41472,0.010040,8.20222,9.07621,0.334994
631,6.33216,5.41395,5.41421,0.010030,8.21225,9.08626,0.335403
632,6.34220,5.40893,5.41369,0.011225,8.22347,9.09631,0.335862
633,6.35223,5.40893,5.41318,0.010030,8.23350,9.10635,0.336271
634,6.36227,5.40893,5.41266,0.010040,8.24354,9.11641,0.336682
635,6.37230,5.40893,5.41228,0.010030,8.25357,9.12644,0.337091
636,6.38234,5.40893,5.41189,0.010040,8.26361,9.13649,0.337501
637,6.39237,5.40893,5.41150,0.010030,8.27364,9.14653,0.337911
638,6.40241,5.40893,5.41125,0.010040,8.28368,9.15657,0.338321
639,6.41244,5.40893,5.41099,0.010030,8.29371,9.16661,0.338731
640,6.42248,5.40893,5.41073,0.010040,8.30375,9.17665,0.339141
641,6.43251,5.40893,5.41047,0.010030,8.31378,9.18668,0.339550
642,6.44255,5.40893,5.41022,0.010040,8.32382,9.19672,0.339960
643,6.45258,5.40893,5.40996,0.010030,8.33385,9.20676,0.340370
644,6.46262,5.40893,5.40983,0.010040,8.34389,9.21680,0.340780
645,6.47265,5.40893,5.40970,0.010030,8.35392,9.22683,0.341190
646,6.48269,5.40893,5.40957,0.010040,8.36396,9.23687,0.341600
647,6.49272,5.40893,5.40944,0.010030,8.37399,9.24690,0.342009
648,6.50276,5.40893,5.40932,0.010040,8.38403,9.25694,0.342419
649,6.51279,5.40893,5.40919,0.010030,8.39406,9.26697,0.342829
650,6.52283,5.40893,5.40906,0.010040,8.40410,9.27701,0.343239
651,6.53287,5.40893,5.40906,0.010040,8.41414,9.28705,0.343649
652,6.54290,5.40893,5.40919,0.010030,8.42417,9.29708,0.344059
653,6.55294,5.40893,5.40932,0.010040,8.43421,9.30713,0.344469
654,6.56297,5.40893,5.40944,0.010030,8.44424,9.31716,0.344878
655,6.57301,5.40893,5.40957,0.010040,8.45428,9.32720,0.345289
656,6.58304,5.40893,5.40970,0.010030,8.46431,9.33723,0.345698
657,6.59308,5.40893,5.40983,0.010040,8.47435,9.34727,0.346108
658,6.60311,5.40893,5.40996,0.010030,8.48438,9.35730,0.346518
659,6.61315,5.40893,5.41009,0.010040,8.49442,9.36734,0.346928
660,6.62318,5.40893,5.41035,0.010030,8.50445,9.37737,0.347338
661,6.63322,5.40893,5.41060,0.010040,8.51449,9.38742,0.347748
662,6.64325,5.40893,5.41086,0.010030,8.52452,9.39745,0.348157
663,6.65329,5.40893,5.41112,0.010040,8.53456,9.40749,0.348567
664,6.66332,5.40893,5.41138,0.010030,8.54459,9.41753,0.348977
665,6.67336,5.40893,5.41163,0.010040,8.55463,9.42757,0.349387
666,6.68339,5.40893,5.41189,0.010030,8.56466,9.43760,0.349797
667,6.69343,5.40893,5.41215,0.010040,8.57470,9.44765,0.350207
668,6.70346,5.40893,5.41253,0.010030,8.58473,9.45768,0.350616
669,6.71350,5.40893,5.41292,0.010040,8.59477,9.46773,0.351026
670,6.72353,5.41395,5.41331,0.011216,8.60599,9.47777,0.351484
671,6.73357,5.41395,5.41369,0.010040,8.61603,9.48782,0.351895
672,6.74360,5.41395,5.41421,0.010030,8.62606,9.49786,0.352304
673,6.75364,5.41395,5.41472,0.010040,8.63610,9.50791,0.352714
674,6.76367,5.41395,5.41524,0.010030,8.64613,9.51796,0.353124
675,6.77371,5.41395,5.41575,0.010040,8.65617,9.52801,0.353534
676,6.78374,5.41395,5.41626,0.010030,8.66620,9.53805,0.353944
677,6.79378,5.41395,5.41678,0.010040,8.67624,9.54811,0.354354
678,6.80381,5.41395,5.41729,0.010030,8.68627,9.55815,0.354763
679,6.81385,5.41897,5.41781,0.011225,8.69749,9.56820,0.355222
680,6.82388,5.41897,5.41845,0.010030,8.70752,9.57825,0.355631
681,6.83392,5.41897,5.41910,0.010040,8.71756,9.58831,0.356041
682,6.84395,5.41897,5.41974,0.010030,8.72759,9.59836,0.356451
683,6.85399,5.41897,5.42038,0.010040,8.73763,9.60842,0.356861
684,6.86402,5.41897,5.42115,0.010030,8.74766,9.61848,0.357271
685,6.87406,5.41897,5.42193,0.010040,8.75770,9.62855,0.357681
686,6.88409,5.41897,5.42270,0.010030,8.76773,9.63861,0.358090
687,6.89413,5.42398,5.42347,0.011221,8.77896,9.64868,0.358549
688,6.90416,5.42398,5.42424,0.010030,8.78899,9.65874,0.358958
689,6.91420,5.42398,5.42501,0.010040,8.79903,9.66881,0.359368
690,6.92423,5.42398,5.42579,0.010030,8.80906,9.67887,0.359778
691,6.93427,5.42900,5.42656,0.011225,8.82028,9.68894,0.360236
692,6.94431,5.42900,5.42746,0.010040,8.83032,9.69902,0.360647
693,6.95434,5.42900,5.42836,0.010030,8.84035,9.70909,0.361056
694,6.96438,5.42900,5.42926,0.010040,8.85039,9.71917,0.361466
695,6.97441,5.42900,5.43016,0.010030,8.86042,9.72924,0.361876
696,6.98445,5.42900,5.43106,0.010040,8.87046,9.73932,0.362286
697,6.99448,5.42900,5.43196,0.010030,8.88049,9.74939,0.362696
698,7.00452,5.42900,5.43286,0.010040,8.89053,9.75947,0.363106
699,7.01455,5.43402,5.43376,0.011216,8.90175,9.76954,0.363564
700,7.02459,5.43402,5.43466,0.010040,8.91179,9.77962,0.363974
701,7.03462,5.43402,5.43569,0.010030,8.92182,9.78971,0.364383
702,7.04466,5.43402,5.43672,0.010040,8.93186,9.79980,0.364793
703,7.05469,5.43904,5.43775,0.011216,8.94307,9.80988,0.365252
704,7.06473,5.43904,5.43878,0.010040,8.95311,9.81998,0.365662
705,7.07476,5.43904,5.43981,0.010030,8.96314,9.83006,0.366071
706,7.08480,5.43904,5.44084,0.010040,8.97318,9.84015,0.366481
707,7.09483,5.43904,5.44187,0.010030,8.98321,9.85023,0.366891
708,7.10487,5.43904,5.44302,0.010040,8.99325,9.86034,0.367301
709,7.11490,5.44405,5.44418,0.011212,9.00446,9.87044,0.367759
710,7.12494,5.44405,5.44534,0.010040,9.01450,9.88054,0.368169
711,7.13497,5.44907,5.44637,0.011216,9.02572,9.89063,0.368627
712,7.14501,5.44907,5.44753,0.010040,9.03576,9.90073,0.369037
713,7.15504,5.44907,5.44869,0.010030,9.04579,9.91083,0.369447
714,7.16508,5.44907,5.44997,0.010040,9.05583,9.92095,0.369857
715,7.17511,5.44907,5.45126,0.010030,9.06586,9.93106,0.370266
716,7.18515,5.44907,5.45255,0.010040,9.07590,9.94119,0.370676
717,7.19518,5.44907,5.45396,0.010030,9.08593,9.95131,0.371086
718,7.20522,5.45409,5.45538,0.011225,9.09716,9.96145,0.371545
719,7.21525,5.45409,5.45679,0.010030,9.10719,9.97158,0.371954
720,7.22529,5.45911,5.45821,0.011225,9.11841,9.98172,0.372413
721,7.23532,5.45911,5.45962,0.010030,9.12844,9.99185,0.372822
722,7.24536,5.45911,5.46104,0.010040,9.13848,10.00199,0.373232
723,7.25539,5.45911,5.46245,0.010030,9.14851,10.01212,0.373642
724,7.26543,5.45911,5.46400,0.010040,9.15855,10.02228,0.374052
725,7.27546,5.45911,5.46554,0.010030,9.16858,10.03243,0.374462
726,7.28550,5.46412,5.46708,0.011221,9.17980,10.04258,0.374920
727,7.29553,5.46914,5.46863,0.011216,9.19102,10.05273,0.375378
728,7.30557,5.46914,5.47030,0.010040,9.20106,10.06291,0.375788
729,7.31560,5.46914,5.47184,0.010030,9.21109,10.07306,0.376198
730,7.32564,5.46914,5.47352,0.010040,9.22113,10.08324,0.376608
731,7.33567,5.47416,5.47506,0.011216,9.23234,10.09339,0.377066
732,7.34571,5.47416,5.47660,0.010040,9.24238,10.10354,0.377476
733,7.35575,5.47918,5.47828,0.011225,9.25361,10.11372,0.377934
734,7.36578,5.47918,5.47995,0.010030,9.26364,10.12389,0.378344
735,7.37582,5.47918,5.48162,0.010040,9.27368,10.13407,0.378754
736,7.38585,5.48419,5.48342,0.011212,9.28489,10.14426,0.379212
737,7.39589,5.48419,5.48522,0.010040,9.29493,10.15446,0.379622
738,7.40592,5.48921,5.48690,0.011216,9.30615,10.16463,0.380080
739,7.41596,5.48921,5.48857,0.010040,9.31619,10.17481,0.380490
740,7.42599,5.48921,5.49024,0.010030,9.32622,10.18497,0.380900
741,7.43603,5.48921,5.49191,0.010040,9.33626,10.19515,0.381310
742,7.44606,5.49423,5.49372,0.011216,9.34747,10.20534,0.381768
743,7.45610,5.49925,5.49552,0.011225,9.35870,10.21554,0.382226
744,7.46613,5.49925,5.49732,0.010030,9.36873,10.22573,0.382636
745,7.47617,5.49925,5.49912,0.010040,9.37877,10.23593,0.383046
746,7.48620,5.49925,5.50105,0.010030,9.38880,10.24615,0.383456
747,7.49624,5.50426,5.50285,0.011221,9.40002,10.25635,0.383914
748,7.50627,5.50426,5.50465,0.010030,9.41005,10.26654,0.384324
749,7.51631,5.50928,5.50645,0.011225,9.42127,10.27674,0.384782
750,7.52634,5.50928,5.50825,0.010030,9.43130,10.28693,0.385192
751,7.53638,5.50928,5.50993,0.010040,9.44134,10.29711,0.385602
752,7.54641,5.51430,5.51160,0.011216,9.45256,10.30728,0.386060
753,7.55645,5.51430,5.51314,0.010040,9.46260,10.31743,0.386470
754,7.56648,5.51430,5.51494,0.010030,9.47263,10.32763,0.386880
755,7.57652,5.51932,5.51674,0.011225,9.48385,10.33783,0.387338
756,7.58655,5.51932,5.51842,0.010030,9.49388,10.34799,0.387748
757,7.59659,5.51932,5.52009,0.010040,9.50392,10.35817,0.388158
758,7.60662,5.51932,5.52176,0.010030,9.51395,10.36834,0.388567
759,7.61666,5.52434,5.52356,0.011225,9.52518,10.37854,0.389026
760,7.62669,5.52434,5.52536,0.010030,9.53521,10.38873,0.389436
761,7.63673,5.52935,5.52717,0.011221,9.54643,10.39893,0.389894
762,7.64676,5.52935,5.52897,0.010030,9.55646,10.40912,0.390303
763,7.65680,5.52935,5.53077,0.010040,9.56650,10.41932,0.390713
764,7.66683,5.52935,5.53257,0.010030,9.57653,10.42951,0.391123
765,7.67687,5.53939,5.53437,0.014199,9.59073,10.43971,0.391703
766,7.68690,5.53939,5.53630,0.010030,9.60076,10.44993,0.392113
767,7.69694,5.53939,5.53823,0.010040,9.61080,10.46015,0.392523
768,7.70697,5.53939,5.54016,0.010030,9.62083,10.47037,0.392932
769,7.71701,5.53939,5.54196,0.010040,9.63087,10.48057,0.393342
770,7.72704,5.53939,5.54389,0.010030,9.64090,10.49078,0.393752
771,7.73708,5.53939,5.54595,0.010040,9.65094,10.50103,0.394162
772,7.74711,5.53939,5.54788,0.010030,9.66097,10.51124,0.394572
773,7.75715,5.54942,5.54981,0.014192,9.67516,10.52147,0.395151
774,7.76719,5.54942,5.55187,0.010040,9.68520,10.53171,0.395561
775,7.77722,5.54942,5.55393,0.010030,9.69523,10.54195,0.395971
776,7.78726,5.54942,5.55598,0.010040,9.70527,10.55220,0.396381
777,7.79729,5.55444,5.55817,0.011216,9.71649,10.56247,0.396839
778,7.80733,5.55946,5.56049,0.011225,9.72771,10.57277,0.397298
779,7.81736,5.55946,5.56267,0.010030,9.73774,10.58304,0.397707
780,7.82740,5.55946,5.56486,0.010040,9.74778,10.59331,0.398117
781,7.83743,5.56448,5.56692,0.011216,9.75900,10.60355,0.398575
782,7.84747,5.56949,5.56911,0.011221,9.77022,10.61383,0.399034
783,7.85750,5.56949,5.57129,0.010030,9.78025,10.62409,0.399443
784,7.86754,5.56949,5.57361,0.010040,9.79029,10.63440,0.399853
785,7.87757,5.57451,5.57567,0.011216,9.80150,10.64464,0.400311
786,7.88761,5.57953,5.57786,0.011225,9.81273,10.65491,0.400770
787,7.89764,5.57953,5.58004,0.010030,9.82276,10.66518,0.401180
788,7.90768,5.57953,5.58236,0.010040,9.83280,10.67548,0.401590
789,7.91771,5.58455,5.58467,0.011216,9.84402,10.68577,0.402048
790,7.92775,5.58956,5.58712,0.011221,9.85524,10.69611,0.402506
791,7.93778,5.58956,5.58969,0.010030,9.86527,10.70646,0.402916
792,7.94782,5.58956,5.59226,0.010040,9.87531,10.71683,0.403326
793,7.95785,5.59458,5.59471,0.011216,9.88652,10.72715,0.403784
794,7.96789,5.59960,5.59728,0.011225,9.89775,10.73752,0.404242
795,7.97792,5.59960,5.59986,0.010030,9.90778,10.74787,0.404652
796,7.98796,5.60462,5.60243,0.011225,9.91900,10.75823,0.405110
797,7.99799,5.60963,5.60500,0.011212,9.93021,10.76859,0.405568
798,8.00803,5.60963,5.60757,0.010040,9.94025,10.77895,0.405978
799,8.01806,5.60963,5.61015,0.010030,9.95028,10.78931,0.406388
800,8.02810,5.60963,5.61285,0.010040,9.96032,10.79971,0.406798
801,8.03813,5.61465,5.61555,0.011216,9.97154,10.81009,0.407256
802,8.04817,5.61465,5.61812,0.010040,9.98158,10.82046,0.407666
803,8.05820,5.61967,5.62070,0.011216,9.99280,10.83081,0.408124
804,8.06824,5.61967,5.62340,0.010040,10.00284,10.84121,0.408534
805,8.07827,5.62469,5.62610,0.011216,10.01405,10.85160,0.408992
806,8.08831,5.62469,5.62867,0.010040,10.02409,10.86196,0.409402
807,8.09834,5.62970,5.63138,0.011212,10.03530,10.87235,0.409860
808,8.10838,5.62970,5.63421,0.010040,10.04534,10.88278,0.410270
809,8.11841,5.63472,5.63691,0.011216,10.05656,10.89317,0.410728
810,8.12845,5.63974,5.63961,0.011225,10.06778,10.90357,0.411187
811,8.13848,5.63974,5.64231,0.010030,10.07781,10.91395,0.411597
812,8.14852,5.64476,5.64514,0.011225,10.08904,10.92438,0.412055
813,8.15855,5.64977,5.64784,0.011212,10.10025,10.93477,0.412513
814,8.16859,5.64977,5.65055,0.010040,10.11029,10.94517,0.412923
815,8.17863,5.64977,5.65338,0.010040,10.12033,10.95560,0.413333
816,8.18866,5.65479,5.65608,0.011216,10.13155,10.96599,0.413791
817,8.19870,5.65981,5.65878,0.011225,10.14277,10.97638,0.414250
818,8.20873,5.65981,5.66161,0.010030,10.15280,10.98681,0.414659
819,8.21877,5.66483,5.66457,0.011225,10.16403,10.99727,0.415118
820,8.22880,5.66984,5.66766,0.011212,10.17524,11.00777,0.415576
821,8.23884,5.66984,5.67062,0.010040,10.18528,11.01824,0.415986
822,8.24887,5.66984,5.67370,0.010030,10.19531,11.02873,0.416395
823,8.25891,5.67486,5.67679,0.011225,10.20653,11.03923,0.416854
824,8.26894,5.67988,5.67988,0.011216,10.21775,11.04973,0.417312
825,8.27898,5.67988,5.68297,0.010040,10.22779,11.06023,0.417722
826,8.28901,5.68490,5.68618,0.011216,10.23901,11.07077,0.418180
827,8.29905,5.68991,5.68927,0.011221,10.25023,11.08127,0.418638
828,8.30908,5.68991,5.69249,0.010030,10.26026,11.09180,0.419048
829,8.31912,5.69493,5.69570,0.011225,10.27148,11.10235,0.419506
830,8.32915,5.69493,5.69879,0.010030,10.28151,11.11284,0.419916
831,8.33919,5.69995,5.70201,0.011225,10.29274,11.12338,0.420374
832,8.34922,5.69995,5.70522,0.010030,10.30277,11.13392,0.420784
833,8.35926,5.70497,5.70831,0.011225,10.31399,11.14442,0.421242
834,8.36929,5.70998,5.71153,0.011212,10.32520,11.15495,0.421700
835,8.37933,5.70998,5.71487,0.010040,10.33524,11.16554,0.422110
836,8.38936,5.71500,5.71809,0.011216,10.34646,11.17607,0.422569
837,8.39940,5.72002,5.72131,0.011225,10.35769,11.18661,0.423027
838,8.40943,5.72504,5.72465,0.011216,10.36890,11.19718,0.423485
839,8.41947,5.73006,5.72800,0.011225,10.38013,11.20777,0.423943
840,8.42950,5.73006,5.73134,0.010030,10.39016,11.21834,0.424353
841,8.43954,5.73507,5.73469,0.011221,10.40138,11.22892,0.424811
842,8.44957,5.74009,5.73816,0.011216,10.41259,11.23954,0.425269
843,8.45961,5.74009,5.74163,0.010040,10.42263,11.25016,0.425680
844,8.46964,5.74511,5.74511,0.011216,10.43385,11.26078,0.426138
845,8.47968,5.75013,5.74871,0.011225,10.44507,11.27144,0.426596
846,8.48971,5.75013,5.75218,0.010030,10.45510,11.28206,0.427006
847,8.49975,5.75514,5.75566,0.011221,10.46632,11.29268,0.427464
848,8.50978,5.76016,5.75926,0.011216,10.47754,11.30334,0.427922
849,8.51982,5.76016,5.76286,0.010040,10.48758,11.31400,0.428332
850,8.52985,5.76518,5.76659,0.011216,10.49880,11.32471,0.428790
851,8.53989,5.77020,5.77020,0.011225,10.51002,11.33537,0.429249
852,8.54992,5.77020,5.77393,0.010030,10.52005,11.34607,0.429658
853,8.55996,5.77521,5.77766,0.011221,10.53127,11.35679,0.430117
854,8.56999,5.78023,5.78139,0.011216,10.54249,11.36749,0.430575
855,8.58003,5.78023,5.78525,0.010040,10.55253,11.37824,0.430985
856,8.59007,5.78525,5.78898,0.011225,10.56375,11.38895,0.431443
857,8.60010,5.79027,5.79284,0.011216,10.57497,11.39970,0.431901
858,8.61014,5.79528,5.79657,0.011221,10.58619,11.41041,0.432360
859,8.62017,5.80030,5.80030,0.011216,10.59741,11.42111,0.432818
860,8.63021,5.80030,5.80416,0.010040,10.60745,11.43187,0.433228
861,8.64024,5.80532,5.80789,0.011216,10.61866,11.44257,0.433686
862,8.65028,5.81034,5.81175,0.011225,10.62989,11.45333,0.434144
863,8.66031,5.81535,5.81561,0.011212,10.64110,11.46407,0.434602
864,8.67035,5.82037,5.81947,0.011225,10.65232,11.47483,0.435061
865,8.68038,5.82037,5.82333,0.010030,10.66235,11.48558,0.435470
866,8.69042,5.82539,5.82732,0.011225,10.67358,11.49638,0.435929
867,8.70045,5.83041,5.83131,0.011216,10.68480,11.50717,0.436387
868,8.71049,5.83542,5.83517,0.011221,10.69602,11.51793,0.436845
869,8.72052,5.84044,5.83915,0.011216,10.70723,11.52872,0.437303
870,8.73056,5.84044,5.84314,0.010040,10.71727,11.53953,0.437713
871,8.74059,5.84546,5.84713,0.011216,10.72849,11.55032,0.438171
872,8.75063,5.85048,5.85125,0.011225,10.73971,11.56117,0.438630
873,8.76066,5.85549,5.85524,0.011212,10.75093,11.57197,0.439088
874,8.77070,5.86051,5.85935,0.011225,10.76215,11.58282,0.439546
875,8.78073,5.86051,5.86347,0.010030,10.77218,11.59366,0.439956
876,8.79077,5.87055,5.86759,0.014199,10.78638,11.60451,0.440536
877,8.80080,5.87055,5.87170,0.010030,10.79641,11.61535,0.440945
878,8.81084,5.87556,5.87569,0.011221,10.80763,11.62616,0.441404
879,8.82087,5.88058,5.87981,0.011216,10.81885,11.63700,0.441862
880,8.83091,5.88058,5.88393,0.010040,10.82889,11.64785,0.442272
881,8.84094,5.89062,5.88804,0.014192,10.84308,11.65869,0.442851
882,8.85098,5.89062,5.89216,0.010040,10.85312,11.66954,0.443261
883,8.86101,5.89563,5.89628,0.011212,10.86433,11.68039,0.443719
884,8.87105,5.90065,5.90039,0.011225,10.87555,11.69124,0.444178
885,8.88108,5.90567,5.90451,0.011216,10.88677,11.70208,0.444636
886,8.89112,5.91069,5.90863,0.011225,10.89800,11.71293,0.445094
887,8.90115,5.91069,5.91275,0.010030,10.90803,11.72377,0.445504
888,8.91119,5.91570,5.91686,0.011221,10.91925,11.73462,0.445962
889,8.92122,5.92072,5.92098,0.011216,10.93046,11.74547,0.446420
890,8.93126,5.92574,5.92510,0.011225,10.94169,11.75632,0.446879
891,8.94129,5.93076,5.92921,0.011216,10.95290,11.76716,0.447337
892,8.95133,5.93076,5.93333,0.010040,10.96294,11.77801,0.447747
893,8.96136,5.94079,5.93745,0.014185,10.97713,11.78885,0.448326
894,8.97140,5.94079,5.94156,0.010040,10.98717,11.79970,0.448736
895,8.98144,5.94581,5.94581,0.011225,10.99839,11.81060,0.449195
896,8.99147,5.95083,5.94993,0.011216,11.00961,11.82145,0.449653
897,9.00151,5.95083,5.95417,0.010040,11.01965,11.83235,0.450063
898,9.01154,5.96086,5.95842,0.014185,11.03383,11.84324,0.450642
899,9.02158,5.96086,5.96266,0.010040,11.04387,11.85414,0.451052
900,9.03161,5.96588,5.96704,0.011216,11.05509,11.86508,0.451510
901,9.04165,5.97090,5.97116,0.011225,11.06631,11.87593,0.451969
902,9.05168,5.97592,5.97553,0.011216,11.07753,11.88688,0.452427
903,9.06172,5.98093,5.97977,0.011221,11.08875,11.89778,0.452885
904,9.07175,5.98093,5.98415,0.010030,11.09878,11.90872,0.453295
905,9.08179,5.98595,5.98839,0.011225,11.11001,11.91962,0.453753
906,9.09182,5.99097,5.99264,0.011216,11.12122,11.93051,0.454211
907,9.10186,5.99599,5.99701,0.011225,11.13245,11.94146,0.454670
908,9.11189,6.00100,6.00139,0.011212,11.14366,11.95240,0.455128
909,9.12193,6.00100,6.00576,0.010040,11.15370,11.96336,0.455538
910,9.13196,6.00602,6.01014,0.011216,11.16492,11.97430,0.455996
911,9.14200,6.01104,6.01451,0.011225,11.17614,11.98525,0.456454
912,9.15203,6.01606,6.01901,0.011216,11.18736,11.99624,0.456912
913,9.16207,6.02107,6.02339,0.011221,11.19858,12.00720,0.457371
914,9.17210,6.02609,6.02789,0.011216,11.20979,12.01819,0.457829
915,9.18214,6.03111,6.03239,0.011225,11.22102,12.02919,0.458287
916,9.19217,6.03613,6.03677,0.011216,11.23223,12.04014,0.458745
917,9.20221,6.04114,6.04140,0.011221,11.24346,12.05119,0.459203
918,9.21224,6.04616,6.04577,0.011216,11.25467,12.06214,0.459662
919,9.22228,6.05118,6.05041,0.011225,11.26590,12.07319,0.460120
920,9.23231,6.05118,6.05491,0.010030,11.27593,12.08419,0.460530
921,9.24235,6.06121,6.05941,0.014192,11.29012,12.09519,0.461109
922,9.25238,6.06121,6.06392,0.010030,11.30015,12.10618,0.461519
923,9.26242,6.07125,6.06842,0.014199,11.31435,12.11719,0.462099
924,9.27245,6.07125,6.07305,0.010030,11.32438,12.12824,0.462508
925,9.28249,6.07627,6.07768,0.011225,11.33560,12.13929,0.462967
926,9.29252,6.08128,6.08231,0.011212,11.34681,12.15034,0.463425
927,9.30256,6.08630,6.08694,0.011225,11.35804,12.16140,0.463883
928,9.31259,6.09132,6.09158,0.011216,11.36925,12.17245,0.464341
929,9.32263,6.09634,6.09634,0.011225,11.38048,12.18356,0.464800
930,9.33266,6.10135,6.10110,0.011212,11.39169,12.19466,0.465258
931,9.34270,6.10637,6.10573,0.011225,11.40292,12.20572,0.465716
932,9.35273,6.11139,6.11049,0.011216,11.41413,12.21682,0.466174
933,9.36277,6.11641,6.11512,0.011225,11.42536,12.22788,0.466633
934,9.37280,6.12142,6.11988,0.011212,11.43657,12.23898,0.467091
935,9.38284,6.12142,6.12451,0.010040,11.44661,12.25003,0.467501
936,9.39288,6.13146,6.12914,0.014199,11.46081,12.26109,0.468081
937,9.40291,6.13146,6.13378,0.010030,11.47084,12.27214,0.468490
938,9.41295,6.14150,6.13841,0.014199,11.48504,12.28320,0.469070
939,9.42298,6.14150,6.14304,0.010030,11.49507,12.29424,0.469480
940,9.43302,6.14651,6.14780,0.011221,11.50629,12.30535,0.469938
941,9.44305,6.15153,6.15243,0.011216,11.51750,12.31640,0.470396
942,9.45309,6.15655,6.15719,0.011225,11.52873,12.32751,0.470855
943,9.46312,6.16157,6.16182,0.011216,11.53994,12.33856,0.471313
944,9.47316,6.16658,6.16658,0.011221,11.55116,12.34967,0.471771
945,9.48319,6.17160,6.17134,0.011216,11.56238,12.36078,0.472229
946,9.49323,6.17662,6.17610,0.011225,11.57361,12.37189,0.472687
947,9.50326,6.18164,6.18086,0.011216,11.58482,12.38299,0.473145
948,9.51330,6.18665,6.18550,0.011221,11.59604,12.39405,0.473604
949,9.52333,6.19167,6.19026,0.011216,11.60726,12.40515,0.474062
950,9.53337,6.19167,6.19489,0.010040,11.61730,12.41620,0.474472
951,9.54340,6.20171,6.19965,0.014192,11.63149,12.42731,0.475052
952,9.55344,6.20171,6.20428,0.010040,11.64153,12.43836,0.475462
953,9.56347,6.21174,6.20904,0.014185,11.65572,12.44947,0.476041
954,9.57351,6.21174,6.21367,0.010040,11.66576,12.46052,0.476451
955,9.58354,6.21676,6.21856,0.011216,11.67697,12.47168,0.476909
956,9.59358,6.22178,6.22319,0.011225,11.68820,12.48274,0.477367
957,9.60361,6.22679,6.22795,0.011212,11.69941,12.49384,0.477825
958,9.61365,6.23181,6.23258,0.011225,11.71063,12.50490,0.478284
959,9.62368,6.23683,6.23734,0.011216,11.72185,12.51600,0.478742
960,9.63372,6.24185,6.24210,0.011225,11.73307,12.52711,0.479200
961,9.64375,6.24686,6.24686,0.011212,11.74429,12.53821,0.479658
962,9.65379,6.25188,6.25162,0.011225,11.75551,12.54932,0.480117
963,9.66382,6.25690,6.25638,0.011216,11.76673,12.56043,0.480575
964,9.67386,6.26192,6.26115,0.011225,11.77795,12.57154,0.481033
965,9.68389,6.26693,6.26591,0.011212,11.78916,12.58264,0.481491
966,9.69393,6.27195,6.27067,0.011225,11.80039,12.59375,0.481950
967,9.70396,6.27195,6.27543,0.010030,11.81042,12.60485,0.482359
968,9.71400,6.28199,6.28019,0.014199,11.82462,12.61597,0.482939
969,9.72403,6.28199,6.28495,0.010030,11.83465,12.62707,0.483349
970,9.73407,6.29202,6.28984,0.014192,11.84884,12.63823,0.483928
971,9.74410,6.29202,6.29447,0.010030,11.85887,12.64928,0.484338
972,9.75414,6.30206,6.29936,0.014199,11.87307,12.66045,0.484918
973,9.76417,6.30206,6.30399,0.010030,11.88310,12.67150,0.485328
974,9.77421,6.31209,6.30888,0.014192,11.89729,12.68266,0.485907
975,9.78424,6.31209,6.31364,0.010030,11.90732,12.69377,0.486317
976,9.79428,6.31711,6.31853,0.011225,11.91854,12.70493,0.486775
977,9.80432,6.32213,6.32329,0.011225,11.92977,12.71604,0.487234
978,9.81435,6.32715,6.32817,0.011216,11.94099,12.72720,0.487692
979,9.82439,6.33216,6.33293,0.011221,11.95221,12.73831,0.488150
980,9.83442,6.33718,6.33782,0.011216,11.96342,12.74947,0.488608
981,9.84446,6.34220,6.34258,0.011225,11.97465,12.76058,0.489067
982,9.85449,6.34722,6.34747,0.011216,11.98586,12.77174,0.489525
983,9.86453,6.35223,6.35223,0.011221,11.99708,12.78285,0.489983
984,9.87456,6.35725,6.35699,0.011216,12.00830,12.79396,0.490441
985,9.88460,6.36227,6.36175,0.011225,12.01953,12.80507,0.490900
986,9.89463,6.36729,6.36651,0.011216,12.03074,12.81617,0.491358
987,9.90467,6.37230,6.37140,0.011221,12.04196,12.82734,0.491816
988,9.91470,6.37732,6.37616,0.011216,12.05318,12.83844,0.492274
989,9.92474,6.38234,6.38105,0.011225,12.06440,12.84961,0.492732
990,9.93477,6.38234,6.38581,0.010030,12.07443,12.86071,0.493142
991,9.94481,6.39237,6.39070,0.014192,12.08862,12.87187,0.493722
992,9.95484,6.39237,6.39533,0.010030,12.09865,12.88292,0.494131
993,9.96488,6.40241,6.40022,0.014199,12.11285,12.89409,0.494711
994,9.97491,6.40241,6.40485,0.010030,12.12288,12.90514,0.495121
995,9.98495,6.41244,6.40974,0.014192,12.13708,12.91630,0.495701
996,9.99498,6.41244,6.41450,0.010030,12.14711,12.92741,0.496110
997,10.00502,6.42248,6.41939,0.014199,12.16130,12.93857,0.496690
998,10.01505,6.42248,6.42415,0.010030,12.17133,12.94968,0.497100
999,10.02509,6.43251,6.42904,0.014192,12.18553,12.96084,0.497679
1000,10.03512,6.43251,6.43380,0.010030,12.19556,12.97194,0.498089
1001,10.04516,6.44255,6.43869,0.014199,12.20975,12.98311,0.498669
1002,10.05519,6.44255,6.44345,0.010030,12.21978,12.99421,0.499079
1003,10.06523,6.44757,6.44834,0.011225,12.23101,13.00538,0.499537
1004,10.07526,6.45258,6.45310,0.011212,12.24222,13.01648,0.499995
1005,10.08530,6.45760,6.45799,0.011225,12.25345,13.02765,0.500453
1006,10.09533,6.46262,6.46275,0.011216,12.26466,13.03875,0.500911
1007,10.10537,6.46764,6.46764,0.011225,12.27589,13.04992,0.501370
1008,10.11540,6.47265,6.47240,0.011212,12.28710,13.06102,0.501828
1009,10.12544,6.47767,6.47716,0.011225,12.29832,13.07213,0.502286
1010,10.13547,6.48269,6.48205,0.011216,12.30954,13.08329,0.502744
1011,10.14551,6.48269,6.48681,0.010040,12.31958,13.09440,0.503154
1012,10.15554,6.49272,6.49170,0.014185,12.33376,13.10556,0.503734
1013,10.16558,6.49272,6.49646,0.010040,12.34380,13.11667,0.504144
1014,10.17561,6.50276,6.50134,0.014192,12.35800,13.12783,0.504723
1015,10.18565,6.50276,6.50598,0.010040,12.36804,13.13889,0.505133
1016,10.19568,6.51279,6.51087,0.014185,12.38222,13.15005,0.505713
1017,10.20572,6.51279,6.51550,0.010040,12.39226,13.16110,0.506123
1018,10.21576,6.52283,6.52039,0.014199,12.40646,13.17227,0.506703
1019,10.22579,6.52283,6.52502,0.010030,12.41649,13.18332,0.507112
1020,10.23583,6.53287,6.52991,0.014199,12.43069,13.19448,0.507692
1021,10.24586,6.53287,6.53454,0.010030,12.44072,13.20553,0.508102
1022,10.25590,6.54290,6.53930,0.014192,12.45491,13.21664,0.508681
1023,10.26593,6.54290,6.54406,0.010030,12.46494,13.22775,0.509091
1024,10.27597,6.55294,6.54882,0.014199,12.47914,13.23886,0.509671
1025,10.28600,6.55294,6.55358,0.010030,12.48917,13.24996,0.510081
1026,10.29604,6.56297,6.55834,0.014192,12.50336,13.26107,0.510660
1027,10.30607,6.56297,6.56310,0.010030,12.51339,13.27217,0.511070
1028,10.31611,6.56799,6.56786,0.011225,12.52462,13.28328,0.511528
1029,10.32614,6.57301,6.57262,0.011216,12.53583,13.29439,0.511986
1030,10.33618,6.57802,6.57738,0.011221,12.54705,13.30550,0.512445
1031,10.34621,6.58304,6.58227,0.011216,12.55827,13.31666,0.512903
1032,10.35625,6.58806,6.58703,0.011225,12.56949,13.32777,0.513361
1033,10.36628,6.59308,6.59192,0.011216,12.58071,13.33893,0.513819
1034,10.37632,6.59308,6.59668,0.010040,12.59075,13.35004,0.514229
1035,10.38635,6.60311,6.60157,0.014185,12.60493,13.36119,0.514809
1036,10.39639,6.60311,6.60620,0.010040,12.61497,13.37225,0.515219
1037,10.40642,6.61315,6.61109,0.014192,12.62917,13.38341,0.515798
1038,10.41646,6.61315,6.61572,0.010040,12.63921,13.39447,0.516208
1039,10.42649,6.62318,6.62061,0.014185,12.65339,13.40562,0.516788
1040,10.43653,6.62318,6.62524,0.010040,12.66343,13.41668,0.517198
1041,10.44656,6.62820,6.63013,0.011216,12.67465,13.42784,0.517656
1042,10.45660,6.63322,6.63476,0.011225,12.68587,13.43890,0.518114
1043,10.46663,6.63823,6.63952,0.011212,12.69708,13.45000,0.518572
1044,10.47667,6.64325,6.64415,0.011225,12.70831,13.46106,0.519031
1045,10.48670,6.64827,6.64891,0.011216,12.71952,13.47216,0.519489
1046,10.49674,6.65329,6.65354,0.011225,12.73075,13.48321,0.519947
1047,10.50677,6.65830,6.65830,0.011212,12.74196,13.49432,0.520405
1048,10.51681,6.66332,6.66306,0.011225,12.75319,13.50543,0.520864
1049,10.52684,6.66834,6.66783,0.011216,12.76440,13.51653,0.521322
1050,10.53688,6.67336,6.67259,0.011225,12.77563,13.52764,0.521780
1051,10.54691,6.67837,6.67722,0.011212,12.78684,13.53869,0.522238
1052,10.55695,6.68339,6.68198,0.011225,12.79806,13.54980,0.522697
1053,10.56698,6.68841,6.68661,0.011216,12.80928,13.56085,0.523155
1054,10.57702,6.69343,6.69137,0.011225,12.82050,13.57196,0.523613
1055,10.58705,6.69343,6.69600,0.010030,12.83053,13.58301,0.524023
1056,10.59709,6.70346,6.70076,0.014192,12.84473,13.59412,0.524602
1057,10.60712,6.70346,6.70539,0.010030,12.85476,13.60517,0.525012
1058,10.61716,6.71350,6.71002,0.014199,12.86896,13.61622,0.525592
1059,10.62720,6.71350,6.71466,0.010040,12.87900,13.62728,0.526002
1060,10.63723,6.72353,6.71929,0.014185,12.89318,13.63833,0.526581
1061,10.64727,6.72353,6.72405,0.010040,12.90322,13.64944,0.526991
1062,10.65730,6.72855,6.72868,0.011216,12.91444,13.66049,0.527449
1063,10.66734,6.73357,6.73331,0.011225,12.92566,13.67154,0.527908
1064,10.67737,6.73859,6.73794,0.011216,12.93688,13.68259,0.528366
1065,10.68741,6.74360,6.74257,0.011221,12.94810,13.69365,0.528824
1066,10.69744,6.74862,6.74721,0.011216,12.95931,13.70470,0.529282
1067,10.70748,6.75364,6.75171,0.011225,12.97054,13.71570,0.529741
1068,10.71751,6.75866,6.75634,0.011216,12.98175,13.72675,0.530199
1069,10.72755,6.76367,6.76084,0.011221,12.99298,13.73775,0.530657
1070,10.73758,6.76367,6.76535,0.010030,13.00301,13.74875,0.531067
1071,10.74762,6.77371,6.76985,0.014199,13.01720,13.75975,0.531647
1072,10.75765,6.77371,6.77435,0.010030,13.02723,13.77074,0.532056
1073,10.76769,6.77873,6.77885,0.011225,13.03846,13.78175,0.532515
1074,10.77772,6.78374,6.78336,0.011212,13.04967,13.79274,0.532973
1075,10.78776,6.78876,6.78799,0.011225,13.06090,13.80380,0.533431
1076,10.79779,6.79378,6.79236,0.011216,13.07211,13.81474,0.533889
1077,10.80783,6.79378,6.79699,0.010040,13.08215,13.82580,0.534299
1078,10.81786,6.80381,6.80137,0.014185,13.09634,13.83674,0.534879
1079,10.82790,6.80381,6.80587,0.010040,13.10638,13.84774,0.535289
1080,10.83793,6.81385,6.81025,0.014192,13.12057,13.85869,0.535868
1081,10.84797,6.81385,6.81475,0.010040,13.13061,13.86969,0.536278
1082,10.85800,6.81887,6.81925,0.011216,13.14182,13.88068,0.536736
1083,10.86804,6.82388,6.82375,0.011221,13.15305,13.89169,0.537195
1084,10.87807,6.82890,6.82826,0.011216,13.16426,13.90268,0.537653
1085,10.88811,6.83392,6.83263,0.011225,13.17549,13.91363,0.538111
1086,10.89814,6.83392,6.83713,0.010030,13.18552,13.92463,0.538521
1087,10.90818,6.84395,6.84151,0.014192,13.19971,13.93558,0.539100
1088,10.91821,6.84395,6.84588,0.010030,13.20974,13.94652,0.539510
1089,10.92825,6.84897,6.85026,0.011225,13.22096,13.95747,0.539968
1090,10.93828,6.85399,6.85476,0.011216,13.23218,13.96847,0.540427
1091,10.94832,6.85901,6.85913,0.011225,13.24340,13.97942,0.540885
1092,10.95835,6.86402,6.86364,0.011212,13.25462,13.99041,0.541343
1093,10.96839,6.86904,6.86814,0.011225,13.26584,14.00142,0.541801
1094,10.97842,6.87406,6.87251,0.011216,13.27706,14.01236,0.542259
1095,10.98846,6.87406,6.87702,0.010040,13.28710,14.02336,0.542670
1096,10.99849,6.88409,6.88139,0.014185,13.30128,14.03430,0.543249
1097,11.00853,6.88409,6.88589,0.010040,13.31132,14.04531,0.543659
1098,11.01856,6.88911,6.89027,0.011216,13.32254,14.05625,0.544117
1099,11.02860,6.89413,6.89464,0.011225,13.33376,14.06720,0.544575
1100,11.03864,6.89915,6.89902,0.011225,13.34499,14.07815,0.545034
1101,11.04867,6.90416,6.90339,0.011212,13.35620,14.08910,0.545492
1102,11.05871,6.90918,6.90777,0.011225,13.36742,14.10005,0.545950
1103,11.06874,6.91420,6.91214,0.011216,13.37864,14.11099,0.546408
1104,11.07878,6.91420,6.91652,0.010040,13.38868,14.12194,0.546818
1105,11.08881,6.92423,6.92089,0.014185,13.40287,14.13288,0.547398
1106,11.09885,6.92423,6.92526,0.010040,13.41291,14.14384,0.547808
1107,11.10888,6.92925,6.92964,0.011216,13.42412,14.15478,0.548266
1108,11.11892,6.93427,6.93401,0.011225,13.43535,14.16573,0.548724
1109,11.12895,6.93929,6.93839,0.011216,13.44656,14.17667,0.549182
1110,11.13899,6.94431,6.94276,0.011225,13.45779,14.18762,0.549641
1111,11.14902,6.94932,6.94714,0.011212,13.46900,14.19857,0.550099
1112,11.15906,6.95434,6.95151,0.011225,13.48022,14.20952,0.550557
1113,11.16909,6.95434,6.95576,0.010030,13.49025,14.22041,0.550967
1114,11.17913,6.96438,6.96000,0.014199,13.50445,14.23131,0.551547
1115,11.18916,6.96438,6.96438,0.010030,13.51448,14.24225,0.551956
1116,11.19920,6.96939,6.96862,0.011221,13.52570,14.25315,0.552415
1117,11.20923,6.97441,6.97300,0.011216,13.53692,14.26410,0.552873
1118,11.21927,6.97441,6.97724,0.010040,13.54696,14.27500,0.553283
1119,11.22930,6.98445,6.98162,0.014192,13.56115,14.28594,0.553862
1120,11.23934,6.98445,6.98586,0.010040,13.57119,14.29684,0.554272
1121,11.24937,6.98946,6.99011,0.011212,13.58240,14.30773,0.554730
1122,11.25941,6.99448,6.99435,0.011225,13.59363,14.31863,0.555189
1123,11.26944,6.99950,6.99860,0.011216,13.60484,14.32952,0.555647
1124,11.27948,7.00452,7.00297,0.011225,13.61607,14.34047,0.556105
1125,11.28951,7.00452,7.00709,0.010030,13.62610,14.35132,0.556515
1126,11.29955,7.01455,7.01134,0.014192,13.64029,14.36222,0.557095
1127,11.30958,7.01455,7.01558,0.010030,13.65032,14.37311,0.557504
1128,11.31962,7.01957,7.01983,0.011225,13.66155,14.38401,0.557963
1129,11.32965,7.02459,7.02407,0.011216,13.67276,14.39490,0.558421
1130,11.33969,7.02960,7.02819,0.011221,13.68398,14.40575,0.558879
1131,11.34972,7.03462,7.03243,0.011216,13.69520,14.41664,0.559337
1132,11.35976,7.03462,7.03655,0.010040,13.70524,14.42750,0.559747
1133,11.36979,7.03964,7.04080,0.011216,13.71645,14.43839,0.560205
1134,11.37983,7.04466,7.04491,0.011225,13.72768,14.44924,0.560664
1135,11.38986,7.04967,7.04916,0.011212,13.73889,14.46013,0.561122
1136,11.39990,7.05469,7.05341,0.011225,13.75012,14.47103,0.561580
1137,11.40993,7.05469,7.05752,0.010030,13.76015,14.48187,0.561990
1138,11.41997,7.06473,7.06177,0.014199,13.77435,14.49277,0.562570
1139,11.43001,7.06473,7.06588,0.010040,13.78439,14.50362,0.562980
1140,11.44004,7.06974,7.07013,0.011212,13.79560,14.51452,0.563438
1141,11.45008,7.07476,7.07438,0.011225,13.80682,14.52542,0.563896
1142,11.46011,7.07978,7.07849,0.011216,13.81804,14.53626,0.564354
1143,11.47015,7.08480,7.08274,0.011225,13.82926,14.54716,0.564813
1144,11.48018,7.08480,7.08686,0.010030,13.83929,14.55800,0.565222
1145,11.49022,7.08981,7.09110,0.011221,13.85051,14.56890,0.565681
1146,11.50025,7.09483,7.09522,0.011216,13.86173,14.57974,0.566139
1147,11.51029,7.09985,7.09946,0.011225,13.87295,14.59065,0.566597
1148,11.52032,7.10487,7.10371,0.011216,13.88417,14.60154,0.567055
1149,11.53036,7.10487,7.10783,0.010040,13.89421,14.61239,0.567465
1150,11.54039,7.11490,7.11194,0.014185,13.90840,14.62323,0.568045
1151,11.55043,7.11490,7.11606,0.010040,13.91844,14.63408,0.568455
1152,11.56046,7.11992,7.12031,0.011216,13.92965,14.64497,0.568913
1153,11.57050,7.12494,7.12455,0.011225,13.94088,14.65587,0.569371
1154,11.58053,7.12995,7.12867,0.011212,13.95209,14.66672,0.569829
1155,11.59057,7.13497,7.13279,0.011225,13.96331,14.67757,0.570287
1156,11.60060,7.13497,7.13690,0.010030,13.97334,14.68841,0.570697
1157,11.61064,7.13999,7.14102,0.011225,13.98457,14.69926,0.571156
1158,11.62067,7.14501,7.14514,0.011216,13.99578,14.71010,0.571614
1159,11.63071,7.15003,7.14925,0.011225,14.00701,14.72095,0.572072
1160,11.64074,7.15504,7.15337,0.011212,14.01822,14.73180,0.572530
1161,11.65078,7.15504,7.15749,0.010040,14.02826,14.74265,0.572940
1162,11.66081,7.16508,7.16148,0.014192,14.04245,14.75344,0.573520
1163,11.67085,7.16508,7.16546,0.010040,14.05249,14.76424,0.573930
1164,11.68088,7.17010,7.16958,0.011216,14.06371,14.77509,0.574388
1165,11.69092,7.17511,7.17357,0.011221,14.07493,14.78589,0.574846
1166,11.70095,7.18013,7.17769,0.011216,14.08615,14.79673,0.575304
1167,11.71099,7.18515,7.18167,0.011225,14.09737,14.80754,0.575763
1168,11.72102,7.18515,7.18566,0.010030,14.10740,14.81833,0.576172
1169,11.73106,7.19017,7.18978,0.011225,14.11863,14.82918,0.576631
1170,11.74109,7.19518,7.19364,0.011212,14.12984,14.83993,0.577089
1171,11.75113,7.20020,7.19763,0.011225,14.14106,14.85073,0.577547
1172,11.76116,7.20522,7.20162,0.011216,14.15228,14.86152,0.578005
1173,11.77120,7.20522,7.20560,0.010040,14.16232,14.87233,0.578415
1174,11.78123,7.21024,7.20959,0.011216,14.17353,14.88312,0.578873
1175,11.79127,7.21525,7.21345,0.011221,14.18476,14.89388,0.579332
1176,11.80130,7.21525,7.21744,0.010030,14.19479,14.90467,0.579741
1177,11.81134,7.22529,7.22143,0.014199,14.20898,14.91547,0.580321
1178,11.82137,7.22529,7.22529,0.010030,14.21901,14.92622,0.580731
1179,11.83141,7.23031,7.22928,0.011225,14.23024,14.93702,0.581189
1180,11.84145,7.23532,7.23314,0.011221,14.24146,14.94778,0.581647
1181,11.85148,7.23532,7.23712,0.010030,14.25149,14.95858,0.582057
1182,11.86152,7.24034,7.24098,0.011225,14.26271,14.96933,0.582516
1183,11.87155,7.24536,7.24484,0.011216,14.27393,14.98008,0.582974
1184,11.88159,7.24536,7.24870,0.010040,14.28397,14.99083,0.583384
1185,11.89162,7.25539,7.25256,0.014185,14.29816,15.00158,0.583963
1186,11.90166,7.25539,7.25629,0.010040,14.30820,15.01229,0.584373
1187,11.91169,7.26041,7.26015,0.011216,14.31941,15.02304,0.584831
1188,11.92173,7.26543,7.26401,0.011225,14.33064,15.03380,0.585290
1189,11.93176,7.26543,7.26787,0.010030,14.34067,15.04454,0.585699
1190,11.94180,7.27045,7.27173,0.011225,14.35189,15.05530,0.586158
1191,11.95183,7.27546,7.27546,0.011212,14.36310,15.06600,0.586616
1192,11.96187,7.28048,7.27919,0.011225,14.37433,15.07671,0.587074
1193,11.97190,7.28550,7.28305,0.011216,14.38554,15.08746,0.587532
1194,11.98194,7.28550,7.28679,0.010040,14.39558,15.09817,0.587942
1195,11.99197,7.29052,7.29064,0.011216,14.40680,15.10892,0.588400
1196,12.00201,7.29553,7.29450,0.011221,14.41802,15.11967,0.588859
1197,12.01204,7.29553,7.29824,0.010030,14.42805,15.13037,0.589268
1198,12.02208,7.30557,7.30210,0.014199,14.44225,15.14113,0.589848
1199,12.03211,7.30557,7.30583,0.010030,14.45228,15.15183,0.590258
1200,12.04215,7.31059,7.30956,0.011225,14.46351,15.16254,0.590716
1201,12.05218,7.31560,7.31342,0.011212,14.47472,15.17329,0.591174
1202,12.06222,7.31560,7.31728,0.010040,14.48476,15.18405,0.591584
1203,12.07225,7.32062,7.32114,0.011216,14.49597,15.19479,0.592042
1204,12.08229,7.32564,7.32500,0.011225,14.50720,15.20555,0.592501
1205,12.09232,7.32564,7.32873,0.010030,14.51723,15.21625,0.592910
1206,12.10236,7.33567,7.33259,0.014192,14.53142,15.22701,0.593490
1207,12.11239,7.33567,7.33632,0.010030,14.54145,15.23771,0.593900
1208,12.12243,7.34069,7.34005,0.011225,14.55267,15.24842,0.594358
1209,12.13246,7.34571,7.34391,0.011216,14.56389,15.25917,0.594816
1210,12.14250,7.34571,7.34764,0.010040,14.57393,15.26988,0.595226
1211,12.15253,7.35073,7.35137,0.011216,14.58515,15.28058,0.595684
1212,12.16257,7.35575,7.35510,0.011225,14.59637,15.29129,0.596143
1213,12.17260,7.35575,7.35870,0.010030,14.60640,15.30195,0.596552
1214,12.18264,7.36578,7.36244,0.014192,14.62059,15.31266,0.597132
1215,12.19267,7.36578,7.36617,0.010030,14.63062,15.32336,0.597542
1216,12.20271,7.37080,7.36977,0.011225,14.64185,15.33403,0.598000
1217,12.21274,7.37582,7.37350,0.011216,14.65306,15.34473,0.598458
1218,12.22278,7.37582,7.37710,0.010040,14.66310,15.35539,0.598868
1219,12.23281,7.38083,7.38070,0.011212,14.67432,15.36605,0.599326
1220,12.24285,7.38585,7.38431,0.011225,14.68554,15.37672,0.599785
1221,12.25289,7.39087,7.38791,0.011225,14.69677,15.38739,0.600243
1222,12.26292,7.39589,7.39151,0.011216,14.70798,15.39804,0.600701
1223,12.27296,7.39589,7.39511,0.010040,14.71802,15.40871,0.601111
1224,12.28299,7.40090,7.39872,0.011212,14.72923,15.41937,0.601569
1225,12.29303,7.40592,7.40232,0.011225,14.74046,15.43003,0.602028
1226,12.30306,7.40592,7.40579,0.010030,14.75049,15.44065,0.602437
1227,12.31310,7.41094,7.40940,0.011225,14.76171,15.45131,0.602896
1228,12.32313,7.41596,7.41287,0.011216,14.77293,15.46193,0.603354
1229,12.33317,7.41596,7.41634,0.010040,14.78297,15.47255,0.603764
1230,12.34320,7.42097,7.41995,0.011212,14.79418,15.48321,0.604222
1231,12.35324,7.42599,7.42342,0.011225,14.80541,15.49383,0.604680
1232,12.36327,7.42599,7.42689,0.010030,14.81544,15.50445,0.605090
1233,12.37331,7.43101,7.43049,0.011225,14.82666,15.51512,0.605548
1234,12.38334,7.43603,7.43384,0.011216,14.83788,15.52569,0.606006
1235,12.39338,7.43603,7.43731,0.010040,14.84792,15.53631,0.606416
1236,12.40341,7.44104,7.44079,0.011212,14.85913,15.54693,0.606874
1237,12.41345,7.44606,7.44413,0.011225,14.87036,15.55751,0.607333
1238,12.42348,7.44606,7.44761,0.010030,14.88039,15.56812,0.607742
1239,12.43352,7.45108,7.45108,0.011225,14.89161,15.57875,0.608201
1240,12.44355,7.45610,7.45442,0.011216,14.90283,15.58932,0.608659
1241,12.45359,7.45610,7.45777,0.010040,14.91287,15.59990,0.609069
1242,12.46362,7.46111,7.46111,0.011212,14.92408,15.61048,0.609527
1243,12.47366,7.46613,7.46446,0.011225,14.93530,15.62106,0.609985
1244,12.48369,7.46613,7.46780,0.010030,14.94533,15.63163,0.610395
1245,12.49373,7.47115,7.47115,0.011225,14.95656,15.64221,0.610853
1246,12.50376,7.47617,7.47449,0.011216,14.96777,15.65279,0.611311
1247,12.51380,7.47617,7.47784,0.010040,14.97781,15.66337,0.611722
1248,12.52383,7.48118,7.48118,0.011212,14.98903,15.67394,0.612179
1249,12.53387,7.48620,7.48453,0.011225,15.00025,15.68453,0.612638
1250,12.54390,7.48620,7.48787,0.010030,15.01028,15.69510,0.613048
1251,12.55394,7.49122,7.49122,0.011225,15.02151,15.70568,0.613506
1252,12.56397,7.49624,7.49456,0.011216,15.03272,15.71625,0.613964
1253,12.57401,7.49624,7.49791,0.010040,15.04276,15.72684,0.614374
1254,12.58404,7.50125,7.50125,0.011212,15.05397,15.73741,0.614832
1255,12.59408,7.50627,7.50460,0.011225,15.06520,15.74799,0.615290
1256,12.60411,7.50627,7.50794,0.010030,15.07523,15.75857,0.615700
1257,12.61415,7.51129,7.51129,0.011225,15.08645,15.76915,0.616159
1258,12.62418,7.51631,7.51463,0.011216,15.09767,15.77972,0.616617
1259,12.63422,7.51631,7.51798,0.010040,15.10771,15.79030,0.617027
1260,12.64425,7.52132,7.52132,0.011212,15.11892,15.80088,0.617485
1261,12.65429,7.52634,7.52467,0.011225,15.13015,15.81146,0.617943
1262,12.66433,7.52634,7.52789,0.010040,15.14019,15.82200,0.618353
1263,12.67436,7.53136,7.53110,0.011216,15.15140,15.83254,0.618811
1264,12.68440,7.53638,7.53445,0.011225,15.16263,15.84312,0.619270
1265,12.69443,7.53638,7.53766,0.010030,15.17266,15.85365,0.619679
1266,12.70447,7.54139,7.54088,0.011221,15.18388,15.86419,0.620138
1267,12.71450,7.54641,7.54423,0.011216,15.19509,15.87477,0.620596
1268,12.72454,7.54641,7.54744,0.010040,15.20513,15.88531,0.621006
1269,12.73457,7.55143,7.55066,0.011216,15.21635,15.89584,0.621464
1270,12.74461,7.55645,7.55387,0.011225,15.22758,15.90639,0.621922
1271,12.75464,7.55645,7.55709,0.010030,15.23761,15.91692,0.622332
1272,12.76468,7.56147,7.56018,0.011225,15.24883,15.92742,0.622790
1273,12.77471,7.56648,7.56339,0.011212,15.26004,15.93796,0.623248
1274,12.78475,7.56648,7.56661,0.010040,15.27008,15.94850,0.623658
1275,12.79478,7.57150,7.56970,0.011216,15.28130,15.95899,0.624116
1276,12.80482,7.57652,7.57292,0.011225,15.29252,15.96954,0.624575
1277,12.81485,7.57652,7.57613,0.010030,15.30255,15.98007,0.624985
1278,12.82489,7.58154,7.57922,0.011225,15.31378,15.99057,0.625443
1279,12.83492,7.58655,7.58231,0.011212,15.32499,16.00107,0.625901
1280,12.84496,7.58655,7.58540,0.010040,15.33503,16.01157,0.626311
1281,12.85499,7.58655,7.58848,0.010030,15.34506,16.02207,0.626721
1282,12.86503,7.59157,7.59157,0.011225,15.35629,16.03257,0.627179
1283,12.87506,7.59659,7.59466,0.011216,15.36750,16.04306,0.627637
1284,12.88510,7.59659,7.59762,0.010040,15.37754,16.05353,0.628047
1285,12.89513,7.60161,7.60070,0.011216,15.38876,16.06403,0.628505
1286,12.90517,7.60662,7.60366,0.011221,15.39998,16.07449,0.628964
1287,12.91520,7.60662,7.60662,0.010030,15.41001,16.08495,0.629373
1288,12.92524,7.61164,7.60958,0.011225,15.42123,16.09542,0.629832
1289,12.93527,7.61164,7.61254,0.010030,15.43126,16.10587,0.630241
1290,12.94531,7.61666,7.61537,0.011225,15.44249,16.11631,0.630700
1291,12.95534,7.61666,7.61833,0.010030,15.45252,16.12676,0.631109
1292,12.96538,7.62168,7.62116,0.011225,15.46374,16.13719,0.631568
1293,12.97541,7.62669,7.62399,0.011212,15.47496,16.14762,0.632026
1294,12.98545,7.62669,7.62682,0.010040,15.48500,16.15805,0.632436
1295,12.99548,7.63171,7.62965,0.011216,15.49621,16.16847,0.632894
1296,13.00552,7.63673,7.63235,0.011225,15.50744,16.17887,0.633352
1297,13.01555,7.63673,7.63518,0.010030,15.51747,16.18929,0.633762
1298,13.02559,7.63673,7.63789,0.010040,15.52751,16.19969,0.634172
1299,13.03562,7.64175,7.64046,0.011216,15.53872,16.21004,0.634630
1300,13.04566,7.64676,7.64316,0.011221,15.54994,16.22044,0.635088
1301,13.05569,7.64676,7.64599,0.010030,15.55997,16.23086,0.635498
1302,13.06573,7.65178,7.64869,0.011225,15.57120,16.24126,0.635956
1303,13.07577,7.65178,7.65127,0.010040,15.58124,16.25162,0.636366
1304,13.08580,7.65680,7.65397,0.011216,15.59245,16.26201,0.636825
1305,13.09584,7.65680,7.65667,0.010040,15.60249,16.27241,0.637235
1306,13.10587,7.66182,7.65924,0.011216,15.61371,16.28276,0.637693
1307,13.11591,7.66182,7.66182,0.010040,15.62375,16.29312,0.638103
1308,13.12594,7.66683,7.66439,0.011212,15.63496,16.30348,0.638561
1309,13.13598,7.66683,7.66709,0.010040,15.64500,16.31388,0.638971
1310,13.14601,7.67185,7.66966,0.011216,15.65622,16.32423,0.639429
1311,13.15605,7.67185,7.67224,0.010040,15.66626,16.33460,0.639839
1312,13.16608,7.67687,7.67481,0.011216,15.67747,16.34495,0.640297
1313,13.17612,7.67687,7.67725,0.010040,15.68751,16.35528,0.640707
1314,13.18615,7.68189,7.67983,0.011216,15.69873,16.36564,0.641165
1315,13.19619,7.68189,7.68227,0.010040,15.70877,16.37597,0.641575
1316,13.20622,7.68690,7.68459,0.011212,15.71998,16.38627,0.642033
1317,13.21626,7.68690,7.68703,0.010040,15.73002,16.39660,0.642443
1318,13.22629,7.68690,7.68948,0.010030,15.74005,16.40692,0.642853
1319,13.23633,7.69192,7.69192,0.011225,15.75128,16.41726,0.643311
1320,13.24636,7.69694,7.69424,0.011216,15.76249,16.42755,0.643769
1321,13.25640,7.69694,7.69655,0.010040,15.77253,16.43785,0.644179
1322,13.26643,7.69694,7.69887,0.010030,15.78256,16.44815,0.644589
1323,13.27647,7.70196,7.70131,0.011225,15.79379,16.45848,0.645047
1324,13.28650,7.70697,7.70363,0.011212,15.80500,16.46877,0.645505
1325,13.29654,7.70697,7.70594,0.010040,15.81504,16.47908,0.645915
1326,13.30657,7.70697,7.70826,0.010030,15.82507,16.48937,0.646325
1327,13.31661,7.71199,7.71058,0.011225,15.83629,16.49968,0.646783
1328,13.32664,7.71701,7.71289,0.011216,15.84751,16.50997,0.647242
1329,13.33668,7.71701,7.71521,0.010040,15.85755,16.52027,0.647652
1330,13.34671,7.71701,7.71739,0.010030,15.86758,16.53054,0.648061
1331,13.35675,7.72203,7.71971,0.011225,15.87881,16.54084,0.648520
1332,13.36678,7.72203,7.72190,0.010030,15.88884,16.55111,0.648929
1333,13.37682,7.72704,7.72421,0.011221,15.90006,16.56141,0.649388
1334,13.38685,7.72704,7.72640,0.010030,15.91009,16.57168,0.649797
1335,13.39689,7.72704,7.72859,0.010040,15.92013,16.58195,0.650207
1336,13.40692,7.73206,7.73077,0.011216,15.93134,16.59222,0.650665
1337,13.41696,7.73206,7.73309,0.010040,15.94138,16.60252,0.651075
1338,13.42699,7.73708,7.73541,0.011216,15.95260,16.61282,0.651534
1339,13.43703,7.73708,7.73759,0.010040,15.96264,16.62309,0.651944
1340,13.44706,7.73708,7.73965,0.010030,15.97267,16.63333,0.652353
1341,13.45710,7.74210,7.74184,0.011225,15.98389,16.64361,0.652812
1342,13.46713,7.74711,7.74403,0.011212,15.99511,16.65387,0.653270
1343,13.47717,7.74711,7.74609,0.010040,16.00515,16.66412,0.653680
1344,13.48721,7.74711,7.74814,0.010040,16.01519,16.67437,0.654090
1345,13.49724,7.75213,7.75020,0.011216,16.02640,16.68461,0.654548
1346,13.50728,7.75213,7.75226,0.010040,16.03644,16.69486,0.654958
1347,13.51731,7.75715,7.75419,0.011216,16.04766,16.70507,0.655416
1348,13.52735,7.75715,7.75612,0.010040,16.05770,16.71530,0.655826
1349,13.53738,7.75715,7.75805,0.010030,16.06773,16.72551,0.656236
1350,13.54742,7.76217,7.75998,0.011225,16.07895,16.73573,0.656694
1351,13.55745,7.76217,7.76191,0.010030,16.08898,16.74595,0.657104
1352,13.56749,7.76719,7.76384,0.011225,16.10021,16.75617,0.657562
1353,13.57752,7.76719,7.76564,0.010030,16.11024,16.76636,0.657972
1354,13.58756,7.76719,7.76744,0.010040,16.12028,16.77656,0.658382
1355,13.59759,7.77220,7.76937,0.011212,16.13149,16.78678,0.658840
1356,13.60763,7.77722,7.77117,0.011225,16.14271,16.79698,0.659298
1357,13.61766,7.77722,7.77298,0.010030,16.15274,16.80717,0.659708
1358,13.62770,7.77722,7.77478,0.010040,16.16278,16.81737,0.660118
1359,13.63773,7.77722,7.77658,0.010030,16.17281,16.82756,0.660528
1360,13.64777,7.78224,7.77838,0.011225,16.18404,16.83776,0.660986
1361,13.65780,7.78224,7.78005,0.010030,16.19407,16.84793,0.661396
1362,13.66784,7.78224,7.78172,0.010040,16.20411,16.85810,0.661806
1363,13.67787,7.78726,7.78340,0.011216,16.21533,16.86827,0.662264
1364,13.68791,7.78726,7.78507,0.010040,16.22537,16.87845,0.662674
1365,13.69794,7.78726,7.78674,0.010030,16.23540,16.88862,0.663083
1366,13.70798,7.78726,7.78841,0.010040,16.24544,16.89880,0.663494
1367,13.71801,7.79227,7.78996,0.011212,16.25665,16.90895,0.663951
1368,13.72805,7.79227,7.79150,0.010040,16.26669,16.91910,0.664362
1369,13.73808,7.79227,7.79305,0.010030,16.27672,16.92925,0.664771
1370,13.74812,7.79729,7.79446,0.011225,16.28794,16.93939,0.665230
1371,13.75815,7.79729,7.79588,0.010030,16.29797,16.94952,0.665639
1372,13.76819,7.79729,7.79716,0.010040,16.30801,16.95964,0.666049
1373,13.77822,7.79729,7.79858,0.010030,16.31804,16.96977,0.666459
1374,13.78826,7.80231,7.79999,0.011225,16.32927,16.97991,0.666917
1375,13.79829,7.80231,7.80128,0.010030,16.33930,16.99002,0.667327
1376,13.80833,7.80231,7.80244,0.010040,16.34934,17.00013,0.667737
1377,13.81836,7.80733,7.80360,0.011216,16.36055,17.01023,0.668195
1378,13.82840,7.80733,7.80488,0.010040,16.37059,17.02035,0.668605
1379,13.83843,7.80733,7.80617,0.010030,16.38062,17.03046,0.669015
1380,13.84847,7.80733,7.80733,0.010040,16.39066,17.04057,0.669425
1381,13.85850,7.81234,7.80848,0.011212,16.40188,17.05066,0.669883
1382,13.86854,7.81234,7.80964,0.010040,16.41192,17.06077,0.670293
1383,13.87858,7.81234,7.81067,0.010040,16.42196,17.07086,0.670703
1384,13.88861,7.81736,7.81170,0.011216,16.43317,17.08095,0.671161
1385,13.89865,7.81736,7.81273,0.010040,16.44321,17.09104,0.671571
1386,13.90868,7.81736,7.81376,0.010030,16.45324,17.10112,0.671981
1387,13.91872,7.81736,7.81479,0.010040,16.46328,17.11121,0.672391
1388,13.92875,7.81736,7.81582,0.010030,16.47331,17.12130,0.672800
1389,13.93879,7.81736,7.81685,0.010040,16.48335,17.13139,0.673210
1390,13.94882,7.81736,7.81775,0.010030,16.49338,17.14146,0.673620
1391,13.95886,7.81736,7.81865,0.010040,16.50342,17.15154,0.674030
1392,13.96889,7.82238,7.81968,0.011216,16.51464,17.16162,0.674488
1393,13.97893,7.82238,7.82071,0.010040,16.52468,17.17172,0.674898
1394,13.98896,7.82238,7.82161,0.010030,16.53471,17.18179,0.675308
1395,13.99900,7.82238,7.82251,0.010040,16.54475,17.19187,0.675718
1396,14.00903,7.82238,7.82341,0.010030,16.55478,17.20194,0.676128
1397,14.01907,7.82740,7.82418,0.011225,16.56600,17.21201,0.676586
1398,14.02910,7.82740,7.82495,0.010030,16.57603,17.22207,0.676996
1399,14.03914,7.82740,7.82572,0.010040,16.58607,17.23213,0.677406
1400,14.04917,7.82740,7.82650,0.010030,16.59610,17.24219,0.677815
1401,14.05921,7.82740,7.82727,0.010040,16.60614,17.25226,0.678225
1402,14.06924,7.82740,7.82804,0.010030,16.61617,17.26232,0.678635
1403,14.07928,7.82740,7.82881,0.010040,16.62621,17.27239,0.679045
1404,14.08931,7.82740,7.82945,0.010030,16.63624,17.28244,0.679455
1405,14.09935,7.82740,7.83010,0.010040,16.64628,17.29250,0.679865
1406,14.10938,7.83241,7.83087,0.011212,16.65749,17.30256,0.680323
1407,14.11942,7.83241,7.83164,0.010040,16.66753,17.31263,0.680733
1408,14.12945,7.83241,7.83241,0.010030,16.67756,17.32269,0.681142
1409,14.13949,7.83241,7.83319,0.010040,16.68760,17.33276,0.681553
1410,14.14952,7.83241,7.83396,0.010030,16.69763,17.34282,0.681962
1411,14.15956,7.83743,7.83473,0.011225,16.70886,17.35289,0.682421
1412,14.16959,7.83743,7.83537,0.010030,16.71889,17.36294,0.682830
1413,14.17963,7.83743,7.83602,0.010040,16.72893,17.37300,0.683240
1414,14.18966,7.83743,7.83666,0.010030,16.73896,17.38305,0.683650
1415,14.19970,7.83743,7.83743,0.010040,16.74900,17.39312,0.684060
1416,14.20973,7.83743,7.83820,0.010030,16.75903,17.40318,0.684470
1417,14.21977,7.83743,7.83885,0.010040,16.76907,17.41324,0.684880
1418,14.22980,7.83743,7.83949,0.010030,16.77910,17.42329,0.685289
1419,14.23984,7.83743,7.84013,0.010040,16.78914,17.43336,0.685699
1420,14.24987,7.84245,7.84091,0.011216,16.80036,17.44342,0.686157
1421,14.25991,7.84245,7.84168,0.010040,16.81040,17.45348,0.686568
1422,14.26994,7.84245,7.84245,0.010030,16.82043,17.46354,0.686977
1423,14.27998,7.84245,7.84322,0.010040,16.83047,17.47361,0.687387
1424,14.29002,7.84245,7.84399,0.010040,16.84051,17.48368,0.687797
1425,14.30005,7.84747,7.84476,0.011216,16.85172,17.49374,0.688255
1426,14.31009,7.84747,7.84541,0.010040,16.86176,17.50380,0.688665
1427,14.32012,7.84747,7.84605,0.010030,16.87179,17.51385,0.689075
1428,14.33016,7.84747,7.84669,0.010040,16.88183,17.52392,0.689485
1429,14.34019,7.84747,7.84734,0.010030,16.89186,17.53397,0.689895
1430,14.35023,7.84747,7.84798,0.010040,16.90190,17.54403,0.690305
1431,14.36026,7.84747,7.84850,0.010030,16.91193,17.55407,0.690714
1432,14.37030,7.84747,7.84901,0.010040,16.92197,17.56412,0.691125
1433,14.38033,7.84747,7.84952,0.010030,16.93200,17.57417,0.691534
1434,14.39037,7.85248,7.85004,0.011221,16.94322,17.58422,0.691992
1435,14.40040,7.85248,7.85055,0.010030,16.95325,17.59426,0.692402
1436,14.41044,7.85248,7.85107,0.010040,16.96329,17.60432,0.692812
1437,14.42047,7.85248,7.85158,0.010030,16.97332,17.61436,0.693222
1438,14.43051,7.85248,7.85210,0.010040,16.98336,17.62441,0.693632
1439,14.44054,7.85750,7.85261,0.011216,16.99458,17.63445,0.694090
1440,14.45058,7.85750,7.85300,0.010040,17.00462,17.64450,0.694500
1441,14.46061,7.85750,7.85338,0.010030,17.01465,17.65454,0.694910
1442,14.47065,7.85750,7.85377,0.010040,17.02469,17.66459,0.695320
1443,14.48068,7.85750,7.85416,0.010030,17.03472,17.67462,0.695729
1444,14.49072,7.85750,7.85467,0.010040,17.04476,17.68468,0.696139
1445,14.50075,7.85750,7.85506,0.010030,17.05479,17.69472,0.696549
1446,14.51079,7.85750,7.85544,0.010040,17.06483,17.70476,0.696959
1447,14.52082,7.85750,7.85583,0.010030,17.07486,17.71480,0.697369
1448,14.53086,7.85750,7.85621,0.010040,17.08490,17.72485,0.697779
1449,14.54089,7.85750,7.85660,0.010030,17.09493,17.73488,0.698188
1450,14.55093,7.85750,7.85699,0.010040,17.10497,17.74493,0.698598
1451,14.56096,7.85750,7.85737,0.010030,17.11500,17.75497,0.699008
1452,14.57100,7.85750,7.85776,0.010040,17.12504,17.76502,0.699418
1453,14.58103,7.85750,7.85814,0.010030,17.13507,17.77505,0.699828
1454,14.59107,7.85750,7.85840,0.010040,17.14511,17.78510,0.700238
1455,14.60110,7.85750,7.85866,0.010030,17.15514,17.79513,0.700647
1456,14.61114,7.85750,7.85892,0.010040,17.16518,17.80517,0.701058
1457,14.62117,7.85750,7.85904,0.010030,17.17521,17.81521,0.701467
1458,14.63121,7.85750,7.85917,0.010040,17.18525,17.82525,0.701877
1459,14.64124,7.85750,7.85917,0.010030,17.19528,17.83528,0.702287
1460,14.65128,7.85750,7.85917,0.010040,17.20532,17.84532,0.702697
1461,14.66131,7.85750,7.85917,0.010030,17.21535,17.85535,0.703107
1462,14.67135,7.85750,7.85917,0.010040,17.22539,17.86539,0.703517
1463,14.68138,7.86252,7.85917,0.011216,17.23660,17.87542,0.703975
1464,14.69142,7.86252,7.85917,0.010040,17.24664,17.88546,0.704385
1465,14.70146,7.86252,7.85917,0.010040,17.25668,17.89550,0.704795
1466,14.71149,7.86252,7.85917,0.010030,17.26671,17.90553,0.705204
1467,14.72153,7.86252,7.85917,0.010040,17.27675,17.91557,0.705614
1468,14.73156,7.86252,7.85917,0.010030,17.28678,17.92560,0.706024
1469,14.74160,7.86252,7.85917,0.010040,17.29682,17.93564,0.706434
1470,14.75163,7.86252,7.85917,0.010030,17.30685,17.94567,0.706844
1471,14.76167,7.86252,7.85917,0.010040,17.31689,17.95571,0.707254
1472,14.77170,7.86252,7.85917,0.010030,17.32692,17.96574,0.707664
1473,14.78174,7.86252,7.85917,0.010040,17.33696,17.97578,0.708074
1474,14.79177,7.86252,7.85917,0.010030,17.34699,17.98581,0.708483
1475,14.80181,7.86252,7.85917,0.010040,17.35703,17.99585,0.708893
1476,14.81184,7.85750,7.85917,0.011216,17.36825,18.00588,0.709351
1477,14.82188,7.85750,7.85917,0.010040,17.37829,18.01592,0.709761
1478,14.83191,7.85750,7.85917,0.010030,17.38832,18.02595,0.710171
1479,14.84195,7.85750,7.85917,0.010040,17.39836,18.03599,0.710581
1480,14.85198,7.85750,7.85917,0.010030,17.40839,18.04602,0.710991
1481,14.86202,7.85750,7.85904,0.010040,17.41843,18.05606,0.711401
1482,14.87205,7.85750,7.85892,0.010030,17.42846,18.06609,0.711810
1483,14.88209,7.85750,7.85866,0.010040,17.43850,18.07613,0.712221
1484,14.89212,7.85750,7.85840,0.010030,17.44853,18.08616,0.712630
1485,14.90216,7.85750,7.85814,0.010040,17.45857,18.09621,0.713040
1486,14.91219,7.85750,7.85789,0.010030,17.46860,18.10624,0.713450
1487,14.92223,7.85750,7.85763,0.010040,17.47864,18.11628,0.713860
1488,14.93226,7.85750,7.85724,0.010030,17.48867,18.12632,0.714270
1489,14.94230,7.85750,7.85686,0.010040,17.49871,18.13637,0.714680
1490,14.95233,7.85750,7.85647,0.010030,17.50874,18.14641,0.715089
1491,14.96237,7.85750,7.85609,0.010040,17.51878,18.15645,0.715499
1492,14.97240,7.85750,7.85570,0.010030,17.52881,18.16649,0.715909
1493,14.98244,7.85750,7.85531,0.010040,17.53885,18.17654,0.716319
1494,14.99247,7.85750,7.85493,0.010030,17.54888,18.18658,0.716729
1495,15.00251,7.85750,7.85454,0.010040,17.55892,18.19662,0.717139
1496,15.01254,7.85750,7.85428,0.010030,17.56895,18.20666,0.717548
1497,15.02258,7.85750,7.85403,0.010040,17.57899,18.21670,0.717958
1498,15.03261,7.85750,7.85377,0.010030,17.58902,18.22673,0.718368
1499,15.04265,7.85750,7.85351,0.010040,17.59906,18.23678,0.718778
1500,15.05268,7.85248,7.85326,0.011216,17.61028,18.24681,0.719236
1501,15.06272,7.85248,7.85300,0.010040,17.62032,18.25685,0.719646
1502,15.07275,7.85248,7.85261,0.010030,17.63035,18.26689,0.720056
1503,15.08279,7.85248,7.85223,0.010040,17.64039,18.27694,0.720466
1504,15.09282,7.85248,7.85184,0.010030,17.65042,18.28698,0.720876
1505,15.10286,7.85248,7.85145,0.010040,17.66046,18.29702,0.721286
1506,15.11290,7.85248,7.85107,0.010040,17.67050,18.30707,0.721696
1507,15.12293,7.84747,7.85055,0.011212,17.68171,18.31711,0.722154
1508,15.13297,7.84747,7.85004,0.010040,17.69175,18.32717,0.722564
1509,15.14300,7.84747,7.84953,0.010030,17.70178,18.33721,0.722973
1510,15.15304,7.84747,7.84901,0.010040,17.71182,18.34726,0.723383
1511,15.16307,7.84747,7.84850,0.010030,17.72185,18.35731,0.723793
1512,15.17311,7.84747,7.84798,0.010040,17.73189,18.36736,0.724203
1513,15.18314,7.84747,7.84734,0.010030,17.74192,18.37741,0.724613
1514,15.19318,7.84747,7.84669,0.010040,17.75196,18.38747,0.725023
1515,15.20321,7.84747,7.84605,0.010030,17.76199,18.39752,0.725432
1516,15.21325,7.84747,7.84528,0.010040,17.77203,18.40759,0.725842
1517,15.22328,7.84747,7.84451,0.010030,17.78206,18.41765,0.726252
1518,15.23332,7.84747,7.84374,0.010040,17.79210,18.42772,0.726662
1519,15.24335,7.84747,7.84296,0.010030,17.80213,18.43778,0.727072
1520,15.25339,7.84747,7.84232,0.010040,17.81217,18.44784,0.727482
1521,15.26342,7.84245,7.84168,0.011216,17.82338,18.45789,0.727940
1522,15.27346,7.84245,7.84091,0.010040,17.83342,18.46796,0.728350
1523,15.28349,7.84245,7.84013,0.010030,17.84345,18.47802,0.728760
1524,15.29353,7.84245,7.83936,0.010040,17.85349,18.48809,0.729170
1525,15.30356,7.84245,7.83859,0.010030,17.86352,18.49815,0.729579
1526,15.31360,7.83743,7.83782,0.011225,17.87475,18.50822,0.730038
1527,15.32363,7.83743,7.83718,0.010030,17.88478,18.51827,0.730447
1528,15.33367,7.83743,7.83653,0.010040,17.89482,18.52833,0.730857
1529,15.34370,7.83743,7.83589,0.010030,17.90485,18.53838,0.731267
1530,15.35374,7.83743,7.83512,0.010040,17.91489,18.54845,0.731677
1531,15.36377,7.83743,7.83447,0.010030,17.92492,18.55850,0.732087
1532,15.37381,7.83241,7.83383,0.011225,17.93614,18.56856,0.732545
1533,15.38384,7.83241,7.83319,0.010030,17.94617,18.57861,0.732955
1534,15.39388,7.83241,7.83254,0.010040,17.95621,18.58867,0.733365
1535,15.40391,7.82740,7.83203,0.011212,17.96743,18.59872,0.733823
1536,15.41395,7.82740,7.83151,0.010040,17.97747,18.60877,0.734233
1537,15.42398,7.82740,7.83100,0.010030,17.98750,18.61881,0.734643
1538,15.43402,7.82740,7.83049,0.010040,17.99754,18.62887,0.735053
1539,15.44405,7.82740,7.82997,0.010030,18.00757,18.63891,0.735462
1540,15.45409,7.82740,7.82946,0.010040,18.01761,18.64896,0.735872
1541,15.46412,7.82238,7.82907,0.011216,18.02882,18.65900,0.736330
1542,15.47416,7.82238,7.82868,0.010040,18.03886,18.66905,0.736740
1543,15.48419,7.82238,7.82817,0.010030,18.04889,18.67909,0.737150
1544,15.49423,7.82238,7.82765,0.010040,18.05893,18.68914,0.737560
1545,15.50426,7.82238,7.82714,0.010030,18.06896,18.69919,0.737970
1546,15.51430,7.82238,7.82675,0.010040,18.07900,18.70923,0.738380
1547,15.52434,7.82238,7.82637,0.010040,18.08904,18.71928,0.738790
1548,15.53437,7.82238,7.82598,0.010030,18.09907,18.72932,0.739199
1549,15.54441,7.81736,7.82547,0.011225,18.11030,18.73937,0.739658
1550,15.55444,7.82238,7.82495,0.011216,18.12151,18.74942,0.740116
1551,15.56448,7.82238,7.82444,0.010040,18.13155,18.75947,0.740526
1552,15.57451,7.82238,7.82405,0.010030,18.14158,18.76951,0.740936
1553,15.58455,7.82238,7.82367,0.010040,18.15162,18.77955,0.741346
1554,15.59458,7.82740,7.82328,0.011216,18.16284,18.78959,0.741804
1555,15.60462,7.82740,7.82289,0.010040,18.17288,18.79964,0.742214
1556,15.61465,7.82740,7.82251,0.010030,18.18291,18.80968,0.742624
1557,15.62469,7.82740,7.82212,0.010040,18.19295,18.81972,0.743034
1558,15.63472,7.82740,7.82174,0.010030,18.20298,18.82976,0.743443
1559,15.64476,7.82740,7.82135,0.010040,18.21302,18.83981,0.743853
1560,15.65479,7.82740,7.82096,0.010030,18.22305,18.84985,0.744263
1561,15.66483,7.82740,7.82058,0.010040,18.23309,18.85989,0.744673
1562,15.67486,7.82238,7.82019,0.011216,18.24431,18.86993,0.745131
1563,15.68490,7.82238,7.81981,0.010040,18.25435,18.87998,0.745541
1564,15.69493,7.82238,7.81942,0.010030,18.26438,18.89001,0.745951
1565,15.70497,7.82238,7.81903,0.010040,18.27442,18.90006,0.746361
1566,15.71500,7.82238,7.81852,0.010030,18.28445,18.91011,0.746770
1567,15.72504,7.82238,7.81801,0.010040,18.29449,18.92016,0.747181
1568,15.73507,7.81736,7.81749,0.011216,18.30570,18.93020,0.747639
1569,15.74511,7.81736,7.81710,0.010040,18.31574,18.94025,0.748049
1570,15.75514,7.81736,7.81646,0.010030,18.32577,18.95030,0.748458
1571,15.76518,7.81736,7.81582,0.010040,18.33581,18.96036,0.748868
1572,15.77521,7.81736,7.81517,0.010030,18.34584,18.97041,0.749278
1573,15.78525,7.81736,7.81453,0.010040,18.35588,18.98047,0.749688
1574,15.79528,7.81234,7.81376,0.011216,18.36710,18.99053,0.750146
1575,15.80532,7.81234,7.81286,0.010040,18.37714,19.00061,0.750556
1576,15.81535,7.81234,7.81196,0.010030,18.38717,19.01068,0.750966
1577,15.82539,7.81234,7.81106,0.010040,18.39721,19.02076,0.751376
1578,15.83542,7.81234,7.81016,0.010030,18.40724,19.03083,0.751786
1579,15.84546,7.81234,7.80926,0.010040,18.41728,19.04091,0.752196
1580,15.85549,7.80733,7.80823,0.011212,18.42849,19.05100,0.752653
1581,15.86553,7.80733,7.80720,0.010040,18.43853,19.06109,0.753064
1582,15.87556,7.80733,7.80630,0.010030,18.44856,19.07116,0.753473
1583,15.88560,7.80733,7.80540,0.010040,18.45860,19.08124,0.753883
1584,15.89563,7.80733,7.80450,0.010030,18.46863,19.09131,0.754293
1585,15.90567,7.80231,7.80347,0.011225,18.47985,19.10140,0.754751
1586,15.91570,7.80231,7.80244,0.010030,18.48988,19.11148,0.755161
1587,15.92574,7.80231,7.80141,0.010040,18.49992,19.12158,0.755571
1588,15.93578,7.80231,7.80051,0.010040,18.50996,19.13166,0.755981
1589,15.94581,7.79729,7.79961,0.011216,18.52118,19.14173,0.756439
1590,15.95585,7.79729,7.79871,0.010040,18.53122,19.15181,0.756849
1591,15.96588,7.79729,7.79768,0.010030,18.54125,19.16189,0.757259
1592,15.97592,7.79729,7.79665,0.010040,18.55129,19.17198,0.757669
1593,15.98595,7.79729,7.79549,0.010030,18.56132,19.18208,0.758079
1594,15.99599,7.79227,7.79446,0.011225,18.57255,19.19217,0.758537
1595,16.00602,7.79227,7.79343,0.010030,18.58258,19.20226,0.758947
1596,16.01606,7.79227,7.79227,0.010040,18.59262,19.21236,0.759357
1597,16.02609,7.79227,7.79112,0.010030,18.60265,19.22246,0.759766
1598,16.03613,7.79227,7.78996,0.010040,18.61269,19.23257,0.760176
1599,16.04616,7.78726,7.78867,0.011212,18.62390,19.24268,0.760634
1600,16.05620,7.78726,7.78751,0.010040,18.63394,19.25278,0.761044
1601,16.06623,7.78726,7.78636,0.010030,18.64397,19.26288,0.761454
1602,16.07627,7.78726,7.78507,0.010040,18.65401,19.27300,0.761864
1603,16.08630,7.78726,7.78378,0.010030,18.66404,19.28311,0.762274
1604,16.09634,7.78224,7.78250,0.011225,18.67526,19.29324,0.762732
1605,16.10637,7.78224,7.78121,0.010030,18.68529,19.30335,0.763142
1606,16.11641,7.78224,7.77992,0.010040,18.69533,19.31347,0.763552
1607,16.12644,7.78224,7.77864,0.010030,18.70536,19.32358,0.763961
1608,16.13648,7.78224,7.77735,0.010040,18.71540,19.33371,0.764372
1609,16.14651,7.78224,7.77606,0.010030,18.72543,19.34382,0.764781
1610,16.15655,7.77722,7.77478,0.011225,18.73666,19.35394,0.765240
1611,16.16658,7.77722,7.77349,0.010030,18.74669,19.36405,0.765649
1612,16.17662,7.77220,7.77207,0.011225,18.75791,19.37419,0.766108
1613,16.18665,7.77220,7.77066,0.010030,18.76794,19.38432,0.766517
1614,16.19669,7.77220,7.76937,0.010040,18.77798,19.39444,0.766927
1615,16.20672,7.76719,7.76796,0.011212,18.78919,19.40457,0.767385
1616,16.21676,7.76719,7.76654,0.010040,18.79923,19.41471,0.767795
1617,16.22679,7.76719,7.76513,0.010030,18.80926,19.42484,0.768205
1618,16.23683,7.76217,7.76358,0.011225,18.82049,19.43500,0.768663
1619,16.24686,7.76217,7.76217,0.010030,18.83052,19.44513,0.769073
1620,16.25690,7.76217,7.76075,0.010040,18.84056,19.45527,0.769483
1621,16.26693,7.75715,7.75921,0.011216,18.85178,19.46542,0.769941
1622,16.27697,7.75715,7.75766,0.010040,18.86182,19.47557,0.770351
1623,16.28700,7.75715,7.75599,0.010030,18.87185,19.48574,0.770761
1624,16.29704,7.75213,7.75445,0.011225,18.88307,19.49590,0.771219
1625,16.30707,7.75213,7.75290,0.010030,18.89310,19.50605,0.771629
1626,16.31711,7.75213,7.75123,0.010040,18.90314,19.51623,0.772039
1627,16.32715,7.75213,7.74956,0.010040,18.91318,19.52640,0.772449
1628,16.33718,7.74711,7.74789,0.011216,18.92440,19.53657,0.772907
1629,16.34722,7.74711,7.74609,0.010040,18.93444,19.54677,0.773317
1630,16.35725,7.74711,7.74441,0.010030,18.94447,19.55694,0.773727
1631,16.36729,7.74210,7.74274,0.011221,18.95569,19.56712,0.774185
1632,16.37732,7.74210,7.74107,0.010030,18.96572,19.57729,0.774595
1633,16.38736,7.74210,7.73940,0.010040,18.97576,19.58747,0.775005
1634,16.39739,7.73708,7.73772,0.011216,18.98697,19.59764,0.775463
1635,16.40743,7.73708,7.73605,0.010040,18.99701,19.60781,0.775873
1636,16.41746,7.73708,7.73438,0.010030,19.00704,19.61798,0.776283
1637,16.42750,7.73206,7.73270,0.011225,19.01827,19.62816,0.776741
1638,16.43753,7.73206,7.73103,0.010030,19.02830,19.63833,0.777151
1639,16.44757,7.73206,7.72936,0.010040,19.03834,19.64851,0.777561
1640,16.45760,7.72704,7.72756,0.011216,19.04955,19.65870,0.778019
1641,16.46764,7.72704,7.72589,0.010040,19.05959,19.66888,0.778429
1642,16.47767,7.72203,7.72421,0.011212,19.07081,19.67905,0.778887
1643,16.48771,7.72203,7.72241,0.010040,19.08085,19.68925,0.779297
1644,16.49774,7.72203,7.72074,0.010030,19.09088,19.69941,0.779707
1645,16.50778,7.71701,7.71894,0.011225,19.10210,19.70961,0.780165
1646,16.51781,7.71701,7.71714,0.010030,19.11213,19.71980,0.780575
1647,16.52785,7.71701,7.71521,0.010040,19.12217,19.73003,0.780985
1648,16.53788,7.71199,7.71341,0.011216,19.13339,19.74022,0.781443
1649,16.54792,7.71199,7.71148,0.010040,19.14343,19.75044,0.781853
1650,16.55795,7.71199,7.70955,0.010030,19.15346,19.76066,0.782263
1651,16.56799,7.70697,7.70775,0.011225,19.16468,19.77086,0.782721
1652,16.57802,7.70697,7.70582,0.010030,19.17471,19.78107,0.783131
1653,16.58806,7.70697,7.70389,0.010040,19.18475,19.79129,0.783541
1654,16.59809,7.70196,7.70196,0.011212,19.19596,19.80151,0.783999
1655,16.60813,7.70196,7.70003,0.010040,19.20600,19.81173,0.784409
1656,16.61816,7.70196,7.69797,0.010030,19.21603,19.82197,0.784818
1657,16.62820,7.69694,7.69604,0.011225,19.22726,19.83220,0.785277
1658,16.63823,7.69694,7.69398,0.010030,19.23729,19.84243,0.785686
1659,16.64827,7.69192,7.69192,0.011225,19.24851,19.85268,0.786145
1660,16.65830,7.69192,7.68999,0.010030,19.25854,19.86290,0.786554
1661,16.66834,7.69192,7.68793,0.010040,19.26858,19.87315,0.786964
1662,16.67837,7.68690,7.68600,0.011216,19.27980,19.88336,0.787423
1663,16.68841,7.68690,7.68394,0.010040,19.28984,19.89361,0.787833
1664,16.69844,7.68189,7.68189,0.011212,19.30105,19.90385,0.788291
1665,16.70848,7.68189,7.67983,0.010040,19.31109,19.91410,0.788701
1666,16.71851,7.67687,7.67777,0.011216,19.32231,19.92434,0.789159
1667,16.72855,7.67687,7.67558,0.010040,19.33235,19.93461,0.789569
1668,16.73859,7.67185,7.67352,0.011225,19.34357,19.94486,0.790027
1669,16.74862,7.67185,7.67134,0.010030,19.35360,19.95513,0.790437
1670,16.75866,7.67185,7.66915,0.010040,19.36364,19.96540,0.790847
1671,16.76869,7.66683,7.66696,0.011216,19.37486,19.97567,0.791305
1672,16.77873,7.66683,7.66478,0.010040,19.38490,19.98594,0.791715
1673,16.78876,7.66182,7.66246,0.011212,19.39611,19.99624,0.792173
1674,16.79880,7.66182,7.66027,0.010040,19.40615,20.00651,0.792583
1675,16.80883,7.65680,7.65796,0.011216,19.41737,20.01681,0.793041
1676,16.81887,7.65680,7.65564,0.010040,19.42741,20.02711,0.793451
1677,16.82890,7.65178,7.65332,0.011216,19.43862,20.03740,0.793909
1678,16.83894,7.65178,7.65101,0.010040,19.44866,20.04771,0.794319
1679,16.84897,7.65178,7.64882,0.010030,19.45869,20.05797,0.794729
1680,16.85901,7.64676,7.64651,0.011225,19.46992,20.06828,0.795187
1681,16.86904,7.64676,7.64419,0.010030,19.47995,20.07857,0.795597
1682,16.87908,7.64175,7.64187,0.011221,19.49117,20.08887,0.796055
1683,16.88911,7.64175,7.63956,0.010030,19.50120,20.09917,0.796465
1684,16.89915,7.63673,7.63724,0.011225,19.51242,20.10947,0.796923
1685,16.90918,7.63673,7.63493,0.010030,19.52245,20.11976,0.797333
1686,16.91922,7.63171,7.63261,0.011225,19.53368,20.13007,0.797791
1687,16.92925,7.63171,7.63030,0.010030,19.54371,20.14036,0.798201
1688,16.93929,7.62669,7.62798,0.011225,19.55493,20.15067,0.798660
1689,16.94932,7.62669,7.62554,0.010030,19.56496,20.16099,0.799069
1690,16.95936,7.62168,7.62309,0.011221,19.57618,20.17132,0.799527
1691,16.96939,7.62168,7.62065,0.010030,19.58621,20.18165,0.799937
1692,16.97943,7.61666,7.61820,0.011225,19.59744,20.19198,0.800396
1693,16.98946,7.61666,7.61576,0.010030,19.60747,20.20230,0.800805
1694,16.99950,7.61164,7.61318,0.011225,19.61869,20.21267,0.801264
1695,17.00953,7.61164,7.61074,0.010030,19.62872,20.22299,0.801673
1696,17.01957,7.60662,7.60817,0.011225,19.63995,20.23336,0.802132
1697,17.02960,7.60662,7.60572,0.010030,19.64998,20.24368,0.802541
1698,17.03964,7.60662,7.60315,0.010040,19.66002,20.25404,0.802951
1699,17.04967,7.60161,7.60058,0.011212,19.67123,20.26440,0.803409
1700,17.05971,7.60161,7.59800,0.010040,19.68127,20.27476,0.803819
1701,17.06974,7.59659,7.59530,0.011216,19.69249,20.28515,0.804277
1702,17.07978,7.59659,7.59273,0.010040,19.70253,20.29551,0.804688
1703,17.08981,7.59157,7.59003,0.011216,19.71374,20.30590,0.805146
1704,17.09985,7.59157,7.58745,0.010040,19.72378,20.31627,0.805556
1705,17.10988,7.58655,7.58475,0.011216,19.73500,20.32665,0.806014
1706,17.11992,7.58655,7.58205,0.010040,19.74504,20.33705,0.806424
1707,17.12995,7.58154,7.57935,0.011212,19.75625,20.34744,0.806882
1708,17.13999,7.57652,7.57665,0.011225,19.76748,20.35784,0.807340
1709,17.15003,7.57652,7.57394,0.010040,19.77752,20.36823,0.807750
1710,17.16006,7.57150,7.57124,0.011216,19.78873,20.37862,0.808208
1711,17.17010,7.57150,7.56841,0.010040,19.79877,20.38905,0.808618
1712,17.18013,7.56648,7.56571,0.011216,19.80999,20.39944,0.809076
1713,17.19017,7.56147,7.56288,0.011221,19.82121,20.40987,0.809535
1714,17.20020,7.56147,7.56018,0.010030,19.83124,20.42026,0.809944
1715,17.21024,7.55645,7.55735,0.011225,19.84246,20.43069,0.810403
1716,17.22027,7.55645,7.55452,0.010030,19.85249,20.44111,0.810812
1717,17.23031,7.55143,7.55169,0.011225,19.86372,20.45154,0.811271
1718,17.24034,7.55143,7.54873,0.010030,19.87375,20.46200,0.811681
1719,17.25038,7.54641,7.54577,0.011225,19.88497,20.47247,0.812139
1720,17.26041,7.54139,7.54281,0.011216,19.89619,20.48292,0.812597
1721,17.27045,7.54139,7.53985,0.010040,19.90623,20.49339,0.813007
1722,17.28048,7.53638,7.53689,0.011212,19.91744,20.50385,0.813465
1723,17.29052,7.53638,7.53393,0.010040,19.92748,20.51432,0.813875
1724,17.30055,7.53136,7.53084,0.011216,19.93870,20.52481,0.814333
1725,17.31059,7.52634,7.52789,0.011225,19.94992,20.53528,0.814792
1726,17.32062,7.52634,7.52480,0.010030,19.95995,20.54577,0.815201
1727,17.33066,7.52132,7.52184,0.011225,19.97118,20.55624,0.815660
1728,17.34069,7.52132,7.51888,0.010030,19.98121,20.56670,0.816069
1729,17.35073,7.51631,7.51579,0.011221,19.99243,20.57720,0.816528
1730,17.36076,7.51129,7.51283,0.011216,20.00365,20.58766,0.816986
1731,17.37080,7.51129,7.50975,0.010040,20.01369,20.59816,0.817396
1732,17.38083,7.50627,7.50666,0.011216,20.02490,20.60866,0.817854
1733,17.39087,7.50627,7.50370,0.010040,20.03494,20.61912,0.818264
1734,17.40090,7.50125,7.50061,0.011216,20.04616,20.62962,0.818722
1735,17.41094,7.49624,7.49752,0.011221,20.05738,20.64012,0.819180
1736,17.42097,7.49624,7.49444,0.010030,20.06741,20.65062,0.819590
1737,17.43101,7.49122,7.49135,0.011225,20.07863,20.66112,0.820048
1738,17.44104,7.48620,7.48813,0.011216,20.08985,20.67165,0.820506
1739,17.45108,7.48620,7.48504,0.010040,20.09989,20.68216,0.820917
1740,17.46111,7.48118,7.48196,0.011216,20.11111,20.69265,0.821375
1741,17.47115,7.48118,7.47874,0.010040,20.12115,20.70320,0.821785
1742,17.48118,7.47617,7.47565,0.011212,20.13236,20.71369,0.822243
1743,17.49122,7.47115,7.47244,0.011225,20.14358,20.72423,0.822701
1744,17.50125,7.47115,7.46922,0.010030,20.15361,20.73477,0.823111
1745,17.51129,7.46613,7.46600,0.011225,20.16484,20.74531,0.823569
1746,17.52132,7.46613,7.46279,0.010030,20.17487,20.75584,0.823979
1747,17.53136,7.46111,7.45957,0.011225,20.18609,20.76638,0.824437
1748,17.54139,7.45610,7.45623,0.011212,20.19730,20.77696,0.824895
1749,17.55143,7.45610,7.45301,0.010040,20.20734,20.78750,0.825305
1750,17.56147,7.45108,7.44979,0.011225,20.21857,20.79804,0.825764
1751,17.57150,7.44606,7.44645,0.011216,20.22978,20.80862,0.826222
1752,17.58154,7.44606,7.44323,0.010040,20.23982,20.81916,0.826632
1753,17.59157,7.44104,7.43989,0.011216,20.25104,20.82973,0.827090
1754,17.60161,7.43603,7.43654,0.011221,20.26226,20.84031,0.827548
1755,17.61164,7.43603,7.43320,0.010030,20.27229,20.85089,0.827958
1756,17.62168,7.43101,7.42972,0.011225,20.28352,20.86151,0.828416
1757,17.63171,7.42599,7.42638,0.011216,20.29473,20.87208,0.828874
1758,17.64175,7.42599,7.42303,0.010040,20.30477,20.88267,0.829284
1759,17.65178,7.42097,7.41956,0.011216,20.31599,20.89328,0.829742
1760,17.66182,7.41596,7.41608,0.011221,20.32721,20.90390,0.830201
1761,17.67185,7.41596,7.41248,0.010030,20.33724,20.91456,0.830610
1762,17.68189,7.41094,7.40888,0.011225,20.34846,20.92523,0.831069
1763,17.69192,7.40592,7.40541,0.011216,20.35968,20.93584,0.831527
1764,17.70196,7.40090,7.40180,0.011225,20.37091,20.94651,0.831985
1765,17.71199,7.40090,7.39820,0.010030,20.38094,20.95717,0.832395
1766,17.72203,7.39589,7.39447,0.011221,20.39216,20.96788,0.832853
1767,17.73206,7.39087,7.39074,0.011216,20.40337,20.97858,0.833311
1768,17.74210,7.39087,7.38701,0.010040,20.41341,20.98929,0.833721
1769,17.75213,7.38585,7.38328,0.011216,20.42463,20.99999,0.834179
1770,17.76217,7.38083,7.37955,0.011225,20.43585,21.01070,0.834638
1771,17.77220,7.38083,7.37582,0.010030,20.44588,21.02140,0.835048
1772,17.78224,7.37582,7.37196,0.011221,20.45710,21.03216,0.835506
1773,17.79227,7.37080,7.36810,0.011216,20.46832,21.04291,0.835964
1774,17.80231,7.36578,7.36424,0.011225,20.47955,21.05366,0.836422
1775,17.81234,7.36076,7.36038,0.011216,20.49076,21.06441,0.836880
1776,17.82238,7.36076,7.35652,0.010040,20.50080,21.07517,0.837291
1777,17.83241,7.35575,7.35266,0.011212,20.51201,21.08591,0.837748
1778,17.84245,7.35073,7.34867,0.011225,20.52324,21.09672,0.838207
1779,17.85248,7.34571,7.34468,0.011216,20.53445,21.10751,0.838665
1780,17.86252,7.34069,7.34069,0.011225,20.54568,21.11831,0.839123
1781,17.87255,7.33567,7.33658,0.011216,20.55690,21.12916,0.839582
1782,17.88259,7.33567,7.33259,0.010040,20.56694,21.13996,0.839992
1783,17.89262,7.33066,7.32860,0.011212,20.57815,21.15075,0.840449
1784,17.90266,7.32564,7.32461,0.011225,20.58937,21.16156,0.840908
1785,17.91269,7.32062,7.32049,0.011216,20.60059,21.17240,0.841366
1786,17.92273,7.31560,7.31638,0.011225,20.61181,21.18325,0.841824
1787,17.93276,7.31059,7.31226,0.011212,20.62303,21.19409,0.842282
1788,17.94280,7.31059,7.30801,0.010040,20.63307,21.20499,0.842692
1789,17.95283,7.30557,7.30377,0.011216,20.64428,21.21588,0.843151
1790,17.96287,7.30055,7.29965,0.011225,20.65551,21.22674,0.843609
1791,17.97291,7.29553,7.29541,0.011225,20.66673,21.23764,0.844067
1792,17.98294,7.29052,7.29116,0.011212,20.67794,21.24853,0.844525
1793,17.99298,7.28550,7.28691,0.011225,20.68917,21.25943,0.844984
1794,18.00301,7.28550,7.28267,0.010030,20.69920,21.27032,0.845393
1795,18.01305,7.28048,7.27842,0.011225,20.71042,21.28122,0.845852
1796,18.02308,7.27546,7.27405,0.011216,20.72164,21.29216,0.846310
1797,18.03312,7.27045,7.26967,0.011221,20.73286,21.30311,0.846768
1798,18.04315,7.26543,7.26530,0.011216,20.74408,21.31406,0.847226
1799,18.05319,7.26041,7.26093,0.011225,20.75530,21.32501,0.847685
1800,18.06322,7.25539,7.25655,0.011216,20.76652,21.33595,0.848143
1801,18.07326,7.25539,7.25218,0.010040,20.77656,21.34690,0.848553
1802,18.08329,7.25038,7.24767,0.011212,20.78777,21.35790,0.849011
1803,18.09333,7.24536,7.24317,0.011225,20.79899,21.36890,0.849469
1804,18.10336,7.24034,7.23867,0.011216,20.81021,21.37990,0.849927
1805,18.11340,7.23532,7.23417,0.011225,20.82144,21.39090,0.850386
1806,18.12343,7.23031,7.22966,0.011212,20.83265,21.40189,0.850844
1807,18.13347,7.22529,7.22516,0.011225,20.84387,21.41290,0.851302
1808,18.14350,7.22027,7.22053,0.011216,20.85509,21.42394,0.851760
1809,18.15354,7.22027,7.21590,0.010040,20.86513,21.43500,0.852170
1810,18.16357,7.21525,7.21127,0.011216,20.87634,21.44605,0.852628
1811,18.17361,7.21024,7.20663,0.011221,20.88756,21.45711,0.853087
1812,18.18364,7.20522,7.20200,0.011216,20.89878,21.46815,0.853545
1813,18.19368,7.20020,7.19737,0.011225,20.91001,21.47921,0.854003
1814,18.20371,7.19518,7.19261,0.011216,20.92122,21.49031,0.854461
1815,18.21375,7.19017,7.18785,0.011221,20.93244,21.50142,0.854920
1816,18.22378,7.18515,7.18309,0.011216,20.94366,21.51253,0.855378
1817,18.23382,7.18013,7.17820,0.011225,20.95488,21.52369,0.855836
1818,18.24385,7.17511,7.17331,0.011216,20.96610,21.53485,0.856294
1819,18.25389,7.17010,7.16842,0.011221,20.97732,21.54602,0.856752
1820,18.26392,7.16508,7.16353,0.011216,20.98854,21.55718,0.857211
1821,18.27396,7.16006,7.15852,0.011225,20.99976,21.56840,0.857669
1822,18.28399,7.15504,7.15350,0.011216,21.01098,21.57962,0.858127
1823,18.29403,7.15003,7.14848,0.011221,21.02220,21.59084,0.858585
1824,18.30406,7.14501,7.14346,0.011216,21.03341,21.60205,0.859043
1825,18.31410,7.13999,7.13845,0.011225,21.04464,21.61328,0.859502
1826,18.32413,7.13497,7.13343,0.011216,21.05586,21.62449,0.859960
1827,18.33417,7.12995,7.12841,0.011225,21.06708,21.63572,0.860418
1828,18.34420,7.12494,7.12339,0.011212,21.07829,21.64693,0.860876
1829,18.35424,7.11992,7.11812,0.011225,21.08952,21.65827,0.861335
1830,18.36427,7.11490,7.11284,0.011216,21.10073,21.66961,0.861793
1831,18.37431,7.10988,7.10757,0.011225,21.11196,21.68095,0.862251
1832,18.38435,7.10487,7.10229,0.011221,21.12318,21.69229,0.862710
1833,18.39438,7.09985,7.09702,0.011216,21.13440,21.70362,0.863168
1834,18.40442,7.09483,7.09162,0.011225,21.14562,21.71502,0.863626
1835,18.41445,7.08981,7.08621,0.011216,21.15684,21.72642,0.864084
1836,18.42449,7.07978,7.08081,0.014192,21.17103,21.73782,0.864664
1837,18.43452,7.07476,7.07540,0.011216,21.18224,21.74921,0.865122
1838,18.44456,7.06974,7.07000,0.011225,21.19347,21.76061,0.865580
1839,18.45459,7.06473,7.06447,0.011212,21.20468,21.77207,0.866038
1840,18.46463,7.05971,7.05894,0.011225,21.21591,21.78353,0.866497
1841,18.47466,7.05469,7.05340,0.011216,21.22712,21.79498,0.866955
1842,18.48470,7.04967,7.04787,0.011225,21.23835,21.80645,0.867413
1843,18.49473,7.04466,7.04234,0.011212,21.24956,21.81790,0.867871
1844,18.50477,7.03964,7.03668,0.011225,21.26078,21.82943,0.868330
1845,18.51480,7.03462,7.03102,0.011216,21.27200,21.84095,0.868788
1846,18.52484,7.02960,7.02536,0.011225,21.28322,21.85247,0.869246
1847,18.53487,7.02459,7.01970,0.011212,21.29444,21.86399,0.869704
1848,18.54491,7.01455,7.01391,0.014199,21.30864,21.87558,0.870284
1849,18.55494,7.00953,7.00812,0.011216,21.31985,21.88716,0.870742
1850,18.56498,7.00452,7.00220,0.011221,21.33107,21.89881,0.871200
1851,18.57501,6.99950,6.99628,0.011216,21.34229,21.91046,0.871658
1852,18.58505,6.99448,6.99036,0.011225,21.35351,21.92211,0.872117
1853,18.59508,6.98445,6.98432,0.014185,21.36770,21.93383,0.872696
1854,18.60512,6.97943,6.97827,0.011225,21.37892,21.94555,0.873155
1855,18.61515,6.97441,6.97209,0.011216,21.39014,21.95732,0.873613
1856,18.62519,6.96939,6.96605,0.011225,21.40136,21.96905,0.874071
1857,18.63522,6.96438,6.96000,0.011212,21.41258,21.98076,0.874529
1858,18.64526,6.95434,6.95383,0.014199,21.42677,21.99254,0.875109
1859,18.65529,6.94932,6.94765,0.011216,21.43799,22.00432,0.875567
1860,18.66533,6.94431,6.94135,0.011221,21.44921,22.01618,0.876025
1861,18.67536,6.93929,6.93504,0.011216,21.46043,22.02802,0.876483
1862,18.68540,6.93427,6.92861,0.011225,21.47165,22.03995,0.876942
1863,18.69543,6.92423,6.92218,0.014192,21.48584,22.05186,0.877521
1864,18.70547,6.91922,6.91562,0.011221,21.49706,22.06386,0.877980
1865,18.71550,6.91420,6.90905,0.011216,21.50828,22.07584,0.878438
1866,18.72554,6.90918,6.90236,0.011225,21.51951,22.08791,0.878896
1867,18.73557,6.89915,6.89555,0.014185,21.53369,22.10004,0.879476
1868,18.74561,6.89413,6.88886,0.011225,21.54492,22.11210,0.879934
1869,18.75564,6.88409,6.88204,0.014192,21.55911,22.12423,0.880514
1870,18.76568,6.87908,6.87522,0.011221,21.57033,22.13637,0.880972
1871,18.77572,6.87406,6.86827,0.011225,21.58155,22.14858,0.881430
1872,18.78575,6.86402,6.86132,0.014192,21.59574,22.16078,0.882010
1873,18.79579,6.85901,6.85438,0.011221,21.60696,22.17299,0.882468
1874,18.80582,6.84897,6.84730,0.014192,21.62116,22.18526,0.883048
1875,18.81586,6.84395,6.84022,0.011225,21.63238,22.19754,0.883506
1876,18.82589,6.83894,6.83302,0.011212,21.64359,22.20989,0.883964
1877,18.83593,6.82890,6.82581,0.014199,21.65779,22.22225,0.884544
1878,18.84596,6.82388,6.81861,0.011216,21.66901,22.23460,0.885002
1879,18.85600,6.81385,6.81128,0.014192,21.68320,22.24703,0.885582
1880,18.86603,6.80883,6.80381,0.011216,21.69442,22.25953,0.886040
1881,18.87607,6.79880,6.79635,0.014192,21.70861,22.27204,0.886620
1882,18.88610,6.79378,6.78876,0.011216,21.71982,22.28462,0.887078
1883,18.89614,6.78374,6.78117,0.014199,21.73402,22.29721,0.887658
1884,18.90617,6.77873,6.77358,0.011212,21.74523,22.30979,0.888115
1885,18.91621,6.76869,6.76586,0.014199,21.75943,22.32245,0.888695
1886,18.92624,6.75866,6.75801,0.014185,21.77362,22.33519,0.889275
1887,18.93628,6.75364,6.75029,0.011225,21.78484,22.34785,0.889733
1888,18.94631,6.74360,6.74244,0.014192,21.79903,22.36059,0.890313
1889,18.95635,6.73859,6.73460,0.011221,21.81025,22.37333,0.890771
1890,18.96638,6.72855,6.72662,0.014192,21.82445,22.38615,0.891351
1891,18.97642,6.72353,6.71851,0.011225,21.83567,22.39905,0.891809
1892,18.98645,6.71350,6.71041,0.014185,21.84986,22.41194,0.892388
1893,18.99649,6.70346,6.70218,0.014199,21.86405,22.42493,0.892968
1894,19.00652,6.69844,6.69394,0.011216,21.87527,22.43791,0.893426
1895,19.01656,6.68841,6.68558,0.014192,21.88946,22.45097,0.894006
1896,19.02659,6.68339,6.67709,0.011216,21.90068,22.46411,0.894464
1897,19.03663,6.67336,6.66860,0.014192,21.91487,22.47726,0.895044
1898,19.04666,6.66332,6.65998,0.014192,21.92906,22.49049,0.895623
1899,19.05670,6.65329,6.65136,0.014192,21.94325,22.50372,0.896203
1900,19.06673,6.64827,6.64261,0.011216,21.95447,22.51703,0.896661
1901,19.07677,6.63823,6.63386,0.014199,21.96867,22.53035,0.897241
1902,19.08680,6.62820,6.62498,0.014185,21.98285,22.54374,0.897820
1903,19.09684,6.62318,6.61611,0.011225,21.99408,22.55714,0.898279
1904,19.10687,6.61315,6.60710,0.014185,22.00826,22.57062,0.898858
1905,19.11691,6.60311,6.59809,0.014199,22.02246,22.58411,0.899438
1906,19.12694,6.59809,6.58909,0.011216,22.03368,22.59759,0.899896
1907,19.13698,6.58806,6.57995,0.014192,22.04787,22.61116,0.900476
1908,19.14701,6.57802,6.57082,0.014192,22.06206,22.62473,0.901055
1909,19.15705,6.56799,6.56156,0.014192,22.07625,22.63839,0.901635
1910,19.16708,6.55795,6.55229,0.014192,22.09044,22.65204,0.902214
1911,19.17712,6.54792,6.54290,0.014192,22.10464,22.66579,0.902794
1912,19.18716,6.53788,6.53351,0.014199,22.11883,22.67954,0.903374
1913,19.19719,6.52785,6.52412,0.014185,22.13302,22.69328,0.903953
1914,19.20723,6.51781,6.51460,0.014199,22.14722,22.70712,0.904533
1915,19.21726,6.50778,6.50495,0.014185,22.16140,22.72103,0.905112
1916,19.22730,6.49774,6.49517,0.014199,22.17560,22.73505,0.905692
1917,19.23733,6.48771,6.48539,0.014185,22.18978,22.74906,0.906272
1918,19.24737,6.47767,6.47549,0.014199,22.20398,22.76316,0.906852
1919,19.25740,6.46764,6.46558,0.014185,22.21817,22.77726,0.907431
1920,19.26744,6.45760,6.45554,0.014199,22.23237,22.79145,0.908011
1921,19.27747,6.44757,6.44538,0.014185,22.24655,22.80573,0.908590
1922,19.28751,6.43753,6.43509,0.014199,22.26075,22.82011,0.909170
1923,19.29754,6.42750,6.42467,0.014185,22.27493,22.83458,0.909749
1924,19.30758,6.41746,6.41412,0.014199,22.28913,22.84914,0.910329
1925,19.31761,6.40743,6.40344,0.014185,22.30332,22.86379,0.910909
1926,19.32765,6.39739,6.39250,0.014199,22.31752,22.87863,0.911489
1927,19.33768,6.38736,6.38144,0.014185,22.33170,22.89357,0.912068
1928,19.34772,6.37732,6.37025,0.014199,22.34590,22.90860,0.912648
1929,19.35775,6.36729,6.35879,0.014185,22.36008,22.92383,0.913227
1930,19.36779,6.35725,6.34722,0.014199,22.37428,22.93915,0.913807
1931,19.37782,6.34722,6.33551,0.014185,22.38847,22.95457,0.914386
1932,19.38786,6.33718,6.32354,0.014199,22.40267,22.97019,0.914966
1933,19.39789,6.32715,6.31145,0.014185,22.41685,22.98590,0.915546
1934,19.40793,6.31209,6.29923,0.018100,22.43495,23.00172,0.916285
1935,19.41796,6.30206,6.28675,0.014185,22.44914,23.01773,0.916864
1936,19.42800,6.29202,6.27401,0.014199,22.46333,23.03395,0.917444
1937,19.43803,6.27697,6.26115,0.018086,22.48142,23.05026,0.918183
1938,19.44807,6.26693,6.24802,0.014199,22.49562,23.06678,0.918763
1939,19.45810,6.25690,6.23464,0.014185,22.50980,23.08350,0.919342
1940,19.46814,6.24185,6.22100,0.018092,22.52789,23.10044,0.920081
1941,19.47817,6.22679,6.20711,0.018094,22.54599,23.11758,0.920820
1942,19.48821,6.21676,6.19296,0.014192,22.56018,23.13493,0.921399
1943,19.49824,6.20171,6.17855,0.018086,22.57827,23.15248,0.922138
1944,19.50828,6.18665,6.16375,0.018100,22.59637,23.17036,0.922877
1945,19.51831,6.17160,6.14857,0.018086,22.61445,23.18856,0.923616
1946,19.52835,6.15655,6.13300,0.018092,22.63254,23.20708,0.924355
1947,19.53838,6.14150,6.11718,0.018086,22.65063,23.22582,0.925093
1948,19.54842,6.12142,6.10097,0.022450,22.67308,23.24489,0.926010
1949,19.55845,6.10637,6.08437,0.018086,22.69117,23.26428,0.926749
1950,19.56849,6.09132,6.06739,0.018092,22.70926,23.28401,0.927488
1951,19.57852,6.07125,6.05002,0.022437,22.73169,23.30406,0.928404
1952,19.58856,6.05620,6.03227,0.018092,22.74979,23.32446,0.929143
1953,19.59860,6.04114,6.01400,0.018100,22.76789,23.34531,0.929882
1954,19.60863,6.02107,5.99547,0.022437,22.79032,23.36637,0.930799
1955,19.61867,6.00100,5.97656,0.022441,22.81276,23.38779,0.931715
1956,19.62870,5.98595,5.95713,0.018086,22.83085,23.40965,0.932454
1957,19.63874,5.96588,5.93732,0.022441,22.85329,23.43186,0.933371
1958,19.64877,5.94581,5.91699,0.022437,22.87573,23.45453,0.934287
1959,19.65881,5.92574,5.89615,0.022441,22.89817,23.47766,0.935203
1960,19.66884,5.90567,5.87492,0.022437,22.92061,23.50114,0.936120
1961,19.67888,5.88560,5.85331,0.022441,22.94305,23.52497,0.937036
1962,19.68891,5.86553,5.83092,0.022437,22.96548,23.54950,0.937953
1963,19.69895,5.84044,5.80789,0.027024,22.99251,23.57463,0.939056
1964,19.70898,5.81535,5.78422,0.027021,23.01953,23.60034,0.940160
1965,19.71902,5.79027,5.75990,0.027015,23.04654,23.62664,0.941263
1966,19.72905,5.77020,5.73469,0.022437,23.06898,23.65378,0.942180
1967,19.73909,5.74511,5.70870,0.027024,23.09600,23.68164,0.943283
1968,19.74912,5.72002,5.68194,0.027021,23.12302,23.71022,0.944387
1969,19.75916,5.69493,5.65402,0.027024,23.15005,23.73989,0.945491
1970,19.76919,5.66984,5.62494,0.027021,23.17707,23.77065,0.946594
1971,19.77923,5.64476,5.59458,0.027015,23.20408,23.80263,0.947698
1972,19.78926,5.61465,5.56152,0.031737,23.23582,23.83718,0.948994
1973,19.79930,5.58956,5.51919,0.027024,23.26285,23.88068,0.950097
1974,19.80933,5.56448,5.36480,0.027011,23.28986,24.03539,0.951201
1975,19.81937,5.53437,5.21093,0.031740,23.32160,24.18959,0.952497
1976,19.82940,5.50426,5.05744,0.031737,23.35333,24.34341,0.953793
1977,19.83944,5.47416,4.90447,0.031730,23.38506,24.49671,0.955089
1978,19.84947,5.44405,4.75202,0.031737,23.41680,24.64949,0.956385
1979,19.85951,5.41395,4.60007,0.031730,23.44853,24.80177,0.957681
1980,19.86954,5.38384,4.44865,0.031737,23.48027,24.95352,0.958977
1981,19.87958,5.34370,4.29773,0.041377,23.52164,25.10477,0.960667
1982,19.88961,5.30356,4.14734,0.041374,23.56302,25.25550,0.962357
1983,19.89965,5.26342,3.99758,0.041377,23.60439,25.40559,0.964047
1984,19.90968,5.22328,3.84847,0.041374,23.64577,25.55504,0.965737
1985,19.91972,5.17311,3.70000,0.051165,23.69693,25.70385,0.967826
1986,19.92975,5.12795,3.55205,0.046260,23.74319,25.85214,0.969716
1987,19.93979,5.07777,3.40474,0.051175,23.79437,25.99980,0.971806
1988,19.94982,5.01756,3.25807,0.061040,23.85541,26.14681,0.974299
1989,19.95986,4.95735,3.11205,0.061041,23.91645,26.29317,0.976792
1990,19.96989,4.88710,2.96666,0.070962,23.98741,26.43890,0.979690
1991,19.97993,4.76668,2.82193,0.120838,24.10825,26.58399,0.984625
1992,19.98996,4.39037,2.67796,0.376444,24.48469,26.72830,1.000000
