x_in,y_in,z_in,x_mm,y_mm,z_mm,inside_body,boundary_distance_in,local_mean_curvature,local_gaussian_curvature,source_status,model_name
-2.8625,0.0000,3.7501,-72.707,0.000,95.252,True,0.2233,,,RECONSTRUCTED,constrained_tps
-2.6125,0.0000,3.7500,-66.357,0.000,95.250,True,0.4733,,,RECONSTRUCTED,constrained_tps
-2.3625,0.0000,3.7500,-60.007,0.000,95.250,True,0.7233,0.000513,-0.000005,RECONSTRUCTED,constrained_tps
-2.1125,0.0000,3.7500,-53.657,0.000,95.250,True,0.9733,0.000647,-0.000003,RECONSTRUCTED,constrained_tps
-1.8625,0.0000,3.7500,-47.307,0.000,95.250,True,1.2233,0.000814,-0.000002,RECONSTRUCTED,constrained_tps
-1.6125,0.0000,3.7500,-40.957,0.000,95.250,True,1.4733,0.000890,-0.000001,RECONSTRUCTED,constrained_tps
-1.3625,0.0000,3.7500,-34.608,0.000,95.250,True,1.7233,0.000933,-0.000001,RECONSTRUCTED,constrained_tps
-1.1125,0.0000,3.7500,-28.258,0.000,95.250,True,1.9733,0.000955,-0.000000,RECONSTRUCTED,constrained_tps
-0.8625,0.0000,3.7500,-21.907,0.000,95.250,True,2.2233,0.000967,-0.000000,RECONSTRUCTED,constrained_tps
-0.6125,0.0000,3.7500,-15.558,0.000,95.250,True,2.4733,0.000973,-0.000000,RECONSTRUCTED,constrained_tps
-0.3625,0.0000,3.7500,-9.207,0.000,95.250,True,2.7233,0.000976,-0.000000,RECONSTRUCTED,constrained_tps
-0.1125,0.0000,3.7500,-2.857,0.000,95.250,True,2.9733,0.000977,-0.000000,RECONSTRUCTED,constrained_tps
0.1375,0.0000,3.7500,3.493,0.000,95.250,True,2.9483,0.000977,-0.000000,RECONSTRUCTED,constrained_tps
0.3875,0.0000,3.7500,9.842,0.000,95.250,True,2.6983,0.000976,-0.000000,RECONSTRUCTED,constrained_tps
0.6375,0.0000,3.7500,16.192,0.000,95.250,True,2.4483,0.000973,-0.000000,RECONSTRUCTED,constrained_tps
0.8875,0.0000,3.7500,22.542,0.000,95.250,True,2.1983,0.000967,-0.000000,RECONSTRUCTED,constrained_tps
1.1375,0.0000,3.7500,28.892,0.000,95.250,True,1.9483,0.000954,-0.000000,RECONSTRUCTED,constrained_tps
1.3875,0.0000,3.7500,35.242,0.000,95.250,True,1.6983,0.000929,-0.000001,RECONSTRUCTED,constrained_tps
1.6375,0.0000,3.7500,41.592,0.000,95.250,True,1.4483,0.000884,-0.000001,RECONSTRUCTED,constrained_tps
1.8875,0.0000,3.7500,47.942,0.000,95.250,True,1.1983,0.000797,-0.000002,RECONSTRUCTED,constrained_tps
2.1375,0.0000,3.7500,54.293,0.000,95.250,True,0.9483,0.000647,-0.000003,RECONSTRUCTED,constrained_tps
2.3875,0.0000,3.7500,60.642,0.000,95.250,True,0.6983,0.000263,-0.000007,RECONSTRUCTED,constrained_tps
2.6375,0.0000,3.7500,66.993,0.000,95.250,True,0.4483,,,RECONSTRUCTED,constrained_tps
2.8875,0.0000,3.7500,73.343,0.000,95.249,True,0.1983,,,RECONSTRUCTED,constrained_tps
-4.3625,0.2500,3.7465,-110.807,6.350,95.161,True,0.2464,,,RECONSTRUCTED,constrained_tps
-4.1125,0.2500,3.7514,-104.457,6.350,95.287,True,0.4964,,,RECONSTRUCTED,constrained_tps
-3.8625,0.2500,3.7553,-98.107,6.350,95.386,True,0.7464,,,RECONSTRUCTED,constrained_tps
-3.6125,0.2500,3.7589,-91.757,6.350,95.477,True,0.9964,,,RECONSTRUCTED,constrained_tps
-3.3625,0.2500,3.7625,-85.407,6.350,95.568,True,1.2464,,,RECONSTRUCTED,constrained_tps
-3.1125,0.2500,3.7658,-79.057,6.350,95.651,True,1.4964,,,RECONSTRUCTED,constrained_tps
-2.8625,0.2500,3.7672,-72.707,6.350,95.686,True,1.7464,,,RECONSTRUCTED,constrained_tps
-2.6125,0.2500,3.7675,-66.357,6.350,95.693,True,1.9964,-0.002880,-0.000032,RECONSTRUCTED,constrained_tps
-2.3625,0.2500,3.7676,-60.007,6.350,95.698,True,2.2464,-0.000008,-0.000011,RECONSTRUCTED,constrained_tps
-2.1125,0.2500,3.7678,-53.657,6.350,95.701,True,2.4964,0.000609,-0.000006,RECONSTRUCTED,constrained_tps
-1.8625,0.2500,3.7678,-47.307,6.350,95.703,True,2.7464,0.000931,-0.000003,RECONSTRUCTED,constrained_tps
-1.6125,0.2500,3.7679,-40.957,6.350,95.705,True,2.9964,0.001098,-0.000002,RECONSTRUCTED,constrained_tps
-1.3625,0.2500,3.7680,-34.608,6.350,95.707,True,3.2464,0.001196,-0.000001,RECONSTRUCTED,constrained_tps
-1.1125,0.2500,3.7680,-28.258,6.350,95.708,True,3.4964,0.001254,-0.000001,RECONSTRUCTED,constrained_tps
-0.8625,0.2500,3.7681,-21.907,6.350,95.709,True,3.7464,0.001289,-0.000001,RECONSTRUCTED,constrained_tps
-0.6125,0.2500,3.7681,-15.558,6.350,95.709,True,3.9964,0.001309,-0.000000,RECONSTRUCTED,constrained_tps
-0.3625,0.2500,3.7681,-9.207,6.350,95.710,True,4.2464,0.001320,-0.000000,RECONSTRUCTED,constrained_tps
-0.1125,0.2500,3.7681,-2.857,6.350,95.710,True,4.4964,0.001325,-0.000000,RECONSTRUCTED,constrained_tps
0.1375,0.2500,3.7681,3.493,6.350,95.710,True,4.4714,0.001325,-0.000000,RECONSTRUCTED,constrained_tps
0.3875,0.2500,3.7681,9.842,6.350,95.710,True,4.2214,0.001319,-0.000000,RECONSTRUCTED,constrained_tps
0.6375,0.2500,3.7681,16.192,6.350,95.709,True,3.9714,0.001308,-0.000001,RECONSTRUCTED,constrained_tps
0.8875,0.2500,3.7681,22.542,6.350,95.709,True,3.7214,0.001286,-0.000001,RECONSTRUCTED,constrained_tps
1.1375,0.2500,3.7680,28.892,6.350,95.708,True,3.4714,0.001250,-0.000001,RECONSTRUCTED,constrained_tps
1.3875,0.2500,3.7680,35.242,6.350,95.706,True,3.2214,0.001188,-0.000001,RECONSTRUCTED,constrained_tps
1.6375,0.2500,3.7679,41.592,6.350,95.705,True,2.9714,0.001084,-0.000002,RECONSTRUCTED,constrained_tps
1.8875,0.2500,3.7678,47.942,6.350,95.703,True,2.7214,0.000903,-0.000003,RECONSTRUCTED,constrained_tps
2.1375,0.2500,3.7677,54.293,6.350,95.700,True,2.4714,0.000551,-0.000006,RECONSTRUCTED,constrained_tps
2.3875,0.2500,3.7676,60.642,6.350,95.697,True,2.2214,-0.000272,-0.000013,RECONSTRUCTED,constrained_tps
2.6375,0.2500,3.7674,66.993,6.350,95.692,True,1.9714,-0.003426,-0.000033,RECONSTRUCTED,constrained_tps
2.8875,0.2500,3.7670,73.343,6.350,95.683,True,1.7214,,,RECONSTRUCTED,constrained_tps
3.1375,0.2500,3.7655,79.692,6.350,95.643,True,1.4714,,,RECONSTRUCTED,constrained_tps
3.3875,0.2500,3.7621,86.043,6.350,95.558,True,1.2214,,,RECONSTRUCTED,constrained_tps
3.6375,0.2500,3.7586,92.392,6.350,95.467,True,0.9714,,,RECONSTRUCTED,constrained_tps
3.8875,0.2500,3.7550,98.742,6.350,95.376,True,0.7214,,,RECONSTRUCTED,constrained_tps
4.1375,0.2500,3.7510,105.093,6.350,95.275,True,0.4714,,,RECONSTRUCTED,constrained_tps
4.3875,0.2500,3.7459,111.442,6.350,95.147,True,0.2214,,,RECONSTRUCTED,constrained_tps
-4.8625,0.5000,3.7465,-123.507,12.700,95.160,True,0.1633,,,RECONSTRUCTED,constrained_tps
-4.6125,0.5000,3.7545,-117.157,12.700,95.363,True,0.4133,,,RECONSTRUCTED,constrained_tps
-4.3625,0.5000,3.7612,-110.807,12.700,95.536,True,0.6633,,,RECONSTRUCTED,constrained_tps
-4.1125,0.5000,3.7669,-104.457,12.700,95.679,True,0.9133,,,RECONSTRUCTED,constrained_tps
-3.8625,0.5000,3.7715,-98.107,12.700,95.796,True,1.1633,,,RECONSTRUCTED,constrained_tps
-3.6125,0.5000,3.7755,-91.757,12.700,95.899,True,1.4133,,,RECONSTRUCTED,constrained_tps
-3.3625,0.5000,3.7792,-85.407,12.700,95.991,True,1.6633,,,RECONSTRUCTED,constrained_tps
-3.1125,0.5000,3.7821,-79.057,12.700,96.066,True,1.9133,,,RECONSTRUCTED,constrained_tps
-2.8625,0.5000,3.7840,-72.707,12.700,96.113,True,2.1633,-0.006108,-0.000071,RECONSTRUCTED,constrained_tps
-2.6125,0.5000,3.7849,-66.357,12.700,96.135,True,2.4133,-0.003540,-0.000052,RECONSTRUCTED,constrained_tps
-2.3625,0.5000,3.7854,-60.007,12.700,96.148,True,2.6633,-0.001056,-0.000024,RECONSTRUCTED,constrained_tps
-2.1125,0.5000,3.7857,-53.657,12.700,96.156,True,2.9133,0.000146,-0.000012,RECONSTRUCTED,constrained_tps
-1.8625,0.5000,3.7859,-47.307,12.700,96.162,True,3.1633,0.000737,-0.000007,RECONSTRUCTED,constrained_tps
-1.6125,0.5000,3.7861,-40.957,12.700,96.166,True,3.4133,0.001060,-0.000004,RECONSTRUCTED,constrained_tps
-1.3625,0.5000,3.7862,-34.608,12.700,96.169,True,3.6633,0.001250,-0.000003,RECONSTRUCTED,constrained_tps
-1.1125,0.5000,3.7863,-28.258,12.700,96.172,True,3.9133,0.001367,-0.000002,RECONSTRUCTED,constrained_tps
-0.8625,0.5000,3.7864,-21.907,12.700,96.174,True,4.1633,0.001440,-0.000001,RECONSTRUCTED,constrained_tps
-0.6125,0.5000,3.7864,-15.558,12.700,96.175,True,4.4133,0.001485,-0.000001,RECONSTRUCTED,constrained_tps
-0.3625,0.5000,3.7864,-9.207,12.700,96.176,True,4.6633,0.001510,-0.000001,RECONSTRUCTED,constrained_tps
-0.1125,0.5000,3.7865,-2.857,12.700,96.176,True,4.9133,0.001522,-0.000001,RECONSTRUCTED,constrained_tps
0.1375,0.5000,3.7865,3.493,12.700,96.176,True,4.8883,0.001521,-0.000001,RECONSTRUCTED,constrained_tps
0.3875,0.5000,3.7864,9.842,12.700,96.176,True,4.6383,0.001509,-0.000001,RECONSTRUCTED,constrained_tps
0.6375,0.5000,3.7864,16.192,12.700,96.175,True,4.3883,0.001482,-0.000001,RECONSTRUCTED,constrained_tps
0.8875,0.5000,3.7863,22.542,12.700,96.173,True,4.1383,0.001435,-0.000001,RECONSTRUCTED,constrained_tps
1.1375,0.5000,3.7863,28.892,12.700,96.171,True,3.8883,0.001358,-0.000002,RECONSTRUCTED,constrained_tps
1.3875,0.5000,3.7862,35.242,12.700,96.169,True,3.6383,0.001235,-0.000003,RECONSTRUCTED,constrained_tps
1.6375,0.5000,3.7860,41.592,12.700,96.165,True,3.3883,0.001033,-0.000004,RECONSTRUCTED,constrained_tps
1.8875,0.5000,3.7859,47.942,12.700,96.161,True,3.1383,0.000685,-0.000007,RECONSTRUCTED,constrained_tps
2.1375,0.5000,3.7856,54.293,12.700,96.155,True,2.8883,0.000039,-0.000013,RECONSTRUCTED,constrained_tps
2.3875,0.5000,3.7853,60.642,12.700,96.146,True,2.6383,-0.001279,-0.000027,RECONSTRUCTED,constrained_tps
2.6375,0.5000,3.7848,66.993,12.700,96.133,True,2.3883,-0.003761,-0.000054,RECONSTRUCTED,constrained_tps
2.8875,0.5000,3.7838,73.343,12.700,96.108,True,2.1383,-0.006169,-0.000066,RECONSTRUCTED,constrained_tps
3.1375,0.5000,3.7818,79.692,12.700,96.058,True,1.8883,,,RECONSTRUCTED,constrained_tps
3.3875,0.5000,3.7788,86.043,12.700,95.981,True,1.6383,,,RECONSTRUCTED,constrained_tps
3.6375,0.5000,3.7751,92.392,12.700,95.888,True,1.3883,,,RECONSTRUCTED,constrained_tps
3.8875,0.5000,3.7711,98.742,12.700,95.785,True,1.1383,,,RECONSTRUCTED,constrained_tps
4.1375,0.5000,3.7664,105.093,12.700,95.665,True,0.8883,,,RECONSTRUCTED,constrained_tps
4.3875,0.5000,3.7606,111.442,12.700,95.519,True,0.6383,,,RECONSTRUCTED,constrained_tps
4.6375,0.5000,3.7537,117.793,12.700,95.345,True,0.3883,,,RECONSTRUCTED,constrained_tps
4.8875,0.5000,3.7455,124.142,12.700,95.137,True,0.1383,,,RECONSTRUCTED,constrained_tps
-5.1125,0.7500,3.7496,-129.857,19.050,95.240,True,0.1282,,,RECONSTRUCTED,constrained_tps
-4.8625,0.7500,3.7595,-123.507,19.050,95.492,True,0.3782,,,RECONSTRUCTED,constrained_tps
-4.6125,0.7500,3.7686,-117.157,19.050,95.722,True,0.6282,,,RECONSTRUCTED,constrained_tps
-4.3625,0.7500,3.7761,-110.807,19.050,95.914,True,0.8782,-0.002617,-0.000362,RECONSTRUCTED,constrained_tps
-4.1125,0.7500,3.7824,-104.457,19.050,96.073,True,1.1282,-0.003250,-0.000225,RECONSTRUCTED,constrained_tps
-3.8625,0.7500,3.7876,-98.107,19.050,96.206,True,1.3782,-0.003592,-0.000120,RECONSTRUCTED,constrained_tps
-3.6125,0.7500,3.7921,-91.757,19.050,96.318,True,1.6282,-0.003839,-0.000058,RECONSTRUCTED,constrained_tps
-3.3625,0.7500,3.7958,-85.407,19.050,96.414,True,1.8782,-0.004102,-0.000051,RECONSTRUCTED,constrained_tps
-3.1125,0.7500,3.7988,-79.057,19.050,96.490,True,2.1282,-0.003554,-0.000085,RECONSTRUCTED,constrained_tps
-2.8625,0.7500,3.8009,-72.707,19.050,96.544,True,2.3782,-0.003555,-0.000079,RECONSTRUCTED,constrained_tps
-2.6125,0.7500,3.8023,-66.357,19.050,96.578,True,2.6282,-0.002897,-0.000053,RECONSTRUCTED,constrained_tps
-2.3625,0.7500,3.8031,-60.007,19.050,96.600,True,2.8782,-0.001552,-0.000031,RECONSTRUCTED,constrained_tps
-2.1125,0.7500,3.8037,-53.657,19.050,96.614,True,3.1282,-0.000520,-0.000017,RECONSTRUCTED,constrained_tps
-1.8625,0.7500,3.8041,-47.307,19.050,96.624,True,3.3782,0.000128,-0.000010,RECONSTRUCTED,constrained_tps
-1.6125,0.7500,3.8044,-40.957,19.050,96.631,True,3.6282,0.000526,-0.000006,RECONSTRUCTED,constrained_tps
-1.3625,0.7500,3.8046,-34.608,19.050,96.637,True,3.8782,0.000776,-0.000004,RECONSTRUCTED,constrained_tps
-1.1125,0.7500,3.8048,-28.258,19.050,96.641,True,4.1282,0.000936,-0.000003,RECONSTRUCTED,constrained_tps
-0.8625,0.7500,3.8049,-21.907,19.050,96.644,True,4.3782,0.001040,-0.000002,RECONSTRUCTED,constrained_tps
-0.6125,0.7500,3.8049,-15.558,19.050,96.646,True,4.6282,0.001106,-0.000001,RECONSTRUCTED,constrained_tps
-0.3625,0.7500,3.8050,-9.207,19.050,96.647,True,4.8782,0.001144,-0.000001,RECONSTRUCTED,constrained_tps
-0.1125,0.7500,3.8050,-2.857,19.050,96.647,True,5.1282,0.001162,-0.000001,RECONSTRUCTED,constrained_tps
0.1375,0.7500,3.8050,3.493,19.050,96.647,True,5.1032,0.001161,-0.000001,RECONSTRUCTED,constrained_tps
0.3875,0.7500,3.8050,9.842,19.050,96.647,True,4.8532,0.001142,-0.000001,RECONSTRUCTED,constrained_tps
0.6375,0.7500,3.8049,16.192,19.050,96.645,True,4.6032,0.001101,-0.000001,RECONSTRUCTED,constrained_tps
0.8875,0.7500,3.8048,22.542,19.050,96.643,True,4.3532,0.001032,-0.000002,RECONSTRUCTED,constrained_tps
1.1375,0.7500,3.8047,28.892,19.050,96.640,True,4.1032,0.000923,-0.000003,RECONSTRUCTED,constrained_tps
1.3875,0.7500,3.8046,35.242,19.050,96.636,True,3.8532,0.000755,-0.000004,RECONSTRUCTED,constrained_tps
1.6375,0.7500,3.8043,41.592,19.050,96.630,True,3.6032,0.000493,-0.000006,RECONSTRUCTED,constrained_tps
1.8875,0.7500,3.8040,47.942,19.050,96.623,True,3.3532,0.000073,-0.000010,RECONSTRUCTED,constrained_tps
2.1375,0.7500,3.8036,54.293,19.050,96.612,True,3.1032,-0.000610,-0.000018,RECONSTRUCTED,constrained_tps
2.3875,0.7500,3.8030,60.642,19.050,96.597,True,2.8532,-0.001667,-0.000033,RECONSTRUCTED,constrained_tps
2.6375,0.7500,3.8021,66.993,19.050,96.574,True,2.6032,-0.002951,-0.000055,RECONSTRUCTED,constrained_tps
2.8875,0.7500,3.8007,73.343,19.050,96.538,True,2.3532,-0.003533,-0.000079,RECONSTRUCTED,constrained_tps
3.1375,0.7500,3.7985,79.692,19.050,96.482,True,2.1032,-0.003555,-0.000082,RECONSTRUCTED,constrained_tps
3.3875,0.7500,3.7954,86.043,19.050,96.404,True,1.8532,-0.004048,-0.000050,RECONSTRUCTED,constrained_tps
3.6375,0.7500,3.7916,92.392,19.050,96.307,True,1.6032,-0.003786,-0.000063,RECONSTRUCTED,constrained_tps
3.8875,0.7500,3.7871,98.742,19.050,96.193,True,1.3532,-0.003558,-0.000130,RECONSTRUCTED,constrained_tps
4.1375,0.7500,3.7818,105.093,19.050,96.058,True,1.1032,-0.003214,-0.000236,RECONSTRUCTED,constrained_tps
4.3875,0.7500,3.7754,111.442,19.050,95.896,True,0.8532,-0.002504,-0.000378,RECONSTRUCTED,constrained_tps
4.6375,0.7500,3.7677,117.793,19.050,95.701,True,0.6032,,,RECONSTRUCTED,constrained_tps
4.8875,0.7500,3.7585,124.142,19.050,95.467,True,0.3532,,,RECONSTRUCTED,constrained_tps
5.1375,0.7500,3.7487,130.493,19.050,95.218,True,0.1032,,,RIM_BOUNDARY,constrained_tps
-5.3625,1.0000,3.7608,-136.207,25.400,95.524,True,0.0296,,,RIM_BOUNDARY,constrained_tps
-5.1125,1.0000,3.7672,-129.857,25.400,95.686,True,0.2796,,,RECONSTRUCTED,constrained_tps
-4.8625,1.0000,3.7757,-123.507,25.400,95.903,True,0.5296,0.024972,-0.000042,RECONSTRUCTED,constrained_tps
-4.6125,1.0000,3.7844,-117.157,25.400,96.123,True,0.7796,0.010216,-0.000434,RECONSTRUCTED,constrained_tps
-4.3625,1.0000,3.7921,-110.807,25.400,96.318,True,1.0296,0.002947,-0.000385,RECONSTRUCTED,constrained_tps
-4.1125,1.0000,3.7986,-104.457,25.400,96.485,True,1.2796,-0.000042,-0.000263,RECONSTRUCTED,constrained_tps
-3.8625,1.0000,3.8042,-98.107,25.400,96.626,True,1.5296,-0.001547,-0.000164,RECONSTRUCTED,constrained_tps
-3.6125,1.0000,3.8088,-91.757,25.400,96.745,True,1.7796,-0.002362,-0.000107,RECONSTRUCTED,constrained_tps
-3.3625,1.0000,3.8127,-85.407,25.400,96.843,True,2.0296,-0.002650,-0.000089,RECONSTRUCTED,constrained_tps
-3.1125,1.0000,3.8158,-79.057,25.400,96.923,True,2.2796,-0.002536,-0.000086,RECONSTRUCTED,constrained_tps
-2.8625,1.0000,3.8182,-72.707,25.400,96.982,True,2.5296,-0.002426,-0.000073,RECONSTRUCTED,constrained_tps
-2.6125,1.0000,3.8199,-66.357,25.400,97.025,True,2.7796,-0.002121,-0.000051,RECONSTRUCTED,constrained_tps
-2.3625,1.0000,3.8210,-60.007,25.400,97.054,True,3.0296,-0.001475,-0.000032,RECONSTRUCTED,constrained_tps
-2.1125,1.0000,3.8218,-53.657,25.400,97.075,True,3.2796,-0.000798,-0.000019,RECONSTRUCTED,constrained_tps
-1.8625,1.0000,3.8224,-47.307,25.400,97.090,True,3.5296,-0.000265,-0.000012,RECONSTRUCTED,constrained_tps
-1.6125,1.0000,3.8228,-40.957,25.400,97.100,True,3.7796,0.000114,-0.000007,RECONSTRUCTED,constrained_tps
-1.3625,1.0000,3.8231,-34.608,25.400,97.108,True,4.0296,0.000374,-0.000005,RECONSTRUCTED,constrained_tps
-1.1125,1.0000,3.8234,-28.258,25.400,97.114,True,4.2796,0.000551,-0.000003,RECONSTRUCTED,constrained_tps
-0.8625,1.0000,3.8235,-21.907,25.400,97.118,True,4.5296,0.000671,-0.000002,RECONSTRUCTED,constrained_tps
-0.6125,1.0000,3.8236,-15.558,25.400,97.121,True,4.7796,0.000749,-0.000002,RECONSTRUCTED,constrained_tps
-0.3625,1.0000,3.8237,-9.207,25.400,97.122,True,5.0296,0.000797,-0.000001,RECONSTRUCTED,constrained_tps
-0.1125,1.0000,3.8237,-2.857,25.400,97.123,True,5.2796,0.000818,-0.000001,RECONSTRUCTED,constrained_tps
0.1375,1.0000,3.8237,3.493,25.400,97.123,True,5.2546,0.000817,-0.000001,RECONSTRUCTED,constrained_tps
0.3875,1.0000,3.8237,9.842,25.400,97.122,True,5.0046,0.000794,-0.000001,RECONSTRUCTED,constrained_tps
0.6375,1.0000,3.8236,16.192,25.400,97.120,True,4.7546,0.000744,-0.000002,RECONSTRUCTED,constrained_tps
0.8875,1.0000,3.8235,22.542,25.400,97.117,True,4.5046,0.000662,-0.000002,RECONSTRUCTED,constrained_tps
1.1375,1.0000,3.8233,28.892,25.400,97.113,True,4.2546,0.000538,-0.000003,RECONSTRUCTED,constrained_tps
1.3875,1.0000,3.8231,35.242,25.400,97.107,True,4.0046,0.000353,-0.000005,RECONSTRUCTED,constrained_tps
1.6375,1.0000,3.8228,41.592,25.400,97.099,True,3.7546,0.000083,-0.000008,RECONSTRUCTED,constrained_tps
1.8875,1.0000,3.8223,47.942,25.400,97.088,True,3.5046,-0.000309,-0.000012,RECONSTRUCTED,constrained_tps
2.1375,1.0000,3.8217,54.293,25.400,97.072,True,3.2546,-0.000854,-0.000020,RECONSTRUCTED,constrained_tps
2.3875,1.0000,3.8209,60.642,25.400,97.051,True,3.0046,-0.001526,-0.000034,RECONSTRUCTED,constrained_tps
2.6375,1.0000,3.8197,66.993,25.400,97.020,True,2.7546,-0.002137,-0.000053,RECONSTRUCTED,constrained_tps
2.8875,1.0000,3.8179,73.343,25.400,96.976,True,2.5046,-0.002414,-0.000074,RECONSTRUCTED,constrained_tps
3.1375,1.0000,3.8155,79.692,25.400,96.914,True,2.2546,-0.002520,-0.000086,RECONSTRUCTED,constrained_tps
3.3875,1.0000,3.8123,86.043,25.400,96.833,True,2.0046,-0.002608,-0.000090,RECONSTRUCTED,constrained_tps
3.6375,1.0000,3.8084,92.392,25.400,96.733,True,1.7546,-0.002280,-0.000112,RECONSTRUCTED,constrained_tps
3.8875,1.0000,3.8036,98.742,25.400,96.612,True,1.5046,-0.001418,-0.000173,RECONSTRUCTED,constrained_tps
4.1375,1.0000,3.7980,105.093,25.400,96.469,True,1.2546,0.000177,-0.000275,RECONSTRUCTED,constrained_tps
4.3875,1.0000,3.7913,111.442,25.400,96.300,True,1.0046,0.003419,-0.000396,RECONSTRUCTED,constrained_tps
4.6375,1.0000,3.7835,117.793,25.400,96.101,True,0.7546,0.011362,-0.000425,RECONSTRUCTED,constrained_tps
4.8875,1.0000,3.7748,124.142,25.400,95.880,True,0.5046,0.026761,0.000055,RECONSTRUCTED,constrained_tps
5.1375,1.0000,3.7664,130.493,25.400,95.666,True,0.2546,,,RECONSTRUCTED,constrained_tps
5.3875,1.0000,3.7604,136.843,25.400,95.513,True,0.0046,,,RIM_BOUNDARY,constrained_tps
-5.3625,1.2500,3.7823,-136.207,31.750,96.069,True,0.1446,,,RECONSTRUCTED,constrained_tps
-5.1125,1.2500,3.7878,-129.857,31.750,96.209,True,0.3946,,,RECONSTRUCTED,constrained_tps
-4.8625,1.2500,3.7949,-123.507,31.750,96.389,True,0.6446,0.020892,-0.000168,RECONSTRUCTED,constrained_tps
-4.6125,1.2500,3.8024,-117.157,31.750,96.581,True,0.8946,0.012344,-0.000365,RECONSTRUCTED,constrained_tps
-4.3625,1.2500,3.8096,-110.807,31.750,96.763,True,1.1446,0.006017,-0.000335,RECONSTRUCTED,constrained_tps
-4.1125,1.2500,3.8159,-104.457,31.750,96.925,True,1.3946,0.002307,-0.000251,RECONSTRUCTED,constrained_tps
-3.8625,1.2500,3.8215,-98.107,31.750,97.065,True,1.6446,0.000203,-0.000178,RECONSTRUCTED,constrained_tps
-3.6125,1.2500,3.8262,-91.757,31.750,97.185,True,1.8946,-0.000973,-0.000129,RECONSTRUCTED,constrained_tps
-3.3625,1.2500,3.8301,-85.407,31.750,97.285,True,2.1446,-0.001537,-0.000101,RECONSTRUCTED,constrained_tps
-3.1125,1.2500,3.8333,-79.057,31.750,97.366,True,2.3946,-0.001724,-0.000083,RECONSTRUCTED,constrained_tps
-2.8625,1.2500,3.8358,-72.707,31.750,97.430,True,2.6446,-0.001739,-0.000065,RECONSTRUCTED,constrained_tps
-2.6125,1.2500,3.8377,-66.357,31.750,97.478,True,2.8946,-0.001598,-0.000046,RECONSTRUCTED,constrained_tps
-2.3625,1.2500,3.8391,-60.007,31.750,97.513,True,3.1446,-0.001277,-0.000030,RECONSTRUCTED,constrained_tps
-2.1125,1.2500,3.8401,-53.657,31.750,97.539,True,3.3946,-0.000874,-0.000019,RECONSTRUCTED,constrained_tps
-1.8625,1.2500,3.8409,-47.307,31.750,97.558,True,3.6446,-0.000494,-0.000012,RECONSTRUCTED,constrained_tps
-1.6125,1.2500,3.8414,-40.957,31.750,97.572,True,3.8946,-0.000186,-0.000008,RECONSTRUCTED,constrained_tps
-1.3625,1.2500,3.8418,-34.608,31.750,97.582,True,4.1446,0.000048,-0.000005,RECONSTRUCTED,constrained_tps
-1.1125,1.2500,3.8421,-28.258,31.750,97.590,True,4.3946,0.000219,-0.000003,RECONSTRUCTED,constrained_tps
-0.8625,1.2500,3.8423,-21.907,31.750,97.595,True,4.6446,0.000340,-0.000002,RECONSTRUCTED,constrained_tps
-0.6125,1.2500,3.8425,-15.558,31.750,97.599,True,4.8946,0.000421,-0.000002,RECONSTRUCTED,constrained_tps
-0.3625,1.2500,3.8426,-9.207,31.750,97.601,True,5.1446,0.000472,-0.000001,RECONSTRUCTED,constrained_tps
-0.1125,1.2500,3.8426,-2.857,31.750,97.602,True,5.3946,0.000495,-0.000001,RECONSTRUCTED,constrained_tps
0.1375,1.2500,3.8426,3.493,31.750,97.602,True,5.3696,0.000494,-0.000001,RECONSTRUCTED,constrained_tps
0.3875,1.2500,3.8426,9.842,31.750,97.601,True,5.1196,0.000469,-0.000001,RECONSTRUCTED,constrained_tps
0.6375,1.2500,3.8425,16.192,31.750,97.599,True,4.8696,0.000416,-0.000002,RECONSTRUCTED,constrained_tps
0.8875,1.2500,3.8423,22.542,31.750,97.595,True,4.6196,0.000331,-0.000002,RECONSTRUCTED,constrained_tps
1.1375,1.2500,3.8421,28.892,31.750,97.589,True,4.3696,0.000206,-0.000003,RECONSTRUCTED,constrained_tps
1.3875,1.2500,3.8418,35.242,31.750,97.581,True,4.1196,0.000030,-0.000005,RECONSTRUCTED,constrained_tps
1.6375,1.2500,3.8414,41.592,31.750,97.570,True,3.8696,-0.000209,-0.000008,RECONSTRUCTED,constrained_tps
1.8875,1.2500,3.8408,47.942,31.750,97.556,True,3.6196,-0.000523,-0.000013,RECONSTRUCTED,constrained_tps
2.1375,1.2500,3.8400,54.293,31.750,97.536,True,3.3696,-0.000903,-0.000020,RECONSTRUCTED,constrained_tps
2.3875,1.2500,3.8390,60.642,31.750,97.509,True,3.1196,-0.001298,-0.000032,RECONSTRUCTED,constrained_tps
2.6375,1.2500,3.8375,66.993,31.750,97.473,True,2.8696,-0.001599,-0.000048,RECONSTRUCTED,constrained_tps
2.8875,1.2500,3.8356,73.343,31.750,97.423,True,2.6196,-0.001722,-0.000066,RECONSTRUCTED,constrained_tps
3.1375,1.2500,3.8330,79.692,31.750,97.358,True,2.3696,-0.001691,-0.000085,RECONSTRUCTED,constrained_tps
3.3875,1.2500,3.8297,86.043,31.750,97.275,True,2.1196,-0.001477,-0.000103,RECONSTRUCTED,constrained_tps
3.6375,1.2500,3.8257,92.392,31.750,97.173,True,1.8696,-0.000865,-0.000133,RECONSTRUCTED,constrained_tps
3.8875,1.2500,3.8209,98.742,31.750,97.051,True,1.6196,0.000381,-0.000184,RECONSTRUCTED,constrained_tps
4.1375,1.2500,3.8153,105.093,31.750,96.909,True,1.3696,0.002602,-0.000260,RECONSTRUCTED,constrained_tps
4.3875,1.2500,3.8089,111.442,31.750,96.745,True,1.1196,0.006528,-0.000342,RECONSTRUCTED,constrained_tps
4.6375,1.2500,3.8016,117.793,31.750,96.562,True,0.8696,0.013143,-0.000360,RECONSTRUCTED,constrained_tps
4.8875,1.2500,3.7941,124.142,31.750,96.370,True,0.6196,0.021765,-0.000126,RECONSTRUCTED,constrained_tps
5.1375,1.2500,3.7871,130.493,31.750,96.192,True,0.3696,,,RECONSTRUCTED,constrained_tps
5.3875,1.2500,3.7818,136.843,31.750,96.059,True,0.1196,,,RIM_BOUNDARY,constrained_tps
-5.3625,1.5000,3.8062,-136.207,38.100,96.677,True,0.2371,,,RECONSTRUCTED,constrained_tps
-5.1125,1.5000,3.8105,-129.857,38.100,96.786,True,0.4871,,,RECONSTRUCTED,constrained_tps
-4.8625,1.5000,3.8161,-123.507,38.100,96.929,True,0.7371,0.015083,-0.000253,RECONSTRUCTED,constrained_tps
-4.6125,1.5000,3.8224,-117.157,38.100,97.088,True,0.9871,0.010604,-0.000299,RECONSTRUCTED,constrained_tps
-4.3625,1.5000,3.8286,-110.807,38.100,97.247,True,1.2371,0.006448,-0.000267,RECONSTRUCTED,constrained_tps
-4.1125,1.5000,3.8344,-104.457,38.100,97.395,True,1.4871,0.003347,-0.000213,RECONSTRUCTED,constrained_tps
-3.8625,1.5000,3.8397,-98.107,38.100,97.527,True,1.7371,0.001280,-0.000163,RECONSTRUCTED,constrained_tps
-3.6125,1.5000,3.8442,-91.757,38.100,97.643,True,1.9871,-0.000008,-0.000124,RECONSTRUCTED,constrained_tps
-3.3625,1.5000,3.8481,-85.407,38.100,97.741,True,2.2371,-0.000745,-0.000096,RECONSTRUCTED,constrained_tps
-3.1125,1.5000,3.8513,-79.057,38.100,97.822,True,2.4871,-0.001117,-0.000075,RECONSTRUCTED,constrained_tps
-2.8625,1.5000,3.8538,-72.707,38.100,97.888,True,2.7371,-0.001266,-0.000056,RECONSTRUCTED,constrained_tps
-2.6125,1.5000,3.8559,-66.357,38.100,97.939,True,2.9871,-0.001254,-0.000040,RECONSTRUCTED,constrained_tps
-2.3625,1.5000,3.8574,-60.007,38.100,97.979,True,3.2371,-0.001110,-0.000027,RECONSTRUCTED,constrained_tps
-2.1125,1.5000,3.8586,-53.657,38.100,98.008,True,3.4871,-0.000883,-0.000018,RECONSTRUCTED,constrained_tps
-1.8625,1.5000,3.8595,-47.307,38.100,98.031,True,3.7371,-0.000634,-0.000011,RECONSTRUCTED,constrained_tps
-1.6125,1.5000,3.8601,-40.957,38.100,98.047,True,3.9871,-0.000405,-0.000007,RECONSTRUCTED,constrained_tps
-1.3625,1.5000,3.8606,-34.608,38.100,98.060,True,4.2371,-0.000215,-0.000005,RECONSTRUCTED,constrained_tps
-1.1125,1.5000,3.8610,-28.258,38.100,98.069,True,4.4871,-0.000066,-0.000003,RECONSTRUCTED,constrained_tps
-0.8625,1.5000,3.8612,-21.907,38.100,98.076,True,4.7371,0.000045,-0.000002,RECONSTRUCTED,constrained_tps
-0.6125,1.5000,3.8614,-15.558,38.100,98.080,True,4.9871,0.000123,-0.000002,RECONSTRUCTED,constrained_tps
-0.3625,1.5000,3.8615,-9.207,38.100,98.083,True,5.2371,0.000172,-0.000001,RECONSTRUCTED,constrained_tps
-0.1125,1.5000,3.8616,-2.857,38.100,98.084,True,5.4871,0.000195,-0.000001,RECONSTRUCTED,constrained_tps
0.1375,1.5000,3.8616,3.493,38.100,98.084,True,5.4621,0.000194,-0.000001,RECONSTRUCTED,constrained_tps
0.3875,1.5000,3.8615,9.842,38.100,98.083,True,5.2121,0.000169,-0.000001,RECONSTRUCTED,constrained_tps
0.6375,1.5000,3.8614,16.192,38.100,98.080,True,4.9621,0.000118,-0.000002,RECONSTRUCTED,constrained_tps
0.8875,1.5000,3.8612,22.542,38.100,98.075,True,4.7121,0.000037,-0.000002,RECONSTRUCTED,constrained_tps
1.1375,1.5000,3.8609,28.892,38.100,98.068,True,4.4621,-0.000077,-0.000003,RECONSTRUCTED,constrained_tps
1.3875,1.5000,3.8606,35.242,38.100,98.058,True,4.2121,-0.000229,-0.000005,RECONSTRUCTED,constrained_tps
1.6375,1.5000,3.8601,41.592,38.100,98.045,True,3.9621,-0.000422,-0.000008,RECONSTRUCTED,constrained_tps
1.8875,1.5000,3.8594,47.942,38.100,98.028,True,3.7121,-0.000651,-0.000012,RECONSTRUCTED,constrained_tps
2.1375,1.5000,3.8585,54.293,38.100,98.005,True,3.4621,-0.000896,-0.000019,RECONSTRUCTED,constrained_tps
2.3875,1.5000,3.8572,60.642,38.100,97.974,True,3.2121,-0.001114,-0.000028,RECONSTRUCTED,constrained_tps
2.6375,1.5000,3.8556,66.993,38.100,97.933,True,2.9621,-0.001245,-0.000041,RECONSTRUCTED,constrained_tps
2.8875,1.5000,3.8536,73.343,38.100,97.881,True,2.7121,-0.001241,-0.000058,RECONSTRUCTED,constrained_tps
3.1375,1.5000,3.8509,79.692,38.100,97.814,True,2.4621,-0.001072,-0.000076,RECONSTRUCTED,constrained_tps
3.3875,1.5000,3.8477,86.043,38.100,97.731,True,2.2121,-0.000671,-0.000098,RECONSTRUCTED,constrained_tps
3.6375,1.5000,3.8437,92.392,38.100,97.631,True,1.9621,0.000110,-0.000127,RECONSTRUCTED,constrained_tps
3.8875,1.5000,3.8391,98.742,38.100,97.514,True,1.7121,0.001462,-0.000167,RECONSTRUCTED,constrained_tps
4.1375,1.5000,3.8338,105.093,38.100,97.380,True,1.4621,0.003619,-0.000218,RECONSTRUCTED,constrained_tps
4.3875,1.5000,3.8280,111.442,38.100,97.230,True,1.2121,0.006831,-0.000272,RECONSTRUCTED,constrained_tps
4.6375,1.5000,3.8217,117.793,38.100,97.071,True,0.9621,0.011066,-0.000299,RECONSTRUCTED,constrained_tps
4.8875,1.5000,3.8155,124.142,38.100,96.913,True,0.7121,0.015508,-0.000241,RECONSTRUCTED,constrained_tps
5.1375,1.5000,3.8100,130.493,38.100,96.773,True,0.4621,,,RECONSTRUCTED,constrained_tps
5.3875,1.5000,3.8058,136.843,38.100,96.668,True,0.2121,,,RECONSTRUCTED,constrained_tps
-5.6125,1.7500,3.8291,-142.557,44.450,97.260,True,0.0593,,,RIM_BOUNDARY,constrained_tps
-5.3625,1.7500,3.8312,-136.207,44.450,97.311,True,0.3093,,,RECONSTRUCTED,constrained_tps
-5.1125,1.7500,3.8343,-129.857,44.450,97.392,True,0.5593,0.009791,-0.000253,RECONSTRUCTED,constrained_tps
-4.8625,1.7500,3.8386,-123.507,44.450,97.500,True,0.8093,0.009616,-0.000251,RECONSTRUCTED,constrained_tps
-4.6125,1.7500,3.8436,-117.157,44.450,97.627,True,1.0593,0.007822,-0.000227,RECONSTRUCTED,constrained_tps
-4.3625,1.7500,3.8488,-110.807,44.450,97.761,True,1.3093,0.005483,-0.000197,RECONSTRUCTED,constrained_tps
-4.1125,1.7500,3.8540,-104.457,44.450,97.890,True,1.5593,0.003330,-0.000164,RECONSTRUCTED,constrained_tps
-3.8625,1.7500,3.8587,-98.107,44.450,98.011,True,1.8093,0.001657,-0.000133,RECONSTRUCTED,constrained_tps
-3.6125,1.7500,3.8629,-91.757,44.450,98.118,True,2.0593,0.000481,-0.000105,RECONSTRUCTED,constrained_tps
-3.3625,1.7500,3.8666,-85.407,44.450,98.212,True,2.3093,-0.000278,-0.000082,RECONSTRUCTED,constrained_tps
-3.1125,1.7500,3.8697,-79.057,44.450,98.291,True,2.5593,-0.000729,-0.000063,RECONSTRUCTED,constrained_tps
-2.8625,1.7500,3.8723,-72.707,44.450,98.356,True,2.8093,-0.000963,-0.000047,RECONSTRUCTED,constrained_tps
-2.6125,1.7500,3.8743,-66.357,44.450,98.408,True,3.0593,-0.001043,-0.000034,RECONSTRUCTED,constrained_tps
-2.3625,1.7500,3.8760,-60.007,44.450,98.450,True,3.3093,-0.001005,-0.000023,RECONSTRUCTED,constrained_tps
-2.1125,1.7500,3.8773,-53.657,44.450,98.482,True,3.5593,-0.000891,-0.000015,RECONSTRUCTED,constrained_tps
-1.8625,1.7500,3.8782,-47.307,44.450,98.507,True,3.8093,-0.000738,-0.000010,RECONSTRUCTED,constrained_tps
-1.6125,1.7500,3.8790,-40.957,44.450,98.526,True,4.0593,-0.000579,-0.000006,RECONSTRUCTED,constrained_tps
-1.3625,1.7500,3.8795,-34.608,44.450,98.540,True,4.3093,-0.000434,-0.000004,RECONSTRUCTED,constrained_tps
-1.1125,1.7500,3.8799,-28.258,44.450,98.551,True,4.5593,-0.000313,-0.000003,RECONSTRUCTED,constrained_tps
-0.8625,1.7500,3.8803,-21.907,44.450,98.558,True,4.8093,-0.000218,-0.000002,RECONSTRUCTED,constrained_tps
-0.6125,1.7500,3.8805,-15.558,44.450,98.564,True,5.0593,-0.000148,-0.000001,RECONSTRUCTED,constrained_tps
-0.3625,1.7500,3.8806,-9.207,44.450,98.567,True,5.3093,-0.000103,-0.000001,RECONSTRUCTED,constrained_tps
-0.1125,1.7500,3.8807,-2.857,44.450,98.569,True,5.5593,-0.000081,-0.000001,RECONSTRUCTED,constrained_tps
0.1375,1.7500,3.8806,3.493,44.450,98.568,True,5.5343,-0.000082,-0.000001,RECONSTRUCTED,constrained_tps
0.3875,1.7500,3.8806,9.842,44.450,98.567,True,5.2843,-0.000106,-0.000001,RECONSTRUCTED,constrained_tps
0.6375,1.7500,3.8804,16.192,44.450,98.563,True,5.0343,-0.000152,-0.000001,RECONSTRUCTED,constrained_tps
0.8875,1.7500,3.8802,22.542,44.450,98.557,True,4.7843,-0.000224,-0.000002,RECONSTRUCTED,constrained_tps
1.1375,1.7500,3.8799,28.892,44.450,98.549,True,4.5343,-0.000321,-0.000003,RECONSTRUCTED,constrained_tps
1.3875,1.7500,3.8795,35.242,44.450,98.538,True,4.2843,-0.000444,-0.000004,RECONSTRUCTED,constrained_tps
1.6375,1.7500,3.8789,41.592,44.450,98.523,True,4.0343,-0.000589,-0.000007,RECONSTRUCTED,constrained_tps
1.8875,1.7500,3.8781,47.942,44.450,98.504,True,3.7843,-0.000746,-0.000010,RECONSTRUCTED,constrained_tps
2.1375,1.7500,3.8771,54.293,44.450,98.478,True,3.5343,-0.000894,-0.000016,RECONSTRUCTED,constrained_tps
2.3875,1.7500,3.8758,60.642,44.450,98.445,True,3.2843,-0.001001,-0.000024,RECONSTRUCTED,constrained_tps
2.6375,1.7500,3.8741,66.993,44.450,98.403,True,3.0343,-0.001027,-0.000035,RECONSTRUCTED,constrained_tps
2.8875,1.7500,3.8720,73.343,44.450,98.349,True,2.7843,-0.000933,-0.000048,RECONSTRUCTED,constrained_tps
3.1375,1.7500,3.8694,79.692,44.450,98.282,True,2.5343,-0.000679,-0.000065,RECONSTRUCTED,constrained_tps
3.3875,1.7500,3.8662,86.043,44.450,98.202,True,2.2843,-0.000202,-0.000084,RECONSTRUCTED,constrained_tps
3.6375,1.7500,3.8625,92.392,44.450,98.107,True,2.0343,0.000593,-0.000108,RECONSTRUCTED,constrained_tps
3.8875,1.7500,3.8582,98.742,44.450,97.998,True,1.7843,0.001814,-0.000136,RECONSTRUCTED,constrained_tps
4.1375,1.7500,3.8534,105.093,44.450,97.877,True,1.5343,0.003537,-0.000167,RECONSTRUCTED,constrained_tps
4.3875,1.7500,3.8483,111.442,44.450,97.747,True,1.2843,0.005727,-0.000200,RECONSTRUCTED,constrained_tps
4.6375,1.7500,3.8431,117.793,44.450,97.614,True,1.0343,0.008050,-0.000230,RECONSTRUCTED,constrained_tps
4.8875,1.7500,3.8381,124.142,44.450,97.488,True,0.7843,0.009732,-0.000253,RECONSTRUCTED,constrained_tps
5.1375,1.7500,3.8339,130.493,44.450,97.382,True,0.5343,0.009670,-0.000250,RECONSTRUCTED,constrained_tps
5.3875,1.7500,3.8309,136.843,44.450,97.305,True,0.2843,,,RECONSTRUCTED,constrained_tps
5.6375,1.7500,3.8290,143.192,44.450,97.256,True,0.0343,,,RIM_BOUNDARY,constrained_tps
-5.6125,2.0000,3.8545,-142.557,50.800,97.905,True,0.1140,,,RIM_BOUNDARY,constrained_tps
-5.3625,2.0000,3.8560,-136.207,50.800,97.943,True,0.3640,,,RECONSTRUCTED,constrained_tps
-5.1125,2.0000,3.8583,-129.857,50.800,98.000,True,0.6140,0.003472,-0.000223,RECONSTRUCTED,constrained_tps
-4.8625,2.0000,3.8615,-123.507,50.800,98.083,True,0.8640,0.005366,-0.000179,RECONSTRUCTED,constrained_tps
-4.6125,2.0000,3.8655,-117.157,50.800,98.184,True,1.1140,0.005139,-0.000149,RECONSTRUCTED,constrained_tps
-4.3625,2.0000,3.8699,-110.807,50.800,98.294,True,1.3640,0.004031,-0.000133,RECONSTRUCTED,constrained_tps
-4.1125,2.0000,3.8742,-104.457,50.800,98.406,True,1.6140,0.002708,-0.000118,RECONSTRUCTED,constrained_tps
-3.8625,2.0000,3.8784,-98.107,50.800,98.512,True,1.8640,0.001510,-0.000101,RECONSTRUCTED,constrained_tps
-3.6125,2.0000,3.8823,-91.757,50.800,98.609,True,2.1140,0.000567,-0.000083,RECONSTRUCTED,constrained_tps
-3.3625,2.0000,3.8857,-85.407,50.800,98.696,True,2.3640,-0.000108,-0.000066,RECONSTRUCTED,constrained_tps
-3.1125,2.0000,3.8886,-79.057,50.800,98.771,True,2.6140,-0.000552,-0.000051,RECONSTRUCTED,constrained_tps
-2.8625,2.0000,3.8911,-72.707,50.800,98.834,True,2.8640,-0.000816,-0.000038,RECONSTRUCTED,constrained_tps
-2.6125,2.0000,3.8931,-66.357,50.800,98.885,True,3.1140,-0.000944,-0.000027,RECONSTRUCTED,constrained_tps
-2.3625,2.0000,3.8948,-60.007,50.800,98.927,True,3.3640,-0.000970,-0.000019,RECONSTRUCTED,constrained_tps
-2.1125,2.0000,3.8961,-53.657,50.800,98.961,True,3.6140,-0.000925,-0.000012,RECONSTRUCTED,constrained_tps
-1.8625,2.0000,3.8971,-47.307,50.800,98.987,True,3.8640,-0.000837,-0.000008,RECONSTRUCTED,constrained_tps
-1.6125,2.0000,3.8979,-40.957,50.800,99.007,True,4.1140,-0.000732,-0.000005,RECONSTRUCTED,constrained_tps
-1.3625,2.0000,3.8985,-34.608,50.800,99.023,True,4.3640,-0.000626,-0.000003,RECONSTRUCTED,constrained_tps
-1.1125,2.0000,3.8990,-28.258,50.800,99.034,True,4.6140,-0.000532,-0.000002,RECONSTRUCTED,constrained_tps
-0.8625,2.0000,3.8993,-21.907,50.800,99.043,True,4.8640,-0.000454,-0.000001,RECONSTRUCTED,constrained_tps
-0.6125,2.0000,3.8996,-15.558,50.800,99.049,True,5.1140,-0.000395,-0.000001,RECONSTRUCTED,constrained_tps
-0.3625,2.0000,3.8997,-9.207,50.800,99.052,True,5.3640,-0.000356,-0.000001,RECONSTRUCTED,constrained_tps
-0.1125,2.0000,3.8998,-2.857,50.800,99.054,True,5.6140,-0.000336,-0.000001,RECONSTRUCTED,constrained_tps
0.1375,2.0000,3.8998,3.493,50.800,99.054,True,5.5890,-0.000337,-0.000001,RECONSTRUCTED,constrained_tps
0.3875,2.0000,3.8997,9.842,50.800,99.052,True,5.3390,-0.000358,-0.000001,RECONSTRUCTED,constrained_tps
0.6375,2.0000,3.8995,16.192,50.800,99.048,True,5.0890,-0.000398,-0.000001,RECONSTRUCTED,constrained_tps
0.8875,2.0000,3.8993,22.542,50.800,99.042,True,4.8390,-0.000458,-0.000001,RECONSTRUCTED,constrained_tps
1.1375,2.0000,3.8989,28.892,50.800,99.033,True,4.5890,-0.000537,-0.000002,RECONSTRUCTED,constrained_tps
1.3875,2.0000,3.8985,35.242,50.800,99.021,True,4.3390,-0.000632,-0.000003,RECONSTRUCTED,constrained_tps
1.6375,2.0000,3.8978,41.592,50.800,99.005,True,4.0890,-0.000737,-0.000005,RECONSTRUCTED,constrained_tps
1.8875,2.0000,3.8970,47.942,50.800,98.984,True,3.8390,-0.000840,-0.000008,RECONSTRUCTED,constrained_tps
2.1375,2.0000,3.8959,54.293,50.800,98.957,True,3.5890,-0.000923,-0.000013,RECONSTRUCTED,constrained_tps
2.3875,2.0000,3.8946,60.642,50.800,98.923,True,3.3390,-0.000961,-0.000019,RECONSTRUCTED,constrained_tps
2.6375,2.0000,3.8929,66.993,50.800,98.880,True,3.0890,-0.000925,-0.000028,RECONSTRUCTED,constrained_tps
2.8875,2.0000,3.8908,73.343,50.800,98.827,True,2.8390,-0.000784,-0.000039,RECONSTRUCTED,constrained_tps
3.1375,2.0000,3.8883,79.692,50.800,98.763,True,2.5890,-0.000503,-0.000053,RECONSTRUCTED,constrained_tps
3.3875,2.0000,3.8853,86.043,50.800,98.687,True,2.3390,-0.000039,-0.000068,RECONSTRUCTED,constrained_tps
3.6375,2.0000,3.8819,92.392,50.800,98.599,True,2.0890,0.000661,-0.000085,RECONSTRUCTED,constrained_tps
3.8875,2.0000,3.8780,98.742,50.800,98.501,True,1.8390,0.001630,-0.000102,RECONSTRUCTED,constrained_tps
4.1375,2.0000,3.8738,105.093,50.800,98.394,True,1.5890,0.002848,-0.000119,RECONSTRUCTED,constrained_tps
4.3875,2.0000,3.8694,111.442,50.800,98.282,True,1.3390,0.004168,-0.000134,RECONSTRUCTED,constrained_tps
4.6375,2.0000,3.8651,117.793,50.800,98.173,True,1.0890,0.005223,-0.000151,RECONSTRUCTED,constrained_tps
4.8875,2.0000,3.8612,124.142,50.800,98.073,True,0.8390,0.005307,-0.000183,RECONSTRUCTED,constrained_tps
5.1375,2.0000,3.8580,130.493,50.800,97.993,True,0.5890,0.003089,-0.000226,RECONSTRUCTED,constrained_tps
5.3875,2.0000,3.8558,136.843,50.800,97.938,True,0.3390,,,RECONSTRUCTED,constrained_tps
5.6375,2.0000,3.8544,143.192,50.800,97.901,True,0.0890,,,RIM_BOUNDARY,constrained_tps
-5.6125,2.2500,3.8785,-142.557,57.150,98.514,True,0.1577,,,RECONSTRUCTED,constrained_tps
-5.3625,2.2500,3.8798,-136.207,57.150,98.546,True,0.4077,,,RECONSTRUCTED,constrained_tps
-5.1125,2.2500,3.8817,-129.857,57.150,98.595,True,0.6577,0.000547,-0.000123,RECONSTRUCTED,constrained_tps
-4.8625,2.2500,3.8844,-123.507,57.150,98.663,True,0.9077,0.002535,-0.000092,RECONSTRUCTED,constrained_tps
-4.6125,2.2500,3.8876,-117.157,57.150,98.746,True,1.1577,0.002940,-0.000082,RECONSTRUCTED,constrained_tps
-4.3625,2.2500,3.8913,-110.807,57.150,98.839,True,1.4077,0.002548,-0.000082,RECONSTRUCTED,constrained_tps
-4.1125,2.2500,3.8950,-104.457,57.150,98.934,True,1.6577,0.001824,-0.000080,RECONSTRUCTED,constrained_tps
-3.8625,2.2500,3.8987,-98.107,57.150,99.026,True,1.9077,0.001047,-0.000074,RECONSTRUCTED,constrained_tps
-3.6125,2.2500,3.9021,-91.757,57.150,99.113,True,2.1577,0.000363,-0.000063,RECONSTRUCTED,constrained_tps
-3.3625,2.2500,3.9052,-85.407,57.150,99.192,True,2.4077,-0.000172,-0.000052,RECONSTRUCTED,constrained_tps
-3.1125,2.2500,3.9079,-79.057,57.150,99.261,True,2.6577,-0.000555,-0.000040,RECONSTRUCTED,constrained_tps
-2.8625,2.2500,3.9102,-72.707,57.150,99.320,True,2.9077,-0.000805,-0.000030,RECONSTRUCTED,constrained_tps
-2.6125,2.2500,3.9122,-66.357,57.150,99.370,True,3.1577,-0.000945,-0.000021,RECONSTRUCTED,constrained_tps
-2.3625,2.2500,3.9138,-60.007,57.150,99.411,True,3.4077,-0.001000,-0.000015,RECONSTRUCTED,constrained_tps
-2.1125,2.2500,3.9151,-53.657,57.150,99.444,True,3.6577,-0.000994,-0.000010,RECONSTRUCTED,constrained_tps
-1.8625,2.2500,3.9162,-47.307,57.150,99.470,True,3.9077,-0.000948,-0.000006,RECONSTRUCTED,constrained_tps
-1.6125,2.2500,3.9170,-40.957,57.150,99.491,True,4.1577,-0.000880,-0.000004,RECONSTRUCTED,constrained_tps
-1.3625,2.2500,3.9176,-34.608,57.150,99.507,True,4.4077,-0.000804,-0.000002,RECONSTRUCTED,constrained_tps
-1.1125,2.2500,3.9181,-28.258,57.150,99.519,True,4.6577,-0.000732,-0.000001,RECONSTRUCTED,constrained_tps
-0.8625,2.2500,3.9184,-21.907,57.150,99.528,True,4.9077,-0.000670,-0.000001,RECONSTRUCTED,constrained_tps
-0.6125,2.2500,3.9187,-15.558,57.150,99.535,True,5.1577,-0.000621,-0.000000,RECONSTRUCTED,constrained_tps
-0.3625,2.2500,3.9188,-9.207,57.150,99.539,True,5.4077,-0.000588,-0.000000,RECONSTRUCTED,constrained_tps
-0.1125,2.2500,3.9189,-2.857,57.150,99.540,True,5.6577,-0.000572,-0.000000,RECONSTRUCTED,constrained_tps
0.1375,2.2500,3.9189,3.493,57.150,99.540,True,5.6327,-0.000572,-0.000000,RECONSTRUCTED,constrained_tps
0.3875,2.2500,3.9188,9.842,57.150,99.538,True,5.3827,-0.000590,-0.000000,RECONSTRUCTED,constrained_tps
0.6375,2.2500,3.9187,16.192,57.150,99.534,True,5.1327,-0.000624,-0.000000,RECONSTRUCTED,constrained_tps
0.8875,2.2500,3.9184,22.542,57.150,99.527,True,4.8827,-0.000673,-0.000001,RECONSTRUCTED,constrained_tps
1.1375,2.2500,3.9180,28.892,57.150,99.518,True,4.6327,-0.000736,-0.000001,RECONSTRUCTED,constrained_tps
1.3875,2.2500,3.9175,35.242,57.150,99.505,True,4.3827,-0.000808,-0.000002,RECONSTRUCTED,constrained_tps
1.6375,2.2500,3.9169,41.592,57.150,99.488,True,4.1327,-0.000882,-0.000004,RECONSTRUCTED,constrained_tps
1.8875,2.2500,3.9160,47.942,57.150,99.467,True,3.8827,-0.000947,-0.000006,RECONSTRUCTED,constrained_tps
2.1375,2.2500,3.9150,54.293,57.150,99.440,True,3.6327,-0.000989,-0.000010,RECONSTRUCTED,constrained_tps
2.3875,2.2500,3.9136,60.642,57.150,99.406,True,3.3827,-0.000989,-0.000015,RECONSTRUCTED,constrained_tps
2.6375,2.2500,3.9120,66.993,57.150,99.364,True,3.1327,-0.000925,-0.000022,RECONSTRUCTED,constrained_tps
2.8875,2.2500,3.9100,73.343,57.150,99.313,True,2.8827,-0.000774,-0.000031,RECONSTRUCTED,constrained_tps
3.1375,2.2500,3.9076,79.692,57.150,99.253,True,2.6327,-0.000513,-0.000041,RECONSTRUCTED,constrained_tps
3.3875,2.2500,3.9048,86.043,57.150,99.183,True,2.3827,-0.000115,-0.000053,RECONSTRUCTED,constrained_tps
3.6375,2.2500,3.9017,92.392,57.150,99.104,True,2.1327,0.000436,-0.000064,RECONSTRUCTED,constrained_tps
3.8875,2.2500,3.8983,98.742,57.150,99.016,True,1.8827,0.001132,-0.000074,RECONSTRUCTED,constrained_tps
4.1375,2.2500,3.8946,105.093,57.150,98.923,True,1.6327,0.001911,-0.000081,RECONSTRUCTED,constrained_tps
4.3875,2.2500,3.8909,111.442,57.150,98.828,True,1.3827,0.002616,-0.000082,RECONSTRUCTED,constrained_tps
4.6375,2.2500,3.8873,117.793,57.150,98.737,True,1.1327,0.002952,-0.000082,RECONSTRUCTED,constrained_tps
4.8875,2.2500,3.8841,124.142,57.150,98.655,True,0.8827,0.002431,-0.000093,RECONSTRUCTED,constrained_tps
5.1375,2.2500,3.8815,130.493,57.150,98.589,True,0.6327,0.000208,-0.000127,RECONSTRUCTED,constrained_tps
5.3875,2.2500,3.8796,136.843,57.150,98.542,True,0.3827,,,RECONSTRUCTED,constrained_tps
5.6375,2.2500,3.8784,143.192,57.150,98.512,True,0.1327,,,RECONSTRUCTED,constrained_tps
-5.6125,2.5000,3.9003,-142.557,63.500,99.068,True,0.1727,,,RECONSTRUCTED,constrained_tps
-5.3625,2.5000,3.9022,-136.207,63.500,99.116,True,0.4227,,,RECONSTRUCTED,constrained_tps
-5.1125,2.5000,3.9043,-129.857,63.500,99.170,True,0.6727,-0.000750,-0.000040,RECONSTRUCTED,constrained_tps
-4.8625,2.5000,3.9069,-123.507,63.500,99.234,True,0.9227,0.000738,-0.000031,RECONSTRUCTED,constrained_tps
-4.6125,2.5000,3.9097,-117.157,63.500,99.308,True,1.1727,0.001271,-0.000039,RECONSTRUCTED,constrained_tps
-4.3625,2.5000,3.9129,-110.807,63.500,99.387,True,1.4227,0.001232,-0.000049,RECONSTRUCTED,constrained_tps
-4.1125,2.5000,3.9161,-104.457,63.500,99.469,True,1.6727,0.000889,-0.000054,RECONSTRUCTED,constrained_tps
-3.8625,2.5000,3.9193,-98.107,63.500,99.550,True,1.9227,0.000433,-0.000053,RECONSTRUCTED,constrained_tps
-3.6125,2.5000,3.9223,-91.757,63.500,99.626,True,2.1727,-0.000018,-0.000048,RECONSTRUCTED,constrained_tps
-3.3625,2.5000,3.9250,-85.407,63.500,99.696,True,2.4227,-0.000403,-0.000040,RECONSTRUCTED,constrained_tps
-3.1125,2.5000,3.9275,-79.057,63.500,99.759,True,2.6727,-0.000698,-0.000031,RECONSTRUCTED,constrained_tps
-2.8625,2.5000,3.9296,-72.707,63.500,99.813,True,2.9227,-0.000904,-0.000023,RECONSTRUCTED,constrained_tps
-2.6125,2.5000,3.9315,-66.357,63.500,99.860,True,3.1727,-0.001029,-0.000016,RECONSTRUCTED,constrained_tps
-2.3625,2.5000,3.9330,-60.007,63.500,99.898,True,3.4227,-0.001090,-0.000011,RECONSTRUCTED,constrained_tps
-2.1125,2.5000,3.9343,-53.657,63.500,99.930,True,3.6727,-0.001101,-0.000007,RECONSTRUCTED,constrained_tps
-1.8625,2.5000,3.9353,-47.307,63.500,99.956,True,3.9227,-0.001076,-0.000004,RECONSTRUCTED,constrained_tps
-1.6125,2.5000,3.9361,-40.957,63.500,99.977,True,4.1727,-0.001031,-0.000002,RECONSTRUCTED,constrained_tps
-1.3625,2.5000,3.9367,-34.608,63.500,99.993,True,4.4227,-0.000976,-0.000001,RECONSTRUCTED,constrained_tps
-1.1125,2.5000,3.9372,-28.258,63.500,100.005,True,4.6727,-0.000921,-0.000000,RECONSTRUCTED,constrained_tps
-0.8625,2.5000,3.9376,-21.907,63.500,100.015,True,4.9227,-0.000871,0.000000,RECONSTRUCTED,constrained_tps
-0.6125,2.5000,3.9378,-15.558,63.500,100.021,True,5.1727,-0.000831,0.000000,RECONSTRUCTED,constrained_tps
-0.3625,2.5000,3.9380,-9.207,63.500,100.025,True,5.4227,-0.000803,0.000000,RECONSTRUCTED,constrained_tps
-0.1125,2.5000,3.9381,-2.857,63.500,100.027,True,5.6727,-0.000790,0.000000,RECONSTRUCTED,constrained_tps
0.1375,2.5000,3.9381,3.493,63.500,100.027,True,5.6477,-0.000790,0.000000,RECONSTRUCTED,constrained_tps
0.3875,2.5000,3.9380,9.842,63.500,100.025,True,5.3977,-0.000805,0.000000,RECONSTRUCTED,constrained_tps
0.6375,2.5000,3.9378,16.192,63.500,100.020,True,5.1477,-0.000833,0.000000,RECONSTRUCTED,constrained_tps
0.8875,2.5000,3.9375,22.542,63.500,100.013,True,4.8977,-0.000873,-0.000000,RECONSTRUCTED,constrained_tps
1.1375,2.5000,3.9372,28.892,63.500,100.004,True,4.6477,-0.000923,-0.000000,RECONSTRUCTED,constrained_tps
1.3875,2.5000,3.9367,35.242,63.500,99.991,True,4.3977,-0.000978,-0.000001,RECONSTRUCTED,constrained_tps
1.6375,2.5000,3.9360,41.592,63.500,99.974,True,4.1477,-0.001031,-0.000002,RECONSTRUCTED,constrained_tps
1.8875,2.5000,3.9352,47.942,63.500,99.953,True,3.8977,-0.001074,-0.000004,RECONSTRUCTED,constrained_tps
2.1375,2.5000,3.9341,54.293,63.500,99.927,True,3.6477,-0.001094,-0.000007,RECONSTRUCTED,constrained_tps
2.3875,2.5000,3.9328,60.642,63.500,99.894,True,3.3977,-0.001079,-0.000011,RECONSTRUCTED,constrained_tps
2.6375,2.5000,3.9313,66.993,63.500,99.854,True,3.1477,-0.001011,-0.000017,RECONSTRUCTED,constrained_tps
2.8875,2.5000,3.9294,73.343,63.500,99.807,True,2.8977,-0.000878,-0.000024,RECONSTRUCTED,constrained_tps
3.1375,2.5000,3.9272,79.692,63.500,99.752,True,2.6477,-0.000663,-0.000032,RECONSTRUCTED,constrained_tps
3.3875,2.5000,3.9247,86.043,63.500,99.688,True,2.3977,-0.000359,-0.000040,RECONSTRUCTED,constrained_tps
3.6375,2.5000,3.9220,92.392,63.500,99.618,True,2.1477,0.000034,-0.000048,RECONSTRUCTED,constrained_tps
3.8875,2.5000,3.9189,98.742,63.500,99.541,True,1.8977,0.000489,-0.000054,RECONSTRUCTED,constrained_tps
4.1375,2.5000,3.9157,105.093,63.500,99.460,True,1.6477,0.000939,-0.000054,RECONSTRUCTED,constrained_tps
4.3875,2.5000,3.9125,111.442,63.500,99.378,True,1.3977,0.001260,-0.000048,RECONSTRUCTED,constrained_tps
4.6375,2.5000,3.9094,117.793,63.500,99.299,True,1.1477,0.001254,-0.000038,RECONSTRUCTED,constrained_tps
4.8875,2.5000,3.9066,124.142,63.500,99.227,True,0.8977,0.000644,-0.000031,RECONSTRUCTED,constrained_tps
5.1375,2.5000,3.9041,130.493,63.500,99.164,True,0.6477,-0.000968,-0.000042,RECONSTRUCTED,constrained_tps
5.3875,2.5000,3.9020,136.843,63.500,99.111,True,0.3977,,,RECONSTRUCTED,constrained_tps
5.6375,2.5000,3.9001,143.192,63.500,99.063,True,0.1477,,,RECONSTRUCTED,constrained_tps
-5.6125,2.7500,3.9216,-142.557,69.850,99.610,True,0.1978,,,RECONSTRUCTED,constrained_tps
-5.3625,2.7500,3.9241,-136.207,69.850,99.672,True,0.4478,,,RECONSTRUCTED,constrained_tps
-5.1125,2.7500,3.9265,-129.857,69.850,99.734,True,0.6978,-0.000361,-0.000006,RECONSTRUCTED,constrained_tps
-4.8625,2.7500,3.9291,-123.507,69.850,99.798,True,0.9478,-0.000162,-0.000006,RECONSTRUCTED,constrained_tps
-4.6125,2.7500,3.9317,-117.157,69.850,99.866,True,1.1978,0.000102,-0.000019,RECONSTRUCTED,constrained_tps
-4.3625,2.7500,3.9345,-110.807,69.850,99.937,True,1.4478,0.000148,-0.000032,RECONSTRUCTED,constrained_tps
-4.1125,2.7500,3.9373,-104.457,69.850,100.008,True,1.6978,0.000013,-0.000039,RECONSTRUCTED,constrained_tps
-3.8625,2.7500,3.9401,-98.107,69.850,100.078,True,1.9478,-0.000224,-0.000040,RECONSTRUCTED,constrained_tps
-3.6125,2.7500,3.9427,-91.757,69.850,100.145,True,2.1978,-0.000490,-0.000036,RECONSTRUCTED,constrained_tps
-3.3625,2.7500,3.9451,-85.407,69.850,100.206,True,2.4478,-0.000736,-0.000030,RECONSTRUCTED,constrained_tps
-3.1125,2.7500,3.9473,-79.057,69.850,100.262,True,2.6978,-0.000938,-0.000024,RECONSTRUCTED,constrained_tps
-2.8625,2.7500,3.9493,-72.707,69.850,100.311,True,2.9478,-0.001085,-0.000018,RECONSTRUCTED,constrained_tps
-2.6125,2.7500,3.9509,-66.357,69.850,100.354,True,3.1978,-0.001180,-0.000012,RECONSTRUCTED,constrained_tps
-2.3625,2.7500,3.9524,-60.007,69.850,100.390,True,3.4478,-0.001228,-0.000008,RECONSTRUCTED,constrained_tps
-2.1125,2.7500,3.9535,-53.657,69.850,100.420,True,3.6978,-0.001240,-0.000005,RECONSTRUCTED,constrained_tps
-1.8625,2.7500,3.9545,-47.307,69.850,100.444,True,3.9478,-0.001223,-0.000002,RECONSTRUCTED,constrained_tps
-1.6125,2.7500,3.9553,-40.957,69.850,100.464,True,4.1978,-0.001190,-0.000001,RECONSTRUCTED,constrained_tps
-1.3625,2.7500,3.9559,-34.608,69.850,100.480,True,4.4478,-0.001147,-0.000000,RECONSTRUCTED,constrained_tps
-1.1125,2.7500,3.9564,-28.258,69.850,100.492,True,4.6978,-0.001103,0.000000,RECONSTRUCTED,constrained_tps
-0.8625,2.7500,3.9567,-21.907,69.850,100.501,True,4.9478,-0.001062,0.000001,RECONSTRUCTED,constrained_tps
-0.6125,2.7500,3.9570,-15.558,69.850,100.507,True,5.1978,-0.001028,0.000001,RECONSTRUCTED,constrained_tps
-0.3625,2.7500,3.9571,-9.207,69.850,100.511,True,5.4478,-0.001005,0.000001,RECONSTRUCTED,constrained_tps
-0.1125,2.7500,3.9572,-2.857,69.850,100.513,True,5.6978,-0.000993,0.000001,RECONSTRUCTED,constrained_tps
0.1375,2.7500,3.9572,3.493,69.850,100.513,True,5.6728,-0.000993,0.000001,RECONSTRUCTED,constrained_tps
0.3875,2.7500,3.9571,9.842,69.850,100.511,True,5.4228,-0.001006,0.000001,RECONSTRUCTED,constrained_tps
0.6375,2.7500,3.9569,16.192,69.850,100.506,True,5.1728,-0.001029,0.000001,RECONSTRUCTED,constrained_tps
0.8875,2.7500,3.9567,22.542,69.850,100.500,True,4.9228,-0.001063,0.000001,RECONSTRUCTED,constrained_tps
1.1375,2.7500,3.9563,28.892,69.850,100.490,True,4.6728,-0.001104,0.000000,RECONSTRUCTED,constrained_tps
1.3875,2.7500,3.9558,35.242,69.850,100.478,True,4.4228,-0.001148,-0.000000,RECONSTRUCTED,constrained_tps
1.6375,2.7500,3.9552,41.592,69.850,100.462,True,4.1728,-0.001189,-0.000001,RECONSTRUCTED,constrained_tps
1.8875,2.7500,3.9544,47.942,69.850,100.441,True,3.9228,-0.001220,-0.000003,RECONSTRUCTED,constrained_tps
2.1375,2.7500,3.9534,54.293,69.850,100.416,True,3.6728,-0.001234,-0.000005,RECONSTRUCTED,constrained_tps
2.3875,2.7500,3.9522,60.642,69.850,100.385,True,3.4228,-0.001219,-0.000008,RECONSTRUCTED,constrained_tps
2.6375,2.7500,3.9507,66.993,69.850,100.349,True,3.1728,-0.001165,-0.000013,RECONSTRUCTED,constrained_tps
2.8875,2.7500,3.9490,73.343,69.850,100.306,True,2.9228,-0.001065,-0.000018,RECONSTRUCTED,constrained_tps
3.1375,2.7500,3.9471,79.692,69.850,100.256,True,2.6728,-0.000912,-0.000024,RECONSTRUCTED,constrained_tps
3.3875,2.7500,3.9449,86.043,69.850,100.200,True,2.4228,-0.000705,-0.000031,RECONSTRUCTED,constrained_tps
3.6375,2.7500,3.9424,92.392,69.850,100.137,True,2.1728,-0.000456,-0.000037,RECONSTRUCTED,constrained_tps
3.8875,2.7500,3.9398,98.742,69.850,100.070,True,1.9228,-0.000191,-0.000040,RECONSTRUCTED,constrained_tps
4.1375,2.7500,3.9370,105.093,69.850,100.000,True,1.6728,0.000039,-0.000038,RECONSTRUCTED,constrained_tps
4.3875,2.7500,3.9342,111.442,69.850,99.929,True,1.4228,0.000159,-0.000031,RECONSTRUCTED,constrained_tps
4.6375,2.7500,3.9314,117.793,69.850,99.859,True,1.1728,0.000089,-0.000018,RECONSTRUCTED,constrained_tps
4.8875,2.7500,3.9288,124.142,69.850,99.791,True,0.9228,-0.000192,-0.000006,RECONSTRUCTED,constrained_tps
5.1375,2.7500,3.9263,130.493,69.850,99.727,True,0.6728,-0.000330,-0.000007,RECONSTRUCTED,constrained_tps
5.3875,2.7500,3.9238,136.843,69.850,99.665,True,0.4228,,,RECONSTRUCTED,constrained_tps
5.6375,2.7500,3.9214,143.192,69.850,99.604,True,0.1728,,,RECONSTRUCTED,constrained_tps
-5.6125,3.0000,3.9435,-142.557,76.200,100.164,True,0.2028,,,RECONSTRUCTED,constrained_tps
-5.3625,3.0000,3.9461,-136.207,76.200,100.231,True,0.4528,,,RECONSTRUCTED,constrained_tps
-5.1125,3.0000,3.9487,-129.857,76.200,100.296,True,0.7028,-0.000062,-0.000001,RECONSTRUCTED,constrained_tps
-4.8625,3.0000,3.9512,-123.507,76.200,100.360,True,0.9528,-0.000650,-0.000005,RECONSTRUCTED,constrained_tps
-4.6125,3.0000,3.9537,-117.157,76.200,100.423,True,1.2028,-0.000737,-0.000015,RECONSTRUCTED,constrained_tps
-4.3625,3.0000,3.9561,-110.807,76.200,100.486,True,1.4528,-0.000734,-0.000024,RECONSTRUCTED,constrained_tps
-4.1125,3.0000,3.9586,-104.457,76.200,100.548,True,1.7028,-0.000774,-0.000029,RECONSTRUCTED,constrained_tps
-3.8625,3.0000,3.9610,-98.107,76.200,100.609,True,1.9528,-0.000869,-0.000030,RECONSTRUCTED,constrained_tps
-3.6125,3.0000,3.9633,-91.757,76.200,100.667,True,2.2028,-0.000995,-0.000028,RECONSTRUCTED,constrained_tps
-3.3625,3.0000,3.9654,-85.407,76.200,100.720,True,2.4528,-0.001124,-0.000023,RECONSTRUCTED,constrained_tps
-3.1125,3.0000,3.9673,-79.057,76.200,100.769,True,2.7028,-0.001238,-0.000018,RECONSTRUCTED,constrained_tps
-2.8625,3.0000,3.9690,-72.707,76.200,100.813,True,2.9528,-0.001324,-0.000013,RECONSTRUCTED,constrained_tps
-2.6125,3.0000,3.9705,-66.357,76.200,100.851,True,3.2028,-0.001379,-0.000009,RECONSTRUCTED,constrained_tps
-2.3625,3.0000,3.9718,-60.007,76.200,100.883,True,3.4528,-0.001404,-0.000005,RECONSTRUCTED,constrained_tps
-2.1125,3.0000,3.9729,-53.657,76.200,100.911,True,3.7028,-0.001405,-0.000003,RECONSTRUCTED,constrained_tps
-1.8625,3.0000,3.9737,-47.307,76.200,100.933,True,3.9528,-0.001387,-0.000001,RECONSTRUCTED,constrained_tps
-1.6125,3.0000,3.9745,-40.957,76.200,100.952,True,4.2028,-0.001356,0.000000,RECONSTRUCTED,constrained_tps
-1.3625,3.0000,3.9751,-34.608,76.200,100.966,True,4.4528,-0.001318,0.000001,RECONSTRUCTED,constrained_tps
-1.1125,3.0000,3.9755,-28.258,76.200,100.978,True,4.7028,-0.001279,0.000001,RECONSTRUCTED,constrained_tps
-0.8625,3.0000,3.9758,-21.907,76.200,100.986,True,4.9528,-0.001244,0.000001,RECONSTRUCTED,constrained_tps
-0.6125,3.0000,3.9761,-15.558,76.200,100.992,True,5.2028,-0.001215,0.000001,RECONSTRUCTED,constrained_tps
-0.3625,3.0000,3.9762,-9.207,76.200,100.996,True,5.4528,-0.001194,0.000001,RECONSTRUCTED,constrained_tps
-0.1125,3.0000,3.9763,-2.857,76.200,100.998,True,5.7028,-0.001184,0.000001,RECONSTRUCTED,constrained_tps
0.1375,3.0000,3.9763,3.493,76.200,100.998,True,5.6778,-0.001184,0.000001,RECONSTRUCTED,constrained_tps
0.3875,3.0000,3.9762,9.842,76.200,100.996,True,5.4278,-0.001195,0.000001,RECONSTRUCTED,constrained_tps
0.6375,3.0000,3.9761,16.192,76.200,100.992,True,5.1778,-0.001216,0.000001,RECONSTRUCTED,constrained_tps
0.8875,3.0000,3.9758,22.542,76.200,100.985,True,4.9278,-0.001245,0.000001,RECONSTRUCTED,constrained_tps
1.1375,3.0000,3.9754,28.892,76.200,100.976,True,4.6778,-0.001280,0.000001,RECONSTRUCTED,constrained_tps
1.3875,3.0000,3.9750,35.242,76.200,100.964,True,4.4278,-0.001318,0.000001,RECONSTRUCTED,constrained_tps
1.6375,3.0000,3.9744,41.592,76.200,100.949,True,4.1778,-0.001355,0.000000,RECONSTRUCTED,constrained_tps
1.8875,3.0000,3.9736,47.942,76.200,100.930,True,3.9278,-0.001384,-0.000001,RECONSTRUCTED,constrained_tps
2.1375,3.0000,3.9727,54.293,76.200,100.907,True,3.6778,-0.001400,-0.000003,RECONSTRUCTED,constrained_tps
2.3875,3.0000,3.9716,60.642,76.200,100.879,True,3.4278,-0.001397,-0.000006,RECONSTRUCTED,constrained_tps
2.6375,3.0000,3.9703,66.993,76.200,100.846,True,3.1778,-0.001368,-0.000009,RECONSTRUCTED,constrained_tps
2.8875,3.0000,3.9688,73.343,76.200,100.808,True,2.9278,-0.001310,-0.000014,RECONSTRUCTED,constrained_tps
3.1375,3.0000,3.9671,79.692,76.200,100.764,True,2.6778,-0.001221,-0.000019,RECONSTRUCTED,constrained_tps
3.3875,3.0000,3.9651,86.043,76.200,100.714,True,2.4278,-0.001105,-0.000024,RECONSTRUCTED,constrained_tps
3.6375,3.0000,3.9630,92.392,76.200,100.660,True,2.1778,-0.000975,-0.000028,RECONSTRUCTED,constrained_tps
3.8875,3.0000,3.9607,98.742,76.200,100.602,True,1.9278,-0.000851,-0.000030,RECONSTRUCTED,constrained_tps
4.1375,3.0000,3.9583,105.093,76.200,100.541,True,1.6778,-0.000761,-0.000029,RECONSTRUCTED,constrained_tps
4.3875,3.0000,3.9559,111.442,76.200,100.479,True,1.4278,-0.000728,-0.000023,RECONSTRUCTED,constrained_tps
4.6375,3.0000,3.9534,117.793,76.200,100.416,True,1.1778,-0.000732,-0.000014,RECONSTRUCTED,constrained_tps
4.8875,3.0000,3.9509,124.142,76.200,100.353,True,0.9278,-0.000621,-0.000004,RECONSTRUCTED,constrained_tps
5.1375,3.0000,3.9484,130.493,76.200,100.289,True,0.6778,0.000054,-0.000001,RECONSTRUCTED,constrained_tps
5.3875,3.0000,3.9458,136.843,76.200,100.224,True,0.4278,,,RECONSTRUCTED,constrained_tps
5.6375,3.0000,3.9432,143.192,76.200,100.157,True,0.1778,,,RECONSTRUCTED,constrained_tps
-5.6125,3.2500,3.9659,-142.557,82.550,100.733,True,0.2079,,,RECONSTRUCTED,constrained_tps
-5.3625,3.2500,3.9684,-136.207,82.550,100.798,True,0.4579,,,RECONSTRUCTED,constrained_tps
-5.1125,3.2500,3.9709,-129.857,82.550,100.860,True,0.7079,-0.000623,-0.000009,RECONSTRUCTED,constrained_tps
-4.8625,3.2500,3.9732,-123.507,82.550,100.920,True,0.9579,-0.001310,-0.000011,RECONSTRUCTED,constrained_tps
-4.6125,3.2500,3.9755,-117.157,82.550,100.978,True,1.2079,-0.001506,-0.000016,RECONSTRUCTED,constrained_tps
-4.3625,3.2500,3.9777,-110.807,82.550,101.034,True,1.4579,-0.001513,-0.000021,RECONSTRUCTED,constrained_tps
-4.1125,3.2500,3.9798,-104.457,82.550,101.088,True,1.7079,-0.001487,-0.000024,RECONSTRUCTED,constrained_tps
-3.8625,3.2500,3.9819,-98.107,82.550,101.140,True,1.9579,-0.001481,-0.000024,RECONSTRUCTED,constrained_tps
-3.6125,3.2500,3.9838,-91.757,82.550,101.190,True,2.2079,-0.001501,-0.000021,RECONSTRUCTED,constrained_tps
-3.3625,3.2500,3.9857,-85.407,82.550,101.236,True,2.4579,-0.001535,-0.000018,RECONSTRUCTED,constrained_tps
-3.1125,3.2500,3.9873,-79.057,82.550,101.278,True,2.7079,-0.001570,-0.000014,RECONSTRUCTED,constrained_tps
-2.8625,3.2500,3.9888,-72.707,82.550,101.315,True,2.9579,-0.001596,-0.000010,RECONSTRUCTED,constrained_tps
-2.6125,3.2500,3.9901,-66.357,82.550,101.349,True,3.2079,-0.001608,-0.000006,RECONSTRUCTED,constrained_tps
-2.3625,3.2500,3.9912,-60.007,82.550,101.377,True,3.4579,-0.001606,-0.000003,RECONSTRUCTED,constrained_tps
-2.1125,3.2500,3.9922,-53.657,82.550,101.402,True,3.7079,-0.001589,-0.000001,RECONSTRUCTED,constrained_tps
-1.8625,3.2500,3.9930,-47.307,82.550,101.422,True,3.9579,-0.001562,0.000000,RECONSTRUCTED,constrained_tps
-1.6125,3.2500,3.9936,-40.957,82.550,101.439,True,4.2079,-0.001527,0.000001,RECONSTRUCTED,constrained_tps
-1.3625,3.2500,3.9942,-34.608,82.550,101.452,True,4.4579,-0.001489,0.000002,RECONSTRUCTED,constrained_tps
-1.1125,3.2500,3.9946,-28.258,82.550,101.463,True,4.7079,-0.001452,0.000002,RECONSTRUCTED,constrained_tps
-0.8625,3.2500,3.9949,-21.907,82.550,101.470,True,4.9579,-0.001419,0.000002,RECONSTRUCTED,constrained_tps
-0.6125,3.2500,3.9951,-15.558,82.550,101.476,True,5.2079,-0.001392,0.000002,RECONSTRUCTED,constrained_tps
-0.3625,3.2500,3.9953,-9.207,82.550,101.480,True,5.4579,-0.001373,0.000002,RECONSTRUCTED,constrained_tps
-0.1125,3.2500,3.9953,-2.857,82.550,101.481,True,5.7079,-0.001363,0.000002,RECONSTRUCTED,constrained_tps
0.1375,3.2500,3.9953,3.493,82.550,101.481,True,5.6829,-0.001363,0.000002,RECONSTRUCTED,constrained_tps
0.3875,3.2500,3.9952,9.842,82.550,101.479,True,5.4329,-0.001373,0.000002,RECONSTRUCTED,constrained_tps
0.6375,3.2500,3.9951,16.192,82.550,101.475,True,5.1829,-0.001393,0.000002,RECONSTRUCTED,constrained_tps
0.8875,3.2500,3.9949,22.542,82.550,101.469,True,4.9329,-0.001420,0.000002,RECONSTRUCTED,constrained_tps
1.1375,3.2500,3.9945,28.892,82.550,101.461,True,4.6829,-0.001453,0.000002,RECONSTRUCTED,constrained_tps
1.3875,3.2500,3.9941,35.242,82.550,101.450,True,4.4329,-0.001490,0.000001,RECONSTRUCTED,constrained_tps
1.6375,3.2500,3.9936,41.592,82.550,101.436,True,4.1829,-0.001527,0.000001,RECONSTRUCTED,constrained_tps
1.8875,3.2500,3.9929,47.942,82.550,101.419,True,3.9329,-0.001561,-0.000000,RECONSTRUCTED,constrained_tps
2.1375,3.2500,3.9921,54.293,82.550,101.399,True,3.6829,-0.001587,-0.000002,RECONSTRUCTED,constrained_tps
2.3875,3.2500,3.9911,60.642,82.550,101.374,True,3.4329,-0.001601,-0.000004,RECONSTRUCTED,constrained_tps
2.6375,3.2500,3.9899,66.993,82.550,101.344,True,3.1829,-0.001602,-0.000007,RECONSTRUCTED,constrained_tps
2.8875,3.2500,3.9886,73.343,82.550,101.311,True,2.9329,-0.001588,-0.000010,RECONSTRUCTED,constrained_tps
3.1375,3.2500,3.9871,79.692,82.550,101.273,True,2.6829,-0.001560,-0.000014,RECONSTRUCTED,constrained_tps
3.3875,3.2500,3.9854,86.043,82.550,101.230,True,2.4329,-0.001525,-0.000018,RECONSTRUCTED,constrained_tps
3.6375,3.2500,3.9836,92.392,82.550,101.184,True,2.1829,-0.001492,-0.000022,RECONSTRUCTED,constrained_tps
3.8875,3.2500,3.9817,98.742,82.550,101.134,True,1.9329,-0.001475,-0.000024,RECONSTRUCTED,constrained_tps
4.1375,3.2500,3.9796,105.093,82.550,101.082,True,1.6829,-0.001484,-0.000024,RECONSTRUCTED,constrained_tps
4.3875,3.2500,3.9775,111.442,82.550,101.028,True,1.4329,-0.001511,-0.000020,RECONSTRUCTED,constrained_tps
4.6375,3.2500,3.9753,117.793,82.550,100.972,True,1.1829,-0.001495,-0.000015,RECONSTRUCTED,constrained_tps
4.8875,3.2500,3.9730,124.142,82.550,100.914,True,0.9329,-0.001267,-0.000010,RECONSTRUCTED,constrained_tps
5.1375,3.2500,3.9706,130.493,82.550,100.854,True,0.6829,-0.000513,-0.000009,RECONSTRUCTED,constrained_tps
5.3875,3.2500,3.9681,136.843,82.550,100.791,True,0.4329,,,RECONSTRUCTED,constrained_tps
5.6375,3.2500,3.9656,143.192,82.550,100.727,True,0.1829,,,RECONSTRUCTED,constrained_tps
-5.6125,3.5000,3.9886,-142.557,88.900,101.309,True,0.1978,,,RECONSTRUCTED,constrained_tps
-5.3625,3.5000,3.9909,-136.207,88.900,101.369,True,0.4478,,,RECONSTRUCTED,constrained_tps
-5.1125,3.5000,3.9931,-129.857,88.900,101.426,True,0.6978,-0.002062,-0.000012,RECONSTRUCTED,constrained_tps
-4.8625,3.5000,3.9952,-123.507,88.900,101.479,True,0.9478,-0.002342,-0.000014,RECONSTRUCTED,constrained_tps
-4.6125,3.5000,3.9972,-117.157,88.900,101.530,True,1.1978,-0.002361,-0.000016,RECONSTRUCTED,constrained_tps
-4.3625,3.5000,3.9992,-110.807,88.900,101.579,True,1.4478,-0.002268,-0.000018,RECONSTRUCTED,constrained_tps
-4.1125,3.5000,4.0010,-104.457,88.900,101.625,True,1.6978,-0.002155,-0.000019,RECONSTRUCTED,constrained_tps
-3.8625,3.5000,4.0027,-98.107,88.900,101.669,True,1.9478,-0.002060,-0.000018,RECONSTRUCTED,constrained_tps
-3.6125,3.5000,4.0044,-91.757,88.900,101.711,True,2.1978,-0.001993,-0.000016,RECONSTRUCTED,constrained_tps
-3.3625,3.5000,4.0059,-85.407,88.900,101.750,True,2.4478,-0.001946,-0.000013,RECONSTRUCTED,constrained_tps
-3.1125,3.5000,4.0073,-79.057,88.900,101.785,True,2.6978,-0.001913,-0.000010,RECONSTRUCTED,constrained_tps
-2.8625,3.5000,4.0086,-72.707,88.900,101.817,True,2.9478,-0.001884,-0.000007,RECONSTRUCTED,constrained_tps
-2.6125,3.5000,4.0097,-66.357,88.900,101.846,True,3.1978,-0.001855,-0.000004,RECONSTRUCTED,constrained_tps
-2.3625,3.5000,4.0106,-60.007,88.900,101.870,True,3.4478,-0.001822,-0.000002,RECONSTRUCTED,constrained_tps
-2.1125,3.5000,4.0115,-53.657,88.900,101.892,True,3.6978,-0.001785,-0.000000,RECONSTRUCTED,constrained_tps
-1.8625,3.5000,4.0122,-47.307,88.900,101.909,True,3.9478,-0.001744,0.000001,RECONSTRUCTED,constrained_tps
-1.6125,3.5000,4.0128,-40.957,88.900,101.924,True,4.1978,-0.001702,0.000002,RECONSTRUCTED,constrained_tps
-1.3625,3.5000,4.0132,-34.608,88.900,101.936,True,4.4478,-0.001660,0.000002,RECONSTRUCTED,constrained_tps
-1.1125,3.5000,4.0136,-28.258,88.900,101.945,True,4.6978,-0.001621,0.000002,RECONSTRUCTED,constrained_tps
-0.8625,3.5000,4.0139,-21.907,88.900,101.952,True,4.9478,-0.001587,0.000002,RECONSTRUCTED,constrained_tps
-0.6125,3.5000,4.0141,-15.558,88.900,101.957,True,5.1978,-0.001560,0.000002,RECONSTRUCTED,constrained_tps
-0.3625,3.5000,4.0142,-9.207,88.900,101.961,True,5.4478,-0.001542,0.000002,RECONSTRUCTED,constrained_tps
-0.1125,3.5000,4.0143,-2.857,88.900,101.962,True,5.6978,-0.001533,0.000002,RECONSTRUCTED,constrained_tps
0.1375,3.5000,4.0143,3.493,88.900,101.962,True,5.6728,-0.001533,0.000002,RECONSTRUCTED,constrained_tps
0.3875,3.5000,4.0142,9.842,88.900,101.960,True,5.4228,-0.001543,0.000002,RECONSTRUCTED,constrained_tps
0.6375,3.5000,4.0140,16.192,88.900,101.957,True,5.1728,-0.001561,0.000002,RECONSTRUCTED,constrained_tps
0.8875,3.5000,4.0138,22.542,88.900,101.951,True,4.9228,-0.001589,0.000002,RECONSTRUCTED,constrained_tps
1.1375,3.5000,4.0135,28.892,88.900,101.944,True,4.6728,-0.001622,0.000002,RECONSTRUCTED,constrained_tps
1.3875,3.5000,4.0132,35.242,88.900,101.934,True,4.4228,-0.001661,0.000002,RECONSTRUCTED,constrained_tps
1.6375,3.5000,4.0127,41.592,88.900,101.922,True,4.1728,-0.001702,0.000001,RECONSTRUCTED,constrained_tps
1.8875,3.5000,4.0121,47.942,88.900,101.907,True,3.9228,-0.001744,0.000001,RECONSTRUCTED,constrained_tps
2.1375,3.5000,4.0114,54.293,88.900,101.889,True,3.6728,-0.001784,-0.000000,RECONSTRUCTED,constrained_tps
2.3875,3.5000,4.0105,60.642,88.900,101.867,True,3.4228,-0.001821,-0.000002,RECONSTRUCTED,constrained_tps
2.6375,3.5000,4.0095,66.993,88.900,101.842,True,3.1728,-0.001853,-0.000004,RECONSTRUCTED,constrained_tps
2.8875,3.5000,4.0084,73.343,88.900,101.813,True,2.9228,-0.001882,-0.000007,RECONSTRUCTED,constrained_tps
3.1375,3.5000,4.0071,79.692,88.900,101.781,True,2.6728,-0.001911,-0.000010,RECONSTRUCTED,constrained_tps
3.3875,3.5000,4.0057,86.043,88.900,101.745,True,2.4228,-0.001945,-0.000014,RECONSTRUCTED,constrained_tps
3.6375,3.5000,4.0042,92.392,88.900,101.706,True,2.1728,-0.001993,-0.000017,RECONSTRUCTED,constrained_tps
3.8875,3.5000,4.0025,98.742,88.900,101.664,True,1.9228,-0.002064,-0.000018,RECONSTRUCTED,constrained_tps
4.1375,3.5000,4.0008,105.093,88.900,101.620,True,1.6728,-0.002161,-0.000019,RECONSTRUCTED,constrained_tps
4.3875,3.5000,3.9989,111.442,88.900,101.573,True,1.4228,-0.002275,-0.000018,RECONSTRUCTED,constrained_tps
4.6375,3.5000,3.9970,117.793,88.900,101.525,True,1.1728,-0.002362,-0.000016,RECONSTRUCTED,constrained_tps
4.8875,3.5000,3.9950,124.142,88.900,101.474,True,0.9228,-0.002326,-0.000014,RECONSTRUCTED,constrained_tps
5.1375,3.5000,3.9929,130.493,88.900,101.420,True,0.6728,-0.002010,-0.000012,RECONSTRUCTED,constrained_tps
5.3875,3.5000,3.9907,136.843,88.900,101.363,True,0.4228,,,RECONSTRUCTED,constrained_tps
5.6375,3.5000,3.9883,143.192,88.900,101.303,True,0.1728,,,RECONSTRUCTED,constrained_tps
-5.6125,3.7500,4.0111,-142.557,95.250,101.882,True,0.1828,,,RECONSTRUCTED,constrained_tps
-5.3625,3.7500,4.0133,-136.207,95.250,101.938,True,0.4328,,,RECONSTRUCTED,constrained_tps
-5.1125,3.7500,4.0153,-129.857,95.250,101.988,True,0.6828,-0.003990,-0.000005,RECONSTRUCTED,constrained_tps
-4.8625,3.7500,4.0171,-123.507,95.250,102.034,True,0.9328,-0.003607,-0.000010,RECONSTRUCTED,constrained_tps
-4.6125,3.7500,4.0188,-117.157,95.250,102.077,True,1.1828,-0.003284,-0.000013,RECONSTRUCTED,constrained_tps
-4.3625,3.7500,4.0204,-110.807,95.250,102.118,True,1.4328,-0.003013,-0.000014,RECONSTRUCTED,constrained_tps
-4.1125,3.7500,4.0219,-104.457,95.250,102.157,True,1.6828,-0.002789,-0.000014,RECONSTRUCTED,constrained_tps
-3.8625,3.7500,4.0234,-98.107,95.250,102.194,True,1.9328,-0.002606,-0.000013,RECONSTRUCTED,constrained_tps
-3.6125,3.7500,4.0247,-91.757,95.250,102.229,True,2.1828,-0.002461,-0.000012,RECONSTRUCTED,constrained_tps
-3.3625,3.7500,4.0260,-85.407,95.250,102.261,True,2.4328,-0.002346,-0.000010,RECONSTRUCTED,constrained_tps
-3.1125,3.7500,4.0272,-79.057,95.250,102.290,True,2.6828,-0.002254,-0.000007,RECONSTRUCTED,constrained_tps
-2.8625,3.7500,4.0282,-72.707,95.250,102.317,True,2.9328,-0.002175,-0.000005,RECONSTRUCTED,constrained_tps
-2.6125,3.7500,4.0292,-66.357,95.250,102.341,True,3.1828,-0.002107,-0.000003,RECONSTRUCTED,constrained_tps
-2.3625,3.7500,4.0300,-60.007,95.250,102.361,True,3.4328,-0.002044,-0.000001,RECONSTRUCTED,constrained_tps
-2.1125,3.7500,4.0307,-53.657,95.250,102.379,True,3.6828,-0.001984,0.000000,RECONSTRUCTED,constrained_tps
-1.8625,3.7500,4.0313,-47.307,95.250,102.394,True,3.9328,-0.001928,0.000001,RECONSTRUCTED,constrained_tps
-1.6125,3.7500,4.0318,-40.957,95.250,102.407,True,4.1828,-0.001875,0.000002,RECONSTRUCTED,constrained_tps
-1.3625,3.7500,4.0322,-34.608,95.250,102.417,True,4.4328,-0.001827,0.000002,RECONSTRUCTED,constrained_tps
-1.1125,3.7500,4.0325,-28.258,95.250,102.425,True,4.6828,-0.001784,0.000002,RECONSTRUCTED,constrained_tps
-0.8625,3.7500,4.0327,-21.907,95.250,102.431,True,4.9328,-0.001749,0.000002,RECONSTRUCTED,constrained_tps
-0.6125,3.7500,4.0329,-15.558,95.250,102.436,True,5.1828,-0.001721,0.000002,RECONSTRUCTED,constrained_tps
-0.3625,3.7500,4.0330,-9.207,95.250,102.438,True,5.4328,-0.001702,0.000002,RECONSTRUCTED,constrained_tps
-0.1125,3.7500,4.0331,-2.857,95.250,102.440,True,5.6828,-0.001692,0.000002,RECONSTRUCTED,constrained_tps
0.1375,3.7500,4.0331,3.493,95.250,102.440,True,5.6578,-0.001692,0.000002,RECONSTRUCTED,constrained_tps
0.3875,3.7500,4.0330,9.842,95.250,102.438,True,5.4078,-0.001702,0.000002,RECONSTRUCTED,constrained_tps
0.6375,3.7500,4.0329,16.192,95.250,102.435,True,5.1578,-0.001722,0.000002,RECONSTRUCTED,constrained_tps
0.8875,3.7500,4.0327,22.542,95.250,102.430,True,4.9078,-0.001750,0.000002,RECONSTRUCTED,constrained_tps
1.1375,3.7500,4.0324,28.892,95.250,102.424,True,4.6578,-0.001786,0.000002,RECONSTRUCTED,constrained_tps
1.3875,3.7500,4.0321,35.242,95.250,102.416,True,4.4078,-0.001829,0.000002,RECONSTRUCTED,constrained_tps
1.6375,3.7500,4.0317,41.592,95.250,102.405,True,4.1578,-0.001877,0.000002,RECONSTRUCTED,constrained_tps
1.8875,3.7500,4.0312,47.942,95.250,102.392,True,3.9078,-0.001930,0.000001,RECONSTRUCTED,constrained_tps
2.1375,3.7500,4.0306,54.293,95.250,102.377,True,3.6578,-0.001986,0.000000,RECONSTRUCTED,constrained_tps
2.3875,3.7500,4.0299,60.642,95.250,102.359,True,3.4078,-0.002046,-0.000001,RECONSTRUCTED,constrained_tps
2.6375,3.7500,4.0290,66.993,95.250,102.338,True,3.1578,-0.002109,-0.000003,RECONSTRUCTED,constrained_tps
2.8875,3.7500,4.0281,73.343,95.250,102.314,True,2.9078,-0.002178,-0.000005,RECONSTRUCTED,constrained_tps
3.1375,3.7500,4.0270,79.692,95.250,102.287,True,2.6578,-0.002258,-0.000007,RECONSTRUCTED,constrained_tps
3.3875,3.7500,4.0259,86.043,95.250,102.257,True,2.4078,-0.002352,-0.000010,RECONSTRUCTED,constrained_tps
3.6375,3.7500,4.0246,92.392,95.250,102.225,True,2.1578,-0.002470,-0.000012,RECONSTRUCTED,constrained_tps
3.8875,3.7500,4.0232,98.742,95.250,102.190,True,1.9078,-0.002619,-0.000014,RECONSTRUCTED,constrained_tps
4.1375,3.7500,4.0218,105.093,95.250,102.153,True,1.6578,-0.002805,-0.000014,RECONSTRUCTED,constrained_tps
4.3875,3.7500,4.0202,111.442,95.250,102.114,True,1.4078,-0.003035,-0.000014,RECONSTRUCTED,constrained_tps
4.6375,3.7500,4.0186,117.793,95.250,102.073,True,1.1578,-0.003310,-0.000012,RECONSTRUCTED,constrained_tps
4.8875,3.7500,4.0169,124.142,95.250,102.029,True,0.9078,-0.003640,-0.000010,RECONSTRUCTED,constrained_tps
5.1375,3.7500,4.0151,130.493,95.250,101.983,True,0.6578,-0.004028,-0.000005,RECONSTRUCTED,constrained_tps
5.3875,3.7500,4.0131,136.843,95.250,101.932,True,0.4078,,,RECONSTRUCTED,constrained_tps
5.6375,3.7500,4.0109,143.192,95.250,101.876,True,0.1578,,,RECONSTRUCTED,constrained_tps
-5.6125,4.0000,4.0333,-142.557,101.600,102.447,True,0.1597,,,RECONSTRUCTED,constrained_tps
-5.3625,4.0000,4.0353,-136.207,101.600,102.498,True,0.4097,,,RECONSTRUCTED,constrained_tps
-5.1125,4.0000,4.0371,-129.857,101.600,102.541,True,0.6597,-0.005820,0.000011,RECONSTRUCTED,constrained_tps
-4.8625,4.0000,4.0386,-123.507,101.600,102.580,True,0.9097,-0.004797,-0.000001,RECONSTRUCTED,constrained_tps
-4.6125,4.0000,4.0400,-117.157,101.600,102.617,True,1.1597,-0.004156,-0.000005,RECONSTRUCTED,constrained_tps
-4.3625,4.0000,4.0414,-110.807,101.600,102.651,True,1.4097,-0.003713,-0.000008,RECONSTRUCTED,constrained_tps
-4.1125,4.0000,4.0426,-104.457,101.600,102.683,True,1.6597,-0.003379,-0.000009,RECONSTRUCTED,constrained_tps
-3.8625,4.0000,4.0438,-98.107,101.600,102.713,True,1.9097,-0.003115,-0.000009,RECONSTRUCTED,constrained_tps
-3.6125,4.0000,4.0449,-91.757,101.600,102.741,True,2.1597,-0.002901,-0.000008,RECONSTRUCTED,constrained_tps
-3.3625,4.0000,4.0459,-85.407,101.600,102.767,True,2.4097,-0.002726,-0.000007,RECONSTRUCTED,constrained_tps
-3.1125,4.0000,4.0469,-79.057,101.600,102.791,True,2.6597,-0.002581,-0.000005,RECONSTRUCTED,constrained_tps
-2.8625,4.0000,4.0477,-72.707,101.600,102.812,True,2.9097,-0.002459,-0.000003,RECONSTRUCTED,constrained_tps
-2.6125,4.0000,4.0485,-66.357,101.600,102.832,True,3.1597,-0.002354,-0.000002,RECONSTRUCTED,constrained_tps
-2.3625,4.0000,4.0492,-60.007,101.600,102.848,True,3.4097,-0.002263,-0.000000,RECONSTRUCTED,constrained_tps
-2.1125,4.0000,4.0497,-53.657,101.600,102.863,True,3.6597,-0.002182,0.000001,RECONSTRUCTED,constrained_tps
-1.8625,4.0000,4.0502,-47.307,101.600,102.875,True,3.9097,-0.002109,0.000002,RECONSTRUCTED,constrained_tps
-1.6125,4.0000,4.0506,-40.957,101.600,102.886,True,4.1597,-0.002045,0.000002,RECONSTRUCTED,constrained_tps
-1.3625,4.0000,4.0510,-34.608,101.600,102.894,True,4.4097,-0.001989,0.000002,RECONSTRUCTED,constrained_tps
-1.1125,4.0000,4.0512,-28.258,101.600,102.901,True,4.6597,-0.001941,0.000002,RECONSTRUCTED,constrained_tps
-0.8625,4.0000,4.0514,-21.907,101.600,102.906,True,4.9097,-0.001902,0.000002,RECONSTRUCTED,constrained_tps
-0.6125,4.0000,4.0516,-15.558,101.600,102.910,True,5.1597,-0.001872,0.000002,RECONSTRUCTED,constrained_tps
-0.3625,4.0000,4.0517,-9.207,101.600,102.912,True,5.4097,-0.001852,0.000002,RECONSTRUCTED,constrained_tps
-0.1125,4.0000,4.0517,-2.857,101.600,102.913,True,5.6597,-0.001842,0.000002,RECONSTRUCTED,constrained_tps
0.1375,4.0000,4.0517,3.493,101.600,102.913,True,5.6347,-0.001842,0.000002,RECONSTRUCTED,constrained_tps
0.3875,4.0000,4.0516,9.842,101.600,102.912,True,5.3847,-0.001853,0.000002,RECONSTRUCTED,constrained_tps
0.6375,4.0000,4.0515,16.192,101.600,102.909,True,5.1347,-0.001873,0.000002,RECONSTRUCTED,constrained_tps
0.8875,4.0000,4.0514,22.542,101.600,102.905,True,4.8847,-0.001904,0.000002,RECONSTRUCTED,constrained_tps
1.1375,4.0000,4.0512,28.892,101.600,102.900,True,4.6347,-0.001943,0.000002,RECONSTRUCTED,constrained_tps
1.3875,4.0000,4.0509,35.242,101.600,102.893,True,4.3847,-0.001992,0.000002,RECONSTRUCTED,constrained_tps
1.6375,4.0000,4.0506,41.592,101.600,102.884,True,4.1347,-0.002048,0.000002,RECONSTRUCTED,constrained_tps
1.8875,4.0000,4.0501,47.942,101.600,102.874,True,3.8847,-0.002113,0.000001,RECONSTRUCTED,constrained_tps
2.1375,4.0000,4.0496,54.293,101.600,102.861,True,3.6347,-0.002186,0.000001,RECONSTRUCTED,constrained_tps
2.3875,4.0000,4.0491,60.642,101.600,102.846,True,3.3847,-0.002268,-0.000000,RECONSTRUCTED,constrained_tps
2.6375,4.0000,4.0484,66.993,101.600,102.829,True,3.1347,-0.002360,-0.000002,RECONSTRUCTED,constrained_tps
2.8875,4.0000,4.0476,73.343,101.600,102.810,True,2.8847,-0.002466,-0.000003,RECONSTRUCTED,constrained_tps
3.1375,4.0000,4.0468,79.692,101.600,102.788,True,2.6347,-0.002590,-0.000005,RECONSTRUCTED,constrained_tps
3.3875,4.0000,4.0458,86.043,101.600,102.764,True,2.3847,-0.002738,-0.000007,RECONSTRUCTED,constrained_tps
3.6375,4.0000,4.0448,92.392,101.600,102.737,True,2.1347,-0.002917,-0.000008,RECONSTRUCTED,constrained_tps
3.8875,4.0000,4.0437,98.742,101.600,102.709,True,1.8847,-0.003135,-0.000009,RECONSTRUCTED,constrained_tps
4.1375,4.0000,4.0425,105.093,101.600,102.679,True,1.6347,-0.003406,-0.000009,RECONSTRUCTED,constrained_tps
4.3875,4.0000,4.0412,111.442,101.600,102.647,True,1.3847,-0.003749,-0.000008,RECONSTRUCTED,constrained_tps
4.6375,4.0000,4.0399,117.793,101.600,102.613,True,1.1347,-0.004207,-0.000005,RECONSTRUCTED,constrained_tps
4.8875,4.0000,4.0384,124.142,101.600,102.576,True,0.8847,-0.004875,0.000000,RECONSTRUCTED,constrained_tps
5.1375,4.0000,4.0369,130.493,101.600,102.537,True,0.6347,-0.005954,0.000013,RECONSTRUCTED,constrained_tps
5.3875,4.0000,4.0351,136.843,101.600,102.493,True,0.3847,,,RECONSTRUCTED,constrained_tps
5.6375,4.0000,4.0331,143.192,101.600,102.441,True,0.1347,,,RECONSTRUCTED,constrained_tps
-5.6125,4.2500,4.0550,-142.557,107.950,102.996,True,0.1226,,,RIM_BOUNDARY,constrained_tps
-5.3625,4.2500,4.0568,-136.207,107.950,103.042,True,0.3726,,,RECONSTRUCTED,constrained_tps
-5.1125,4.2500,4.0583,-129.857,107.950,103.080,True,0.6226,-0.007001,0.000028,RECONSTRUCTED,constrained_tps
-4.8625,4.2500,4.0596,-123.507,107.950,103.114,True,0.8726,-0.005681,0.000012,RECONSTRUCTED,constrained_tps
-4.6125,4.2500,4.0608,-117.157,107.950,103.145,True,1.1226,-0.004883,0.000004,RECONSTRUCTED,constrained_tps
-4.3625,4.2500,4.0619,-110.807,107.950,103.173,True,1.3726,-0.004331,-0.000000,RECONSTRUCTED,constrained_tps
-4.1125,4.2500,4.0630,-104.457,107.950,103.199,True,1.6226,-0.003912,-0.000003,RECONSTRUCTED,constrained_tps
-3.8625,4.2500,4.0639,-98.107,107.950,103.224,True,1.8726,-0.003578,-0.000004,RECONSTRUCTED,constrained_tps
-3.6125,4.2500,4.0648,-91.757,107.950,103.246,True,2.1226,-0.003305,-0.000004,RECONSTRUCTED,constrained_tps
-3.3625,4.2500,4.0656,-85.407,107.950,103.267,True,2.3726,-0.003078,-0.000004,RECONSTRUCTED,constrained_tps
-3.1125,4.2500,4.0664,-79.057,107.950,103.285,True,2.6226,-0.002887,-0.000003,RECONSTRUCTED,constrained_tps
-2.8625,4.2500,4.0670,-72.707,107.950,103.302,True,2.8726,-0.002727,-0.000002,RECONSTRUCTED,constrained_tps
-2.6125,4.2500,4.0676,-66.357,107.950,103.317,True,3.1226,-0.002590,-0.000001,RECONSTRUCTED,constrained_tps
-2.3625,4.2500,4.0681,-60.007,107.950,103.331,True,3.3726,-0.002472,0.000000,RECONSTRUCTED,constrained_tps
-2.1125,4.2500,4.0686,-53.657,107.950,103.342,True,3.6226,-0.002371,0.000001,RECONSTRUCTED,constrained_tps
-1.8625,4.2500,4.0690,-47.307,107.950,103.352,True,3.8726,-0.002283,0.000002,RECONSTRUCTED,constrained_tps
-1.6125,4.2500,4.0693,-40.957,107.950,103.360,True,4.1226,-0.002207,0.000002,RECONSTRUCTED,constrained_tps
-1.3625,4.2500,4.0696,-34.608,107.950,103.367,True,4.3726,-0.002143,0.000002,RECONSTRUCTED,constrained_tps
-1.1125,4.2500,4.0698,-28.258,107.950,103.372,True,4.6226,-0.002089,0.000002,RECONSTRUCTED,constrained_tps
-0.8625,4.2500,4.0699,-21.907,107.950,103.376,True,4.8726,-0.002046,0.000002,RECONSTRUCTED,constrained_tps
-0.6125,4.2500,4.0701,-15.558,107.950,103.379,True,5.1226,-0.002013,0.000002,RECONSTRUCTED,constrained_tps
-0.3625,4.2500,4.0701,-9.207,107.950,103.381,True,5.3726,-0.001992,0.000002,RECONSTRUCTED,constrained_tps
-0.1125,4.2500,4.0702,-2.857,107.950,103.382,True,5.6226,-0.001981,0.000002,RECONSTRUCTED,constrained_tps
0.1375,4.2500,4.0702,3.493,107.950,103.382,True,5.5976,-0.001982,0.000002,RECONSTRUCTED,constrained_tps
0.3875,4.2500,4.0701,9.842,107.950,103.381,True,5.3476,-0.001993,0.000002,RECONSTRUCTED,constrained_tps
0.6375,4.2500,4.0700,16.192,107.950,103.379,True,5.0976,-0.002015,0.000002,RECONSTRUCTED,constrained_tps
0.8875,4.2500,4.0699,22.542,107.950,103.376,True,4.8476,-0.002048,0.000002,RECONSTRUCTED,constrained_tps
1.1375,4.2500,4.0697,28.892,107.950,103.372,True,4.5976,-0.002092,0.000002,RECONSTRUCTED,constrained_tps
1.3875,4.2500,4.0695,35.242,107.950,103.366,True,4.3476,-0.002146,0.000002,RECONSTRUCTED,constrained_tps
1.6375,4.2500,4.0693,41.592,107.950,103.359,True,4.0976,-0.002212,0.000002,RECONSTRUCTED,constrained_tps
1.8875,4.2500,4.0689,47.942,107.950,103.351,True,3.8476,-0.002288,0.000001,RECONSTRUCTED,constrained_tps
2.1375,4.2500,4.0685,54.293,107.950,103.341,True,3.5976,-0.002377,0.000001,RECONSTRUCTED,constrained_tps
2.3875,4.2500,4.0681,60.642,107.950,103.329,True,3.3476,-0.002480,0.000000,RECONSTRUCTED,constrained_tps
2.6375,4.2500,4.0675,66.993,107.950,103.315,True,3.0976,-0.002599,-0.000001,RECONSTRUCTED,constrained_tps
2.8875,4.2500,4.0669,73.343,107.950,103.300,True,2.8476,-0.002738,-0.000002,RECONSTRUCTED,constrained_tps
3.1375,4.2500,4.0663,79.692,107.950,103.283,True,2.5976,-0.002901,-0.000003,RECONSTRUCTED,constrained_tps
3.3875,4.2500,4.0655,86.043,107.950,103.264,True,2.3476,-0.003095,-0.000004,RECONSTRUCTED,constrained_tps
3.6375,4.2500,4.0647,92.392,107.950,103.243,True,2.0976,-0.003327,-0.000004,RECONSTRUCTED,constrained_tps
3.8875,4.2500,4.0638,98.742,107.950,103.221,True,1.8476,-0.003606,-0.000004,RECONSTRUCTED,constrained_tps
4.1375,4.2500,4.0628,105.093,107.950,103.196,True,1.5976,-0.003947,-0.000003,RECONSTRUCTED,constrained_tps
4.3875,4.2500,4.0618,111.442,107.950,103.170,True,1.3476,-0.004376,0.000000,RECONSTRUCTED,constrained_tps
4.6375,4.2500,4.0607,117.793,107.950,103.141,True,1.0976,-0.004946,0.000005,RECONSTRUCTED,constrained_tps
4.8875,4.2500,4.0595,124.142,107.950,103.110,True,0.8476,-0.005781,0.000013,RECONSTRUCTED,constrained_tps
5.1375,4.2500,4.0581,130.493,107.950,103.076,True,0.5976,-0.007179,0.000031,RECONSTRUCTED,constrained_tps
5.3875,4.2500,4.0566,136.843,107.950,103.038,True,0.3476,,,RECONSTRUCTED,constrained_tps
5.6375,4.2500,4.0547,143.192,107.950,102.991,True,0.0976,,,RIM_BOUNDARY,constrained_tps
-5.6125,4.5000,4.0756,-142.557,114.300,103.519,True,0.0853,,,RIM_BOUNDARY,constrained_tps
-5.3625,4.5000,4.0773,-136.207,114.300,103.564,True,0.3353,,,RECONSTRUCTED,constrained_tps
-5.1125,4.5000,4.0788,-129.857,114.300,103.601,True,0.5853,-0.007437,0.000041,RECONSTRUCTED,constrained_tps
-4.8625,4.5000,4.0800,-123.507,114.300,103.632,True,0.8353,-0.006248,0.000024,RECONSTRUCTED,constrained_tps
-4.6125,4.5000,4.0811,-117.157,114.300,103.659,True,1.0853,-0.005450,0.000014,RECONSTRUCTED,constrained_tps
-4.3625,4.5000,4.0820,-110.807,114.300,103.684,True,1.3353,-0.004852,0.000008,RECONSTRUCTED,constrained_tps
-4.1125,4.5000,4.0829,-104.457,114.300,103.705,True,1.5853,-0.004378,0.000003,RECONSTRUCTED,constrained_tps
-3.8625,4.5000,4.0836,-98.107,114.300,103.725,True,1.8353,-0.003990,0.000001,RECONSTRUCTED,constrained_tps
-3.6125,4.5000,4.0843,-91.757,114.300,103.742,True,2.0853,-0.003667,-0.000001,RECONSTRUCTED,constrained_tps
-3.3625,4.5000,4.0850,-85.407,114.300,103.758,True,2.3353,-0.003395,-0.000001,RECONSTRUCTED,constrained_tps
-3.1125,4.5000,4.0855,-79.057,114.300,103.772,True,2.5853,-0.003166,-0.000001,RECONSTRUCTED,constrained_tps
-2.8625,4.5000,4.0860,-72.707,114.300,103.785,True,2.8353,-0.002972,-0.000001,RECONSTRUCTED,constrained_tps
-2.6125,4.5000,4.0865,-66.357,114.300,103.797,True,3.0853,-0.002807,0.000000,RECONSTRUCTED,constrained_tps
-2.3625,4.5000,4.0869,-60.007,114.300,103.807,True,3.3353,-0.002667,0.000001,RECONSTRUCTED,constrained_tps
-2.1125,4.5000,4.0872,-53.657,114.300,103.815,True,3.5853,-0.002547,0.000001,RECONSTRUCTED,constrained_tps
-1.8625,4.5000,4.0875,-47.307,114.300,103.823,True,3.8353,-0.002445,0.000001,RECONSTRUCTED,constrained_tps
-1.6125,4.5000,4.0878,-40.957,114.300,103.829,True,4.0853,-0.002358,0.000002,RECONSTRUCTED,constrained_tps
-1.3625,4.5000,4.0880,-34.608,114.300,103.834,True,4.3353,-0.002286,0.000002,RECONSTRUCTED,constrained_tps
-1.1125,4.5000,4.0881,-28.258,114.300,103.838,True,4.5853,-0.002226,0.000002,RECONSTRUCTED,constrained_tps
-0.8625,4.5000,4.0882,-21.907,114.300,103.841,True,4.8353,-0.002179,0.000002,RECONSTRUCTED,constrained_tps
-0.6125,4.5000,4.0883,-15.558,114.300,103.844,True,5.0853,-0.002144,0.000002,RECONSTRUCTED,constrained_tps
-0.3625,4.5000,4.0884,-9.207,114.300,103.845,True,5.3353,-0.002121,0.000002,RECONSTRUCTED,constrained_tps
-0.1125,4.5000,4.0884,-2.857,114.300,103.846,True,5.5853,-0.002110,0.000002,RECONSTRUCTED,constrained_tps
0.1375,4.5000,4.0884,3.493,114.300,103.846,True,5.5603,-0.002110,0.000002,RECONSTRUCTED,constrained_tps
0.3875,4.5000,4.0884,9.842,114.300,103.845,True,5.3103,-0.002122,0.000002,RECONSTRUCTED,constrained_tps
0.6375,4.5000,4.0883,16.192,114.300,103.843,True,5.0603,-0.002146,0.000002,RECONSTRUCTED,constrained_tps
0.8875,4.5000,4.0882,22.542,114.300,103.841,True,4.8103,-0.002182,0.000002,RECONSTRUCTED,constrained_tps
1.1375,4.5000,4.0881,28.892,114.300,103.838,True,4.5603,-0.002230,0.000002,RECONSTRUCTED,constrained_tps
1.3875,4.5000,4.0879,35.242,114.300,103.833,True,4.3103,-0.002291,0.000002,RECONSTRUCTED,constrained_tps
1.6375,4.5000,4.0877,41.592,114.300,103.828,True,4.0603,-0.002364,0.000002,RECONSTRUCTED,constrained_tps
1.8875,4.5000,4.0875,47.942,114.300,103.822,True,3.8103,-0.002452,0.000001,RECONSTRUCTED,constrained_tps
2.1375,4.5000,4.0872,54.293,114.300,103.814,True,3.5603,-0.002556,0.000001,RECONSTRUCTED,constrained_tps
2.3875,4.5000,4.0868,60.642,114.300,103.805,True,3.3103,-0.002677,0.000001,RECONSTRUCTED,constrained_tps
2.6375,4.5000,4.0864,66.993,114.300,103.795,True,3.0603,-0.002820,-0.000000,RECONSTRUCTED,constrained_tps
2.8875,4.5000,4.0860,73.343,114.300,103.783,True,2.8103,-0.002987,-0.000001,RECONSTRUCTED,constrained_tps
3.1375,4.5000,4.0854,79.692,114.300,103.770,True,2.5603,-0.003184,-0.000001,RECONSTRUCTED,constrained_tps
3.3875,4.5000,4.0849,86.043,114.300,103.756,True,2.3103,-0.003417,-0.000001,RECONSTRUCTED,constrained_tps
3.6375,4.5000,4.0842,92.392,114.300,103.740,True,2.0603,-0.003694,-0.000001,RECONSTRUCTED,constrained_tps
3.8875,4.5000,4.0835,98.742,114.300,103.722,True,1.8103,-0.004023,0.000001,RECONSTRUCTED,constrained_tps
4.1375,4.5000,4.0828,105.093,114.300,103.703,True,1.5603,-0.004419,0.000004,RECONSTRUCTED,constrained_tps
4.3875,4.5000,4.0819,111.442,114.300,103.681,True,1.3103,-0.004903,0.000008,RECONSTRUCTED,constrained_tps
4.6375,4.5000,4.0810,117.793,114.300,103.656,True,1.0603,-0.005517,0.000015,RECONSTRUCTED,constrained_tps
4.8875,4.5000,4.0799,124.142,114.300,103.629,True,0.8103,-0.006342,0.000026,RECONSTRUCTED,constrained_tps
5.1375,4.5000,4.0786,130.493,114.300,103.597,True,0.5603,-0.007599,0.000043,RECONSTRUCTED,constrained_tps
5.3875,4.5000,4.0772,136.843,114.300,103.560,True,0.3103,,,RECONSTRUCTED,constrained_tps
5.6375,4.5000,4.0753,143.192,114.300,103.514,True,0.0603,,,RIM_BOUNDARY,constrained_tps
-5.6125,4.7500,4.0950,-142.557,120.650,104.013,True,0.0373,,,RIM_BOUNDARY,constrained_tps
-5.3625,4.7500,4.0970,-136.207,120.650,104.063,True,0.2873,,,RECONSTRUCTED,constrained_tps
-5.1125,4.7500,4.0985,-129.857,120.650,104.102,True,0.5373,-0.007539,0.000050,RECONSTRUCTED,constrained_tps
-4.8625,4.7500,4.0998,-123.507,120.650,104.134,True,0.7873,-0.006617,0.000035,RECONSTRUCTED,constrained_tps
-4.6125,4.7500,4.1008,-117.157,120.650,104.160,True,1.0373,-0.005883,0.000024,RECONSTRUCTED,constrained_tps
-4.3625,4.7500,4.1016,-110.807,120.650,104.181,True,1.2873,-0.005279,0.000015,RECONSTRUCTED,constrained_tps
-4.1125,4.7500,4.1023,-104.457,120.650,104.199,True,1.5373,-0.004773,0.000009,RECONSTRUCTED,constrained_tps
-3.8625,4.7500,4.1029,-98.107,120.650,104.215,True,1.7873,-0.004344,0.000005,RECONSTRUCTED,constrained_tps
-3.6125,4.7500,4.1035,-91.757,120.650,104.228,True,2.0373,-0.003981,0.000002,RECONSTRUCTED,constrained_tps
-3.3625,4.7500,4.1039,-85.407,120.650,104.240,True,2.2873,-0.003673,0.000001,RECONSTRUCTED,constrained_tps
-3.1125,4.7500,4.1044,-79.057,120.650,104.251,True,2.5373,-0.003411,0.000000,RECONSTRUCTED,constrained_tps
-2.8625,4.7500,4.1047,-72.707,120.650,104.260,True,2.7873,-0.003190,0.000000,RECONSTRUCTED,constrained_tps
-2.6125,4.7500,4.1051,-66.357,120.650,104.268,True,3.0373,-0.003002,0.000001,RECONSTRUCTED,constrained_tps
-2.3625,4.7500,4.1053,-60.007,120.650,104.276,True,3.2873,-0.002842,0.000001,RECONSTRUCTED,constrained_tps
-2.1125,4.7500,4.1056,-53.657,120.650,104.282,True,3.5373,-0.002707,0.000001,RECONSTRUCTED,constrained_tps
-1.8625,4.7500,4.1058,-47.307,120.650,104.287,True,3.7873,-0.002593,0.000001,RECONSTRUCTED,constrained_tps
-1.6125,4.7500,4.1060,-40.957,120.650,104.292,True,4.0373,-0.002496,0.000001,RECONSTRUCTED,constrained_tps
-1.3625,4.7500,4.1061,-34.608,120.650,104.295,True,4.2873,-0.002417,0.000001,RECONSTRUCTED,constrained_tps
-1.1125,4.7500,4.1062,-28.258,120.650,104.298,True,4.5373,-0.002352,0.000001,RECONSTRUCTED,constrained_tps
-0.8625,4.7500,4.1063,-21.907,120.650,104.300,True,4.7873,-0.002301,0.000001,RECONSTRUCTED,constrained_tps
-0.6125,4.7500,4.1064,-15.558,120.650,104.302,True,5.0373,-0.002263,0.000001,RECONSTRUCTED,constrained_tps
-0.3625,4.7500,4.1064,-9.207,120.650,104.303,True,5.2873,-0.002239,0.000001,RECONSTRUCTED,constrained_tps
-0.1125,4.7500,4.1064,-2.857,120.650,104.303,True,5.5373,-0.002227,0.000001,RECONSTRUCTED,constrained_tps
0.1375,4.7500,4.1064,3.493,120.650,104.303,True,5.5123,-0.002227,0.000001,RECONSTRUCTED,constrained_tps
0.3875,4.7500,4.1064,9.842,120.650,104.303,True,5.2623,-0.002240,0.000001,RECONSTRUCTED,constrained_tps
0.6375,4.7500,4.1064,16.192,120.650,104.302,True,5.0123,-0.002266,0.000001,RECONSTRUCTED,constrained_tps
0.8875,4.7500,4.1063,22.542,120.650,104.300,True,4.7623,-0.002304,0.000001,RECONSTRUCTED,constrained_tps
1.1375,4.7500,4.1062,28.892,120.650,104.297,True,4.5123,-0.002356,0.000001,RECONSTRUCTED,constrained_tps
1.3875,4.7500,4.1061,35.242,120.650,104.294,True,4.2623,-0.002422,0.000001,RECONSTRUCTED,constrained_tps
1.6375,4.7500,4.1059,41.592,120.650,104.291,True,4.0123,-0.002503,0.000001,RECONSTRUCTED,constrained_tps
1.8875,4.7500,4.1058,47.942,120.650,104.286,True,3.7623,-0.002601,0.000001,RECONSTRUCTED,constrained_tps
2.1375,4.7500,4.1055,54.293,120.650,104.281,True,3.5123,-0.002717,0.000001,RECONSTRUCTED,constrained_tps
2.3875,4.7500,4.1053,60.642,120.650,104.274,True,3.2623,-0.002855,0.000001,RECONSTRUCTED,constrained_tps
2.6375,4.7500,4.1050,66.993,120.650,104.267,True,3.0123,-0.003017,0.000000,RECONSTRUCTED,constrained_tps
2.8875,4.7500,4.1047,73.343,120.650,104.259,True,2.7623,-0.003208,0.000000,RECONSTRUCTED,constrained_tps
3.1375,4.7500,4.1043,79.692,120.650,104.249,True,2.5123,-0.003433,0.000000,RECONSTRUCTED,constrained_tps
3.3875,4.7500,4.1039,86.043,120.650,104.238,True,2.2623,-0.003699,0.000001,RECONSTRUCTED,constrained_tps
3.6375,4.7500,4.1034,92.392,120.650,104.226,True,2.0123,-0.004012,0.000002,RECONSTRUCTED,constrained_tps
3.8875,4.7500,4.1029,98.742,120.650,104.213,True,1.7623,-0.004381,0.000005,RECONSTRUCTED,constrained_tps
4.1375,4.7500,4.1022,105.093,120.650,104.197,True,1.5123,-0.004817,0.000009,RECONSTRUCTED,constrained_tps
4.3875,4.7500,4.1015,111.442,120.650,104.179,True,1.2623,-0.005333,0.000016,RECONSTRUCTED,constrained_tps
4.6375,4.7500,4.1007,117.793,120.650,104.157,True,1.0123,-0.005948,0.000025,RECONSTRUCTED,constrained_tps
4.8875,4.7500,4.0996,124.142,120.650,104.131,True,0.7623,-0.006699,0.000037,RECONSTRUCTED,constrained_tps
5.1375,4.7500,4.0984,130.493,120.650,104.099,True,0.5123,-0.007645,0.000052,RECONSTRUCTED,constrained_tps
5.3875,4.7500,4.0968,136.843,120.650,104.058,True,0.2623,,,RECONSTRUCTED,constrained_tps
5.6375,4.7500,4.0948,143.192,120.650,104.007,True,0.0123,,,RIM_BOUNDARY,constrained_tps
-5.3625,5.0000,4.1160,-136.207,127.000,104.546,True,0.2471,,,RECONSTRUCTED,constrained_tps
-5.1125,5.0000,4.1176,-129.857,127.000,104.588,True,0.4971,,,RECONSTRUCTED,constrained_tps
-4.8625,5.0000,4.1189,-123.507,127.000,104.620,True,0.7471,-0.006774,0.000041,RECONSTRUCTED,constrained_tps
-4.6125,5.0000,4.1199,-117.157,127.000,104.645,True,0.9971,-0.006191,0.000030,RECONSTRUCTED,constrained_tps
-4.3625,5.0000,4.1207,-110.807,127.000,104.665,True,1.2471,-0.005615,0.000021,RECONSTRUCTED,constrained_tps
-4.1125,5.0000,4.1213,-104.457,127.000,104.680,True,1.4971,-0.005092,0.000013,RECONSTRUCTED,constrained_tps
-3.8625,5.0000,4.1218,-98.107,127.000,104.693,True,1.7471,-0.004635,0.000008,RECONSTRUCTED,constrained_tps
-3.6125,5.0000,4.1222,-91.757,127.000,104.703,True,1.9971,-0.004241,0.000005,RECONSTRUCTED,constrained_tps
-3.3625,5.0000,4.1225,-85.407,127.000,104.712,True,2.2471,-0.003905,0.000003,RECONSTRUCTED,constrained_tps
-3.1125,5.0000,4.1228,-79.057,127.000,104.719,True,2.4971,-0.003618,0.000002,RECONSTRUCTED,constrained_tps
-2.8625,5.0000,4.1231,-72.707,127.000,104.726,True,2.7471,-0.003375,0.000001,RECONSTRUCTED,constrained_tps
-2.6125,5.0000,4.1233,-66.357,127.000,104.731,True,2.9971,-0.003169,0.000001,RECONSTRUCTED,constrained_tps
-2.3625,5.0000,4.1235,-60.007,127.000,104.736,True,3.2471,-0.002994,0.000001,RECONSTRUCTED,constrained_tps
-2.1125,5.0000,4.1236,-53.657,127.000,104.740,True,3.4971,-0.002847,0.000001,RECONSTRUCTED,constrained_tps
-1.8625,5.0000,4.1238,-47.307,127.000,104.744,True,3.7471,-0.002722,0.000001,RECONSTRUCTED,constrained_tps
-1.6125,5.0000,4.1239,-40.957,127.000,104.747,True,3.9971,-0.002618,0.000001,RECONSTRUCTED,constrained_tps
-1.3625,5.0000,4.1240,-34.608,127.000,104.749,True,4.2471,-0.002533,0.000001,RECONSTRUCTED,constrained_tps
-1.1125,5.0000,4.1241,-28.258,127.000,104.751,True,4.4971,-0.002464,0.000001,RECONSTRUCTED,constrained_tps
-0.8625,5.0000,4.1241,-21.907,127.000,104.752,True,4.7471,-0.002410,0.000001,RECONSTRUCTED,constrained_tps
-0.6125,5.0000,4.1241,-15.558,127.000,104.753,True,4.9971,-0.002370,0.000001,RECONSTRUCTED,constrained_tps
-0.3625,5.0000,4.1242,-9.207,127.000,104.754,True,5.2471,-0.002344,0.000001,RECONSTRUCTED,constrained_tps
-0.1125,5.0000,4.1242,-2.857,127.000,104.754,True,5.4971,-0.002331,0.000001,RECONSTRUCTED,constrained_tps
0.1375,5.0000,4.1242,3.493,127.000,104.754,True,5.4721,-0.002332,0.000001,RECONSTRUCTED,constrained_tps
0.3875,5.0000,4.1242,9.842,127.000,104.754,True,5.2221,-0.002345,0.000001,RECONSTRUCTED,constrained_tps
0.6375,5.0000,4.1241,16.192,127.000,104.753,True,4.9721,-0.002372,0.000001,RECONSTRUCTED,constrained_tps
0.8875,5.0000,4.1241,22.542,127.000,104.752,True,4.7221,-0.002413,0.000001,RECONSTRUCTED,constrained_tps
1.1375,5.0000,4.1240,28.892,127.000,104.750,True,4.4721,-0.002469,0.000001,RECONSTRUCTED,constrained_tps
1.3875,5.0000,4.1240,35.242,127.000,104.748,True,4.2221,-0.002539,0.000001,RECONSTRUCTED,constrained_tps
1.6375,5.0000,4.1239,41.592,127.000,104.746,True,3.9721,-0.002626,0.000001,RECONSTRUCTED,constrained_tps
1.8875,5.0000,4.1237,47.942,127.000,104.743,True,3.7221,-0.002732,0.000001,RECONSTRUCTED,constrained_tps
2.1375,5.0000,4.1236,54.293,127.000,104.739,True,3.4721,-0.002858,0.000001,RECONSTRUCTED,constrained_tps
2.3875,5.0000,4.1234,60.642,127.000,104.735,True,3.2221,-0.003008,0.000001,RECONSTRUCTED,constrained_tps
2.6375,5.0000,4.1232,66.993,127.000,104.730,True,2.9721,-0.003186,0.000001,RECONSTRUCTED,constrained_tps
2.8875,5.0000,4.1230,73.343,127.000,104.725,True,2.7221,-0.003395,0.000001,RECONSTRUCTED,constrained_tps
3.1375,5.0000,4.1228,79.692,127.000,104.718,True,2.4721,-0.003643,0.000002,RECONSTRUCTED,constrained_tps
3.3875,5.0000,4.1225,86.043,127.000,104.711,True,2.2221,-0.003934,0.000003,RECONSTRUCTED,constrained_tps
3.6375,5.0000,4.1221,92.392,127.000,104.702,True,1.9721,-0.004276,0.000005,RECONSTRUCTED,constrained_tps
3.8875,5.0000,4.1217,98.742,127.000,104.691,True,1.7221,-0.004676,0.000008,RECONSTRUCTED,constrained_tps
4.1375,5.0000,4.1212,105.093,127.000,104.678,True,1.4721,-0.005140,0.000014,RECONSTRUCTED,constrained_tps
4.3875,5.0000,4.1206,111.442,127.000,104.663,True,1.2221,-0.005669,0.000021,RECONSTRUCTED,constrained_tps
4.6375,5.0000,4.1198,117.793,127.000,104.643,True,0.9721,-0.006249,0.000031,RECONSTRUCTED,constrained_tps
4.8875,5.0000,4.1188,124.142,127.000,104.617,True,0.7221,-0.006827,0.000042,RECONSTRUCTED,constrained_tps
5.1375,5.0000,4.1175,130.493,127.000,104.584,True,0.4721,,,RECONSTRUCTED,constrained_tps
5.3875,5.0000,4.1158,136.843,127.000,104.541,True,0.2221,,,RECONSTRUCTED,constrained_tps
-5.3625,5.2500,4.1346,-136.207,133.350,105.018,True,0.2070,,,RECONSTRUCTED,constrained_tps
-5.1125,5.2500,4.1362,-129.857,133.350,105.061,True,0.4570,,,RECONSTRUCTED,constrained_tps
-4.8625,5.2500,4.1375,-123.507,133.350,105.093,True,0.7070,-0.006931,0.000044,RECONSTRUCTED,constrained_tps
-4.6125,5.2500,4.1385,-117.157,133.350,105.117,True,0.9570,-0.006438,0.000034,RECONSTRUCTED,constrained_tps
-4.3625,5.2500,4.1392,-110.807,133.350,105.135,True,1.2070,-0.005874,0.000024,RECONSTRUCTED,constrained_tps
-4.1125,5.2500,4.1397,-104.457,133.350,105.148,True,1.4570,-0.005338,0.000016,RECONSTRUCTED,constrained_tps
-3.8625,5.2500,4.1401,-98.107,133.350,105.158,True,1.7070,-0.004859,0.000010,RECONSTRUCTED,constrained_tps
-3.6125,5.2500,4.1404,-91.757,133.350,105.166,True,1.9570,-0.004443,0.000006,RECONSTRUCTED,constrained_tps
-3.3625,5.2500,4.1406,-85.407,133.350,105.172,True,2.2070,-0.004087,0.000004,RECONSTRUCTED,constrained_tps
-3.1125,5.2500,4.1408,-79.057,133.350,105.177,True,2.4570,-0.003783,0.000002,RECONSTRUCTED,constrained_tps
-2.8625,5.2500,4.1410,-72.707,133.350,105.182,True,2.7070,-0.003525,0.000002,RECONSTRUCTED,constrained_tps
-2.6125,5.2500,4.1411,-66.357,133.350,105.185,True,2.9570,-0.003305,0.000001,RECONSTRUCTED,constrained_tps
-2.3625,5.2500,4.1413,-60.007,133.350,105.188,True,3.2070,-0.003120,0.000001,RECONSTRUCTED,constrained_tps
-2.1125,5.2500,4.1414,-53.657,133.350,105.190,True,3.4570,-0.002964,0.000001,RECONSTRUCTED,constrained_tps
-1.8625,5.2500,4.1414,-47.307,133.350,105.192,True,3.7070,-0.002832,0.000001,RECONSTRUCTED,constrained_tps
-1.6125,5.2500,4.1415,-40.957,133.350,105.194,True,3.9570,-0.002723,0.000001,RECONSTRUCTED,constrained_tps
-1.3625,5.2500,4.1416,-34.608,133.350,105.195,True,4.2070,-0.002633,0.000001,RECONSTRUCTED,constrained_tps
-1.1125,5.2500,4.1416,-28.258,133.350,105.196,True,4.4570,-0.002561,0.000001,RECONSTRUCTED,constrained_tps
-0.8625,5.2500,4.1416,-21.907,133.350,105.197,True,4.7070,-0.002504,0.000001,RECONSTRUCTED,constrained_tps
-0.6125,5.2500,4.1416,-15.558,133.350,105.198,True,4.9570,-0.002463,0.000001,RECONSTRUCTED,constrained_tps
-0.3625,5.2500,4.1417,-9.207,133.350,105.198,True,5.2070,-0.002436,0.000001,RECONSTRUCTED,constrained_tps
-0.1125,5.2500,4.1417,-2.857,133.350,105.198,True,5.4570,-0.002423,0.000001,RECONSTRUCTED,constrained_tps
0.1375,5.2500,4.1417,3.493,133.350,105.198,True,5.4320,-0.002424,0.000001,RECONSTRUCTED,constrained_tps
0.3875,5.2500,4.1416,9.842,133.350,105.198,True,5.1820,-0.002438,0.000001,RECONSTRUCTED,constrained_tps
0.6375,5.2500,4.1416,16.192,133.350,105.197,True,4.9320,-0.002466,0.000001,RECONSTRUCTED,constrained_tps
0.8875,5.2500,4.1416,22.542,133.350,105.197,True,4.6820,-0.002508,0.000001,RECONSTRUCTED,constrained_tps
1.1375,5.2500,4.1416,28.892,133.350,105.196,True,4.4320,-0.002566,0.000001,RECONSTRUCTED,constrained_tps
1.3875,5.2500,4.1415,35.242,133.350,105.195,True,4.1820,-0.002640,0.000001,RECONSTRUCTED,constrained_tps
1.6375,5.2500,4.1415,41.592,133.350,105.194,True,3.9320,-0.002731,0.000001,RECONSTRUCTED,constrained_tps
1.8875,5.2500,4.1414,47.942,133.350,105.192,True,3.6820,-0.002843,0.000001,RECONSTRUCTED,constrained_tps
2.1375,5.2500,4.1413,54.293,133.350,105.190,True,3.4320,-0.002976,0.000001,RECONSTRUCTED,constrained_tps
2.3875,5.2500,4.1412,60.642,133.350,105.187,True,3.1820,-0.003135,0.000001,RECONSTRUCTED,constrained_tps
2.6375,5.2500,4.1411,66.993,133.350,105.184,True,2.9320,-0.003324,0.000001,RECONSTRUCTED,constrained_tps
2.8875,5.2500,4.1410,73.343,133.350,105.181,True,2.6820,-0.003546,0.000002,RECONSTRUCTED,constrained_tps
3.1375,5.2500,4.1408,79.692,133.350,105.176,True,2.4320,-0.003809,0.000003,RECONSTRUCTED,constrained_tps
3.3875,5.2500,4.1406,86.043,133.350,105.171,True,2.1820,-0.004118,0.000004,RECONSTRUCTED,constrained_tps
3.6375,5.2500,4.1404,92.392,133.350,105.165,True,1.9320,-0.004480,0.000007,RECONSTRUCTED,constrained_tps
3.8875,5.2500,4.1400,98.742,133.350,105.157,True,1.6820,-0.004902,0.000011,RECONSTRUCTED,constrained_tps
4.1375,5.2500,4.1396,105.093,133.350,105.146,True,1.4320,-0.005387,0.000017,RECONSTRUCTED,constrained_tps
4.3875,5.2500,4.1391,111.442,133.350,105.133,True,1.1820,-0.005928,0.000025,RECONSTRUCTED,constrained_tps
4.6375,5.2500,4.1384,117.793,133.350,105.114,True,0.9320,-0.006492,0.000035,RECONSTRUCTED,constrained_tps
4.8875,5.2500,4.1374,124.142,133.350,105.090,True,0.6820,-0.006966,0.000045,RECONSTRUCTED,constrained_tps
5.1375,5.2500,4.1361,130.493,133.350,105.057,True,0.4320,,,RECONSTRUCTED,constrained_tps
5.3875,5.2500,4.1344,136.843,133.350,105.013,True,0.1820,,,RECONSTRUCTED,constrained_tps
-5.3625,5.5000,4.1527,-136.207,139.700,105.479,True,0.1669,,,RECONSTRUCTED,constrained_tps
-5.1125,5.5000,4.1544,-129.857,139.700,105.521,True,0.4169,,,RECONSTRUCTED,constrained_tps
-4.8625,5.5000,4.1556,-123.507,139.700,105.552,True,0.6669,-0.007263,0.000048,RECONSTRUCTED,constrained_tps
-4.6125,5.5000,4.1565,-117.157,139.700,105.574,True,0.9169,-0.006673,0.000036,RECONSTRUCTED,constrained_tps
-4.3625,5.5000,4.1571,-110.807,139.700,105.590,True,1.1669,-0.006072,0.000026,RECONSTRUCTED,constrained_tps
-4.1125,5.5000,4.1576,-104.457,139.700,105.602,True,1.4169,-0.005512,0.000018,RECONSTRUCTED,constrained_tps
-3.8625,5.5000,4.1579,-98.107,139.700,105.610,True,1.6669,-0.005015,0.000012,RECONSTRUCTED,constrained_tps
-3.6125,5.5000,4.1581,-91.757,139.700,105.617,True,1.9169,-0.004585,0.000008,RECONSTRUCTED,constrained_tps
-3.3625,5.5000,4.1583,-85.407,139.700,105.621,True,2.1669,-0.004216,0.000005,RECONSTRUCTED,constrained_tps
-3.1125,5.5000,4.1584,-79.057,139.700,105.624,True,2.4169,-0.003902,0.000003,RECONSTRUCTED,constrained_tps
-2.8625,5.5000,4.1585,-72.707,139.700,105.627,True,2.6669,-0.003635,0.000002,RECONSTRUCTED,constrained_tps
-2.6125,5.5000,4.1586,-66.357,139.700,105.629,True,2.9169,-0.003409,0.000001,RECONSTRUCTED,constrained_tps
-2.3625,5.5000,4.1587,-60.007,139.700,105.630,True,3.1669,-0.003218,0.000001,RECONSTRUCTED,constrained_tps
-2.1125,5.5000,4.1587,-53.657,139.700,105.631,True,3.4169,-0.003056,0.000001,RECONSTRUCTED,constrained_tps
-1.8625,5.5000,4.1588,-47.307,139.700,105.632,True,3.6669,-0.002921,0.000001,RECONSTRUCTED,constrained_tps
-1.6125,5.5000,4.1588,-40.957,139.700,105.633,True,3.9169,-0.002809,0.000000,RECONSTRUCTED,constrained_tps
-1.3625,5.5000,4.1588,-34.608,139.700,105.633,True,4.1669,-0.002716,0.000000,RECONSTRUCTED,constrained_tps
-1.1125,5.5000,4.1588,-28.258,139.700,105.634,True,4.4169,-0.002642,0.000000,RECONSTRUCTED,constrained_tps
-0.8625,5.5000,4.1588,-21.907,139.700,105.634,True,4.6669,-0.002584,0.000000,RECONSTRUCTED,constrained_tps
-0.6125,5.5000,4.1588,-15.558,139.700,105.634,True,4.9169,-0.002542,0.000000,RECONSTRUCTED,constrained_tps
-0.3625,5.5000,4.1588,-9.207,139.700,105.634,True,5.1669,-0.002515,0.000000,RECONSTRUCTED,constrained_tps
-0.1125,5.5000,4.1588,-2.857,139.700,105.634,True,5.4169,-0.002501,0.000000,RECONSTRUCTED,constrained_tps
0.1375,5.5000,4.1588,3.493,139.700,105.634,True,5.3918,-0.002502,0.000000,RECONSTRUCTED,constrained_tps
0.3875,5.5000,4.1588,9.842,139.700,105.634,True,5.1418,-0.002516,0.000000,RECONSTRUCTED,constrained_tps
0.6375,5.5000,4.1588,16.192,139.700,105.634,True,4.8918,-0.002545,0.000000,RECONSTRUCTED,constrained_tps
0.8875,5.5000,4.1588,22.542,139.700,105.634,True,4.6418,-0.002589,0.000000,RECONSTRUCTED,constrained_tps
1.1375,5.5000,4.1588,28.892,139.700,105.634,True,4.3918,-0.002648,0.000000,RECONSTRUCTED,constrained_tps
1.3875,5.5000,4.1588,35.242,139.700,105.633,True,4.1418,-0.002723,0.000000,RECONSTRUCTED,constrained_tps
1.6375,5.5000,4.1588,41.592,139.700,105.633,True,3.8918,-0.002818,0.000000,RECONSTRUCTED,constrained_tps
1.8875,5.5000,4.1587,47.942,139.700,105.632,True,3.6418,-0.002932,0.000000,RECONSTRUCTED,constrained_tps
2.1375,5.5000,4.1587,54.293,139.700,105.631,True,3.3918,-0.003070,0.000001,RECONSTRUCTED,constrained_tps
2.3875,5.5000,4.1586,60.642,139.700,105.630,True,3.1418,-0.003234,0.000001,RECONSTRUCTED,constrained_tps
2.6375,5.5000,4.1586,66.993,139.700,105.628,True,2.8918,-0.003428,0.000001,RECONSTRUCTED,constrained_tps
2.8875,5.5000,4.1585,73.343,139.700,105.626,True,2.6418,-0.003658,0.000002,RECONSTRUCTED,constrained_tps
3.1375,5.5000,4.1584,79.692,139.700,105.624,True,2.3918,-0.003930,0.000003,RECONSTRUCTED,constrained_tps
3.3875,5.5000,4.1583,86.043,139.700,105.620,True,2.1418,-0.004249,0.000005,RECONSTRUCTED,constrained_tps
3.6375,5.5000,4.1581,92.392,139.700,105.616,True,1.8918,-0.004624,0.000008,RECONSTRUCTED,constrained_tps
3.8875,5.5000,4.1578,98.742,139.700,105.609,True,1.6418,-0.005060,0.000012,RECONSTRUCTED,constrained_tps
4.1375,5.5000,4.1575,105.093,139.700,105.601,True,1.3918,-0.005564,0.000019,RECONSTRUCTED,constrained_tps
4.3875,5.5000,4.1570,111.442,139.700,105.589,True,1.1418,-0.006129,0.000027,RECONSTRUCTED,constrained_tps
4.6375,5.5000,4.1564,117.793,139.700,105.572,True,0.8918,-0.006732,0.000038,RECONSTRUCTED,constrained_tps
4.8875,5.5000,4.1555,124.142,139.700,105.549,True,0.6418,-0.007317,0.000049,RECONSTRUCTED,constrained_tps
5.1375,5.5000,4.1542,130.493,139.700,105.517,True,0.3918,,,RECONSTRUCTED,constrained_tps
5.3875,5.5000,4.1525,136.843,139.700,105.474,True,0.1418,,,RECONSTRUCTED,constrained_tps
-5.3625,5.7500,4.1704,-136.207,146.050,105.928,True,0.1167,,,RIM_BOUNDARY,constrained_tps
-5.1125,5.7500,4.1719,-129.857,146.050,105.967,True,0.3667,,,RECONSTRUCTED,constrained_tps
-4.8625,5.7500,4.1731,-123.507,146.050,105.996,True,0.6167,-0.007611,0.000051,RECONSTRUCTED,constrained_tps
-4.6125,5.7500,4.1739,-117.157,146.050,106.017,True,0.8667,-0.006884,0.000038,RECONSTRUCTED,constrained_tps
-4.3625,5.7500,4.1745,-110.807,146.050,106.031,True,1.1167,-0.006205,0.000027,RECONSTRUCTED,constrained_tps
-4.1125,5.7500,4.1749,-104.457,146.050,106.042,True,1.3667,-0.005612,0.000018,RECONSTRUCTED,constrained_tps
-3.8625,5.7500,4.1752,-98.107,146.050,106.049,True,1.6167,-0.005101,0.000012,RECONSTRUCTED,constrained_tps
-3.6125,5.7500,4.1754,-91.757,146.050,106.054,True,1.8667,-0.004664,0.000008,RECONSTRUCTED,constrained_tps
-3.3625,5.7500,4.1755,-85.407,146.050,106.057,True,2.1167,-0.004292,0.000005,RECONSTRUCTED,constrained_tps
-3.1125,5.7500,4.1756,-79.057,146.050,106.060,True,2.3667,-0.003975,0.000004,RECONSTRUCTED,constrained_tps
-2.8625,5.7500,4.1756,-72.707,146.050,106.061,True,2.6167,-0.003707,0.000002,RECONSTRUCTED,constrained_tps
-2.6125,5.7500,4.1757,-66.357,146.050,106.062,True,2.8667,-0.003479,0.000001,RECONSTRUCTED,constrained_tps
-2.3625,5.7500,4.1757,-60.007,146.050,106.063,True,3.1167,-0.003286,0.000001,RECONSTRUCTED,constrained_tps
-2.1125,5.7500,4.1757,-53.657,146.050,106.063,True,3.3667,-0.003124,0.000001,RECONSTRUCTED,constrained_tps
-1.8625,5.7500,4.1757,-47.307,146.050,106.063,True,3.6167,-0.002988,0.000000,RECONSTRUCTED,constrained_tps
-1.6125,5.7500,4.1757,-40.957,146.050,106.063,True,3.8667,-0.002875,0.000000,RECONSTRUCTED,constrained_tps
-1.3625,5.7500,4.1757,-34.608,146.050,106.063,True,4.1167,-0.002782,0.000000,RECONSTRUCTED,constrained_tps
-1.1125,5.7500,4.1757,-28.258,146.050,106.063,True,4.3667,-0.002707,0.000000,RECONSTRUCTED,constrained_tps
-0.8625,5.7500,4.1757,-21.907,146.050,106.063,True,4.6167,-0.002649,-0.000000,RECONSTRUCTED,constrained_tps
-0.6125,5.7500,4.1757,-15.558,146.050,106.063,True,4.8667,-0.002607,-0.000000,RECONSTRUCTED,constrained_tps
-0.3625,5.7500,4.1757,-9.207,146.050,106.063,True,5.1167,-0.002580,-0.000000,RECONSTRUCTED,constrained_tps
-0.1125,5.7500,4.1757,-2.857,146.050,106.063,True,5.3667,-0.002566,-0.000000,RECONSTRUCTED,constrained_tps
0.1375,5.7500,4.1757,3.493,146.050,106.063,True,5.3417,-0.002567,-0.000000,RECONSTRUCTED,constrained_tps
0.3875,5.7500,4.1757,9.842,146.050,106.063,True,5.0917,-0.002581,-0.000000,RECONSTRUCTED,constrained_tps
0.6375,5.7500,4.1757,16.192,146.050,106.063,True,4.8417,-0.002610,-0.000000,RECONSTRUCTED,constrained_tps
0.8875,5.7500,4.1757,22.542,146.050,106.063,True,4.5917,-0.002654,-0.000000,RECONSTRUCTED,constrained_tps
1.1375,5.7500,4.1757,28.892,146.050,106.063,True,4.3417,-0.002713,0.000000,RECONSTRUCTED,constrained_tps
1.3875,5.7500,4.1757,35.242,146.050,106.063,True,4.0917,-0.002789,0.000000,RECONSTRUCTED,constrained_tps
1.6375,5.7500,4.1757,41.592,146.050,106.063,True,3.8417,-0.002884,0.000000,RECONSTRUCTED,constrained_tps
1.8875,5.7500,4.1757,47.942,146.050,106.063,True,3.5917,-0.002999,0.000000,RECONSTRUCTED,constrained_tps
2.1375,5.7500,4.1757,54.293,146.050,106.062,True,3.3417,-0.003138,0.000001,RECONSTRUCTED,constrained_tps
2.3875,5.7500,4.1757,60.642,146.050,106.062,True,3.0917,-0.003303,0.000001,RECONSTRUCTED,constrained_tps
2.6375,5.7500,4.1756,66.993,146.050,106.061,True,2.8417,-0.003498,0.000001,RECONSTRUCTED,constrained_tps
2.8875,5.7500,4.1756,73.343,146.050,106.060,True,2.5917,-0.003730,0.000002,RECONSTRUCTED,constrained_tps
3.1375,5.7500,4.1755,79.692,146.050,106.059,True,2.3417,-0.004003,0.000004,RECONSTRUCTED,constrained_tps
3.3875,5.7500,4.1755,86.043,146.050,106.057,True,2.0917,-0.004325,0.000006,RECONSTRUCTED,constrained_tps
3.6375,5.7500,4.1753,92.392,146.050,106.053,True,1.8417,-0.004703,0.000009,RECONSTRUCTED,constrained_tps
3.8875,5.7500,4.1751,98.742,146.050,106.048,True,1.5917,-0.005147,0.000013,RECONSTRUCTED,constrained_tps
4.1375,5.7500,4.1748,105.093,146.050,106.041,True,1.3417,-0.005666,0.000019,RECONSTRUCTED,constrained_tps
4.3875,5.7500,4.1744,111.442,146.050,106.030,True,1.0917,-0.006268,0.000028,RECONSTRUCTED,constrained_tps
4.6375,5.7500,4.1738,117.793,146.050,106.015,True,0.8417,-0.006955,0.000039,RECONSTRUCTED,constrained_tps
4.8875,5.7500,4.1730,124.142,146.050,105.993,True,0.5917,-0.007682,0.000052,RECONSTRUCTED,constrained_tps
5.1375,5.7500,4.1718,130.493,146.050,105.963,True,0.3417,,,RECONSTRUCTED,constrained_tps
5.3875,5.7500,4.1702,136.843,146.050,105.923,True,0.0917,,,RIM_BOUNDARY,constrained_tps
-5.3625,6.0000,4.1873,-136.207,152.400,106.358,True,0.0821,,,RIM_BOUNDARY,constrained_tps
-5.1125,6.0000,4.1888,-129.857,152.400,106.397,True,0.3321,,,RECONSTRUCTED,constrained_tps
-4.8625,6.0000,4.1899,-123.507,152.400,106.424,True,0.5821,-0.008026,0.000055,RECONSTRUCTED,constrained_tps
-4.6125,6.0000,4.1907,-117.157,152.400,106.443,True,0.8321,-0.007016,0.000038,RECONSTRUCTED,constrained_tps
-4.3625,6.0000,4.1912,-110.807,152.400,106.457,True,1.0821,-0.006248,0.000026,RECONSTRUCTED,constrained_tps
-4.1125,6.0000,4.1916,-104.457,152.400,106.467,True,1.3321,-0.005628,0.000018,RECONSTRUCTED,constrained_tps
-3.8625,6.0000,4.1919,-98.107,152.400,106.473,True,1.5821,-0.005113,0.000012,RECONSTRUCTED,constrained_tps
-3.6125,6.0000,4.1920,-91.757,152.400,106.478,True,1.8321,-0.004679,0.000008,RECONSTRUCTED,constrained_tps
-3.3625,6.0000,4.1922,-85.407,152.400,106.481,True,2.0821,-0.004312,0.000006,RECONSTRUCTED,constrained_tps
-3.1125,6.0000,4.1922,-79.057,152.400,106.483,True,2.3321,-0.004001,0.000004,RECONSTRUCTED,constrained_tps
-2.8625,6.0000,4.1923,-72.707,152.400,106.484,True,2.5821,-0.003738,0.000002,RECONSTRUCTED,constrained_tps
-2.6125,6.0000,4.1923,-66.357,152.400,106.484,True,2.8321,-0.003515,0.000002,RECONSTRUCTED,constrained_tps
-2.3625,6.0000,4.1923,-60.007,152.400,106.485,True,3.0821,-0.003326,0.000001,RECONSTRUCTED,constrained_tps
-2.1125,6.0000,4.1923,-53.657,152.400,106.485,True,3.3321,-0.003166,0.000001,RECONSTRUCTED,constrained_tps
-1.8625,6.0000,4.1923,-47.307,152.400,106.484,True,3.5821,-0.003032,0.000000,RECONSTRUCTED,constrained_tps
-1.6125,6.0000,4.1923,-40.957,152.400,106.484,True,3.8321,-0.002921,0.000000,RECONSTRUCTED,constrained_tps
-1.3625,6.0000,4.1923,-34.608,152.400,106.484,True,4.0821,-0.002830,0.000000,RECONSTRUCTED,constrained_tps
-1.1125,6.0000,4.1923,-28.258,152.400,106.483,True,4.3321,-0.002756,-0.000000,RECONSTRUCTED,constrained_tps
-0.8625,6.0000,4.1922,-21.907,152.400,106.483,True,4.5821,-0.002699,-0.000000,RECONSTRUCTED,constrained_tps
-0.6125,6.0000,4.1922,-15.558,152.400,106.483,True,4.8321,-0.002658,-0.000000,RECONSTRUCTED,constrained_tps
-0.3625,6.0000,4.1922,-9.207,152.400,106.483,True,5.0821,-0.002631,-0.000000,RECONSTRUCTED,constrained_tps
-0.1125,6.0000,4.1922,-2.857,152.400,106.483,True,5.3321,-0.002617,-0.000000,RECONSTRUCTED,constrained_tps
0.1375,6.0000,4.1922,3.493,152.400,106.483,True,5.3071,-0.002618,-0.000000,RECONSTRUCTED,constrained_tps
0.3875,6.0000,4.1922,9.842,152.400,106.483,True,5.0571,-0.002632,-0.000000,RECONSTRUCTED,constrained_tps
0.6375,6.0000,4.1922,16.192,152.400,106.483,True,4.8071,-0.002661,-0.000000,RECONSTRUCTED,constrained_tps
0.8875,6.0000,4.1922,22.542,152.400,106.483,True,4.5571,-0.002704,-0.000000,RECONSTRUCTED,constrained_tps
1.1375,6.0000,4.1923,28.892,152.400,106.483,True,4.3071,-0.002762,-0.000000,RECONSTRUCTED,constrained_tps
1.3875,6.0000,4.1923,35.242,152.400,106.483,True,4.0571,-0.002837,0.000000,RECONSTRUCTED,constrained_tps
1.6375,6.0000,4.1923,41.592,152.400,106.484,True,3.8071,-0.002930,0.000000,RECONSTRUCTED,constrained_tps
1.8875,6.0000,4.1923,47.942,152.400,106.484,True,3.5571,-0.003043,0.000000,RECONSTRUCTED,constrained_tps
2.1375,6.0000,4.1923,54.293,152.400,106.484,True,3.3071,-0.003180,0.000001,RECONSTRUCTED,constrained_tps
2.3875,6.0000,4.1923,60.642,152.400,106.484,True,3.0571,-0.003342,0.000001,RECONSTRUCTED,constrained_tps
2.6375,6.0000,4.1923,66.993,152.400,106.484,True,2.8071,-0.003534,0.000002,RECONSTRUCTED,constrained_tps
2.8875,6.0000,4.1923,73.343,152.400,106.483,True,2.5571,-0.003761,0.000003,RECONSTRUCTED,constrained_tps
3.1375,6.0000,4.1922,79.692,152.400,106.482,True,2.3071,-0.004029,0.000004,RECONSTRUCTED,constrained_tps
3.3875,6.0000,4.1921,86.043,152.400,106.480,True,2.0571,-0.004345,0.000006,RECONSTRUCTED,constrained_tps
3.6375,6.0000,4.1920,92.392,152.400,106.477,True,1.8071,-0.004718,0.000009,RECONSTRUCTED,constrained_tps
3.8875,6.0000,4.1918,98.742,152.400,106.473,True,1.5571,-0.005159,0.000013,RECONSTRUCTED,constrained_tps
4.1375,6.0000,4.1916,105.093,152.400,106.466,True,1.3071,-0.005684,0.000019,RECONSTRUCTED,constrained_tps
4.3875,6.0000,4.1912,111.442,152.400,106.456,True,1.0571,-0.006316,0.000027,RECONSTRUCTED,constrained_tps
4.6375,6.0000,4.1906,117.793,152.400,106.441,True,0.8071,-0.007104,0.000039,RECONSTRUCTED,constrained_tps
4.8875,6.0000,4.1898,124.142,152.400,106.421,True,0.5571,-0.008141,0.000057,RECONSTRUCTED,constrained_tps
5.1375,6.0000,4.1887,130.493,152.400,106.393,True,0.3071,,,RECONSTRUCTED,constrained_tps
5.3875,6.0000,4.1872,136.843,152.400,106.354,True,0.0571,,,RIM_BOUNDARY,constrained_tps
-5.3625,6.2500,4.2036,-136.207,158.750,106.772,True,0.0565,,,RIM_BOUNDARY,constrained_tps
-5.1125,6.2500,4.2050,-129.857,158.750,106.808,True,0.3065,,,RECONSTRUCTED,constrained_tps
-4.8625,6.2500,4.2061,-123.507,158.750,106.834,True,0.5565,-0.007990,0.000053,RECONSTRUCTED,constrained_tps
-4.6125,6.2500,4.2068,-117.157,158.750,106.853,True,0.8065,-0.006938,0.000035,RECONSTRUCTED,constrained_tps
-4.3625,6.2500,4.2074,-110.807,158.750,106.867,True,1.0565,-0.006166,0.000024,RECONSTRUCTED,constrained_tps
-4.1125,6.2500,4.2077,-104.457,158.750,106.877,True,1.3065,-0.005552,0.000017,RECONSTRUCTED,constrained_tps
-3.8625,6.2500,4.2080,-98.107,158.750,106.884,True,1.5565,-0.005049,0.000012,RECONSTRUCTED,constrained_tps
-3.6125,6.2500,4.2082,-91.757,158.750,106.889,True,1.8065,-0.004630,0.000008,RECONSTRUCTED,constrained_tps
-3.3625,6.2500,4.2083,-85.407,158.750,106.892,True,2.0565,-0.004279,0.000006,RECONSTRUCTED,constrained_tps
-3.1125,6.2500,4.2084,-79.057,158.750,106.894,True,2.3065,-0.003982,0.000004,RECONSTRUCTED,constrained_tps
-2.8625,6.2500,4.2085,-72.707,158.750,106.895,True,2.5565,-0.003730,0.000003,RECONSTRUCTED,constrained_tps
-2.6125,6.2500,4.2085,-66.357,158.750,106.896,True,2.8065,-0.003517,0.000002,RECONSTRUCTED,constrained_tps
-2.3625,6.2500,4.2085,-60.007,158.750,106.896,True,3.0565,-0.003336,0.000001,RECONSTRUCTED,constrained_tps
-2.1125,6.2500,4.2085,-53.657,158.750,106.896,True,3.3065,-0.003183,0.000001,RECONSTRUCTED,constrained_tps
-1.8625,6.2500,4.2085,-47.307,158.750,106.896,True,3.5565,-0.003055,0.000000,RECONSTRUCTED,constrained_tps
-1.6125,6.2500,4.2085,-40.957,158.750,106.896,True,3.8065,-0.002948,0.000000,RECONSTRUCTED,constrained_tps
-1.3625,6.2500,4.2085,-34.608,158.750,106.895,True,4.0565,-0.002860,0.000000,RECONSTRUCTED,constrained_tps
-1.1125,6.2500,4.2085,-28.258,158.750,106.895,True,4.3065,-0.002789,-0.000000,RECONSTRUCTED,constrained_tps
-0.8625,6.2500,4.2085,-21.907,158.750,106.895,True,4.5565,-0.002734,-0.000000,RECONSTRUCTED,constrained_tps
-0.6125,6.2500,4.2084,-15.558,158.750,106.894,True,4.8065,-0.002694,-0.000000,RECONSTRUCTED,constrained_tps
-0.3625,6.2500,4.2084,-9.207,158.750,106.894,True,5.0565,-0.002668,-0.000000,RECONSTRUCTED,constrained_tps
-0.1125,6.2500,4.2084,-2.857,158.750,106.894,True,5.3065,-0.002655,-0.000000,RECONSTRUCTED,constrained_tps
0.1375,6.2500,4.2084,3.493,158.750,106.894,True,5.2815,-0.002656,-0.000000,RECONSTRUCTED,constrained_tps
0.3875,6.2500,4.2084,9.842,158.750,106.894,True,5.0315,-0.002670,-0.000000,RECONSTRUCTED,constrained_tps
0.6375,6.2500,4.2084,16.192,158.750,106.894,True,4.7815,-0.002697,-0.000000,RECONSTRUCTED,constrained_tps
0.8875,6.2500,4.2084,22.542,158.750,106.895,True,4.5315,-0.002738,-0.000000,RECONSTRUCTED,constrained_tps
1.1375,6.2500,4.2085,28.892,158.750,106.895,True,4.2815,-0.002795,-0.000000,RECONSTRUCTED,constrained_tps
1.3875,6.2500,4.2085,35.242,158.750,106.895,True,4.0315,-0.002867,0.000000,RECONSTRUCTED,constrained_tps
1.6375,6.2500,4.2085,41.592,158.750,106.895,True,3.7815,-0.002957,0.000000,RECONSTRUCTED,constrained_tps
1.8875,6.2500,4.2085,47.942,158.750,106.896,True,3.5315,-0.003066,0.000000,RECONSTRUCTED,constrained_tps
2.1375,6.2500,4.2085,54.293,158.750,106.896,True,3.2815,-0.003196,0.000001,RECONSTRUCTED,constrained_tps
2.3875,6.2500,4.2085,60.642,158.750,106.896,True,3.0315,-0.003352,0.000001,RECONSTRUCTED,constrained_tps
2.6375,6.2500,4.2085,66.993,158.750,106.895,True,2.7815,-0.003535,0.000002,RECONSTRUCTED,constrained_tps
2.8875,6.2500,4.2085,73.343,158.750,106.895,True,2.5315,-0.003752,0.000003,RECONSTRUCTED,constrained_tps
3.1375,6.2500,4.2084,79.692,158.750,106.893,True,2.2815,-0.004008,0.000004,RECONSTRUCTED,constrained_tps
3.3875,6.2500,4.2083,86.043,158.750,106.891,True,2.0315,-0.004310,0.000006,RECONSTRUCTED,constrained_tps
3.6375,6.2500,4.2082,92.392,158.750,106.888,True,1.7815,-0.004668,0.000008,RECONSTRUCTED,constrained_tps
3.8875,6.2500,4.2080,98.742,158.750,106.883,True,1.5315,-0.005094,0.000012,RECONSTRUCTED,constrained_tps
4.1375,6.2500,4.2077,105.093,158.750,106.876,True,1.2815,-0.005607,0.000018,RECONSTRUCTED,constrained_tps
4.3875,6.2500,4.2073,111.442,158.750,106.866,True,1.0315,-0.006234,0.000025,RECONSTRUCTED,constrained_tps
4.6375,6.2500,4.2067,117.793,158.750,106.851,True,0.7815,-0.007026,0.000037,RECONSTRUCTED,constrained_tps
4.8875,6.2500,4.2060,124.142,158.750,106.832,True,0.5315,-0.008122,0.000055,RECONSTRUCTED,constrained_tps
5.1375,6.2500,4.2049,130.493,158.750,106.805,True,0.2815,,,RECONSTRUCTED,constrained_tps
5.3875,6.2500,4.2034,136.843,158.750,106.767,True,0.0315,,,RIM_BOUNDARY,constrained_tps
-5.3625,6.5000,4.2190,-136.207,165.100,107.162,True,0.0464,,,RIM_BOUNDARY,constrained_tps
-5.1125,6.5000,4.2204,-129.857,165.100,107.199,True,0.2964,,,RECONSTRUCTED,constrained_tps
-4.8625,6.5000,4.2215,-123.507,165.100,107.226,True,0.5464,-0.007650,0.000048,RECONSTRUCTED,constrained_tps
-4.6125,6.5000,4.2223,-117.157,165.100,107.246,True,0.7964,-0.006694,0.000032,RECONSTRUCTED,constrained_tps
-4.3625,6.5000,4.2229,-110.807,165.100,107.261,True,1.0464,-0.005961,0.000022,RECONSTRUCTED,constrained_tps
-4.1125,6.5000,4.2233,-104.457,165.100,107.272,True,1.2964,-0.005379,0.000016,RECONSTRUCTED,constrained_tps
-3.8625,6.5000,4.2236,-98.107,165.100,107.280,True,1.5464,-0.004908,0.000011,RECONSTRUCTED,constrained_tps
-3.6125,6.5000,4.2239,-91.757,165.100,107.286,True,1.7964,-0.004519,0.000008,RECONSTRUCTED,constrained_tps
-3.3625,6.5000,4.2240,-85.407,165.100,107.290,True,2.0464,-0.004193,0.000005,RECONSTRUCTED,constrained_tps
-3.1125,6.5000,4.2241,-79.057,165.100,107.293,True,2.2964,-0.003918,0.000004,RECONSTRUCTED,constrained_tps
-2.8625,6.5000,4.2242,-72.707,165.100,107.295,True,2.5464,-0.003685,0.000003,RECONSTRUCTED,constrained_tps
-2.6125,6.5000,4.2243,-66.357,165.100,107.297,True,2.7964,-0.003488,0.000002,RECONSTRUCTED,constrained_tps
-2.3625,6.5000,4.2243,-60.007,165.100,107.297,True,3.0464,-0.003319,0.000001,RECONSTRUCTED,constrained_tps
-2.1125,6.5000,4.2243,-53.657,165.100,107.298,True,3.2964,-0.003177,0.000001,RECONSTRUCTED,constrained_tps
-1.8625,6.5000,4.2243,-47.307,165.100,107.298,True,3.5464,-0.003057,0.000001,RECONSTRUCTED,constrained_tps
-1.6125,6.5000,4.2243,-40.957,165.100,107.298,True,3.7964,-0.002956,0.000000,RECONSTRUCTED,constrained_tps
-1.3625,6.5000,4.2243,-34.608,165.100,107.298,True,4.0464,-0.002873,0.000000,RECONSTRUCTED,constrained_tps
-1.1125,6.5000,4.2243,-28.258,165.100,107.298,True,4.2964,-0.002807,0.000000,RECONSTRUCTED,constrained_tps
-0.8625,6.5000,4.2243,-21.907,165.100,107.297,True,4.5464,-0.002755,-0.000000,RECONSTRUCTED,constrained_tps
-0.6125,6.5000,4.2243,-15.558,165.100,107.297,True,4.7964,-0.002717,-0.000000,RECONSTRUCTED,constrained_tps
-0.3625,6.5000,4.2243,-9.207,165.100,107.297,True,5.0464,-0.002692,-0.000000,RECONSTRUCTED,constrained_tps
-0.1125,6.5000,4.2243,-2.857,165.100,107.297,True,5.2964,-0.002680,-0.000000,RECONSTRUCTED,constrained_tps
0.1375,6.5000,4.2243,3.493,165.100,107.297,True,5.2714,-0.002681,-0.000000,RECONSTRUCTED,constrained_tps
0.3875,6.5000,4.2243,9.842,165.100,107.297,True,5.0214,-0.002694,-0.000000,RECONSTRUCTED,constrained_tps
0.6375,6.5000,4.2243,16.192,165.100,107.297,True,4.7714,-0.002720,-0.000000,RECONSTRUCTED,constrained_tps
0.8875,6.5000,4.2243,22.542,165.100,107.297,True,4.5214,-0.002759,-0.000000,RECONSTRUCTED,constrained_tps
1.1375,6.5000,4.2243,28.892,165.100,107.297,True,4.2714,-0.002812,0.000000,RECONSTRUCTED,constrained_tps
1.3875,6.5000,4.2243,35.242,165.100,107.298,True,4.0214,-0.002880,0.000000,RECONSTRUCTED,constrained_tps
1.6375,6.5000,4.2243,41.592,165.100,107.298,True,3.7714,-0.002964,0.000000,RECONSTRUCTED,constrained_tps
1.8875,6.5000,4.2243,47.942,165.100,107.298,True,3.5214,-0.003067,0.000001,RECONSTRUCTED,constrained_tps
2.1375,6.5000,4.2243,54.293,165.100,107.297,True,3.2714,-0.003189,0.000001,RECONSTRUCTED,constrained_tps
2.3875,6.5000,4.2243,60.642,165.100,107.297,True,3.0214,-0.003334,0.000001,RECONSTRUCTED,constrained_tps
2.6375,6.5000,4.2243,66.993,165.100,107.296,True,2.7714,-0.003505,0.000002,RECONSTRUCTED,constrained_tps
2.8875,6.5000,4.2242,73.343,165.100,107.295,True,2.5214,-0.003706,0.000003,RECONSTRUCTED,constrained_tps
3.1375,6.5000,4.2241,79.692,165.100,107.293,True,2.2714,-0.003943,0.000004,RECONSTRUCTED,constrained_tps
3.3875,6.5000,4.2240,86.043,165.100,107.289,True,2.0214,-0.004222,0.000006,RECONSTRUCTED,constrained_tps
3.6375,6.5000,4.2238,92.392,165.100,107.285,True,1.7714,-0.004553,0.000008,RECONSTRUCTED,constrained_tps
3.8875,6.5000,4.2236,98.742,165.100,107.279,True,1.5214,-0.004950,0.000011,RECONSTRUCTED,constrained_tps
4.1375,6.5000,4.2233,105.093,165.100,107.271,True,1.2714,-0.005431,0.000016,RECONSTRUCTED,constrained_tps
4.3875,6.5000,4.2228,111.442,165.100,107.259,True,1.0214,-0.006025,0.000023,RECONSTRUCTED,constrained_tps
4.6375,6.5000,4.2222,117.793,165.100,107.244,True,0.7714,-0.006777,0.000034,RECONSTRUCTED,constrained_tps
4.8875,6.5000,4.2214,124.142,165.100,107.224,True,0.5214,-0.007769,0.000050,RECONSTRUCTED,constrained_tps
5.1375,6.5000,4.2203,130.493,165.100,107.196,True,0.2714,,,RECONSTRUCTED,constrained_tps
5.3875,6.5000,4.2188,136.843,165.100,107.158,True,0.0214,,,RIM_BOUNDARY,constrained_tps
-5.3625,6.7500,4.2336,-136.207,171.450,107.533,True,0.0514,,,RIM_BOUNDARY,constrained_tps
-5.1125,6.7500,4.2351,-129.857,171.450,107.571,True,0.3014,,,RECONSTRUCTED,constrained_tps
-4.8625,6.7500,4.2362,-123.507,171.450,107.601,True,0.5514,-0.007058,0.000042,RECONSTRUCTED,constrained_tps
-4.6125,6.7500,4.2371,-117.157,171.450,107.623,True,0.8014,-0.006271,0.000029,RECONSTRUCTED,constrained_tps
-4.3625,6.7500,4.2378,-110.807,171.450,107.640,True,1.0514,-0.005621,0.000020,RECONSTRUCTED,constrained_tps
-4.1125,6.7500,4.2383,-104.457,171.450,107.653,True,1.3014,-0.005108,0.000014,RECONSTRUCTED,constrained_tps
-3.8625,6.7500,4.2387,-98.107,171.450,107.663,True,1.5514,-0.004691,0.000010,RECONSTRUCTED,constrained_tps
-3.6125,6.7500,4.2390,-91.757,171.450,107.671,True,1.8014,-0.004348,0.000007,RECONSTRUCTED,constrained_tps
-3.3625,6.7500,4.2392,-85.407,171.450,107.676,True,2.0514,-0.004059,0.000005,RECONSTRUCTED,constrained_tps
-3.1125,6.7500,4.2394,-79.057,171.450,107.681,True,2.3014,-0.003815,0.000004,RECONSTRUCTED,constrained_tps
-2.8625,6.7500,4.2395,-72.707,171.450,107.684,True,2.5514,-0.003607,0.000003,RECONSTRUCTED,constrained_tps
-2.6125,6.7500,4.2396,-66.357,171.450,107.687,True,2.8014,-0.003430,0.000002,RECONSTRUCTED,constrained_tps
-2.3625,6.7500,4.2397,-60.007,171.450,107.688,True,3.0514,-0.003278,0.000002,RECONSTRUCTED,constrained_tps
-2.1125,6.7500,4.2397,-53.657,171.450,107.690,True,3.3014,-0.003148,0.000001,RECONSTRUCTED,constrained_tps
-1.8625,6.7500,4.2398,-47.307,171.450,107.690,True,3.5514,-0.003039,0.000001,RECONSTRUCTED,constrained_tps
-1.6125,6.7500,4.2398,-40.957,171.450,107.691,True,3.8014,-0.002947,0.000001,RECONSTRUCTED,constrained_tps
-1.3625,6.7500,4.2398,-34.608,171.450,107.691,True,4.0514,-0.002871,0.000000,RECONSTRUCTED,constrained_tps
-1.1125,6.7500,4.2398,-28.258,171.450,107.691,True,4.3014,-0.002810,0.000000,RECONSTRUCTED,constrained_tps
-0.8625,6.7500,4.2398,-21.907,171.450,107.691,True,4.5514,-0.002762,0.000000,RECONSTRUCTED,constrained_tps
-0.6125,6.7500,4.2398,-15.558,171.450,107.691,True,4.8014,-0.002726,0.000000,RECONSTRUCTED,constrained_tps
-0.3625,6.7500,4.2398,-9.207,171.450,107.691,True,5.0514,-0.002704,0.000000,RECONSTRUCTED,constrained_tps
-0.1125,6.7500,4.2398,-2.857,171.450,107.691,True,5.3014,-0.002692,-0.000000,RECONSTRUCTED,constrained_tps
0.1375,6.7500,4.2398,3.493,171.450,107.691,True,5.2764,-0.002693,-0.000000,RECONSTRUCTED,constrained_tps
0.3875,6.7500,4.2398,9.842,171.450,107.691,True,5.0264,-0.002705,0.000000,RECONSTRUCTED,constrained_tps
0.6375,6.7500,4.2398,16.192,171.450,107.691,True,4.7764,-0.002729,0.000000,RECONSTRUCTED,constrained_tps
0.8875,6.7500,4.2398,22.542,171.450,107.691,True,4.5264,-0.002765,0.000000,RECONSTRUCTED,constrained_tps
1.1375,6.7500,4.2398,28.892,171.450,107.691,True,4.2764,-0.002814,0.000000,RECONSTRUCTED,constrained_tps
1.3875,6.7500,4.2398,35.242,171.450,107.691,True,4.0264,-0.002877,0.000000,RECONSTRUCTED,constrained_tps
1.6375,6.7500,4.2398,41.592,171.450,107.691,True,3.7764,-0.002955,0.000001,RECONSTRUCTED,constrained_tps
1.8875,6.7500,4.2398,47.942,171.450,107.690,True,3.5264,-0.003048,0.000001,RECONSTRUCTED,constrained_tps
2.1375,6.7500,4.2397,54.293,171.450,107.689,True,3.2764,-0.003160,0.000001,RECONSTRUCTED,constrained_tps
2.3875,6.7500,4.2397,60.642,171.450,107.688,True,3.0264,-0.003291,0.000002,RECONSTRUCTED,constrained_tps
2.6375,6.7500,4.2396,66.993,171.450,107.686,True,2.7764,-0.003445,0.000002,RECONSTRUCTED,constrained_tps
2.8875,6.7500,4.2395,73.343,171.450,107.683,True,2.5264,-0.003625,0.000003,RECONSTRUCTED,constrained_tps
3.1375,6.7500,4.2394,79.692,171.450,107.680,True,2.2764,-0.003837,0.000004,RECONSTRUCTED,constrained_tps
3.3875,6.7500,4.2392,86.043,171.450,107.676,True,2.0264,-0.004085,0.000005,RECONSTRUCTED,constrained_tps
3.6375,6.7500,4.2390,92.392,171.450,107.669,True,1.7764,-0.004378,0.000007,RECONSTRUCTED,constrained_tps
3.8875,6.7500,4.2386,98.742,171.450,107.662,True,1.5264,-0.004728,0.000010,RECONSTRUCTED,constrained_tps
4.1375,6.7500,4.2382,105.093,171.450,107.651,True,1.2764,-0.005153,0.000014,RECONSTRUCTED,constrained_tps
4.3875,6.7500,4.2377,111.442,171.450,107.638,True,1.0264,-0.005679,0.000020,RECONSTRUCTED,constrained_tps
4.6375,6.7500,4.2370,117.793,171.450,107.621,True,0.7764,-0.006345,0.000030,RECONSTRUCTED,constrained_tps
4.8875,6.7500,4.2361,124.142,171.450,107.598,True,0.5264,-0.007127,0.000043,RECONSTRUCTED,constrained_tps
5.1375,6.7500,4.2350,130.493,171.450,107.568,True,0.2764,,,RECONSTRUCTED,constrained_tps
5.3875,6.7500,4.2334,136.843,171.450,107.528,True,0.0264,,,RIM_BOUNDARY,constrained_tps
-5.3625,7.0000,4.2477,-136.207,177.800,107.890,True,0.0665,,,RIM_BOUNDARY,constrained_tps
-5.1125,7.0000,4.2492,-129.857,177.800,107.929,True,0.3165,,,RECONSTRUCTED,constrained_tps
-4.8625,7.0000,4.2504,-123.507,177.800,107.960,True,0.5665,-0.006155,0.000031,RECONSTRUCTED,constrained_tps
-4.6125,7.0000,4.2514,-117.157,177.800,107.985,True,0.8165,-0.005621,0.000022,RECONSTRUCTED,constrained_tps
-4.3625,7.0000,4.2521,-110.807,177.800,108.004,True,1.0665,-0.005146,0.000016,RECONSTRUCTED,constrained_tps
-4.1125,7.0000,4.2528,-104.457,177.800,108.020,True,1.3165,-0.004744,0.000012,RECONSTRUCTED,constrained_tps
-3.8625,7.0000,4.2533,-98.107,177.800,108.033,True,1.5665,-0.004407,0.000009,RECONSTRUCTED,constrained_tps
-3.6125,7.0000,4.2537,-91.757,177.800,108.043,True,1.8165,-0.004124,0.000007,RECONSTRUCTED,constrained_tps
-3.3625,7.0000,4.2540,-85.407,177.800,108.051,True,2.0665,-0.003884,0.000005,RECONSTRUCTED,constrained_tps
-3.1125,7.0000,4.2542,-79.057,177.800,108.057,True,2.3165,-0.003677,0.000004,RECONSTRUCTED,constrained_tps
-2.8625,7.0000,4.2544,-72.707,177.800,108.062,True,2.5665,-0.003500,0.000003,RECONSTRUCTED,constrained_tps
-2.6125,7.0000,4.2546,-66.357,177.800,108.066,True,2.8165,-0.003347,0.000003,RECONSTRUCTED,constrained_tps
-2.3625,7.0000,4.2547,-60.007,177.800,108.069,True,3.0665,-0.003214,0.000002,RECONSTRUCTED,constrained_tps
-2.1125,7.0000,4.2548,-53.657,177.800,108.072,True,3.3165,-0.003101,0.000002,RECONSTRUCTED,constrained_tps
-1.8625,7.0000,4.2549,-47.307,177.800,108.073,True,3.5665,-0.003004,0.000001,RECONSTRUCTED,constrained_tps
-1.6125,7.0000,4.2549,-40.957,177.800,108.075,True,3.8165,-0.002922,0.000001,RECONSTRUCTED,constrained_tps
-1.3625,7.0000,4.2549,-34.608,177.800,108.075,True,4.0665,-0.002854,0.000001,RECONSTRUCTED,constrained_tps
-1.1125,7.0000,4.2550,-28.258,177.800,108.076,True,4.3165,-0.002799,0.000001,RECONSTRUCTED,constrained_tps
-0.8625,7.0000,4.2550,-21.907,177.800,108.077,True,4.5665,-0.002756,0.000000,RECONSTRUCTED,constrained_tps
-0.6125,7.0000,4.2550,-15.558,177.800,108.077,True,4.8165,-0.002724,0.000000,RECONSTRUCTED,constrained_tps
-0.3625,7.0000,4.2550,-9.207,177.800,108.077,True,5.0665,-0.002703,0.000000,RECONSTRUCTED,constrained_tps
-0.1125,7.0000,4.2550,-2.857,177.800,108.077,True,5.3165,-0.002693,0.000000,RECONSTRUCTED,constrained_tps
0.1375,7.0000,4.2550,3.493,177.800,108.077,True,5.2915,-0.002694,0.000000,RECONSTRUCTED,constrained_tps
0.3875,7.0000,4.2550,9.842,177.800,108.077,True,5.0415,-0.002705,0.000000,RECONSTRUCTED,constrained_tps
0.6375,7.0000,4.2550,16.192,177.800,108.077,True,4.7915,-0.002727,0.000000,RECONSTRUCTED,constrained_tps
0.8875,7.0000,4.2550,22.542,177.800,108.076,True,4.5415,-0.002759,0.000000,RECONSTRUCTED,constrained_tps
1.1375,7.0000,4.2550,28.892,177.800,108.076,True,4.2915,-0.002804,0.000001,RECONSTRUCTED,constrained_tps
1.3875,7.0000,4.2549,35.242,177.800,108.075,True,4.0415,-0.002860,0.000001,RECONSTRUCTED,constrained_tps
1.6375,7.0000,4.2549,41.592,177.800,108.074,True,3.7915,-0.002929,0.000001,RECONSTRUCTED,constrained_tps
1.8875,7.0000,4.2548,47.942,177.800,108.073,True,3.5415,-0.003012,0.000001,RECONSTRUCTED,constrained_tps
2.1375,7.0000,4.2548,54.293,177.800,108.071,True,3.2915,-0.003111,0.000002,RECONSTRUCTED,constrained_tps
2.3875,7.0000,4.2547,60.642,177.800,108.069,True,3.0415,-0.003226,0.000002,RECONSTRUCTED,constrained_tps
2.6375,7.0000,4.2546,66.993,177.800,108.066,True,2.7915,-0.003360,0.000003,RECONSTRUCTED,constrained_tps
2.8875,7.0000,4.2544,73.343,177.800,108.062,True,2.5415,-0.003515,0.000003,RECONSTRUCTED,constrained_tps
3.1375,7.0000,4.2542,79.692,177.800,108.056,True,2.2915,-0.003696,0.000004,RECONSTRUCTED,constrained_tps
3.3875,7.0000,4.2539,86.043,177.800,108.050,True,2.0415,-0.003905,0.000005,RECONSTRUCTED,constrained_tps
3.6375,7.0000,4.2536,92.392,177.800,108.042,True,1.7915,-0.004150,0.000007,RECONSTRUCTED,constrained_tps
3.8875,7.0000,4.2532,98.742,177.800,108.031,True,1.5415,-0.004438,0.000009,RECONSTRUCTED,constrained_tps
4.1375,7.0000,4.2527,105.093,177.800,108.019,True,1.2915,-0.004780,0.000012,RECONSTRUCTED,constrained_tps
4.3875,7.0000,4.2521,111.442,177.800,108.002,True,1.0415,-0.005189,0.000016,RECONSTRUCTED,constrained_tps
4.6375,7.0000,4.2513,117.793,177.800,107.982,True,0.7915,-0.005671,0.000023,RECONSTRUCTED,constrained_tps
4.8875,7.0000,4.2503,124.142,177.800,107.957,True,0.5415,-0.006210,0.000032,RECONSTRUCTED,constrained_tps
5.1375,7.0000,4.2490,130.493,177.800,107.925,True,0.2915,,,RECONSTRUCTED,constrained_tps
5.3875,7.0000,4.2475,136.843,177.800,107.886,True,0.0415,,,RIM_BOUNDARY,constrained_tps
-5.3625,7.2500,4.2611,-136.207,184.150,108.233,True,0.0966,,,RIM_BOUNDARY,constrained_tps
-5.1125,7.2500,4.2627,-129.857,184.150,108.273,True,0.3466,,,RECONSTRUCTED,constrained_tps
-4.8625,7.2500,4.2640,-123.507,184.150,108.306,True,0.5966,-0.005290,0.000022,RECONSTRUCTED,constrained_tps
-4.6125,7.2500,4.2651,-117.157,184.150,108.334,True,0.8466,-0.004906,0.000016,RECONSTRUCTED,constrained_tps
-4.3625,7.2500,4.2660,-110.807,184.150,108.357,True,1.0966,-0.004591,0.000012,RECONSTRUCTED,constrained_tps
-4.1125,7.2500,4.2668,-104.457,184.150,108.376,True,1.3466,-0.004315,0.000009,RECONSTRUCTED,constrained_tps
-3.8625,7.2500,4.2674,-98.107,184.150,108.391,True,1.5966,-0.004072,0.000008,RECONSTRUCTED,constrained_tps
-3.6125,7.2500,4.2679,-91.757,184.150,108.404,True,1.8466,-0.003861,0.000006,RECONSTRUCTED,constrained_tps
-3.3625,7.2500,4.2683,-85.407,184.150,108.415,True,2.0966,-0.003675,0.000005,RECONSTRUCTED,constrained_tps
-3.1125,7.2500,4.2686,-79.057,184.150,108.424,True,2.3466,-0.003512,0.000004,RECONSTRUCTED,constrained_tps
-2.8625,7.2500,4.2689,-72.707,184.150,108.431,True,2.5966,-0.003369,0.000004,RECONSTRUCTED,constrained_tps
-2.6125,7.2500,4.2691,-66.357,184.150,108.436,True,2.8466,-0.003243,0.000003,RECONSTRUCTED,constrained_tps
-2.3625,7.2500,4.2693,-60.007,184.150,108.441,True,3.0966,-0.003133,0.000003,RECONSTRUCTED,constrained_tps
-2.1125,7.2500,4.2695,-53.657,184.150,108.444,True,3.3466,-0.003037,0.000002,RECONSTRUCTED,constrained_tps
-1.8625,7.2500,4.2696,-47.307,184.150,108.447,True,3.5966,-0.002954,0.000002,RECONSTRUCTED,constrained_tps
-1.6125,7.2500,4.2697,-40.957,184.150,108.449,True,3.8466,-0.002884,0.000001,RECONSTRUCTED,constrained_tps
-1.3625,7.2500,4.2697,-34.608,184.150,108.451,True,4.0966,-0.002825,0.000001,RECONSTRUCTED,constrained_tps
-1.1125,7.2500,4.2698,-28.258,184.150,108.452,True,4.3466,-0.002777,0.000001,RECONSTRUCTED,constrained_tps
-0.8625,7.2500,4.2698,-21.907,184.150,108.453,True,4.5966,-0.002739,0.000001,RECONSTRUCTED,constrained_tps
-0.6125,7.2500,4.2698,-15.558,184.150,108.454,True,4.8466,-0.002711,0.000001,RECONSTRUCTED,constrained_tps
-0.3625,7.2500,4.2698,-9.207,184.150,108.454,True,5.0966,-0.002693,0.000001,RECONSTRUCTED,constrained_tps
-0.1125,7.2500,4.2698,-2.857,184.150,108.454,True,5.3466,-0.002684,0.000001,RECONSTRUCTED,constrained_tps
0.1375,7.2500,4.2698,3.493,184.150,108.454,True,5.3216,-0.002684,0.000001,RECONSTRUCTED,constrained_tps
0.3875,7.2500,4.2698,9.842,184.150,108.454,True,5.0716,-0.002694,0.000001,RECONSTRUCTED,constrained_tps
0.6375,7.2500,4.2698,16.192,184.150,108.453,True,4.8216,-0.002713,0.000001,RECONSTRUCTED,constrained_tps
0.8875,7.2500,4.2698,22.542,184.150,108.453,True,4.5716,-0.002742,0.000001,RECONSTRUCTED,constrained_tps
1.1375,7.2500,4.2698,28.892,184.150,108.452,True,4.3216,-0.002781,0.000001,RECONSTRUCTED,constrained_tps
1.3875,7.2500,4.2697,35.242,184.150,108.451,True,4.0716,-0.002830,0.000001,RECONSTRUCTED,constrained_tps
1.6375,7.2500,4.2696,41.592,184.150,108.449,True,3.8216,-0.002890,0.000001,RECONSTRUCTED,constrained_tps
1.8875,7.2500,4.2695,47.942,184.150,108.447,True,3.5716,-0.002961,0.000002,RECONSTRUCTED,constrained_tps
2.1375,7.2500,4.2694,54.293,184.150,108.444,True,3.3216,-0.003045,0.000002,RECONSTRUCTED,constrained_tps
2.3875,7.2500,4.2693,60.642,184.150,108.440,True,3.0716,-0.003142,0.000003,RECONSTRUCTED,constrained_tps
2.6375,7.2500,4.2691,66.993,184.150,108.435,True,2.8216,-0.003254,0.000003,RECONSTRUCTED,constrained_tps
2.8875,7.2500,4.2689,73.343,184.150,108.430,True,2.5716,-0.003381,0.000004,RECONSTRUCTED,constrained_tps
3.1375,7.2500,4.2686,79.692,184.150,108.422,True,2.3216,-0.003526,0.000004,RECONSTRUCTED,constrained_tps
3.3875,7.2500,4.2683,86.043,184.150,108.414,True,2.0716,-0.003691,0.000005,RECONSTRUCTED,constrained_tps
3.6375,7.2500,4.2678,92.392,184.150,108.403,True,1.8216,-0.003880,0.000006,RECONSTRUCTED,constrained_tps
3.8875,7.2500,4.2673,98.742,184.150,108.390,True,1.5716,-0.004094,0.000008,RECONSTRUCTED,constrained_tps
4.1375,7.2500,4.2667,105.093,184.150,108.374,True,1.3216,-0.004340,0.000010,RECONSTRUCTED,constrained_tps
4.3875,7.2500,4.2659,111.442,184.150,108.354,True,1.0716,-0.004620,0.000012,RECONSTRUCTED,constrained_tps
4.6375,7.2500,4.2650,117.793,184.150,108.331,True,0.8216,-0.004940,0.000016,RECONSTRUCTED,constrained_tps
4.8875,7.2500,4.2639,124.142,184.150,108.303,True,0.5716,-0.005334,0.000022,RECONSTRUCTED,constrained_tps
5.1375,7.2500,4.2626,130.493,184.150,108.269,True,0.3216,,,RECONSTRUCTED,constrained_tps
5.3875,7.2500,4.2609,136.843,184.150,108.228,True,0.0716,,,RIM_BOUNDARY,constrained_tps
-5.3625,7.5000,4.2741,-136.207,190.500,108.563,True,0.1418,,,RECONSTRUCTED,constrained_tps
-5.1125,7.5000,4.2758,-129.857,190.500,108.604,True,0.3918,,,RECONSTRUCTED,constrained_tps
-4.8625,7.5000,4.2772,-123.507,190.500,108.641,True,0.6418,-0.004301,0.000013,RECONSTRUCTED,constrained_tps
-4.6125,7.5000,4.2784,-117.157,190.500,108.672,True,0.8918,-0.004159,0.000011,RECONSTRUCTED,constrained_tps
-4.3625,7.5000,4.2795,-110.807,190.500,108.698,True,1.1418,-0.004003,0.000009,RECONSTRUCTED,constrained_tps
-4.1125,7.5000,4.2803,-104.457,190.500,108.721,True,1.3918,-0.003852,0.000008,RECONSTRUCTED,constrained_tps
-3.8625,7.5000,4.2811,-98.107,190.500,108.740,True,1.6418,-0.003707,0.000007,RECONSTRUCTED,constrained_tps
-3.6125,7.5000,4.2817,-91.757,190.500,108.756,True,1.8918,-0.003571,0.000006,RECONSTRUCTED,constrained_tps
-3.3625,7.5000,4.2823,-85.407,190.500,108.769,True,2.1418,-0.003444,0.000005,RECONSTRUCTED,constrained_tps
-3.1125,7.5000,4.2827,-79.057,190.500,108.780,True,2.3918,-0.003327,0.000004,RECONSTRUCTED,constrained_tps
-2.8625,7.5000,4.2831,-72.707,190.500,108.789,True,2.6418,-0.003220,0.000004,RECONSTRUCTED,constrained_tps
-2.6125,7.5000,4.2833,-66.357,190.500,108.797,True,2.8918,-0.003124,0.000003,RECONSTRUCTED,constrained_tps
-2.3625,7.5000,4.2836,-60.007,190.500,108.803,True,3.1418,-0.003037,0.000003,RECONSTRUCTED,constrained_tps
-2.1125,7.5000,4.2838,-53.657,190.500,108.808,True,3.3918,-0.002960,0.000003,RECONSTRUCTED,constrained_tps
-1.8625,7.5000,4.2839,-47.307,190.500,108.812,True,3.6418,-0.002893,0.000002,RECONSTRUCTED,constrained_tps
-1.6125,7.5000,4.2841,-40.957,190.500,108.815,True,3.8918,-0.002835,0.000002,RECONSTRUCTED,constrained_tps
-1.3625,7.5000,4.2842,-34.608,190.500,108.818,True,4.1418,-0.002785,0.000002,RECONSTRUCTED,constrained_tps
-1.1125,7.5000,4.2842,-28.258,190.500,108.820,True,4.3918,-0.002745,0.000001,RECONSTRUCTED,constrained_tps
-0.8625,7.5000,4.2843,-21.907,190.500,108.821,True,4.6418,-0.002712,0.000001,RECONSTRUCTED,constrained_tps
-0.6125,7.5000,4.2843,-15.558,190.500,108.822,True,4.8918,-0.002688,0.000001,RECONSTRUCTED,constrained_tps
-0.3625,7.5000,4.2844,-9.207,190.500,108.823,True,5.1418,-0.002673,0.000001,RECONSTRUCTED,constrained_tps
-0.1125,7.5000,4.2844,-2.857,190.500,108.823,True,5.3918,-0.002665,0.000001,RECONSTRUCTED,constrained_tps
0.1375,7.5000,4.2844,3.493,190.500,108.823,True,5.3668,-0.002665,0.000001,RECONSTRUCTED,constrained_tps
0.3875,7.5000,4.2844,9.842,190.500,108.823,True,5.1168,-0.002674,0.000001,RECONSTRUCTED,constrained_tps
0.6375,7.5000,4.2843,16.192,190.500,108.822,True,4.8668,-0.002690,0.000001,RECONSTRUCTED,constrained_tps
0.8875,7.5000,4.2843,22.542,190.500,108.821,True,4.6168,-0.002715,0.000001,RECONSTRUCTED,constrained_tps
1.1375,7.5000,4.2842,28.892,190.500,108.819,True,4.3668,-0.002748,0.000001,RECONSTRUCTED,constrained_tps
1.3875,7.5000,4.2841,35.242,190.500,108.817,True,4.1168,-0.002789,0.000002,RECONSTRUCTED,constrained_tps
1.6375,7.5000,4.2840,41.592,190.500,108.815,True,3.8668,-0.002839,0.000002,RECONSTRUCTED,constrained_tps
1.8875,7.5000,4.2839,47.942,190.500,108.811,True,3.6168,-0.002898,0.000002,RECONSTRUCTED,constrained_tps
2.1375,7.5000,4.2838,54.293,190.500,108.807,True,3.3668,-0.002967,0.000003,RECONSTRUCTED,constrained_tps
2.3875,7.5000,4.2836,60.642,190.500,108.802,True,3.1168,-0.003044,0.000003,RECONSTRUCTED,constrained_tps
2.6375,7.5000,4.2833,66.993,190.500,108.796,True,2.8668,-0.003132,0.000003,RECONSTRUCTED,constrained_tps
2.8875,7.5000,4.2830,73.343,190.500,108.788,True,2.6168,-0.003230,0.000004,RECONSTRUCTED,constrained_tps
3.1375,7.5000,4.2826,79.692,190.500,108.779,True,2.3668,-0.003337,0.000005,RECONSTRUCTED,constrained_tps
3.3875,7.5000,4.2822,86.043,190.500,108.768,True,2.1168,-0.003455,0.000005,RECONSTRUCTED,constrained_tps
3.6375,7.5000,4.2817,92.392,190.500,108.754,True,1.8668,-0.003583,0.000006,RECONSTRUCTED,constrained_tps
3.8875,7.5000,4.2810,98.742,190.500,108.738,True,1.6168,-0.003721,0.000007,RECONSTRUCTED,constrained_tps
4.1375,7.5000,4.2803,105.093,190.500,108.718,True,1.3668,-0.003866,0.000008,RECONSTRUCTED,constrained_tps
4.3875,7.5000,4.2794,111.442,190.500,108.696,True,1.1168,-0.004017,0.000009,RECONSTRUCTED,constrained_tps
4.6375,7.5000,4.2783,117.793,190.500,108.669,True,0.8668,-0.004174,0.000011,RECONSTRUCTED,constrained_tps
4.8875,7.5000,4.2770,124.142,190.500,108.637,True,0.6168,-0.004308,0.000013,RECONSTRUCTED,constrained_tps
5.1375,7.5000,4.2756,130.493,190.500,108.600,True,0.3668,,,RECONSTRUCTED,constrained_tps
5.3875,7.5000,4.2740,136.843,190.500,108.559,True,0.1168,,,RIM_BOUNDARY,constrained_tps
-5.3625,7.7500,4.2868,-136.207,196.850,108.884,True,0.1798,,,RECONSTRUCTED,constrained_tps
-5.1125,7.7500,4.2885,-129.857,196.850,108.927,True,0.4298,,,RECONSTRUCTED,constrained_tps
-4.8625,7.7500,4.2900,-123.507,196.850,108.966,True,0.6798,-0.003362,0.000007,RECONSTRUCTED,constrained_tps
-4.6125,7.7500,4.2914,-117.157,196.850,109.001,True,0.9298,-0.003401,0.000007,RECONSTRUCTED,constrained_tps
-4.3625,7.7500,4.2926,-110.807,196.850,109.031,True,1.1798,-0.003409,0.000006,RECONSTRUCTED,constrained_tps
-4.1125,7.7500,4.2936,-104.457,196.850,109.057,True,1.4298,-0.003382,0.000006,RECONSTRUCTED,constrained_tps
-3.8625,7.7500,4.2945,-98.107,196.850,109.079,True,1.6798,-0.003334,0.000006,RECONSTRUCTED,constrained_tps
-3.6125,7.7500,4.2952,-91.757,196.850,109.099,True,1.9298,-0.003272,0.000005,RECONSTRUCTED,constrained_tps
-3.3625,7.7500,4.2959,-85.407,196.850,109.115,True,2.1798,-0.003203,0.000005,RECONSTRUCTED,constrained_tps
-3.1125,7.7500,4.2964,-79.057,196.850,109.128,True,2.4298,-0.003132,0.000005,RECONSTRUCTED,constrained_tps
-2.8625,7.7500,4.2968,-72.707,196.850,109.140,True,2.6798,-0.003062,0.000004,RECONSTRUCTED,constrained_tps
-2.6125,7.7500,4.2972,-66.357,196.850,109.149,True,2.9298,-0.002994,0.000004,RECONSTRUCTED,constrained_tps
-2.3625,7.7500,4.2975,-60.007,196.850,109.157,True,3.1798,-0.002932,0.000003,RECONSTRUCTED,constrained_tps
-2.1125,7.7500,4.2978,-53.657,196.850,109.163,True,3.4298,-0.002874,0.000003,RECONSTRUCTED,constrained_tps
-1.8625,7.7500,4.2980,-47.307,196.850,109.169,True,3.6798,-0.002822,0.000003,RECONSTRUCTED,constrained_tps
-1.6125,7.7500,4.2981,-40.957,196.850,109.173,True,3.9298,-0.002776,0.000002,RECONSTRUCTED,constrained_tps
-1.3625,7.7500,4.2983,-34.608,196.850,109.176,True,4.1798,-0.002737,0.000002,RECONSTRUCTED,constrained_tps
-1.1125,7.7500,4.2984,-28.258,196.850,109.179,True,4.4298,-0.002704,0.000002,RECONSTRUCTED,constrained_tps
-0.8625,7.7500,4.2985,-21.907,196.850,109.181,True,4.6798,-0.002677,0.000002,RECONSTRUCTED,constrained_tps
-0.6125,7.7500,4.2985,-15.558,196.850,109.182,True,4.9298,-0.002658,0.000002,RECONSTRUCTED,constrained_tps
-0.3625,7.7500,4.2985,-9.207,196.850,109.183,True,5.1798,-0.002645,0.000001,RECONSTRUCTED,constrained_tps
-0.1125,7.7500,4.2986,-2.857,196.850,109.184,True,5.4298,-0.002638,0.000001,RECONSTRUCTED,constrained_tps
0.1375,7.7500,4.2986,3.493,196.850,109.183,True,5.4048,-0.002638,0.000001,RECONSTRUCTED,constrained_tps
0.3875,7.7500,4.2985,9.842,196.850,109.183,True,5.1548,-0.002645,0.000001,RECONSTRUCTED,constrained_tps
0.6375,7.7500,4.2985,16.192,196.850,109.182,True,4.9048,-0.002659,0.000002,RECONSTRUCTED,constrained_tps
0.8875,7.7500,4.2984,22.542,196.850,109.181,True,4.6548,-0.002679,0.000002,RECONSTRUCTED,constrained_tps
1.1375,7.7500,4.2984,28.892,196.850,109.178,True,4.4048,-0.002706,0.000002,RECONSTRUCTED,constrained_tps
1.3875,7.7500,4.2983,35.242,196.850,109.176,True,4.1548,-0.002740,0.000002,RECONSTRUCTED,constrained_tps
1.6375,7.7500,4.2981,41.592,196.850,109.172,True,3.9048,-0.002780,0.000002,RECONSTRUCTED,constrained_tps
1.8875,7.7500,4.2979,47.942,196.850,109.168,True,3.6548,-0.002826,0.000003,RECONSTRUCTED,constrained_tps
2.1375,7.7500,4.2977,54.293,196.850,109.163,True,3.4048,-0.002879,0.000003,RECONSTRUCTED,constrained_tps
2.3875,7.7500,4.2975,60.642,196.850,109.156,True,3.1548,-0.002937,0.000003,RECONSTRUCTED,constrained_tps
2.6375,7.7500,4.2972,66.993,196.850,109.148,True,2.9048,-0.003000,0.000004,RECONSTRUCTED,constrained_tps
2.8875,7.7500,4.2968,73.343,196.850,109.138,True,2.6548,-0.003068,0.000004,RECONSTRUCTED,constrained_tps
3.1375,7.7500,4.2963,79.692,196.850,109.127,True,2.4048,-0.003138,0.000005,RECONSTRUCTED,constrained_tps
3.3875,7.7500,4.2958,86.043,196.850,109.113,True,2.1548,-0.003209,0.000005,RECONSTRUCTED,constrained_tps
3.6375,7.7500,4.2951,92.392,196.850,109.096,True,1.9048,-0.003277,0.000005,RECONSTRUCTED,constrained_tps
3.8875,7.7500,4.2944,98.742,196.850,109.077,True,1.6548,-0.003338,0.000006,RECONSTRUCTED,constrained_tps
4.1375,7.7500,4.2935,105.093,196.850,109.054,True,1.4048,-0.003385,0.000006,RECONSTRUCTED,constrained_tps
4.3875,7.7500,4.2924,111.442,196.850,109.028,True,1.1548,-0.003409,0.000006,RECONSTRUCTED,constrained_tps
4.6375,7.7500,4.2912,117.793,196.850,108.997,True,0.9048,-0.003398,0.000007,RECONSTRUCTED,constrained_tps
4.8875,7.7500,4.2899,124.142,196.850,108.962,True,0.6548,-0.003357,0.000008,RECONSTRUCTED,constrained_tps
5.1375,7.7500,4.2883,130.493,196.850,108.923,True,0.4048,,,RECONSTRUCTED,constrained_tps
5.3875,7.7500,4.2866,136.843,196.850,108.879,True,0.1548,,,RECONSTRUCTED,constrained_tps
-5.3625,8.0000,4.2992,-136.207,203.200,109.200,True,0.2471,,,RECONSTRUCTED,constrained_tps
-5.1125,8.0000,4.3010,-129.857,203.200,109.244,True,0.4971,,,RECONSTRUCTED,constrained_tps
-4.8625,8.0000,4.3026,-123.507,203.200,109.286,True,0.7471,-0.002393,0.000003,RECONSTRUCTED,constrained_tps
-4.6125,8.0000,4.3041,-117.157,203.200,109.324,True,0.9971,-0.002682,0.000004,RECONSTRUCTED,constrained_tps
-4.3625,8.0000,4.3054,-110.807,203.200,109.357,True,1.2471,-0.002845,0.000005,RECONSTRUCTED,constrained_tps
-4.1125,8.0000,4.3066,-104.457,203.200,109.386,True,1.4971,-0.002933,0.000005,RECONSTRUCTED,constrained_tps
-3.8625,8.0000,4.3076,-98.107,203.200,109.412,True,1.7471,-0.002971,0.000005,RECONSTRUCTED,constrained_tps
-3.6125,8.0000,4.3084,-91.757,203.200,109.434,True,1.9971,-0.002977,0.000005,RECONSTRUCTED,constrained_tps
-3.3625,8.0000,4.3092,-85.407,203.200,109.453,True,2.2471,-0.002962,0.000005,RECONSTRUCTED,constrained_tps
-3.1125,8.0000,4.3098,-79.057,203.200,109.469,True,2.4971,-0.002935,0.000005,RECONSTRUCTED,constrained_tps
-2.8625,8.0000,4.3103,-72.707,203.200,109.482,True,2.7471,-0.002899,0.000005,RECONSTRUCTED,constrained_tps
-2.6125,8.0000,4.3108,-66.357,203.200,109.493,True,2.9971,-0.002860,0.000004,RECONSTRUCTED,constrained_tps
-2.3625,8.0000,4.3111,-60.007,203.200,109.503,True,3.2471,-0.002820,0.000004,RECONSTRUCTED,constrained_tps
-2.1125,8.0000,4.3114,-53.657,203.200,109.511,True,3.4971,-0.002781,0.000003,RECONSTRUCTED,constrained_tps
-1.8625,8.0000,4.3117,-47.307,203.200,109.517,True,3.7471,-0.002745,0.000003,RECONSTRUCTED,constrained_tps
-1.6125,8.0000,4.3119,-40.957,203.200,109.523,True,3.9971,-0.002711,0.000003,RECONSTRUCTED,constrained_tps
-1.3625,8.0000,4.3121,-34.608,203.200,109.527,True,4.2471,-0.002681,0.000003,RECONSTRUCTED,constrained_tps
-1.1125,8.0000,4.3122,-28.258,203.200,109.530,True,4.4971,-0.002656,0.000002,RECONSTRUCTED,constrained_tps
-0.8625,8.0000,4.3123,-21.907,203.200,109.533,True,4.7471,-0.002636,0.000002,RECONSTRUCTED,constrained_tps
-0.6125,8.0000,4.3124,-15.558,203.200,109.534,True,4.9971,-0.002620,0.000002,RECONSTRUCTED,constrained_tps
-0.3625,8.0000,4.3124,-9.207,203.200,109.536,True,5.2471,-0.002610,0.000002,RECONSTRUCTED,constrained_tps
-0.1125,8.0000,4.3124,-2.857,203.200,109.536,True,5.4971,-0.002605,0.000002,RECONSTRUCTED,constrained_tps
0.1375,8.0000,4.3124,3.493,203.200,109.536,True,5.4721,-0.002605,0.000002,RECONSTRUCTED,constrained_tps
0.3875,8.0000,4.3124,9.842,203.200,109.535,True,5.2221,-0.002610,0.000002,RECONSTRUCTED,constrained_tps
0.6375,8.0000,4.3124,16.192,203.200,109.534,True,4.9721,-0.002621,0.000002,RECONSTRUCTED,constrained_tps
0.8875,8.0000,4.3123,22.542,203.200,109.532,True,4.7221,-0.002637,0.000002,RECONSTRUCTED,constrained_tps
1.1375,8.0000,4.3122,28.892,203.200,109.530,True,4.4721,-0.002658,0.000002,RECONSTRUCTED,constrained_tps
1.3875,8.0000,4.3121,35.242,203.200,109.526,True,4.2221,-0.002684,0.000003,RECONSTRUCTED,constrained_tps
1.6375,8.0000,4.3119,41.592,203.200,109.522,True,3.9721,-0.002714,0.000003,RECONSTRUCTED,constrained_tps
1.8875,8.0000,4.3117,47.942,203.200,109.516,True,3.7221,-0.002747,0.000003,RECONSTRUCTED,constrained_tps
2.1375,8.0000,4.3114,54.293,203.200,109.510,True,3.4721,-0.002784,0.000003,RECONSTRUCTED,constrained_tps
2.3875,8.0000,4.3111,60.642,203.200,109.502,True,3.2221,-0.002824,0.000004,RECONSTRUCTED,constrained_tps
2.6375,8.0000,4.3107,66.993,203.200,109.492,True,2.9721,-0.002864,0.000004,RECONSTRUCTED,constrained_tps
2.8875,8.0000,4.3103,73.343,203.200,109.480,True,2.7221,-0.002902,0.000005,RECONSTRUCTED,constrained_tps
3.1375,8.0000,4.3097,79.692,203.200,109.467,True,2.4721,-0.002937,0.000005,RECONSTRUCTED,constrained_tps
3.3875,8.0000,4.3091,86.043,203.200,109.450,True,2.2221,-0.002964,0.000005,RECONSTRUCTED,constrained_tps
3.6375,8.0000,4.3083,92.392,203.200,109.431,True,1.9721,-0.002977,0.000005,RECONSTRUCTED,constrained_tps
3.8875,8.0000,4.3074,98.742,203.200,109.409,True,1.7221,-0.002968,0.000005,RECONSTRUCTED,constrained_tps
4.1375,8.0000,4.3064,105.093,203.200,109.383,True,1.4721,-0.002925,0.000005,RECONSTRUCTED,constrained_tps
4.3875,8.0000,4.3053,111.442,203.200,109.354,True,1.2221,-0.002832,0.000005,RECONSTRUCTED,constrained_tps
4.6375,8.0000,4.3039,117.793,203.200,109.320,True,0.9721,-0.002659,0.000004,RECONSTRUCTED,constrained_tps
4.8875,8.0000,4.3024,124.142,203.200,109.282,True,0.7221,-0.002352,0.000003,RECONSTRUCTED,constrained_tps
5.1375,8.0000,4.3008,130.493,203.200,109.240,True,0.4721,,,RECONSTRUCTED,constrained_tps
5.3875,8.0000,4.2990,136.843,203.200,109.195,True,0.2221,,,RECONSTRUCTED,constrained_tps
-5.6125,8.2500,4.3096,-142.557,209.550,109.463,True,0.0579,,,RIM_BOUNDARY,constrained_tps
-5.3625,8.2500,4.3115,-136.207,209.550,109.511,True,0.3079,,,RECONSTRUCTED,constrained_tps
-5.1125,8.2500,4.3133,-129.857,209.550,109.558,True,0.5579,-0.001086,-0.000000,RECONSTRUCTED,constrained_tps
-4.8625,8.2500,4.3150,-123.507,209.550,109.602,True,0.8079,-0.001655,0.000001,RECONSTRUCTED,constrained_tps
-4.6125,8.2500,4.3166,-117.157,209.550,109.642,True,1.0579,-0.002072,0.000002,RECONSTRUCTED,constrained_tps
-4.3625,8.2500,4.3180,-110.807,209.550,109.678,True,1.3079,-0.002349,0.000003,RECONSTRUCTED,constrained_tps
-4.1125,8.2500,4.3193,-104.457,209.550,109.710,True,1.5579,-0.002527,0.000004,RECONSTRUCTED,constrained_tps
-3.8625,8.2500,4.3204,-98.107,209.550,109.738,True,1.8079,-0.002637,0.000005,RECONSTRUCTED,constrained_tps
-3.6125,8.2500,4.3214,-91.757,209.550,109.763,True,2.0579,-0.002701,0.000005,RECONSTRUCTED,constrained_tps
-3.3625,8.2500,4.3222,-85.407,209.550,109.784,True,2.3079,-0.002733,0.000005,RECONSTRUCTED,constrained_tps
-3.1125,8.2500,4.3229,-79.057,209.550,109.802,True,2.5579,-0.002744,0.000005,RECONSTRUCTED,constrained_tps
-2.8625,8.2500,4.3235,-72.707,209.550,109.817,True,2.8079,-0.002740,0.000005,RECONSTRUCTED,constrained_tps
-2.6125,8.2500,4.3240,-66.357,209.550,109.830,True,3.0579,-0.002727,0.000004,RECONSTRUCTED,constrained_tps
-2.3625,8.2500,4.3245,-60.007,209.550,109.841,True,3.3079,-0.002708,0.000004,RECONSTRUCTED,constrained_tps
-2.1125,8.2500,4.3248,-53.657,209.550,109.851,True,3.5579,-0.002686,0.000004,RECONSTRUCTED,constrained_tps
-1.8625,8.2500,4.3251,-47.307,209.550,109.858,True,3.8079,-0.002664,0.000003,RECONSTRUCTED,constrained_tps
-1.6125,8.2500,4.3254,-40.957,209.550,109.865,True,4.0579,-0.002642,0.000003,RECONSTRUCTED,constrained_tps
-1.3625,8.2500,4.3256,-34.608,209.550,109.870,True,4.3079,-0.002622,0.000003,RECONSTRUCTED,constrained_tps
-1.1125,8.2500,4.3257,-28.258,209.550,109.874,True,4.5579,-0.002604,0.000003,RECONSTRUCTED,constrained_tps
-0.8625,8.2500,4.3259,-21.907,209.550,109.877,True,4.8079,-0.002589,0.000002,RECONSTRUCTED,constrained_tps
-0.6125,8.2500,4.3259,-15.558,209.550,109.879,True,5.0579,-0.002577,0.000002,RECONSTRUCTED,constrained_tps
-0.3625,8.2500,4.3260,-9.207,209.550,109.880,True,5.3079,-0.002570,0.000002,RECONSTRUCTED,constrained_tps
-0.1125,8.2500,4.3260,-2.857,209.550,109.881,True,5.5579,-0.002566,0.000002,RECONSTRUCTED,constrained_tps
0.1375,8.2500,4.3260,3.493,209.550,109.881,True,5.5329,-0.002566,0.000002,RECONSTRUCTED,constrained_tps
0.3875,8.2500,4.3260,9.842,209.550,109.880,True,5.2829,-0.002570,0.000002,RECONSTRUCTED,constrained_tps
0.6375,8.2500,4.3259,16.192,209.550,109.879,True,5.0329,-0.002578,0.000002,RECONSTRUCTED,constrained_tps
0.8875,8.2500,4.3258,22.542,209.550,109.876,True,4.7829,-0.002590,0.000002,RECONSTRUCTED,constrained_tps
1.1375,8.2500,4.3257,28.892,209.550,109.873,True,4.5329,-0.002605,0.000003,RECONSTRUCTED,constrained_tps
1.3875,8.2500,4.3256,35.242,209.550,109.869,True,4.2829,-0.002623,0.000003,RECONSTRUCTED,constrained_tps
1.6375,8.2500,4.3253,41.592,209.550,109.864,True,4.0329,-0.002643,0.000003,RECONSTRUCTED,constrained_tps
1.8875,8.2500,4.3251,47.942,209.550,109.857,True,3.7829,-0.002665,0.000003,RECONSTRUCTED,constrained_tps
2.1375,8.2500,4.3248,54.293,209.550,109.850,True,3.5329,-0.002688,0.000004,RECONSTRUCTED,constrained_tps
2.3875,8.2500,4.3244,60.642,209.550,109.840,True,3.2829,-0.002709,0.000004,RECONSTRUCTED,constrained_tps
2.6375,8.2500,4.3240,66.993,209.550,109.829,True,3.0329,-0.002727,0.000004,RECONSTRUCTED,constrained_tps
2.8875,8.2500,4.3234,73.343,209.550,109.815,True,2.7829,-0.002740,0.000005,RECONSTRUCTED,constrained_tps
3.1375,8.2500,4.3228,79.692,209.550,109.800,True,2.5329,-0.002742,0.000005,RECONSTRUCTED,constrained_tps
3.3875,8.2500,4.3221,86.043,209.550,109.781,True,2.2829,-0.002730,0.000005,RECONSTRUCTED,constrained_tps
3.6375,8.2500,4.3213,92.392,209.550,109.760,True,2.0329,-0.002695,0.000005,RECONSTRUCTED,constrained_tps
3.8875,8.2500,4.3203,98.742,209.550,109.735,True,1.7829,-0.002627,0.000005,RECONSTRUCTED,constrained_tps
4.1375,8.2500,4.3192,105.093,209.550,109.707,True,1.5329,-0.002511,0.000004,RECONSTRUCTED,constrained_tps
4.3875,8.2500,4.3179,111.442,209.550,109.675,True,1.2829,-0.002325,0.000003,RECONSTRUCTED,constrained_tps
4.6375,8.2500,4.3165,117.793,209.550,109.638,True,1.0329,-0.002036,0.000002,RECONSTRUCTED,constrained_tps
4.8875,8.2500,4.3149,124.142,209.550,109.598,True,0.7829,-0.001605,0.000001,RECONSTRUCTED,constrained_tps
5.1375,8.2500,4.3131,130.493,209.550,109.553,True,0.5329,-0.001008,-0.000000,RECONSTRUCTED,constrained_tps
5.3875,8.2500,4.3113,136.843,209.550,109.507,True,0.2829,,,RECONSTRUCTED,constrained_tps
5.6375,8.2500,4.3094,143.192,209.550,109.459,True,0.0329,,,RIM_BOUNDARY,constrained_tps
-5.6125,8.5000,4.3218,-142.557,215.900,109.775,True,0.1428,,,RECONSTRUCTED,constrained_tps
-5.3625,8.5000,4.3237,-136.207,215.900,109.823,True,0.3928,,,RECONSTRUCTED,constrained_tps
-5.1125,8.5000,4.3256,-129.857,215.900,109.871,True,0.6428,-0.000353,-0.000001,RECONSTRUCTED,constrained_tps
-4.8625,8.5000,4.3274,-123.507,215.900,109.916,True,0.8928,-0.001102,-0.000000,RECONSTRUCTED,constrained_tps
-4.6125,8.5000,4.3291,-117.157,215.900,109.958,True,1.1428,-0.001598,0.000001,RECONSTRUCTED,constrained_tps
-4.3625,8.5000,4.3306,-110.807,215.900,109.996,True,1.3928,-0.001943,0.000003,RECONSTRUCTED,constrained_tps
-4.1125,8.5000,4.3319,-104.457,215.900,110.030,True,1.6428,-0.002181,0.000004,RECONSTRUCTED,constrained_tps
-3.8625,8.5000,4.3331,-98.107,215.900,110.060,True,1.8928,-0.002344,0.000004,RECONSTRUCTED,constrained_tps
-3.6125,8.5000,4.3341,-91.757,215.900,110.086,True,2.1428,-0.002452,0.000005,RECONSTRUCTED,constrained_tps
-3.3625,8.5000,4.3350,-85.407,215.900,110.109,True,2.3928,-0.002523,0.000005,RECONSTRUCTED,constrained_tps
-3.1125,8.5000,4.3358,-79.057,215.900,110.129,True,2.6428,-0.002565,0.000005,RECONSTRUCTED,constrained_tps
-2.8625,8.5000,4.3365,-72.707,215.900,110.146,True,2.8928,-0.002588,0.000005,RECONSTRUCTED,constrained_tps
-2.6125,8.5000,4.3370,-66.357,215.900,110.161,True,3.1428,-0.002598,0.000005,RECONSTRUCTED,constrained_tps
-2.3625,8.5000,4.3375,-60.007,215.900,110.173,True,3.3928,-0.002598,0.000004,RECONSTRUCTED,constrained_tps
-2.1125,8.5000,4.3379,-53.657,215.900,110.184,True,3.6428,-0.002592,0.000004,RECONSTRUCTED,constrained_tps
-1.8625,8.5000,4.3383,-47.307,215.900,110.192,True,3.8928,-0.002582,0.000004,RECONSTRUCTED,constrained_tps
-1.6125,8.5000,4.3386,-40.957,215.900,110.200,True,4.1428,-0.002571,0.000003,RECONSTRUCTED,constrained_tps
-1.3625,8.5000,4.3388,-34.608,215.900,110.205,True,4.3928,-0.002559,0.000003,RECONSTRUCTED,constrained_tps
-1.1125,8.5000,4.3390,-28.258,215.900,110.210,True,4.6428,-0.002548,0.000003,RECONSTRUCTED,constrained_tps
-0.8625,8.5000,4.3391,-21.907,215.900,110.214,True,4.8928,-0.002538,0.000003,RECONSTRUCTED,constrained_tps
-0.6125,8.5000,4.3392,-15.558,215.900,110.216,True,5.1428,-0.002531,0.000003,RECONSTRUCTED,constrained_tps
-0.3625,8.5000,4.3393,-9.207,215.900,110.218,True,5.3928,-0.002526,0.000002,RECONSTRUCTED,constrained_tps
-0.1125,8.5000,4.3393,-2.857,215.900,110.219,True,5.6428,-0.002523,0.000002,RECONSTRUCTED,constrained_tps
0.1375,8.5000,4.3393,3.493,215.900,110.218,True,5.6178,-0.002523,0.000002,RECONSTRUCTED,constrained_tps
0.3875,8.5000,4.3393,9.842,215.900,110.218,True,5.3678,-0.002526,0.000002,RECONSTRUCTED,constrained_tps
0.6375,8.5000,4.3392,16.192,215.900,110.216,True,5.1178,-0.002531,0.000003,RECONSTRUCTED,constrained_tps
0.8875,8.5000,4.3391,22.542,215.900,110.213,True,4.8678,-0.002539,0.000003,RECONSTRUCTED,constrained_tps
1.1375,8.5000,4.3390,28.892,215.900,110.209,True,4.6178,-0.002549,0.000003,RECONSTRUCTED,constrained_tps
1.3875,8.5000,4.3388,35.242,215.900,110.205,True,4.3678,-0.002560,0.000003,RECONSTRUCTED,constrained_tps
1.6375,8.5000,4.3385,41.592,215.900,110.199,True,4.1178,-0.002571,0.000003,RECONSTRUCTED,constrained_tps
1.8875,8.5000,4.3382,47.942,215.900,110.191,True,3.8678,-0.002583,0.000004,RECONSTRUCTED,constrained_tps
2.1375,8.5000,4.3379,54.293,215.900,110.182,True,3.6178,-0.002592,0.000004,RECONSTRUCTED,constrained_tps
2.3875,8.5000,4.3375,60.642,215.900,110.172,True,3.3678,-0.002597,0.000004,RECONSTRUCTED,constrained_tps
2.6375,8.5000,4.3370,66.993,215.900,110.159,True,3.1178,-0.002596,0.000005,RECONSTRUCTED,constrained_tps
2.8875,8.5000,4.3364,73.343,215.900,110.144,True,2.8678,-0.002586,0.000005,RECONSTRUCTED,constrained_tps
3.1375,8.5000,4.3357,79.692,215.900,110.127,True,2.6178,-0.002561,0.000005,RECONSTRUCTED,constrained_tps
3.3875,8.5000,4.3349,86.043,215.900,110.107,True,2.3678,-0.002516,0.000005,RECONSTRUCTED,constrained_tps
3.6375,8.5000,4.3340,92.392,215.900,110.083,True,2.1178,-0.002443,0.000005,RECONSTRUCTED,constrained_tps
3.8875,8.5000,4.3329,98.742,215.900,110.057,True,1.8678,-0.002329,0.000004,RECONSTRUCTED,constrained_tps
4.1375,8.5000,4.3318,105.093,215.900,110.026,True,1.6178,-0.002160,0.000004,RECONSTRUCTED,constrained_tps
4.3875,8.5000,4.3304,111.442,215.900,109.992,True,1.3678,-0.001913,0.000003,RECONSTRUCTED,constrained_tps
4.6375,8.5000,4.3289,117.793,215.900,109.954,True,1.1178,-0.001555,0.000001,RECONSTRUCTED,constrained_tps
4.8875,8.5000,4.3272,124.142,215.900,109.912,True,0.8678,-0.001041,-0.000000,RECONSTRUCTED,constrained_tps
5.1375,8.5000,4.3254,130.493,215.900,109.866,True,0.6178,-0.000251,-0.000001,RECONSTRUCTED,constrained_tps
5.3875,8.5000,4.3235,136.843,215.900,109.818,True,0.3678,,,RECONSTRUCTED,constrained_tps
5.6375,8.5000,4.3216,143.192,215.900,109.770,True,0.1178,,,RIM_BOUNDARY,constrained_tps
-5.6125,8.7500,4.3343,-142.557,222.250,110.091,True,0.2377,,,RECONSTRUCTED,constrained_tps
-5.3625,8.7500,4.3362,-136.207,222.250,110.138,True,0.4877,,,RECONSTRUCTED,constrained_tps
-5.1125,8.7500,4.3380,-129.857,222.250,110.186,True,0.7377,0.000074,-0.000002,RECONSTRUCTED,constrained_tps
-4.8625,8.7500,4.3398,-123.507,222.250,110.231,True,0.9877,-0.000714,-0.000001,RECONSTRUCTED,constrained_tps
-4.6125,8.7500,4.3415,-117.157,222.250,110.273,True,1.2377,-0.001250,0.000001,RECONSTRUCTED,constrained_tps
-4.3625,8.7500,4.3430,-110.807,222.250,110.312,True,1.4877,-0.001630,0.000002,RECONSTRUCTED,constrained_tps
-4.1125,8.7500,4.3444,-104.457,222.250,110.347,True,1.7377,-0.001903,0.000003,RECONSTRUCTED,constrained_tps
-3.8625,8.7500,4.3456,-98.107,222.250,110.378,True,1.9877,-0.002099,0.000004,RECONSTRUCTED,constrained_tps
-3.6125,8.7500,4.3467,-91.757,222.250,110.406,True,2.2377,-0.002239,0.000005,RECONSTRUCTED,constrained_tps
-3.3625,8.7500,4.3476,-85.407,222.250,110.430,True,2.4877,-0.002337,0.000005,RECONSTRUCTED,constrained_tps
-3.1125,8.7500,4.3485,-79.057,222.250,110.451,True,2.7377,-0.002405,0.000005,RECONSTRUCTED,constrained_tps
-2.8625,8.7500,4.3492,-72.707,222.250,110.469,True,2.9877,-0.002449,0.000005,RECONSTRUCTED,constrained_tps
-2.6125,8.7500,4.3498,-66.357,222.250,110.485,True,3.2377,-0.002477,0.000005,RECONSTRUCTED,constrained_tps
-2.3625,8.7500,4.3503,-60.007,222.250,110.499,True,3.4877,-0.002493,0.000004,RECONSTRUCTED,constrained_tps
-2.1125,8.7500,4.3508,-53.657,222.250,110.510,True,3.7377,-0.002500,0.000004,RECONSTRUCTED,constrained_tps
-1.8625,8.7500,4.3512,-47.307,222.250,110.520,True,3.9877,-0.002502,0.000004,RECONSTRUCTED,constrained_tps
-1.6125,8.7500,4.3515,-40.957,222.250,110.528,True,4.2377,-0.002500,0.000004,RECONSTRUCTED,constrained_tps
-1.3625,8.7500,4.3517,-34.608,222.250,110.534,True,4.4877,-0.002496,0.000003,RECONSTRUCTED,constrained_tps
-1.1125,8.7500,4.3519,-28.258,222.250,110.539,True,4.7377,-0.002491,0.000003,RECONSTRUCTED,constrained_tps
-0.8625,8.7500,4.3521,-21.907,222.250,110.543,True,4.9877,-0.002486,0.000003,RECONSTRUCTED,constrained_tps
-0.6125,8.7500,4.3522,-15.558,222.250,110.546,True,5.2377,-0.002482,0.000003,RECONSTRUCTED,constrained_tps
-0.3625,8.7500,4.3523,-9.207,222.250,110.548,True,5.4877,-0.002479,0.000003,RECONSTRUCTED,constrained_tps
-0.1125,8.7500,4.3523,-2.857,222.250,110.549,True,5.7377,-0.002477,0.000003,RECONSTRUCTED,constrained_tps
0.1375,8.7500,4.3523,3.493,222.250,110.549,True,5.7127,-0.002477,0.000003,RECONSTRUCTED,constrained_tps
0.3875,8.7500,4.3523,9.842,222.250,110.548,True,5.4627,-0.002479,0.000003,RECONSTRUCTED,constrained_tps
0.6375,8.7500,4.3522,16.192,222.250,110.546,True,5.2127,-0.002482,0.000003,RECONSTRUCTED,constrained_tps
0.8875,8.7500,4.3521,22.542,222.250,110.543,True,4.9627,-0.002486,0.000003,RECONSTRUCTED,constrained_tps
1.1375,8.7500,4.3519,28.892,222.250,110.539,True,4.7127,-0.002491,0.000003,RECONSTRUCTED,constrained_tps
1.3875,8.7500,4.3517,35.242,222.250,110.533,True,4.4627,-0.002496,0.000003,RECONSTRUCTED,constrained_tps
1.6375,8.7500,4.3514,41.592,222.250,110.527,True,4.2127,-0.002500,0.000004,RECONSTRUCTED,constrained_tps
1.8875,8.7500,4.3511,47.942,222.250,110.518,True,3.9627,-0.002501,0.000004,RECONSTRUCTED,constrained_tps
2.1375,8.7500,4.3507,54.293,222.250,110.509,True,3.7127,-0.002499,0.000004,RECONSTRUCTED,constrained_tps
2.3875,8.7500,4.3503,60.642,222.250,110.497,True,3.4627,-0.002491,0.000004,RECONSTRUCTED,constrained_tps
2.6375,8.7500,4.3497,66.993,222.250,110.483,True,3.2127,-0.002474,0.000005,RECONSTRUCTED,constrained_tps
2.8875,8.7500,4.3491,73.343,222.250,110.467,True,2.9627,-0.002445,0.000005,RECONSTRUCTED,constrained_tps
3.1375,8.7500,4.3484,79.692,222.250,110.449,True,2.7127,-0.002398,0.000005,RECONSTRUCTED,constrained_tps
3.3875,8.7500,4.3475,86.043,222.250,110.427,True,2.4627,-0.002328,0.000005,RECONSTRUCTED,constrained_tps
3.6375,8.7500,4.3466,92.392,222.250,110.403,True,2.2127,-0.002226,0.000005,RECONSTRUCTED,constrained_tps
3.8875,8.7500,4.3455,98.742,222.250,110.375,True,1.9627,-0.002082,0.000004,RECONSTRUCTED,constrained_tps
4.1375,8.7500,4.3442,105.093,222.250,110.343,True,1.7127,-0.001879,0.000003,RECONSTRUCTED,constrained_tps
4.3875,8.7500,4.3428,111.442,222.250,110.308,True,1.4627,-0.001596,0.000002,RECONSTRUCTED,constrained_tps
4.6375,8.7500,4.3413,117.793,222.250,110.269,True,1.2127,-0.001203,0.000001,RECONSTRUCTED,constrained_tps
4.8875,8.7500,4.3396,124.142,222.250,110.226,True,0.9627,-0.000648,-0.000001,RECONSTRUCTED,constrained_tps
5.1375,8.7500,4.3378,130.493,222.250,110.181,True,0.7127,0.000173,-0.000002,RECONSTRUCTED,constrained_tps
5.3875,8.7500,4.3360,136.843,222.250,110.133,True,0.4627,,,RECONSTRUCTED,constrained_tps
5.6375,8.7500,4.3341,143.192,222.250,110.086,True,0.2127,,,RECONSTRUCTED,constrained_tps
-5.8625,9.0000,4.3454,-148.907,228.600,110.373,True,0.0883,,,RIM_BOUNDARY,constrained_tps
-5.6125,9.0000,4.3470,-142.557,228.600,110.413,True,0.3383,,,RECONSTRUCTED,constrained_tps
-5.3625,9.0000,4.3487,-136.207,228.600,110.458,True,0.5883,0.001042,-0.000003,RECONSTRUCTED,constrained_tps
-5.1125,9.0000,4.3505,-129.857,228.600,110.503,True,0.8383,0.000164,-0.000003,RECONSTRUCTED,constrained_tps
-4.8625,9.0000,4.3522,-123.507,228.600,110.546,True,1.0883,-0.000521,-0.000002,RECONSTRUCTED,constrained_tps
-4.6125,9.0000,4.3539,-117.157,228.600,110.588,True,1.3383,-0.001031,0.000000,RECONSTRUCTED,constrained_tps
-4.3625,9.0000,4.3554,-110.807,228.600,110.626,True,1.5883,-0.001411,0.000001,RECONSTRUCTED,constrained_tps
-4.1125,9.0000,4.3567,-104.457,228.600,110.661,True,1.8383,-0.001695,0.000003,RECONSTRUCTED,constrained_tps
-3.8625,9.0000,4.3580,-98.107,228.600,110.693,True,2.0883,-0.001907,0.000004,RECONSTRUCTED,constrained_tps
-3.6125,9.0000,4.3591,-91.757,228.600,110.721,True,2.3383,-0.002064,0.000004,RECONSTRUCTED,constrained_tps
-3.3625,9.0000,4.3601,-85.407,228.600,110.746,True,2.5883,-0.002181,0.000005,RECONSTRUCTED,constrained_tps
-3.1125,9.0000,4.3610,-79.057,228.600,110.768,True,2.8383,-0.002265,0.000005,RECONSTRUCTED,constrained_tps
-2.8625,9.0000,4.3617,-72.707,228.600,110.787,True,3.0883,-0.002325,0.000005,RECONSTRUCTED,constrained_tps
-2.6125,9.0000,4.3624,-66.357,228.600,110.804,True,3.3383,-0.002367,0.000005,RECONSTRUCTED,constrained_tps
-2.3625,9.0000,4.3629,-60.007,228.600,110.818,True,3.5883,-0.002396,0.000004,RECONSTRUCTED,constrained_tps
-2.1125,9.0000,4.3634,-53.657,228.600,110.830,True,3.8383,-0.002414,0.000004,RECONSTRUCTED,constrained_tps
-1.8625,9.0000,4.3638,-47.307,228.600,110.841,True,4.0883,-0.002425,0.000004,RECONSTRUCTED,constrained_tps
-1.6125,9.0000,4.3641,-40.957,228.600,110.849,True,4.3383,-0.002431,0.000004,RECONSTRUCTED,constrained_tps
-1.3625,9.0000,4.3644,-34.608,228.600,110.856,True,4.5883,-0.002433,0.000003,RECONSTRUCTED,constrained_tps
-1.1125,9.0000,4.3646,-28.258,228.600,110.862,True,4.8383,-0.002433,0.000003,RECONSTRUCTED,constrained_tps
-0.8625,9.0000,4.3648,-21.907,228.600,110.866,True,5.0883,-0.002432,0.000003,RECONSTRUCTED,constrained_tps
-0.6125,9.0000,4.3649,-15.558,228.600,110.869,True,5.3383,-0.002431,0.000003,RECONSTRUCTED,constrained_tps
-0.3625,9.0000,4.3650,-9.207,228.600,110.871,True,5.5883,-0.002430,0.000003,RECONSTRUCTED,constrained_tps
-0.1125,9.0000,4.3650,-2.857,228.600,110.872,True,5.8383,-0.002429,0.000003,RECONSTRUCTED,constrained_tps
0.1375,9.0000,4.3650,3.493,228.600,110.872,True,5.8133,-0.002429,0.000003,RECONSTRUCTED,constrained_tps
0.3875,9.0000,4.3650,9.842,228.600,110.871,True,5.5633,-0.002430,0.000003,RECONSTRUCTED,constrained_tps
0.6375,9.0000,4.3649,16.192,228.600,110.869,True,5.3133,-0.002431,0.000003,RECONSTRUCTED,constrained_tps
0.8875,9.0000,4.3648,22.542,228.600,110.866,True,5.0633,-0.002432,0.000003,RECONSTRUCTED,constrained_tps
1.1375,9.0000,4.3646,28.892,228.600,110.861,True,4.8133,-0.002433,0.000003,RECONSTRUCTED,constrained_tps
1.3875,9.0000,4.3644,35.242,228.600,110.855,True,4.5633,-0.002432,0.000003,RECONSTRUCTED,constrained_tps
1.6375,9.0000,4.3641,41.592,228.600,110.848,True,4.3133,-0.002430,0.000004,RECONSTRUCTED,constrained_tps
1.8875,9.0000,4.3638,47.942,228.600,110.839,True,4.0633,-0.002423,0.000004,RECONSTRUCTED,constrained_tps
2.1375,9.0000,4.3633,54.293,228.600,110.829,True,3.8133,-0.002412,0.000004,RECONSTRUCTED,constrained_tps
2.3875,9.0000,4.3629,60.642,228.600,110.817,True,3.5633,-0.002392,0.000004,RECONSTRUCTED,constrained_tps
2.6375,9.0000,4.3623,66.993,228.600,110.802,True,3.3133,-0.002363,0.000005,RECONSTRUCTED,constrained_tps
2.8875,9.0000,4.3616,73.343,228.600,110.785,True,3.0633,-0.002319,0.000005,RECONSTRUCTED,constrained_tps
3.1375,9.0000,4.3609,79.692,228.600,110.766,True,2.8133,-0.002257,0.000005,RECONSTRUCTED,constrained_tps
3.3875,9.0000,4.3600,86.043,228.600,110.743,True,2.5633,-0.002170,0.000005,RECONSTRUCTED,constrained_tps
3.6375,9.0000,4.3590,92.392,228.600,110.718,True,2.3133,-0.002050,0.000004,RECONSTRUCTED,constrained_tps
3.8875,9.0000,4.3579,98.742,228.600,110.690,True,2.0633,-0.001887,0.000003,RECONSTRUCTED,constrained_tps
4.1375,9.0000,4.3566,105.093,228.600,110.658,True,1.8133,-0.001669,0.000003,RECONSTRUCTED,constrained_tps
4.3875,9.0000,4.3552,111.442,228.600,110.622,True,1.5633,-0.001376,0.000001,RECONSTRUCTED,constrained_tps
4.6375,9.0000,4.3537,117.793,228.600,110.583,True,1.3133,-0.000985,-0.000000,RECONSTRUCTED,constrained_tps
4.8875,9.0000,4.3520,124.142,228.600,110.542,True,1.0633,-0.000460,-0.000002,RECONSTRUCTED,constrained_tps
5.1375,9.0000,4.3503,130.493,228.600,110.498,True,0.8133,0.000244,-0.000003,RECONSTRUCTED,constrained_tps
5.3875,9.0000,4.3485,136.843,228.600,110.453,True,0.5633,0.001148,-0.000003,RECONSTRUCTED,constrained_tps
5.6375,9.0000,4.3468,143.192,228.600,110.409,True,0.3133,,,RECONSTRUCTED,constrained_tps
5.8875,9.0000,4.3452,149.542,228.600,110.369,True,0.0633,,,RIM_BOUNDARY,constrained_tps
-5.8625,9.2500,4.3583,-148.907,234.950,110.701,True,0.1987,,,RECONSTRUCTED,constrained_tps
-5.6125,9.2500,4.3598,-142.557,234.950,110.739,True,0.4487,,,RECONSTRUCTED,constrained_tps
-5.3625,9.2500,4.3614,-136.207,234.950,110.779,True,0.6987,0.000571,-0.000004,RECONSTRUCTED,constrained_tps
-5.1125,9.2500,4.3630,-129.857,234.950,110.821,True,0.9487,0.000024,-0.000003,RECONSTRUCTED,constrained_tps
-4.8625,9.2500,4.3647,-123.507,234.950,110.862,True,1.1987,-0.000497,-0.000002,RECONSTRUCTED,constrained_tps
-4.6125,9.2500,4.3662,-117.157,234.950,110.902,True,1.4487,-0.000933,-0.000001,RECONSTRUCTED,constrained_tps
-4.3625,9.2500,4.3677,-110.807,234.950,110.939,True,1.6987,-0.001280,0.000001,RECONSTRUCTED,constrained_tps
-4.1125,9.2500,4.3691,-104.457,234.950,110.974,True,1.9487,-0.001553,0.000002,RECONSTRUCTED,constrained_tps
-3.8625,9.2500,4.3703,-98.107,234.950,111.005,True,2.1987,-0.001765,0.000003,RECONSTRUCTED,constrained_tps
-3.6125,9.2500,4.3714,-91.757,234.950,111.034,True,2.4487,-0.001929,0.000004,RECONSTRUCTED,constrained_tps
-3.3625,9.2500,4.3724,-85.407,234.950,111.059,True,2.6987,-0.002054,0.000004,RECONSTRUCTED,constrained_tps
-3.1125,9.2500,4.3733,-79.057,234.950,111.081,True,2.9487,-0.002148,0.000004,RECONSTRUCTED,constrained_tps
-2.8625,9.2500,4.3740,-72.707,234.950,111.101,True,3.1987,-0.002219,0.000005,RECONSTRUCTED,constrained_tps
-2.6125,9.2500,4.3747,-66.357,234.950,111.118,True,3.4487,-0.002270,0.000004,RECONSTRUCTED,constrained_tps
-2.3625,9.2500,4.3753,-60.007,234.950,111.132,True,3.6987,-0.002308,0.000004,RECONSTRUCTED,constrained_tps
-2.1125,9.2500,4.3758,-53.657,234.950,111.145,True,3.9487,-0.002334,0.000004,RECONSTRUCTED,constrained_tps
-1.8625,9.2500,4.3762,-47.307,234.950,111.156,True,4.1987,-0.002353,0.000004,RECONSTRUCTED,constrained_tps
-1.6125,9.2500,4.3766,-40.957,234.950,111.165,True,4.4487,-0.002365,0.000004,RECONSTRUCTED,constrained_tps
-1.3625,9.2500,4.3768,-34.608,234.950,111.172,True,4.6987,-0.002372,0.000003,RECONSTRUCTED,constrained_tps
-1.1125,9.2500,4.3771,-28.258,234.950,111.178,True,4.9487,-0.002377,0.000003,RECONSTRUCTED,constrained_tps
-0.8625,9.2500,4.3773,-21.907,234.950,111.182,True,5.1987,-0.002379,0.000003,RECONSTRUCTED,constrained_tps
-0.6125,9.2500,4.3774,-15.558,234.950,111.186,True,5.4487,-0.002380,0.000003,RECONSTRUCTED,constrained_tps
-0.3625,9.2500,4.3775,-9.207,234.950,111.188,True,5.6987,-0.002381,0.000003,RECONSTRUCTED,constrained_tps
-0.1125,9.2500,4.3775,-2.857,234.950,111.189,True,5.9487,-0.002381,0.000003,RECONSTRUCTED,constrained_tps
0.1375,9.2500,4.3775,3.493,234.950,111.189,True,5.9237,-0.002381,0.000003,RECONSTRUCTED,constrained_tps
0.3875,9.2500,4.3775,9.842,234.950,111.188,True,5.6737,-0.002381,0.000003,RECONSTRUCTED,constrained_tps
0.6375,9.2500,4.3774,16.192,234.950,111.185,True,5.4237,-0.002380,0.000003,RECONSTRUCTED,constrained_tps
0.8875,9.2500,4.3772,22.542,234.950,111.182,True,5.1737,-0.002379,0.000003,RECONSTRUCTED,constrained_tps
1.1375,9.2500,4.3770,28.892,234.950,111.177,True,4.9237,-0.002376,0.000003,RECONSTRUCTED,constrained_tps
1.3875,9.2500,4.3768,35.242,234.950,111.171,True,4.6737,-0.002371,0.000003,RECONSTRUCTED,constrained_tps
1.6375,9.2500,4.3765,41.592,234.950,111.163,True,4.4237,-0.002363,0.000004,RECONSTRUCTED,constrained_tps
1.8875,9.2500,4.3762,47.942,234.950,111.154,True,4.1737,-0.002350,0.000004,RECONSTRUCTED,constrained_tps
2.1375,9.2500,4.3757,54.293,234.950,111.143,True,3.9237,-0.002331,0.000004,RECONSTRUCTED,constrained_tps
2.3875,9.2500,4.3752,60.642,234.950,111.131,True,3.6737,-0.002304,0.000004,RECONSTRUCTED,constrained_tps
2.6375,9.2500,4.3746,66.993,234.950,111.116,True,3.4237,-0.002265,0.000004,RECONSTRUCTED,constrained_tps
2.8875,9.2500,4.3739,73.343,234.950,111.098,True,3.1737,-0.002211,0.000004,RECONSTRUCTED,constrained_tps
3.1375,9.2500,4.3732,79.692,234.950,111.078,True,2.9237,-0.002139,0.000004,RECONSTRUCTED,constrained_tps
3.3875,9.2500,4.3723,86.043,234.950,111.056,True,2.6737,-0.002041,0.000004,RECONSTRUCTED,constrained_tps
3.6375,9.2500,4.3713,92.392,234.950,111.030,True,2.4237,-0.001913,0.000004,RECONSTRUCTED,constrained_tps
3.8875,9.2500,4.3702,98.742,234.950,111.002,True,2.1737,-0.001745,0.000003,RECONSTRUCTED,constrained_tps
4.1375,9.2500,4.3689,105.093,234.950,110.970,True,1.9237,-0.001528,0.000002,RECONSTRUCTED,constrained_tps
4.3875,9.2500,4.3675,111.442,234.950,110.935,True,1.6737,-0.001248,0.000001,RECONSTRUCTED,constrained_tps
4.6375,9.2500,4.3661,117.793,234.950,110.898,True,1.4237,-0.000892,-0.000001,RECONSTRUCTED,constrained_tps
4.8875,9.2500,4.3645,124.142,234.950,110.858,True,1.1737,-0.000448,-0.000002,RECONSTRUCTED,constrained_tps
5.1375,9.2500,4.3629,130.493,234.950,110.817,True,0.9237,0.000081,-0.000003,RECONSTRUCTED,constrained_tps
5.3875,9.2500,4.3612,136.843,234.950,110.775,True,0.6737,0.000621,-0.000004,RECONSTRUCTED,constrained_tps
5.6375,9.2500,4.3596,143.192,234.950,110.735,True,0.4237,,,RECONSTRUCTED,constrained_tps
5.8875,9.2500,4.3582,149.542,234.950,110.697,True,0.1737,,,RECONSTRUCTED,constrained_tps
-6.1125,9.5000,4.3699,-155.257,241.300,110.996,True,0.0675,,,RIM_BOUNDARY,constrained_tps
-5.8625,9.5000,4.3712,-148.907,241.300,111.029,True,0.3175,,,RECONSTRUCTED,constrained_tps
-5.6125,9.5000,4.3726,-142.557,241.300,111.064,True,0.5675,0.000260,-0.000004,RECONSTRUCTED,constrained_tps
-5.3625,9.5000,4.3741,-136.207,241.300,111.101,True,0.8175,0.000104,-0.000004,RECONSTRUCTED,constrained_tps
-5.1125,9.5000,4.3756,-129.857,241.300,111.140,True,1.0675,-0.000218,-0.000003,RECONSTRUCTED,constrained_tps
-4.8625,9.5000,4.3771,-123.507,241.300,111.179,True,1.3175,-0.000584,-0.000002,RECONSTRUCTED,constrained_tps
-4.6125,9.5000,4.3786,-117.157,241.300,111.216,True,1.5675,-0.000928,-0.000001,RECONSTRUCTED,constrained_tps
-4.3625,9.5000,4.3800,-110.807,241.300,111.252,True,1.8175,-0.001224,0.000000,RECONSTRUCTED,constrained_tps
-4.1125,9.5000,4.3813,-104.457,241.300,111.285,True,2.0675,-0.001471,0.000001,RECONSTRUCTED,constrained_tps
-3.8625,9.5000,4.3825,-98.107,241.300,111.315,True,2.3175,-0.001670,0.000002,RECONSTRUCTED,constrained_tps
-3.6125,9.5000,4.3836,-91.757,241.300,111.343,True,2.5675,-0.001830,0.000003,RECONSTRUCTED,constrained_tps
-3.3625,9.5000,4.3846,-85.407,241.300,111.368,True,2.8175,-0.001956,0.000004,RECONSTRUCTED,constrained_tps
-3.1125,9.5000,4.3854,-79.057,241.300,111.390,True,3.0675,-0.002054,0.000004,RECONSTRUCTED,constrained_tps
-2.8625,9.5000,4.3862,-72.707,241.300,111.409,True,3.3175,-0.002130,0.000004,RECONSTRUCTED,constrained_tps
-2.6125,9.5000,4.3869,-66.357,241.300,111.426,True,3.5675,-0.002187,0.000004,RECONSTRUCTED,constrained_tps
-2.3625,9.5000,4.3875,-60.007,241.300,111.441,True,3.8175,-0.002230,0.000004,RECONSTRUCTED,constrained_tps
-2.1125,9.5000,4.3880,-53.657,241.300,111.454,True,4.0675,-0.002263,0.000004,RECONSTRUCTED,constrained_tps
-1.8625,9.5000,4.3884,-47.307,241.300,111.465,True,4.3175,-0.002286,0.000004,RECONSTRUCTED,constrained_tps
-1.6125,9.5000,4.3887,-40.957,241.300,111.474,True,4.5675,-0.002302,0.000004,RECONSTRUCTED,constrained_tps
-1.3625,9.5000,4.3890,-34.608,241.300,111.482,True,4.8175,-0.002314,0.000003,RECONSTRUCTED,constrained_tps
-1.1125,9.5000,4.3893,-28.258,241.300,111.488,True,5.0675,-0.002322,0.000003,RECONSTRUCTED,constrained_tps
-0.8625,9.5000,4.3895,-21.907,241.300,111.492,True,5.3175,-0.002327,0.000003,RECONSTRUCTED,constrained_tps
-0.6125,9.5000,4.3896,-15.558,241.300,111.496,True,5.5675,-0.002330,0.000003,RECONSTRUCTED,constrained_tps
-0.3625,9.5000,4.3897,-9.207,241.300,111.498,True,5.8175,-0.002332,0.000003,RECONSTRUCTED,constrained_tps
-0.1125,9.5000,4.3897,-2.857,241.300,111.499,True,6.0675,-0.002333,0.000003,RECONSTRUCTED,constrained_tps
0.1375,9.5000,4.3897,3.493,241.300,111.499,True,6.0425,-0.002333,0.000003,RECONSTRUCTED,constrained_tps
0.3875,9.5000,4.3897,9.842,241.300,111.498,True,5.7925,-0.002332,0.000003,RECONSTRUCTED,constrained_tps
0.6375,9.5000,4.3896,16.192,241.300,111.495,True,5.5425,-0.002330,0.000003,RECONSTRUCTED,constrained_tps
0.8875,9.5000,4.3894,22.542,241.300,111.492,True,5.2925,-0.002326,0.000003,RECONSTRUCTED,constrained_tps
1.1375,9.5000,4.3892,28.892,241.300,111.487,True,5.0425,-0.002321,0.000003,RECONSTRUCTED,constrained_tps
1.3875,9.5000,4.3890,35.242,241.300,111.481,True,4.7925,-0.002312,0.000003,RECONSTRUCTED,constrained_tps
1.6375,9.5000,4.3887,41.592,241.300,111.473,True,4.5425,-0.002300,0.000004,RECONSTRUCTED,constrained_tps
1.8875,9.5000,4.3883,47.942,241.300,111.464,True,4.2925,-0.002283,0.000004,RECONSTRUCTED,constrained_tps
2.1375,9.5000,4.3879,54.293,241.300,111.452,True,4.0425,-0.002259,0.000004,RECONSTRUCTED,constrained_tps
2.3875,9.5000,4.3874,60.642,241.300,111.439,True,3.7925,-0.002226,0.000004,RECONSTRUCTED,constrained_tps
2.6375,9.5000,4.3868,66.993,241.300,111.424,True,3.5425,-0.002181,0.000004,RECONSTRUCTED,constrained_tps
2.8875,9.5000,4.3861,73.343,241.300,111.407,True,3.2925,-0.002122,0.000004,RECONSTRUCTED,constrained_tps
3.1375,9.5000,4.3853,79.692,241.300,111.387,True,3.0425,-0.002044,0.000004,RECONSTRUCTED,constrained_tps
3.3875,9.5000,4.3844,86.043,241.300,111.365,True,2.7925,-0.001943,0.000004,RECONSTRUCTED,constrained_tps
3.6375,9.5000,4.3834,92.392,241.300,111.340,True,2.5425,-0.001814,0.000003,RECONSTRUCTED,constrained_tps
3.8875,9.5000,4.3823,98.742,241.300,111.312,True,2.2925,-0.001651,0.000002,RECONSTRUCTED,constrained_tps
4.1375,9.5000,4.3811,105.093,241.300,111.281,True,2.0425,-0.001447,0.000001,RECONSTRUCTED,constrained_tps
4.3875,9.5000,4.3798,111.442,241.300,111.248,True,1.7925,-0.001196,0.000000,RECONSTRUCTED,constrained_tps
4.6375,9.5000,4.3784,117.793,241.300,111.212,True,1.5425,-0.000894,-0.000001,RECONSTRUCTED,constrained_tps
4.8875,9.5000,4.3769,124.142,241.300,111.174,True,1.2925,-0.000547,-0.000003,RECONSTRUCTED,constrained_tps
5.1375,9.5000,4.3754,130.493,241.300,111.136,True,1.0425,-0.000181,-0.000004,RECONSTRUCTED,constrained_tps
5.3875,9.5000,4.3739,136.843,241.300,111.097,True,0.7925,0.000130,-0.000004,RECONSTRUCTED,constrained_tps
5.6375,9.5000,4.3724,143.192,241.300,111.060,True,0.5425,0.000263,-0.000003,RECONSTRUCTED,constrained_tps
5.8875,9.5000,4.3711,149.542,241.300,111.025,True,0.2925,,,RECONSTRUCTED,constrained_tps
6.1375,9.5000,4.3698,155.892,241.300,110.993,True,0.0425,,,RIM_BOUNDARY,constrained_tps
-6.1125,9.7500,4.3828,-155.257,247.650,111.322,True,0.1854,,,RECONSTRUCTED,constrained_tps
-5.8625,9.7500,4.3840,-148.907,247.650,111.354,True,0.4354,,,RECONSTRUCTED,constrained_tps
-5.6125,9.7500,4.3853,-142.557,247.650,111.388,True,0.6854,-0.000185,-0.000003,RECONSTRUCTED,constrained_tps
-5.3625,9.7500,4.3867,-136.207,247.650,111.422,True,0.9354,-0.000267,-0.000003,RECONSTRUCTED,constrained_tps
-5.1125,9.7500,4.3881,-129.857,247.650,111.458,True,1.1854,-0.000465,-0.000003,RECONSTRUCTED,constrained_tps
-4.8625,9.7500,4.3895,-123.507,247.650,111.494,True,1.4354,-0.000719,-0.000003,RECONSTRUCTED,constrained_tps
-4.6125,9.7500,4.3909,-117.157,247.650,111.529,True,1.6854,-0.000981,-0.000001,RECONSTRUCTED,constrained_tps
-4.3625,9.7500,4.3922,-110.807,247.650,111.562,True,1.9354,-0.001224,-0.000000,RECONSTRUCTED,constrained_tps
-4.1125,9.7500,4.3934,-104.457,247.650,111.593,True,2.1854,-0.001436,0.000001,RECONSTRUCTED,constrained_tps
-3.8625,9.7500,4.3946,-98.107,247.650,111.622,True,2.4354,-0.001616,0.000002,RECONSTRUCTED,constrained_tps
-3.6125,9.7500,4.3956,-91.757,247.650,111.649,True,2.6854,-0.001764,0.000003,RECONSTRUCTED,constrained_tps
-3.3625,9.7500,4.3966,-85.407,247.650,111.673,True,2.9354,-0.001885,0.000003,RECONSTRUCTED,constrained_tps
-3.1125,9.7500,4.3974,-79.057,247.650,111.695,True,3.1854,-0.001982,0.000004,RECONSTRUCTED,constrained_tps
-2.8625,9.7500,4.3982,-72.707,247.650,111.714,True,3.4354,-0.002058,0.000004,RECONSTRUCTED,constrained_tps
-2.6125,9.7500,4.3988,-66.357,247.650,111.731,True,3.6854,-0.002118,0.000004,RECONSTRUCTED,constrained_tps
-2.3625,9.7500,4.3994,-60.007,247.650,111.745,True,3.9354,-0.002164,0.000004,RECONSTRUCTED,constrained_tps
-2.1125,9.7500,4.3999,-53.657,247.650,111.758,True,4.1854,-0.002199,0.000004,RECONSTRUCTED,constrained_tps
-1.8625,9.7500,4.4003,-47.307,247.650,111.769,True,4.4354,-0.002226,0.000004,RECONSTRUCTED,constrained_tps
-1.6125,9.7500,4.4007,-40.957,247.650,111.778,True,4.6854,-0.002245,0.000003,RECONSTRUCTED,constrained_tps
-1.3625,9.7500,4.4010,-34.608,247.650,111.785,True,4.9354,-0.002259,0.000003,RECONSTRUCTED,constrained_tps
-1.1125,9.7500,4.4012,-28.258,247.650,111.791,True,5.1854,-0.002269,0.000003,RECONSTRUCTED,constrained_tps
-0.8625,9.7500,4.4014,-21.907,247.650,111.796,True,5.4354,-0.002276,0.000003,RECONSTRUCTED,constrained_tps
-0.6125,9.7500,4.4016,-15.558,247.650,111.800,True,5.6854,-0.002281,0.000003,RECONSTRUCTED,constrained_tps
-0.3625,9.7500,4.4016,-9.207,247.650,111.802,True,5.9354,-0.002284,0.000003,RECONSTRUCTED,constrained_tps
-0.1125,9.7500,4.4017,-2.857,247.650,111.803,True,6.1854,-0.002285,0.000003,RECONSTRUCTED,constrained_tps
0.1375,9.7500,4.4017,3.493,247.650,111.803,True,6.1604,-0.002285,0.000003,RECONSTRUCTED,constrained_tps
0.3875,9.7500,4.4016,9.842,247.650,111.802,True,5.9104,-0.002283,0.000003,RECONSTRUCTED,constrained_tps
0.6375,9.7500,4.4015,16.192,247.650,111.799,True,5.6604,-0.002280,0.000003,RECONSTRUCTED,constrained_tps
0.8875,9.7500,4.4014,22.542,247.650,111.796,True,5.4104,-0.002275,0.000003,RECONSTRUCTED,constrained_tps
1.1375,9.7500,4.4012,28.892,247.650,111.791,True,5.1604,-0.002268,0.000003,RECONSTRUCTED,constrained_tps
1.3875,9.7500,4.4010,35.242,247.650,111.784,True,4.9104,-0.002257,0.000003,RECONSTRUCTED,constrained_tps
1.6375,9.7500,4.4007,41.592,247.650,111.777,True,4.6604,-0.002243,0.000003,RECONSTRUCTED,constrained_tps
1.8875,9.7500,4.4003,47.942,247.650,111.767,True,4.4104,-0.002222,0.000004,RECONSTRUCTED,constrained_tps
2.1375,9.7500,4.3999,54.293,247.650,111.756,True,4.1604,-0.002195,0.000004,RECONSTRUCTED,constrained_tps
2.3875,9.7500,4.3993,60.642,247.650,111.743,True,3.9104,-0.002159,0.000004,RECONSTRUCTED,constrained_tps
2.6375,9.7500,4.3988,66.993,247.650,111.728,True,3.6604,-0.002111,0.000004,RECONSTRUCTED,constrained_tps
2.8875,9.7500,4.3981,73.343,247.650,111.711,True,3.4104,-0.002050,0.000004,RECONSTRUCTED,constrained_tps
3.1375,9.7500,4.3973,79.692,247.650,111.692,True,3.1604,-0.001972,0.000003,RECONSTRUCTED,constrained_tps
3.3875,9.7500,4.3965,86.043,247.650,111.670,True,2.9104,-0.001873,0.000003,RECONSTRUCTED,constrained_tps
3.6375,9.7500,4.3955,92.392,247.650,111.646,True,2.6604,-0.001750,0.000002,RECONSTRUCTED,constrained_tps
3.8875,9.7500,4.3945,98.742,247.650,111.619,True,2.4104,-0.001598,0.000002,RECONSTRUCTED,constrained_tps
4.1375,9.7500,4.3933,105.093,247.650,111.590,True,2.1604,-0.001415,0.000001,RECONSTRUCTED,constrained_tps
4.3875,9.7500,4.3921,111.442,247.650,111.558,True,1.9104,-0.001199,-0.000000,RECONSTRUCTED,constrained_tps
4.6375,9.7500,4.3907,117.793,247.650,111.525,True,1.6604,-0.000954,-0.000002,RECONSTRUCTED,constrained_tps
4.8875,9.7500,4.3894,124.142,247.650,111.490,True,1.4104,-0.000691,-0.000003,RECONSTRUCTED,constrained_tps
5.1375,9.7500,4.3880,130.493,247.650,111.454,True,1.1604,-0.000441,-0.000003,RECONSTRUCTED,constrained_tps
5.3875,9.7500,4.3866,136.843,247.650,111.419,True,0.9104,-0.000252,-0.000003,RECONSTRUCTED,constrained_tps
5.6375,9.7500,4.3852,143.192,247.650,111.384,True,0.6604,-0.000185,-0.000003,RECONSTRUCTED,constrained_tps
5.8875,9.7500,4.3839,149.542,247.650,111.351,True,0.4104,,,RECONSTRUCTED,constrained_tps
6.1375,9.7500,4.3826,155.892,247.650,111.319,True,0.1604,,,RECONSTRUCTED,constrained_tps
-6.3625,10.0000,4.3943,-161.607,254.000,111.616,True,0.0550,,,RIM_BOUNDARY,constrained_tps
-6.1125,10.0000,4.3955,-155.257,254.000,111.647,True,0.3050,,,RECONSTRUCTED,constrained_tps
-5.8625,10.0000,4.3968,-148.907,254.000,111.678,True,0.5550,-0.000455,-0.000002,RECONSTRUCTED,constrained_tps
-5.6125,10.0000,4.3980,-142.557,254.000,111.709,True,0.8050,-0.000448,-0.000003,RECONSTRUCTED,constrained_tps
-5.3625,10.0000,4.3993,-136.207,254.000,111.742,True,1.0550,-0.000531,-0.000003,RECONSTRUCTED,constrained_tps
-5.1125,10.0000,4.4006,-129.857,254.000,111.775,True,1.3050,-0.000676,-0.000003,RECONSTRUCTED,constrained_tps
-4.8625,10.0000,4.4019,-123.507,254.000,111.808,True,1.5550,-0.000861,-0.000003,RECONSTRUCTED,constrained_tps
-4.6125,10.0000,4.4031,-117.157,254.000,111.840,True,1.8050,-0.001062,-0.000002,RECONSTRUCTED,constrained_tps
-4.3625,10.0000,4.4044,-110.807,254.000,111.871,True,2.0550,-0.001258,-0.000001,RECONSTRUCTED,constrained_tps
-4.1125,10.0000,4.4055,-104.457,254.000,111.900,True,2.3050,-0.001437,0.000000,RECONSTRUCTED,constrained_tps
-3.8625,10.0000,4.4066,-98.107,254.000,111.927,True,2.5550,-0.001594,0.000001,RECONSTRUCTED,constrained_tps
-3.6125,10.0000,4.4076,-91.757,254.000,111.952,True,2.8050,-0.001727,0.000002,RECONSTRUCTED,constrained_tps
-3.3625,10.0000,4.4085,-85.407,254.000,111.975,True,3.0550,-0.001838,0.000003,RECONSTRUCTED,constrained_tps
-3.1125,10.0000,4.4093,-79.057,254.000,111.995,True,3.3050,-0.001929,0.000003,RECONSTRUCTED,constrained_tps
-2.8625,10.0000,4.4100,-72.707,254.000,112.014,True,3.5550,-0.002003,0.000003,RECONSTRUCTED,constrained_tps
-2.6125,10.0000,4.4106,-66.357,254.000,112.030,True,3.8050,-0.002061,0.000003,RECONSTRUCTED,constrained_tps
-2.3625,10.0000,4.4112,-60.007,254.000,112.044,True,4.0550,-0.002108,0.000003,RECONSTRUCTED,constrained_tps
-2.1125,10.0000,4.4117,-53.657,254.000,112.057,True,4.3050,-0.002144,0.000003,RECONSTRUCTED,constrained_tps
-1.8625,10.0000,4.4121,-47.307,254.000,112.067,True,4.5550,-0.002172,0.000003,RECONSTRUCTED,constrained_tps
-1.6125,10.0000,4.4124,-40.957,254.000,112.076,True,4.8050,-0.002193,0.000003,RECONSTRUCTED,constrained_tps
-1.3625,10.0000,4.4127,-34.608,254.000,112.083,True,5.0550,-0.002209,0.000003,RECONSTRUCTED,constrained_tps
-1.1125,10.0000,4.4130,-28.258,254.000,112.089,True,5.3050,-0.002220,0.000003,RECONSTRUCTED,constrained_tps
-0.8625,10.0000,4.4132,-21.907,254.000,112.094,True,5.5550,-0.002228,0.000003,RECONSTRUCTED,constrained_tps
-0.6125,10.0000,4.4133,-15.558,254.000,112.097,True,5.8050,-0.002234,0.000003,RECONSTRUCTED,constrained_tps
-0.3625,10.0000,4.4134,-9.207,254.000,112.100,True,6.0550,-0.002237,0.000003,RECONSTRUCTED,constrained_tps
-0.1125,10.0000,4.4134,-2.857,254.000,112.101,True,6.3050,-0.002239,0.000003,RECONSTRUCTED,constrained_tps
0.1375,10.0000,4.4134,3.493,254.000,112.101,True,6.2800,-0.002238,0.000003,RECONSTRUCTED,constrained_tps
0.3875,10.0000,4.4134,9.842,254.000,112.099,True,6.0300,-0.002237,0.000003,RECONSTRUCTED,constrained_tps
0.6375,10.0000,4.4133,16.192,254.000,112.097,True,5.7800,-0.002233,0.000003,RECONSTRUCTED,constrained_tps
0.8875,10.0000,4.4131,22.542,254.000,112.093,True,5.5300,-0.002227,0.000003,RECONSTRUCTED,constrained_tps
1.1375,10.0000,4.4129,28.892,254.000,112.089,True,5.2800,-0.002218,0.000003,RECONSTRUCTED,constrained_tps
1.3875,10.0000,4.4127,35.242,254.000,112.082,True,5.0300,-0.002206,0.000003,RECONSTRUCTED,constrained_tps
1.6375,10.0000,4.4124,41.592,254.000,112.075,True,4.7800,-0.002190,0.000003,RECONSTRUCTED,constrained_tps
1.8875,10.0000,4.4120,47.942,254.000,112.066,True,4.5300,-0.002168,0.000003,RECONSTRUCTED,constrained_tps
2.1375,10.0000,4.4116,54.293,254.000,112.055,True,4.2800,-0.002140,0.000003,RECONSTRUCTED,constrained_tps
2.3875,10.0000,4.4111,60.642,254.000,112.042,True,4.0300,-0.002103,0.000003,RECONSTRUCTED,constrained_tps
2.6375,10.0000,4.4105,66.993,254.000,112.028,True,3.7800,-0.002055,0.000003,RECONSTRUCTED,constrained_tps
2.8875,10.0000,4.4099,73.343,254.000,112.011,True,3.5300,-0.001995,0.000003,RECONSTRUCTED,constrained_tps
3.1375,10.0000,4.4092,79.692,254.000,111.993,True,3.2800,-0.001919,0.000003,RECONSTRUCTED,constrained_tps
3.3875,10.0000,4.4084,86.043,254.000,111.972,True,3.0300,-0.001826,0.000002,RECONSTRUCTED,constrained_tps
3.6375,10.0000,4.4074,92.392,254.000,111.949,True,2.7800,-0.001713,0.000002,RECONSTRUCTED,constrained_tps
3.8875,10.0000,4.4064,98.742,254.000,111.924,True,2.5300,-0.001578,0.000001,RECONSTRUCTED,constrained_tps
4.1375,10.0000,4.4054,105.093,254.000,111.896,True,2.2800,-0.001419,0.000000,RECONSTRUCTED,constrained_tps
4.3875,10.0000,4.4042,111.442,254.000,111.867,True,2.0300,-0.001238,-0.000001,RECONSTRUCTED,constrained_tps
4.6375,10.0000,4.4030,117.793,254.000,111.836,True,1.7800,-0.001041,-0.000002,RECONSTRUCTED,constrained_tps
4.8875,10.0000,4.4017,124.142,254.000,111.804,True,1.5300,-0.000841,-0.000003,RECONSTRUCTED,constrained_tps
5.1375,10.0000,4.4004,130.493,254.000,111.771,True,1.2800,-0.000658,-0.000003,RECONSTRUCTED,constrained_tps
5.3875,10.0000,4.3991,136.843,254.000,111.738,True,1.0300,-0.000519,-0.000003,RECONSTRUCTED,constrained_tps
5.6375,10.0000,4.3979,143.192,254.000,111.706,True,0.7800,-0.000443,-0.000002,RECONSTRUCTED,constrained_tps
5.8875,10.0000,4.3966,149.542,254.000,111.674,True,0.5300,-0.000438,-0.000002,RECONSTRUCTED,constrained_tps
6.1375,10.0000,4.3954,155.892,254.000,111.644,True,0.2800,,,RECONSTRUCTED,constrained_tps
6.3875,10.0000,4.3942,162.243,254.000,111.613,True,0.0300,,,RIM_BOUNDARY,constrained_tps
-6.3625,10.2500,4.4072,-161.607,260.350,111.944,True,0.1745,,,RECONSTRUCTED,constrained_tps
-6.1125,10.2500,4.4083,-155.257,260.350,111.971,True,0.4245,,,RECONSTRUCTED,constrained_tps
-5.8625,10.2500,4.4094,-148.907,260.350,112.000,True,0.6745,-0.000438,-0.000003,RECONSTRUCTED,constrained_tps
-5.6125,10.2500,4.4106,-142.557,260.350,112.029,True,0.9245,-0.000592,-0.000003,RECONSTRUCTED,constrained_tps
-5.3625,10.2500,4.4118,-136.207,260.350,112.059,True,1.1745,-0.000713,-0.000003,RECONSTRUCTED,constrained_tps
-5.1125,10.2500,4.4130,-129.857,260.350,112.089,True,1.4245,-0.000844,-0.000003,RECONSTRUCTED,constrained_tps
-4.8625,10.2500,4.4141,-123.507,260.350,112.119,True,1.6745,-0.000995,-0.000003,RECONSTRUCTED,constrained_tps
-4.6125,10.2500,4.4153,-117.157,260.350,112.149,True,1.9245,-0.001156,-0.000002,RECONSTRUCTED,constrained_tps
-4.3625,10.2500,4.4164,-110.807,260.350,112.177,True,2.1745,-0.001314,-0.000001,RECONSTRUCTED,constrained_tps
-4.1125,10.2500,4.4175,-104.457,260.350,112.204,True,2.4245,-0.001463,-0.000000,RECONSTRUCTED,constrained_tps
-3.8625,10.2500,4.4185,-98.107,260.350,112.229,True,2.6745,-0.001596,0.000001,RECONSTRUCTED,constrained_tps
-3.6125,10.2500,4.4194,-91.757,260.350,112.252,True,2.9245,-0.001712,0.000001,RECONSTRUCTED,constrained_tps
-3.3625,10.2500,4.4202,-85.407,260.350,112.273,True,3.1745,-0.001811,0.000002,RECONSTRUCTED,constrained_tps
-3.1125,10.2500,4.4210,-79.057,260.350,112.292,True,3.4245,-0.001894,0.000002,RECONSTRUCTED,constrained_tps
-2.8625,10.2500,4.4216,-72.707,260.350,112.310,True,3.6745,-0.001962,0.000003,RECONSTRUCTED,constrained_tps
-2.6125,10.2500,4.4222,-66.357,260.350,112.325,True,3.9245,-0.002017,0.000003,RECONSTRUCTED,constrained_tps
-2.3625,10.2500,4.4228,-60.007,260.350,112.339,True,4.1745,-0.002062,0.000003,RECONSTRUCTED,constrained_tps
-2.1125,10.2500,4.4232,-53.657,260.350,112.350,True,4.4245,-0.002097,0.000003,RECONSTRUCTED,constrained_tps
-1.8625,10.2500,4.4236,-47.307,260.350,112.360,True,4.6745,-0.002124,0.000003,RECONSTRUCTED,constrained_tps
-1.6125,10.2500,4.4240,-40.957,260.350,112.369,True,4.9245,-0.002146,0.000003,RECONSTRUCTED,constrained_tps
-1.3625,10.2500,4.4242,-34.608,260.350,112.376,True,5.1745,-0.002162,0.000003,RECONSTRUCTED,constrained_tps
-1.1125,10.2500,4.4245,-28.258,260.350,112.382,True,5.4245,-0.002174,0.000003,RECONSTRUCTED,constrained_tps
-0.8625,10.2500,4.4247,-21.907,260.350,112.386,True,5.6745,-0.002182,0.000003,RECONSTRUCTED,constrained_tps
-0.6125,10.2500,4.4248,-15.558,260.350,112.389,True,5.9245,-0.002188,0.000003,RECONSTRUCTED,constrained_tps
-0.3625,10.2500,4.4249,-9.207,260.350,112.392,True,6.1745,-0.002192,0.000003,RECONSTRUCTED,constrained_tps
-0.1125,10.2500,4.4249,-2.857,260.350,112.393,True,6.4245,-0.002194,0.000003,RECONSTRUCTED,constrained_tps
0.1375,10.2500,4.4249,3.493,260.350,112.392,True,6.3995,-0.002193,0.000003,RECONSTRUCTED,constrained_tps
0.3875,10.2500,4.4249,9.842,260.350,112.391,True,6.1495,-0.002191,0.000003,RECONSTRUCTED,constrained_tps
0.6375,10.2500,4.4248,16.192,260.350,112.389,True,5.8995,-0.002187,0.000003,RECONSTRUCTED,constrained_tps
0.8875,10.2500,4.4246,22.542,260.350,112.385,True,5.6495,-0.002181,0.000003,RECONSTRUCTED,constrained_tps
1.1375,10.2500,4.4244,28.892,260.350,112.381,True,5.3995,-0.002172,0.000003,RECONSTRUCTED,constrained_tps
1.3875,10.2500,4.4242,35.242,260.350,112.375,True,5.1495,-0.002160,0.000003,RECONSTRUCTED,constrained_tps
1.6375,10.2500,4.4239,41.592,260.350,112.368,True,4.8995,-0.002143,0.000003,RECONSTRUCTED,constrained_tps
1.8875,10.2500,4.4236,47.942,260.350,112.359,True,4.6495,-0.002121,0.000003,RECONSTRUCTED,constrained_tps
2.1375,10.2500,4.4232,54.293,260.350,112.349,True,4.3995,-0.002093,0.000003,RECONSTRUCTED,constrained_tps
2.3875,10.2500,4.4227,60.642,260.350,112.337,True,4.1495,-0.002057,0.000003,RECONSTRUCTED,constrained_tps
2.6375,10.2500,4.4222,66.993,260.350,112.323,True,3.8995,-0.002011,0.000003,RECONSTRUCTED,constrained_tps
2.8875,10.2500,4.4216,73.343,260.350,112.307,True,3.6495,-0.001955,0.000003,RECONSTRUCTED,constrained_tps
3.1375,10.2500,4.4209,79.692,260.350,112.290,True,3.3995,-0.001885,0.000002,RECONSTRUCTED,constrained_tps
3.3875,10.2500,4.4201,86.043,260.350,112.271,True,3.1495,-0.001801,0.000002,RECONSTRUCTED,constrained_tps
3.6375,10.2500,4.4193,92.392,260.350,112.249,True,2.8995,-0.001700,0.000001,RECONSTRUCTED,constrained_tps
3.8875,10.2500,4.4183,98.742,260.350,112.226,True,2.6495,-0.001582,0.000001,RECONSTRUCTED,constrained_tps
4.1375,10.2500,4.4173,105.093,260.350,112.200,True,2.3995,-0.001447,-0.000000,RECONSTRUCTED,constrained_tps
4.3875,10.2500,4.4163,111.442,260.350,112.173,True,2.1495,-0.001297,-0.000001,RECONSTRUCTED,constrained_tps
4.6375,10.2500,4.4152,117.793,260.350,112.145,True,1.8995,-0.001138,-0.000002,RECONSTRUCTED,constrained_tps
4.8875,10.2500,4.4140,124.142,260.350,112.116,True,1.6495,-0.000978,-0.000003,RECONSTRUCTED,constrained_tps
5.1375,10.2500,4.4128,130.493,260.350,112.086,True,1.3995,-0.000829,-0.000003,RECONSTRUCTED,constrained_tps
5.3875,10.2500,4.4116,136.843,260.350,112.056,True,1.1495,-0.000699,-0.000003,RECONSTRUCTED,constrained_tps
5.6375,10.2500,4.4105,143.192,260.350,112.026,True,0.8995,-0.000577,-0.000003,RECONSTRUCTED,constrained_tps
5.8875,10.2500,4.4093,149.542,260.350,111.996,True,0.6495,-0.000421,-0.000003,RECONSTRUCTED,constrained_tps
6.1375,10.2500,4.4082,155.892,260.350,111.968,True,0.3995,,,RECONSTRUCTED,constrained_tps
6.3875,10.2500,4.4071,162.243,260.350,111.941,True,0.1495,,,RECONSTRUCTED,constrained_tps
-6.6125,10.5000,4.4190,-167.957,266.700,112.242,True,0.0424,,,RIM_BOUNDARY,constrained_tps
-6.3625,10.5000,4.4200,-161.607,266.700,112.268,True,0.2924,,,RECONSTRUCTED,constrained_tps
-6.1125,10.5000,4.4210,-155.257,266.700,112.293,True,0.5424,-0.000792,-0.000002,RECONSTRUCTED,constrained_tps
-5.8625,10.5000,4.4220,-148.907,266.700,112.319,True,0.7924,-0.000606,-0.000003,RECONSTRUCTED,constrained_tps
-5.6125,10.5000,4.4231,-142.557,266.700,112.346,True,1.0424,-0.000732,-0.000003,RECONSTRUCTED,constrained_tps
-5.3625,10.5000,4.4242,-136.207,266.700,112.374,True,1.2924,-0.000863,-0.000003,RECONSTRUCTED,constrained_tps
-5.1125,10.5000,4.4252,-129.857,266.700,112.401,True,1.5424,-0.000990,-0.000003,RECONSTRUCTED,constrained_tps
-4.8625,10.5000,4.4263,-123.507,266.700,112.428,True,1.7924,-0.001121,-0.000003,RECONSTRUCTED,constrained_tps
-4.6125,10.5000,4.4274,-117.157,266.700,112.455,True,2.0424,-0.001254,-0.000002,RECONSTRUCTED,constrained_tps
-4.3625,10.5000,4.4284,-110.807,266.700,112.480,True,2.2924,-0.001383,-0.000001,RECONSTRUCTED,constrained_tps
-4.1125,10.5000,4.4293,-104.457,266.700,112.505,True,2.5424,-0.001506,-0.000001,RECONSTRUCTED,constrained_tps
-3.8625,10.5000,4.4302,-98.107,266.700,112.527,True,2.7924,-0.001617,0.000000,RECONSTRUCTED,constrained_tps
-3.6125,10.5000,4.4310,-91.757,266.700,112.548,True,3.0424,-0.001716,0.000001,RECONSTRUCTED,constrained_tps
-3.3625,10.5000,4.4318,-85.407,266.700,112.568,True,3.2924,-0.001801,0.000001,RECONSTRUCTED,constrained_tps
-3.1125,10.5000,4.4325,-79.057,266.700,112.585,True,3.5424,-0.001874,0.000002,RECONSTRUCTED,constrained_tps
-2.8625,10.5000,4.4331,-72.707,266.700,112.601,True,3.7924,-0.001934,0.000002,RECONSTRUCTED,constrained_tps
-2.6125,10.5000,4.4337,-66.357,266.700,112.615,True,4.0424,-0.001984,0.000002,RECONSTRUCTED,constrained_tps
-2.3625,10.5000,4.4342,-60.007,266.700,112.628,True,4.2924,-0.002025,0.000003,RECONSTRUCTED,constrained_tps
-2.1125,10.5000,4.4346,-53.657,266.700,112.639,True,4.5424,-0.002057,0.000003,RECONSTRUCTED,constrained_tps
-1.8625,10.5000,4.4350,-47.307,266.700,112.648,True,4.7924,-0.002083,0.000003,RECONSTRUCTED,constrained_tps
-1.6125,10.5000,4.4353,-40.957,266.700,112.656,True,5.0424,-0.002103,0.000003,RECONSTRUCTED,constrained_tps
-1.3625,10.5000,4.4355,-34.608,266.700,112.663,True,5.2924,-0.002119,0.000003,RECONSTRUCTED,constrained_tps
-1.1125,10.5000,4.4358,-28.258,266.700,112.668,True,5.5424,-0.002131,0.000003,RECONSTRUCTED,constrained_tps
-0.8625,10.5000,4.4359,-21.907,266.700,112.672,True,5.7924,-0.002139,0.000003,RECONSTRUCTED,constrained_tps
-0.6125,10.5000,4.4360,-15.558,266.700,112.676,True,6.0424,-0.002145,0.000002,RECONSTRUCTED,constrained_tps
-0.3625,10.5000,4.4361,-9.207,266.700,112.678,True,6.2924,-0.002149,0.000002,RECONSTRUCTED,constrained_tps
-0.1125,10.5000,4.4362,-2.857,266.700,112.679,True,6.5424,-0.002150,0.000002,RECONSTRUCTED,constrained_tps
0.1375,10.5000,4.4362,3.493,266.700,112.678,True,6.5174,-0.002150,0.000002,RECONSTRUCTED,constrained_tps
0.3875,10.5000,4.4361,9.842,266.700,112.677,True,6.2674,-0.002148,0.000002,RECONSTRUCTED,constrained_tps
0.6375,10.5000,4.4360,16.192,266.700,112.675,True,6.0174,-0.002144,0.000002,RECONSTRUCTED,constrained_tps
0.8875,10.5000,4.4359,22.542,266.700,112.672,True,5.7674,-0.002138,0.000003,RECONSTRUCTED,constrained_tps
1.1375,10.5000,4.4357,28.892,266.700,112.667,True,5.5174,-0.002129,0.000003,RECONSTRUCTED,constrained_tps
1.3875,10.5000,4.4355,35.242,266.700,112.662,True,5.2674,-0.002117,0.000003,RECONSTRUCTED,constrained_tps
1.6375,10.5000,4.4352,41.592,266.700,112.655,True,5.0174,-0.002101,0.000003,RECONSTRUCTED,constrained_tps
1.8875,10.5000,4.4349,47.942,266.700,112.647,True,4.7674,-0.002080,0.000003,RECONSTRUCTED,constrained_tps
2.1375,10.5000,4.4345,54.293,266.700,112.637,True,4.5174,-0.002053,0.000003,RECONSTRUCTED,constrained_tps
2.3875,10.5000,4.4341,60.642,266.700,112.626,True,4.2674,-0.002020,0.000003,RECONSTRUCTED,constrained_tps
2.6375,10.5000,4.4336,66.993,266.700,112.613,True,4.0174,-0.001978,0.000002,RECONSTRUCTED,constrained_tps
2.8875,10.5000,4.4330,73.343,266.700,112.599,True,3.7674,-0.001927,0.000002,RECONSTRUCTED,constrained_tps
3.1375,10.5000,4.4324,79.692,266.700,112.583,True,3.5174,-0.001865,0.000002,RECONSTRUCTED,constrained_tps
3.3875,10.5000,4.4317,86.043,266.700,112.565,True,3.2674,-0.001792,0.000001,RECONSTRUCTED,constrained_tps
3.6375,10.5000,4.4309,92.392,266.700,112.546,True,3.0174,-0.001705,0.000001,RECONSTRUCTED,constrained_tps
3.8875,10.5000,4.4301,98.742,266.700,112.524,True,2.7674,-0.001605,0.000000,RECONSTRUCTED,constrained_tps
4.1375,10.5000,4.4292,105.093,266.700,112.501,True,2.5174,-0.001492,-0.000001,RECONSTRUCTED,constrained_tps
4.3875,10.5000,4.4282,111.442,266.700,112.477,True,2.2674,-0.001369,-0.000002,RECONSTRUCTED,constrained_tps
4.6375,10.5000,4.4272,117.793,266.700,112.452,True,2.0174,-0.001239,-0.000002,RECONSTRUCTED,constrained_tps
4.8875,10.5000,4.4262,124.142,266.700,112.425,True,1.7674,-0.001106,-0.000003,RECONSTRUCTED,constrained_tps
5.1375,10.5000,4.4251,130.493,266.700,112.398,True,1.5174,-0.000976,-0.000003,RECONSTRUCTED,constrained_tps
5.3875,10.5000,4.4240,136.843,266.700,112.370,True,1.2674,-0.000849,-0.000003,RECONSTRUCTED,constrained_tps
5.6375,10.5000,4.4230,143.192,266.700,112.343,True,1.0174,-0.000717,-0.000003,RECONSTRUCTED,constrained_tps
5.8875,10.5000,4.4219,149.542,266.700,112.316,True,0.7674,-0.000596,-0.000003,RECONSTRUCTED,constrained_tps
6.1375,10.5000,4.4209,155.892,266.700,112.290,True,0.5174,-0.000886,-0.000001,RECONSTRUCTED,constrained_tps
6.3875,10.5000,4.4199,162.243,266.700,112.266,True,0.2674,,,RECONSTRUCTED,constrained_tps
6.6375,10.5000,4.4189,168.593,266.700,112.239,True,0.0174,,,RIM_BOUNDARY,constrained_tps
-6.6125,10.7500,4.4315,-167.957,273.050,112.560,True,0.1612,,,RECONSTRUCTED,constrained_tps
-6.3625,10.7500,4.4325,-161.607,273.050,112.586,True,0.4112,,,RECONSTRUCTED,constrained_tps
-6.1125,10.7500,4.4335,-155.257,273.050,112.611,True,0.6612,-0.000964,-0.000000,RECONSTRUCTED,constrained_tps
-5.8625,10.7500,4.4345,-148.907,273.050,112.636,True,0.9112,-0.000868,-0.000001,RECONSTRUCTED,constrained_tps
-5.6125,10.7500,4.4355,-142.557,273.050,112.661,True,1.1612,-0.000915,-0.000002,RECONSTRUCTED,constrained_tps
-5.3625,10.7500,4.4364,-136.207,273.050,112.686,True,1.4112,-0.001019,-0.000003,RECONSTRUCTED,constrained_tps
-5.1125,10.7500,4.4374,-129.857,273.050,112.710,True,1.6612,-0.001132,-0.000003,RECONSTRUCTED,constrained_tps
-4.8625,10.7500,4.4384,-123.507,273.050,112.734,True,1.9112,-0.001245,-0.000003,RECONSTRUCTED,constrained_tps
-4.6125,10.7500,4.4393,-117.157,273.050,112.758,True,2.1612,-0.001356,-0.000002,RECONSTRUCTED,constrained_tps
-4.3625,10.7500,4.4402,-110.807,273.050,112.781,True,2.4112,-0.001461,-0.000002,RECONSTRUCTED,constrained_tps
-4.1125,10.7500,4.4410,-104.457,273.050,112.802,True,2.6612,-0.001561,-0.000001,RECONSTRUCTED,constrained_tps
-3.8625,10.7500,4.4418,-98.107,273.050,112.822,True,2.9112,-0.001652,-0.000000,RECONSTRUCTED,constrained_tps
-3.6125,10.7500,4.4426,-91.757,273.050,112.841,True,3.1612,-0.001733,0.000000,RECONSTRUCTED,constrained_tps
-3.3625,10.7500,4.4432,-85.407,273.050,112.858,True,3.4112,-0.001804,0.000001,RECONSTRUCTED,constrained_tps
-3.1125,10.7500,4.4439,-79.057,273.050,112.874,True,3.6612,-0.001865,0.000001,RECONSTRUCTED,constrained_tps
-2.8625,10.7500,4.4444,-72.707,273.050,112.888,True,3.9112,-0.001917,0.000002,RECONSTRUCTED,constrained_tps
-2.6125,10.7500,4.4449,-66.357,273.050,112.901,True,4.1612,-0.001960,0.000002,RECONSTRUCTED,constrained_tps
-2.3625,10.7500,4.4454,-60.007,273.050,112.912,True,4.4112,-0.001996,0.000002,RECONSTRUCTED,constrained_tps
-2.1125,10.7500,4.4458,-53.657,273.050,112.922,True,4.6612,-0.002025,0.000002,RECONSTRUCTED,constrained_tps
-1.8625,10.7500,4.4461,-47.307,273.050,112.931,True,4.9112,-0.002048,0.000002,RECONSTRUCTED,constrained_tps
-1.6125,10.7500,4.4464,-40.957,273.050,112.938,True,5.1612,-0.002066,0.000002,RECONSTRUCTED,constrained_tps
-1.3625,10.7500,4.4466,-34.608,273.050,112.944,True,5.4112,-0.002080,0.000002,RECONSTRUCTED,constrained_tps
-1.1125,10.7500,4.4468,-28.258,273.050,112.949,True,5.6612,-0.002090,0.000002,RECONSTRUCTED,constrained_tps
-0.8625,10.7500,4.4470,-21.907,273.050,112.953,True,5.9112,-0.002098,0.000002,RECONSTRUCTED,constrained_tps
-0.6125,10.7500,4.4471,-15.558,273.050,112.956,True,6.1612,-0.002104,0.000002,RECONSTRUCTED,constrained_tps
-0.3625,10.7500,4.4472,-9.207,273.050,112.958,True,6.4112,-0.002107,0.000002,RECONSTRUCTED,constrained_tps
-0.1125,10.7500,4.4472,-2.857,273.050,112.959,True,6.6612,-0.002109,0.000002,RECONSTRUCTED,constrained_tps
0.1375,10.7500,4.4472,3.493,273.050,112.959,True,6.6362,-0.002108,0.000002,RECONSTRUCTED,constrained_tps
0.3875,10.7500,4.4471,9.842,273.050,112.958,True,6.3862,-0.002107,0.000002,RECONSTRUCTED,constrained_tps
0.6375,10.7500,4.4471,16.192,273.050,112.956,True,6.1362,-0.002103,0.000002,RECONSTRUCTED,constrained_tps
0.8875,10.7500,4.4469,22.542,273.050,112.952,True,5.8862,-0.002097,0.000002,RECONSTRUCTED,constrained_tps
1.1375,10.7500,4.4468,28.892,273.050,112.948,True,5.6362,-0.002089,0.000002,RECONSTRUCTED,constrained_tps
1.3875,10.7500,4.4466,35.242,273.050,112.943,True,5.3862,-0.002078,0.000002,RECONSTRUCTED,constrained_tps
1.6375,10.7500,4.4463,41.592,273.050,112.937,True,5.1362,-0.002063,0.000002,RECONSTRUCTED,constrained_tps
1.8875,10.7500,4.4460,47.942,273.050,112.930,True,4.8862,-0.002044,0.000002,RECONSTRUCTED,constrained_tps
2.1375,10.7500,4.4457,54.293,273.050,112.921,True,4.6362,-0.002021,0.000002,RECONSTRUCTED,constrained_tps
2.3875,10.7500,4.4453,60.642,273.050,112.911,True,4.3862,-0.001991,0.000002,RECONSTRUCTED,constrained_tps
2.6375,10.7500,4.4449,66.993,273.050,112.899,True,4.1362,-0.001955,0.000002,RECONSTRUCTED,constrained_tps
2.8875,10.7500,4.4443,73.343,273.050,112.886,True,3.8862,-0.001911,0.000002,RECONSTRUCTED,constrained_tps
3.1375,10.7500,4.4438,79.692,273.050,112.872,True,3.6362,-0.001858,0.000001,RECONSTRUCTED,constrained_tps
3.3875,10.7500,4.4431,86.043,273.050,112.856,True,3.3862,-0.001796,0.000001,RECONSTRUCTED,constrained_tps
3.6375,10.7500,4.4425,92.392,273.050,112.838,True,3.1362,-0.001723,0.000000,RECONSTRUCTED,constrained_tps
3.8875,10.7500,4.4417,98.742,273.050,112.820,True,2.8862,-0.001641,-0.000000,RECONSTRUCTED,constrained_tps
4.1375,10.7500,4.4409,105.093,273.050,112.799,True,2.6362,-0.001549,-0.000001,RECONSTRUCTED,constrained_tps
4.3875,10.7500,4.4401,111.442,273.050,112.778,True,2.3862,-0.001449,-0.000002,RECONSTRUCTED,constrained_tps
4.6375,10.7500,4.4392,117.793,273.050,112.755,True,2.1362,-0.001343,-0.000002,RECONSTRUCTED,constrained_tps
4.8875,10.7500,4.4382,124.142,273.050,112.731,True,1.8862,-0.001232,-0.000003,RECONSTRUCTED,constrained_tps
5.1375,10.7500,4.4373,130.493,273.050,112.707,True,1.6362,-0.001120,-0.000003,RECONSTRUCTED,constrained_tps
5.3875,10.7500,4.4363,136.843,273.050,112.683,True,1.3862,-0.001006,-0.000003,RECONSTRUCTED,constrained_tps
5.6375,10.7500,4.4353,143.192,273.050,112.658,True,1.1362,-0.000904,-0.000002,RECONSTRUCTED,constrained_tps
5.8875,10.7500,4.4344,149.542,273.050,112.633,True,0.8862,-0.000869,-0.000001,RECONSTRUCTED,constrained_tps
6.1375,10.7500,4.4334,155.892,273.050,112.608,True,0.6362,-0.000979,0.000000,RECONSTRUCTED,constrained_tps
6.3875,10.7500,4.4324,162.243,273.050,112.583,True,0.3862,,,RECONSTRUCTED,constrained_tps
6.6375,10.7500,4.4314,168.593,273.050,112.557,True,0.1362,,,RECONSTRUCTED,constrained_tps
-6.8625,11.0000,4.4430,-174.307,279.400,112.852,True,0.0216,,,RIM_BOUNDARY,constrained_tps
-6.6125,11.0000,4.4440,-167.957,279.400,112.877,True,0.2716,,,RECONSTRUCTED,constrained_tps
-6.3625,11.0000,4.4450,-161.607,279.400,112.902,True,0.5216,-0.000426,-0.000000,RECONSTRUCTED,constrained_tps
-6.1125,11.0000,4.4459,-155.257,279.400,112.926,True,0.7716,-0.000799,-0.000000,RECONSTRUCTED,constrained_tps
-5.8625,11.0000,4.4468,-148.907,279.400,112.949,True,1.0216,-0.000968,-0.000001,RECONSTRUCTED,constrained_tps
-5.6125,11.0000,4.4477,-142.557,279.400,112.972,True,1.2716,-0.001074,-0.000002,RECONSTRUCTED,constrained_tps
-5.3625,11.0000,4.4486,-136.207,279.400,112.994,True,1.5216,-0.001177,-0.000003,RECONSTRUCTED,constrained_tps
-5.1125,11.0000,4.4495,-129.857,279.400,113.016,True,1.7716,-0.001278,-0.000003,RECONSTRUCTED,constrained_tps
-4.8625,11.0000,4.4503,-123.507,279.400,113.037,True,2.0216,-0.001373,-0.000003,RECONSTRUCTED,constrained_tps
-4.6125,11.0000,4.4511,-117.157,279.400,113.058,True,2.2716,-0.001462,-0.000003,RECONSTRUCTED,constrained_tps
-4.3625,11.0000,4.4519,-110.807,279.400,113.077,True,2.5216,-0.001547,-0.000002,RECONSTRUCTED,constrained_tps
-4.1125,11.0000,4.4526,-104.457,279.400,113.096,True,2.7716,-0.001625,-0.000002,RECONSTRUCTED,constrained_tps
-3.8625,11.0000,4.4533,-98.107,279.400,113.113,True,3.0216,-0.001696,-0.000001,RECONSTRUCTED,constrained_tps
-3.6125,11.0000,4.4539,-91.757,279.400,113.130,True,3.2716,-0.001761,-0.000000,RECONSTRUCTED,constrained_tps
-3.3625,11.0000,4.4545,-85.407,279.400,113.145,True,3.5216,-0.001817,0.000000,RECONSTRUCTED,constrained_tps
-3.1125,11.0000,4.4551,-79.057,279.400,113.159,True,3.7716,-0.001867,0.000001,RECONSTRUCTED,constrained_tps
-2.8625,11.0000,4.4556,-72.707,279.400,113.171,True,4.0216,-0.001909,0.000001,RECONSTRUCTED,constrained_tps
-2.6125,11.0000,4.4560,-66.357,279.400,113.182,True,4.2716,-0.001944,0.000002,RECONSTRUCTED,constrained_tps
-2.3625,11.0000,4.4564,-60.007,279.400,113.192,True,4.5216,-0.001973,0.000002,RECONSTRUCTED,constrained_tps
-2.1125,11.0000,4.4567,-53.657,279.400,113.201,True,4.7716,-0.001997,0.000002,RECONSTRUCTED,constrained_tps
-1.8625,11.0000,4.4570,-47.307,279.400,113.208,True,5.0216,-0.002017,0.000002,RECONSTRUCTED,constrained_tps
-1.6125,11.0000,4.4573,-40.957,279.400,113.215,True,5.2716,-0.002032,0.000002,RECONSTRUCTED,constrained_tps
-1.3625,11.0000,4.4575,-34.608,279.400,113.220,True,5.5216,-0.002044,0.000002,RECONSTRUCTED,constrained_tps
-1.1125,11.0000,4.4577,-28.258,279.400,113.225,True,5.7716,-0.002053,0.000002,RECONSTRUCTED,constrained_tps
-0.8625,11.0000,4.4578,-21.907,279.400,113.228,True,6.0216,-0.002060,0.000002,RECONSTRUCTED,constrained_tps
-0.6125,11.0000,4.4579,-15.558,279.400,113.231,True,6.2716,-0.002064,0.000002,RECONSTRUCTED,constrained_tps
-0.3625,11.0000,4.4580,-9.207,279.400,113.232,True,6.5216,-0.002067,0.000002,RECONSTRUCTED,constrained_tps
-0.1125,11.0000,4.4580,-2.857,279.400,113.233,True,6.7716,-0.002069,0.000002,RECONSTRUCTED,constrained_tps
0.1375,11.0000,4.4580,3.493,279.400,113.233,True,6.7466,-0.002068,0.000002,RECONSTRUCTED,constrained_tps
0.3875,11.0000,4.4580,9.842,279.400,113.232,True,6.4966,-0.002067,0.000002,RECONSTRUCTED,constrained_tps
0.6375,11.0000,4.4579,16.192,279.400,113.230,True,6.2466,-0.002064,0.000002,RECONSTRUCTED,constrained_tps
0.8875,11.0000,4.4578,22.542,279.400,113.228,True,5.9966,-0.002059,0.000002,RECONSTRUCTED,constrained_tps
1.1375,11.0000,4.4576,28.892,279.400,113.224,True,5.7466,-0.002051,0.000002,RECONSTRUCTED,constrained_tps
1.3875,11.0000,4.4575,35.242,279.400,113.219,True,5.4966,-0.002042,0.000002,RECONSTRUCTED,constrained_tps
1.6375,11.0000,4.4572,41.592,279.400,113.214,True,5.2466,-0.002029,0.000002,RECONSTRUCTED,constrained_tps
1.8875,11.0000,4.4570,47.942,279.400,113.207,True,4.9966,-0.002014,0.000002,RECONSTRUCTED,constrained_tps
2.1375,11.0000,4.4567,54.293,279.400,113.199,True,4.7466,-0.001994,0.000002,RECONSTRUCTED,constrained_tps
2.3875,11.0000,4.4563,60.642,279.400,113.190,True,4.4966,-0.001969,0.000002,RECONSTRUCTED,constrained_tps
2.6375,11.0000,4.4559,66.993,279.400,113.180,True,4.2466,-0.001939,0.000001,RECONSTRUCTED,constrained_tps
2.8875,11.0000,4.4555,73.343,279.400,113.169,True,3.9966,-0.001903,0.000001,RECONSTRUCTED,constrained_tps
3.1375,11.0000,4.4550,79.692,279.400,113.156,True,3.7466,-0.001860,0.000001,RECONSTRUCTED,constrained_tps
3.3875,11.0000,4.4544,86.043,279.400,113.142,True,3.4966,-0.001810,0.000000,RECONSTRUCTED,constrained_tps
3.6375,11.0000,4.4538,92.392,279.400,113.127,True,3.2466,-0.001753,-0.000000,RECONSTRUCTED,constrained_tps
3.8875,11.0000,4.4532,98.742,279.400,113.111,True,2.9966,-0.001688,-0.000001,RECONSTRUCTED,constrained_tps
4.1375,11.0000,4.4525,105.093,279.400,113.093,True,2.7466,-0.001615,-0.000002,RECONSTRUCTED,constrained_tps
4.3875,11.0000,4.4518,111.442,279.400,113.075,True,2.4966,-0.001537,-0.000002,RECONSTRUCTED,constrained_tps
4.6375,11.0000,4.4510,117.793,279.400,113.055,True,2.2466,-0.001452,-0.000003,RECONSTRUCTED,constrained_tps
4.8875,11.0000,4.4502,124.142,279.400,113.035,True,1.9966,-0.001362,-0.000003,RECONSTRUCTED,constrained_tps
5.1375,11.0000,4.4493,130.493,279.400,113.013,True,1.7466,-0.001266,-0.000003,RECONSTRUCTED,constrained_tps
5.3875,11.0000,4.4485,136.843,279.400,112.992,True,1.4966,-0.001165,-0.000003,RECONSTRUCTED,constrained_tps
5.6375,11.0000,4.4476,143.192,279.400,112.969,True,1.2466,-0.001063,-0.000002,RECONSTRUCTED,constrained_tps
5.8875,11.0000,4.4467,149.542,279.400,112.947,True,0.9966,-0.000955,-0.000001,RECONSTRUCTED,constrained_tps
6.1375,11.0000,4.4458,155.892,279.400,112.923,True,0.7466,-0.000771,-0.000000,RECONSTRUCTED,constrained_tps
6.3875,11.0000,4.4448,162.243,279.400,112.899,True,0.4966,,,RECONSTRUCTED,constrained_tps
6.6375,11.0000,4.4439,168.593,279.400,112.874,True,0.2466,,,RECONSTRUCTED,constrained_tps
-6.8625,11.2500,4.4555,-174.307,285.750,113.169,True,0.1273,,,RECONSTRUCTED,constrained_tps
-6.6125,11.2500,4.4564,-167.957,285.750,113.193,True,0.3773,,,RECONSTRUCTED,constrained_tps
-6.3625,11.2500,4.4574,-161.607,285.750,113.217,True,0.6273,-0.000387,-0.000002,RECONSTRUCTED,constrained_tps
-6.1125,11.2500,4.4582,-155.257,285.750,113.239,True,0.8773,-0.000813,-0.000002,RECONSTRUCTED,constrained_tps
-5.8625,11.2500,4.4591,-148.907,285.750,113.260,True,1.1273,-0.001070,-0.000002,RECONSTRUCTED,constrained_tps
-5.6125,11.2500,4.4599,-142.557,285.750,113.281,True,1.3773,-0.001227,-0.000003,RECONSTRUCTED,constrained_tps
-5.3625,11.2500,4.4606,-136.207,285.750,113.300,True,1.6273,-0.001338,-0.000003,RECONSTRUCTED,constrained_tps
-5.1125,11.2500,4.4614,-129.857,285.750,113.319,True,1.8773,-0.001428,-0.000003,RECONSTRUCTED,constrained_tps
-4.8625,11.2500,4.4621,-123.507,285.750,113.337,True,2.1273,-0.001505,-0.000003,RECONSTRUCTED,constrained_tps
-4.6125,11.2500,4.4627,-117.157,285.750,113.354,True,2.3773,-0.001575,-0.000003,RECONSTRUCTED,constrained_tps
-4.3625,11.2500,4.4634,-110.807,285.750,113.370,True,2.6273,-0.001638,-0.000003,RECONSTRUCTED,constrained_tps
-4.1125,11.2500,4.4640,-104.457,285.750,113.386,True,2.8773,-0.001696,-0.000002,RECONSTRUCTED,constrained_tps
-3.8625,11.2500,4.4646,-98.107,285.750,113.400,True,3.1273,-0.001749,-0.000001,RECONSTRUCTED,constrained_tps
-3.6125,11.2500,4.4651,-91.757,285.750,113.414,True,3.3773,-0.001796,-0.000001,RECONSTRUCTED,constrained_tps
-3.3625,11.2500,4.4656,-85.407,285.750,113.427,True,3.6273,-0.001838,-0.000000,RECONSTRUCTED,constrained_tps
-3.1125,11.2500,4.4661,-79.057,285.750,113.438,True,3.8773,-0.001875,0.000000,RECONSTRUCTED,constrained_tps
-2.8625,11.2500,4.4665,-72.707,285.750,113.449,True,4.1273,-0.001907,0.000001,RECONSTRUCTED,constrained_tps
-2.6125,11.2500,4.4669,-66.357,285.750,113.458,True,4.3773,-0.001934,0.000001,RECONSTRUCTED,constrained_tps
-2.3625,11.2500,4.4672,-60.007,285.750,113.467,True,4.6273,-0.001956,0.000001,RECONSTRUCTED,constrained_tps
-2.1125,11.2500,4.4675,-53.657,285.750,113.474,True,4.8773,-0.001975,0.000001,RECONSTRUCTED,constrained_tps
-1.8625,11.2500,4.4677,-47.307,285.750,113.481,True,5.1273,-0.001990,0.000002,RECONSTRUCTED,constrained_tps
-1.6125,11.2500,4.4680,-40.957,285.750,113.486,True,5.3773,-0.002002,0.000002,RECONSTRUCTED,constrained_tps
-1.3625,11.2500,4.4681,-34.608,285.750,113.491,True,5.6273,-0.002011,0.000002,RECONSTRUCTED,constrained_tps
-1.1125,11.2500,4.4683,-28.258,285.750,113.495,True,5.8773,-0.002018,0.000002,RECONSTRUCTED,constrained_tps
-0.8625,11.2500,4.4684,-21.907,285.750,113.498,True,6.1273,-0.002023,0.000002,RECONSTRUCTED,constrained_tps
-0.6125,11.2500,4.4685,-15.558,285.750,113.500,True,6.3773,-0.002027,0.000002,RECONSTRUCTED,constrained_tps
-0.3625,11.2500,4.4685,-9.207,285.750,113.501,True,6.6273,-0.002029,0.000002,RECONSTRUCTED,constrained_tps
-0.1125,11.2500,4.4686,-2.857,285.750,113.502,True,6.8773,-0.002030,0.000002,RECONSTRUCTED,constrained_tps
0.1375,11.2500,4.4686,3.493,285.750,113.502,True,6.8523,-0.002030,0.000002,RECONSTRUCTED,constrained_tps
0.3875,11.2500,4.4685,9.842,285.750,113.501,True,6.6023,-0.002029,0.000002,RECONSTRUCTED,constrained_tps
0.6375,11.2500,4.4685,16.192,285.750,113.499,True,6.3523,-0.002026,0.000002,RECONSTRUCTED,constrained_tps
0.8875,11.2500,4.4684,22.542,285.750,113.497,True,6.1023,-0.002022,0.000002,RECONSTRUCTED,constrained_tps
1.1375,11.2500,4.4683,28.892,285.750,113.494,True,5.8523,-0.002016,0.000002,RECONSTRUCTED,constrained_tps
1.3875,11.2500,4.4681,35.242,285.750,113.490,True,5.6023,-0.002009,0.000002,RECONSTRUCTED,constrained_tps
1.6375,11.2500,4.4679,41.592,285.750,113.485,True,5.3523,-0.001999,0.000002,RECONSTRUCTED,constrained_tps
1.8875,11.2500,4.4677,47.942,285.750,113.479,True,5.1023,-0.001987,0.000002,RECONSTRUCTED,constrained_tps
2.1375,11.2500,4.4674,54.293,285.750,113.473,True,4.8523,-0.001972,0.000001,RECONSTRUCTED,constrained_tps
2.3875,11.2500,4.4671,60.642,285.750,113.465,True,4.6023,-0.001953,0.000001,RECONSTRUCTED,constrained_tps
2.6375,11.2500,4.4668,66.993,285.750,113.456,True,4.3523,-0.001930,0.000001,RECONSTRUCTED,constrained_tps
2.8875,11.2500,4.4664,73.343,285.750,113.447,True,4.1023,-0.001902,0.000001,RECONSTRUCTED,constrained_tps
3.1375,11.2500,4.4660,79.692,285.750,113.436,True,3.8523,-0.001870,0.000000,RECONSTRUCTED,constrained_tps
3.3875,11.2500,4.4655,86.043,285.750,113.424,True,3.6023,-0.001832,-0.000000,RECONSTRUCTED,constrained_tps
3.6375,11.2500,4.4650,92.392,285.750,113.412,True,3.3523,-0.001790,-0.000001,RECONSTRUCTED,constrained_tps
3.8875,11.2500,4.4645,98.742,285.750,113.398,True,3.1023,-0.001742,-0.000001,RECONSTRUCTED,constrained_tps
4.1375,11.2500,4.4639,105.093,285.750,113.383,True,2.8523,-0.001688,-0.000002,RECONSTRUCTED,constrained_tps
4.3875,11.2500,4.4633,111.442,285.750,113.368,True,2.6023,-0.001630,-0.000003,RECONSTRUCTED,constrained_tps
4.6375,11.2500,4.4626,117.793,285.750,113.351,True,2.3523,-0.001566,-0.000003,RECONSTRUCTED,constrained_tps
4.8875,11.2500,4.4620,124.142,285.750,113.334,True,2.1023,-0.001496,-0.000003,RECONSTRUCTED,constrained_tps
5.1375,11.2500,4.4613,130.493,285.750,113.316,True,1.8523,-0.001417,-0.000003,RECONSTRUCTED,constrained_tps
5.3875,11.2500,4.4605,136.843,285.750,113.298,True,1.6023,-0.001326,-0.000003,RECONSTRUCTED,constrained_tps
5.6375,11.2500,4.4598,143.192,285.750,113.278,True,1.3523,-0.001212,-0.000003,RECONSTRUCTED,constrained_tps
5.8875,11.2500,4.4590,149.542,285.750,113.258,True,1.1023,-0.001048,-0.000002,RECONSTRUCTED,constrained_tps
6.1375,11.2500,4.4581,155.892,285.750,113.237,True,0.8523,-0.000778,-0.000002,RECONSTRUCTED,constrained_tps
6.3875,11.2500,4.4572,162.243,285.750,113.214,True,0.6023,-0.000327,-0.000002,RECONSTRUCTED,constrained_tps
6.6375,11.2500,4.4563,168.593,285.750,113.191,True,0.3523,,,RECONSTRUCTED,constrained_tps
6.8875,11.2500,4.4554,174.942,285.750,113.167,True,0.1023,,,RIM_BOUNDARY,constrained_tps
-6.8625,11.5000,4.4681,-174.307,292.100,113.489,True,0.2322,,,RECONSTRUCTED,constrained_tps
-6.6125,11.5000,4.4689,-167.957,292.100,113.511,True,0.4822,,,RECONSTRUCTED,constrained_tps
-6.3625,11.5000,4.4698,-161.607,292.100,113.532,True,0.7322,-0.000508,-0.000005,RECONSTRUCTED,constrained_tps
-6.1125,11.5000,4.4705,-155.257,292.100,113.551,True,0.9822,-0.000973,-0.000004,RECONSTRUCTED,constrained_tps
-5.8625,11.5000,4.4712,-148.907,292.100,113.569,True,1.2322,-0.001244,-0.000004,RECONSTRUCTED,constrained_tps
-5.6125,11.5000,4.4719,-142.557,292.100,113.586,True,1.4822,-0.001407,-0.000004,RECONSTRUCTED,constrained_tps
-5.3625,11.5000,4.4725,-136.207,292.100,113.602,True,1.7322,-0.001512,-0.000004,RECONSTRUCTED,constrained_tps
-5.1125,11.5000,4.4731,-129.857,292.100,113.618,True,1.9822,-0.001586,-0.000004,RECONSTRUCTED,constrained_tps
-4.8625,11.5000,4.4737,-123.507,292.100,113.632,True,2.2322,-0.001644,-0.000004,RECONSTRUCTED,constrained_tps
-4.6125,11.5000,4.4742,-117.157,292.100,113.646,True,2.4822,-0.001692,-0.000003,RECONSTRUCTED,constrained_tps
-4.3625,11.5000,4.4748,-110.807,292.100,113.659,True,2.7322,-0.001734,-0.000003,RECONSTRUCTED,constrained_tps
-4.1125,11.5000,4.4752,-104.457,292.100,113.671,True,2.9822,-0.001772,-0.000002,RECONSTRUCTED,constrained_tps
-3.8625,11.5000,4.4757,-98.107,292.100,113.683,True,3.2322,-0.001806,-0.000002,RECONSTRUCTED,constrained_tps
-3.6125,11.5000,4.4761,-91.757,292.100,113.694,True,3.4822,-0.001837,-0.000001,RECONSTRUCTED,constrained_tps
-3.3625,11.5000,4.4765,-85.407,292.100,113.704,True,3.7322,-0.001865,-0.000001,RECONSTRUCTED,constrained_tps
-3.1125,11.5000,4.4769,-79.057,292.100,113.713,True,3.9822,-0.001889,-0.000000,RECONSTRUCTED,constrained_tps
-2.8625,11.5000,4.4772,-72.707,292.100,113.721,True,4.2322,-0.001910,0.000000,RECONSTRUCTED,constrained_tps
-2.6125,11.5000,4.4775,-66.357,292.100,113.729,True,4.4822,-0.001928,0.000001,RECONSTRUCTED,constrained_tps
-2.3625,11.5000,4.4778,-60.007,292.100,113.736,True,4.7322,-0.001943,0.000001,RECONSTRUCTED,constrained_tps
-2.1125,11.5000,4.4780,-53.657,292.100,113.742,True,4.9822,-0.001956,0.000001,RECONSTRUCTED,constrained_tps
-1.8625,11.5000,4.4782,-47.307,292.100,113.747,True,5.2322,-0.001966,0.000001,RECONSTRUCTED,constrained_tps
-1.6125,11.5000,4.4784,-40.957,292.100,113.752,True,5.4822,-0.001974,0.000001,RECONSTRUCTED,constrained_tps
-1.3625,11.5000,4.4786,-34.608,292.100,113.756,True,5.7322,-0.001980,0.000001,RECONSTRUCTED,constrained_tps
-1.1125,11.5000,4.4787,-28.258,292.100,113.759,True,5.9822,-0.001985,0.000001,RECONSTRUCTED,constrained_tps
-0.8625,11.5000,4.4788,-21.907,292.100,113.761,True,6.2322,-0.001988,0.000001,RECONSTRUCTED,constrained_tps
-0.6125,11.5000,4.4789,-15.558,292.100,113.763,True,6.4822,-0.001990,0.000001,RECONSTRUCTED,constrained_tps
-0.3625,11.5000,4.4789,-9.207,292.100,113.764,True,6.7322,-0.001992,0.000001,RECONSTRUCTED,constrained_tps
-0.1125,11.5000,4.4789,-2.857,292.100,113.765,True,6.9822,-0.001993,0.000001,RECONSTRUCTED,constrained_tps
0.1375,11.5000,4.4789,3.493,292.100,113.765,True,6.9572,-0.001992,0.000001,RECONSTRUCTED,constrained_tps
0.3875,11.5000,4.4789,9.842,292.100,113.764,True,6.7072,-0.001991,0.000001,RECONSTRUCTED,constrained_tps
0.6375,11.5000,4.4788,16.192,292.100,113.763,True,6.4572,-0.001990,0.000001,RECONSTRUCTED,constrained_tps
0.8875,11.5000,4.4788,22.542,292.100,113.761,True,6.2072,-0.001987,0.000001,RECONSTRUCTED,constrained_tps
1.1375,11.5000,4.4787,28.892,292.100,113.758,True,5.9572,-0.001983,0.000001,RECONSTRUCTED,constrained_tps
1.3875,11.5000,4.4785,35.242,292.100,113.755,True,5.7072,-0.001978,0.000001,RECONSTRUCTED,constrained_tps
1.6375,11.5000,4.4784,41.592,292.100,113.751,True,5.4572,-0.001972,0.000001,RECONSTRUCTED,constrained_tps
1.8875,11.5000,4.4782,47.942,292.100,113.746,True,5.2072,-0.001963,0.000001,RECONSTRUCTED,constrained_tps
2.1375,11.5000,4.4780,54.293,292.100,113.741,True,4.9572,-0.001953,0.000001,RECONSTRUCTED,constrained_tps
2.3875,11.5000,4.4777,60.642,292.100,113.734,True,4.7072,-0.001940,0.000001,RECONSTRUCTED,constrained_tps
2.6375,11.5000,4.4775,66.993,292.100,113.727,True,4.4572,-0.001925,0.000000,RECONSTRUCTED,constrained_tps
2.8875,11.5000,4.4772,73.343,292.100,113.720,True,4.2072,-0.001906,0.000000,RECONSTRUCTED,constrained_tps
3.1375,11.5000,4.4768,79.692,292.100,113.711,True,3.9572,-0.001885,-0.000000,RECONSTRUCTED,constrained_tps
3.3875,11.5000,4.4764,86.043,292.100,113.702,True,3.7072,-0.001860,-0.000001,RECONSTRUCTED,constrained_tps
3.6375,11.5000,4.4760,92.392,292.100,113.691,True,3.4572,-0.001832,-0.000001,RECONSTRUCTED,constrained_tps
3.8875,11.5000,4.4756,98.742,292.100,113.680,True,3.2072,-0.001801,-0.000002,RECONSTRUCTED,constrained_tps
4.1375,11.5000,4.4751,105.093,292.100,113.669,True,2.9572,-0.001766,-0.000003,RECONSTRUCTED,constrained_tps
4.3875,11.5000,4.4747,111.442,292.100,113.656,True,2.7072,-0.001728,-0.000003,RECONSTRUCTED,constrained_tps
4.6375,11.5000,4.4741,117.793,292.100,113.643,True,2.4572,-0.001685,-0.000004,RECONSTRUCTED,constrained_tps
4.8875,11.5000,4.4736,124.142,292.100,113.630,True,2.2072,-0.001636,-0.000004,RECONSTRUCTED,constrained_tps
5.1375,11.5000,4.4730,130.493,292.100,113.615,True,1.9572,-0.001578,-0.000004,RECONSTRUCTED,constrained_tps
5.3875,11.5000,4.4724,136.843,292.100,113.600,True,1.7072,-0.001501,-0.000004,RECONSTRUCTED,constrained_tps
5.6375,11.5000,4.4718,143.192,292.100,113.584,True,1.4572,-0.001392,-0.000004,RECONSTRUCTED,constrained_tps
5.8875,11.5000,4.4711,149.542,292.100,113.567,True,1.2072,-0.001221,-0.000004,RECONSTRUCTED,constrained_tps
6.1375,11.5000,4.4704,155.892,292.100,113.549,True,0.9572,-0.000936,-0.000004,RECONSTRUCTED,constrained_tps
6.3875,11.5000,4.4697,162.243,292.100,113.529,True,0.7072,-0.000444,-0.000005,RECONSTRUCTED,constrained_tps
6.6375,11.5000,4.4688,168.593,292.100,113.508,True,0.4572,,,RECONSTRUCTED,constrained_tps
6.8875,11.5000,4.4680,174.942,292.100,113.487,True,0.2072,,,RECONSTRUCTED,constrained_tps
-7.1125,11.7500,4.4803,-180.657,298.450,113.799,True,0.0871,,,RIM_BOUNDARY,constrained_tps
-6.8625,11.7500,4.4808,-174.307,298.450,113.814,True,0.3371,,,RECONSTRUCTED,constrained_tps
-6.6125,11.7500,4.4815,-167.957,298.450,113.830,True,0.5871,-0.000154,-0.000011,RECONSTRUCTED,constrained_tps
-6.3625,11.7500,4.4821,-161.607,298.450,113.847,True,0.8371,-0.000878,-0.000009,RECONSTRUCTED,constrained_tps
-6.1125,11.7500,4.4827,-155.257,298.450,113.862,True,1.0871,-0.001272,-0.000007,RECONSTRUCTED,constrained_tps
-5.8625,11.7500,4.4833,-148.907,298.450,113.876,True,1.3371,-0.001498,-0.000006,RECONSTRUCTED,constrained_tps
-5.6125,11.7500,4.4838,-142.557,298.450,113.889,True,1.5871,-0.001629,-0.000006,RECONSTRUCTED,constrained_tps
-5.3625,11.7500,4.4843,-136.207,298.450,113.901,True,1.8371,-0.001708,-0.000005,RECONSTRUCTED,constrained_tps
-5.1125,11.7500,4.4847,-129.857,298.450,113.912,True,2.0871,-0.001757,-0.000005,RECONSTRUCTED,constrained_tps
-4.8625,11.7500,4.4851,-123.507,298.450,113.923,True,2.3371,-0.001790,-0.000005,RECONSTRUCTED,constrained_tps
-4.6125,11.7500,4.4855,-117.157,298.450,113.933,True,2.5871,-0.001814,-0.000004,RECONSTRUCTED,constrained_tps
-4.3625,11.7500,4.4859,-110.807,298.450,113.942,True,2.8371,-0.001834,-0.000004,RECONSTRUCTED,constrained_tps
-4.1125,11.7500,4.4863,-104.457,298.450,113.951,True,3.0871,-0.001851,-0.000003,RECONSTRUCTED,constrained_tps
-3.8625,11.7500,4.4866,-98.107,298.450,113.960,True,3.3371,-0.001867,-0.000002,RECONSTRUCTED,constrained_tps
-3.6125,11.7500,4.4869,-91.757,298.450,113.968,True,3.5871,-0.001882,-0.000002,RECONSTRUCTED,constrained_tps
-3.3625,11.7500,4.4872,-85.407,298.450,113.976,True,3.8371,-0.001895,-0.000001,RECONSTRUCTED,constrained_tps
-3.1125,11.7500,4.4875,-79.057,298.450,113.983,True,4.0871,-0.001906,-0.000001,RECONSTRUCTED,constrained_tps
-2.8625,11.7500,4.4878,-72.707,298.450,113.989,True,4.3371,-0.001917,-0.000000,RECONSTRUCTED,constrained_tps
-2.6125,11.7500,4.4880,-66.357,298.450,113.995,True,4.5871,-0.001925,0.000000,RECONSTRUCTED,constrained_tps
-2.3625,11.7500,4.4882,-60.007,298.450,114.000,True,4.8371,-0.001933,0.000000,RECONSTRUCTED,constrained_tps
-2.1125,11.7500,4.4884,-53.657,298.450,114.005,True,5.0871,-0.001939,0.000001,RECONSTRUCTED,constrained_tps
-1.8625,11.7500,4.4885,-47.307,298.450,114.009,True,5.3371,-0.001944,0.000001,RECONSTRUCTED,constrained_tps
-1.6125,11.7500,4.4887,-40.957,298.450,114.012,True,5.5871,-0.001948,0.000001,RECONSTRUCTED,constrained_tps
-1.3625,11.7500,4.4888,-34.608,298.450,114.015,True,5.8371,-0.001951,0.000001,RECONSTRUCTED,constrained_tps
-1.1125,11.7500,4.4889,-28.258,298.450,114.017,True,6.0871,-0.001953,0.000001,RECONSTRUCTED,constrained_tps
-0.8625,11.7500,4.4890,-21.907,298.450,114.019,True,6.3371,-0.001954,0.000001,RECONSTRUCTED,constrained_tps
-0.6125,11.7500,4.4890,-15.558,298.450,114.021,True,6.5871,-0.001955,0.000001,RECONSTRUCTED,constrained_tps
-0.3625,11.7500,4.4890,-9.207,298.450,114.022,True,6.8371,-0.001956,0.000001,RECONSTRUCTED,constrained_tps
-0.1125,11.7500,4.4891,-2.857,298.450,114.022,True,7.0871,-0.001956,0.000001,RECONSTRUCTED,constrained_tps
0.1375,11.7500,4.4891,3.493,298.450,114.022,True,7.0621,-0.001956,0.000001,RECONSTRUCTED,constrained_tps
0.3875,11.7500,4.4890,9.842,298.450,114.021,True,6.8121,-0.001955,0.000001,RECONSTRUCTED,constrained_tps
0.6375,11.7500,4.4890,16.192,298.450,114.020,True,6.5621,-0.001954,0.000001,RECONSTRUCTED,constrained_tps
0.8875,11.7500,4.4889,22.542,298.450,114.019,True,6.3121,-0.001953,0.000001,RECONSTRUCTED,constrained_tps
1.1375,11.7500,4.4888,28.892,298.450,114.017,True,6.0621,-0.001951,0.000001,RECONSTRUCTED,constrained_tps
1.3875,11.7500,4.4887,35.242,298.450,114.014,True,5.8121,-0.001949,0.000001,RECONSTRUCTED,constrained_tps
1.6375,11.7500,4.4886,41.592,298.450,114.011,True,5.5621,-0.001946,0.000001,RECONSTRUCTED,constrained_tps
1.8875,11.7500,4.4885,47.942,298.450,114.007,True,5.3121,-0.001942,0.000001,RECONSTRUCTED,constrained_tps
2.1375,11.7500,4.4883,54.293,298.450,114.003,True,5.0621,-0.001937,0.000001,RECONSTRUCTED,constrained_tps
2.3875,11.7500,4.4881,60.642,298.450,113.999,True,4.8121,-0.001930,0.000000,RECONSTRUCTED,constrained_tps
2.6375,11.7500,4.4879,66.993,298.450,113.993,True,4.5621,-0.001922,-0.000000,RECONSTRUCTED,constrained_tps
2.8875,11.7500,4.4877,73.343,298.450,113.987,True,4.3121,-0.001913,-0.000000,RECONSTRUCTED,constrained_tps
3.1375,11.7500,4.4874,79.692,298.450,113.981,True,4.0621,-0.001903,-0.000001,RECONSTRUCTED,constrained_tps
3.3875,11.7500,4.4872,86.043,298.450,113.974,True,3.8121,-0.001891,-0.000001,RECONSTRUCTED,constrained_tps
3.6375,11.7500,4.4869,92.392,298.450,113.966,True,3.5621,-0.001878,-0.000002,RECONSTRUCTED,constrained_tps
3.8875,11.7500,4.4865,98.742,298.450,113.958,True,3.3121,-0.001863,-0.000002,RECONSTRUCTED,constrained_tps
4.1375,11.7500,4.4862,105.093,298.450,113.949,True,3.0621,-0.001847,-0.000003,RECONSTRUCTED,constrained_tps
4.3875,11.7500,4.4858,111.442,298.450,113.940,True,2.8121,-0.001830,-0.000004,RECONSTRUCTED,constrained_tps
4.6375,11.7500,4.4855,117.793,298.450,113.931,True,2.5621,-0.001809,-0.000004,RECONSTRUCTED,constrained_tps
4.8875,11.7500,4.4851,124.142,298.450,113.921,True,2.3121,-0.001784,-0.000005,RECONSTRUCTED,constrained_tps
5.1375,11.7500,4.4846,130.493,298.450,113.910,True,2.0621,-0.001750,-0.000005,RECONSTRUCTED,constrained_tps
5.3875,11.7500,4.4842,136.843,298.450,113.899,True,1.8121,-0.001699,-0.000005,RECONSTRUCTED,constrained_tps
5.6375,11.7500,4.4837,143.192,298.450,113.887,True,1.5621,-0.001617,-0.000006,RECONSTRUCTED,constrained_tps
5.8875,11.7500,4.4832,149.542,298.450,113.874,True,1.3121,-0.001478,-0.000006,RECONSTRUCTED,constrained_tps
6.1375,11.7500,4.4827,155.892,298.450,113.860,True,1.0621,-0.001240,-0.000008,RECONSTRUCTED,constrained_tps
6.3875,11.7500,4.4821,162.243,298.450,113.844,True,0.8121,-0.000823,-0.000010,RECONSTRUCTED,constrained_tps
6.6375,11.7500,4.4814,168.593,298.450,113.828,True,0.5621,-0.000057,-0.000011,RECONSTRUCTED,constrained_tps
6.8875,11.7500,4.4808,174.942,298.450,113.812,True,0.3121,,,RECONSTRUCTED,constrained_tps
7.1375,11.7500,4.4802,181.292,298.450,113.798,True,0.0621,,,RIM_BOUNDARY,constrained_tps
-7.1125,12.0000,4.4933,-180.657,304.800,114.129,True,0.1820,,,RECONSTRUCTED,constrained_tps
-6.8625,12.0000,4.4936,-174.307,304.800,114.139,True,0.4320,,,RECONSTRUCTED,constrained_tps
-6.6125,12.0000,4.4941,-167.957,304.800,114.149,True,0.6820,-0.001222,-0.000014,RECONSTRUCTED,constrained_tps
-6.3625,12.0000,4.4945,-161.607,304.800,114.160,True,0.9320,-0.001493,-0.000012,RECONSTRUCTED,constrained_tps
-6.1125,12.0000,4.4949,-155.257,304.800,114.170,True,1.1820,-0.001701,-0.000010,RECONSTRUCTED,constrained_tps
-5.8625,12.0000,4.4952,-148.907,304.800,114.179,True,1.4320,-0.001825,-0.000008,RECONSTRUCTED,constrained_tps
-5.6125,12.0000,4.4955,-142.557,304.800,114.187,True,1.6820,-0.001893,-0.000007,RECONSTRUCTED,constrained_tps
-5.3625,12.0000,4.4958,-136.207,304.800,114.195,True,1.9320,-0.001925,-0.000006,RECONSTRUCTED,constrained_tps
-5.1125,12.0000,4.4961,-129.857,304.800,114.202,True,2.1820,-0.001938,-0.000006,RECONSTRUCTED,constrained_tps
-4.8625,12.0000,4.4964,-123.507,304.800,114.208,True,2.4320,-0.001941,-0.000005,RECONSTRUCTED,constrained_tps
-4.6125,12.0000,4.4966,-117.157,304.800,114.215,True,2.6820,-0.001939,-0.000005,RECONSTRUCTED,constrained_tps
-4.3625,12.0000,4.4969,-110.807,304.800,114.221,True,2.9320,-0.001936,-0.000004,RECONSTRUCTED,constrained_tps
-4.1125,12.0000,4.4971,-104.457,304.800,114.226,True,3.1820,-0.001932,-0.000003,RECONSTRUCTED,constrained_tps
-3.8625,12.0000,4.4973,-98.107,304.800,114.232,True,3.4320,-0.001929,-0.000003,RECONSTRUCTED,constrained_tps
-3.6125,12.0000,4.4975,-91.757,304.800,114.237,True,3.6820,-0.001927,-0.000002,RECONSTRUCTED,constrained_tps
-3.3625,12.0000,4.4977,-85.407,304.800,114.242,True,3.9320,-0.001926,-0.000002,RECONSTRUCTED,constrained_tps
-3.1125,12.0000,4.4979,-79.057,304.800,114.247,True,4.1820,-0.001925,-0.000001,RECONSTRUCTED,constrained_tps
-2.8625,12.0000,4.4981,-72.707,304.800,114.251,True,4.4320,-0.001924,-0.000001,RECONSTRUCTED,constrained_tps
-2.6125,12.0000,4.4982,-66.357,304.800,114.255,True,4.6820,-0.001924,-0.000000,RECONSTRUCTED,constrained_tps
-2.3625,12.0000,4.4984,-60.007,304.800,114.258,True,4.9320,-0.001924,-0.000000,RECONSTRUCTED,constrained_tps
-2.1125,12.0000,4.4985,-53.657,304.800,114.262,True,5.1820,-0.001923,0.000000,RECONSTRUCTED,constrained_tps
-1.8625,12.0000,4.4986,-47.307,304.800,114.264,True,5.4320,-0.001923,0.000000,RECONSTRUCTED,constrained_tps
-1.6125,12.0000,4.4987,-40.957,304.800,114.267,True,5.6820,-0.001922,0.000000,RECONSTRUCTED,constrained_tps
-1.3625,12.0000,4.4988,-34.608,304.800,114.269,True,5.9320,-0.001922,0.000001,RECONSTRUCTED,constrained_tps
-1.1125,12.0000,4.4988,-28.258,304.800,114.270,True,6.1820,-0.001921,0.000001,RECONSTRUCTED,constrained_tps
-0.8625,12.0000,4.4989,-21.907,304.800,114.272,True,6.4320,-0.001921,0.000001,RECONSTRUCTED,constrained_tps
-0.6125,12.0000,4.4989,-15.558,304.800,114.273,True,6.6820,-0.001920,0.000001,RECONSTRUCTED,constrained_tps
-0.3625,12.0000,4.4989,-9.207,304.800,114.273,True,6.9320,-0.001920,0.000001,RECONSTRUCTED,constrained_tps
-0.1125,12.0000,4.4990,-2.857,304.800,114.274,True,7.1820,-0.001919,0.000001,RECONSTRUCTED,constrained_tps
0.1375,12.0000,4.4990,3.493,304.800,114.273,True,7.1570,-0.001919,0.000001,RECONSTRUCTED,constrained_tps
0.3875,12.0000,4.4989,9.842,304.800,114.273,True,6.9070,-0.001919,0.000001,RECONSTRUCTED,constrained_tps
0.6375,12.0000,4.4989,16.192,304.800,114.272,True,6.6570,-0.001919,0.000001,RECONSTRUCTED,constrained_tps
0.8875,12.0000,4.4989,22.542,304.800,114.271,True,6.4070,-0.001920,0.000001,RECONSTRUCTED,constrained_tps
1.1375,12.0000,4.4988,28.892,304.800,114.270,True,6.1570,-0.001920,0.000001,RECONSTRUCTED,constrained_tps
1.3875,12.0000,4.4987,35.242,304.800,114.268,True,5.9070,-0.001921,0.000001,RECONSTRUCTED,constrained_tps
1.6375,12.0000,4.4987,41.592,304.800,114.266,True,5.6570,-0.001921,0.000000,RECONSTRUCTED,constrained_tps
1.8875,12.0000,4.4986,47.942,304.800,114.263,True,5.4070,-0.001921,0.000000,RECONSTRUCTED,constrained_tps
2.1375,12.0000,4.4984,54.293,304.800,114.260,True,5.1570,-0.001921,0.000000,RECONSTRUCTED,constrained_tps
2.3875,12.0000,4.4983,60.642,304.800,114.257,True,4.9070,-0.001922,-0.000000,RECONSTRUCTED,constrained_tps
2.6375,12.0000,4.4982,66.993,304.800,114.253,True,4.6570,-0.001922,-0.000000,RECONSTRUCTED,constrained_tps
2.8875,12.0000,4.4980,73.343,304.800,114.249,True,4.4070,-0.001922,-0.000001,RECONSTRUCTED,constrained_tps
3.1375,12.0000,4.4978,79.692,304.800,114.245,True,4.1570,-0.001922,-0.000001,RECONSTRUCTED,constrained_tps
3.3875,12.0000,4.4977,86.043,304.800,114.240,True,3.9070,-0.001923,-0.000002,RECONSTRUCTED,constrained_tps
3.6375,12.0000,4.4975,92.392,304.800,114.235,True,3.6570,-0.001924,-0.000002,RECONSTRUCTED,constrained_tps
3.8875,12.0000,4.4972,98.742,304.800,114.230,True,3.4070,-0.001927,-0.000003,RECONSTRUCTED,constrained_tps
4.1375,12.0000,4.4970,105.093,304.800,114.225,True,3.1570,-0.001930,-0.000004,RECONSTRUCTED,constrained_tps
4.3875,12.0000,4.4968,111.442,304.800,114.219,True,2.9070,-0.001933,-0.000004,RECONSTRUCTED,constrained_tps
4.6375,12.0000,4.4966,117.793,304.800,114.213,True,2.6570,-0.001937,-0.000005,RECONSTRUCTED,constrained_tps
4.8875,12.0000,4.4963,124.142,304.800,114.207,True,2.4070,-0.001938,-0.000005,RECONSTRUCTED,constrained_tps
5.1375,12.0000,4.4961,130.493,304.800,114.200,True,2.1570,-0.001935,-0.000006,RECONSTRUCTED,constrained_tps
5.3875,12.0000,4.4958,136.843,304.800,114.193,True,1.9070,-0.001921,-0.000007,RECONSTRUCTED,constrained_tps
5.6375,12.0000,4.4955,143.192,304.800,114.185,True,1.6570,-0.001885,-0.000007,RECONSTRUCTED,constrained_tps
5.8875,12.0000,4.4952,149.542,304.800,114.177,True,1.4070,-0.001814,-0.000009,RECONSTRUCTED,constrained_tps
6.1375,12.0000,4.4948,155.892,304.800,114.168,True,1.1570,-0.001682,-0.000010,RECONSTRUCTED,constrained_tps
6.3875,12.0000,4.4944,162.243,304.800,114.158,True,0.9070,-0.001466,-0.000013,RECONSTRUCTED,constrained_tps
6.6375,12.0000,4.4940,168.593,304.800,114.148,True,0.6570,-0.001197,-0.000014,RECONSTRUCTED,constrained_tps
6.8875,12.0000,4.4936,174.942,304.800,114.137,True,0.4070,,,RECONSTRUCTED,constrained_tps
7.1375,12.0000,4.4932,181.292,304.800,114.127,True,0.1570,,,RECONSTRUCTED,constrained_tps
-7.3625,12.2500,4.5059,-187.007,311.150,114.451,True,0.0269,,,RIM_BOUNDARY,constrained_tps
-7.1125,12.2500,4.5061,-180.657,311.150,114.455,True,0.2769,,,RECONSTRUCTED,constrained_tps
-6.8625,12.2500,4.5063,-174.307,311.150,114.460,True,0.5269,-0.002411,-0.000012,RECONSTRUCTED,constrained_tps
-6.6125,12.2500,4.5065,-167.957,311.150,114.464,True,0.7769,-0.002293,-0.000013,RECONSTRUCTED,constrained_tps
-6.3625,12.2500,4.5066,-161.607,311.150,114.469,True,1.0269,-0.002234,-0.000013,RECONSTRUCTED,constrained_tps
-6.1125,12.2500,4.5068,-155.257,311.150,114.473,True,1.2769,-0.002216,-0.000011,RECONSTRUCTED,constrained_tps
-5.8625,12.2500,4.5069,-148.907,311.150,114.476,True,1.5269,-0.002204,-0.000010,RECONSTRUCTED,constrained_tps
-5.6125,12.2500,4.5071,-142.557,311.150,114.480,True,1.7769,-0.002186,-0.000008,RECONSTRUCTED,constrained_tps
-5.3625,12.2500,4.5072,-136.207,311.150,114.483,True,2.0269,-0.002159,-0.000007,RECONSTRUCTED,constrained_tps
-5.1125,12.2500,4.5073,-129.857,311.150,114.485,True,2.2769,-0.002128,-0.000007,RECONSTRUCTED,constrained_tps
-4.8625,12.2500,4.5074,-123.507,311.150,114.488,True,2.5269,-0.002096,-0.000006,RECONSTRUCTED,constrained_tps
-4.6125,12.2500,4.5075,-117.157,311.150,114.491,True,2.7769,-0.002065,-0.000005,RECONSTRUCTED,constrained_tps
-4.3625,12.2500,4.5076,-110.807,311.150,114.493,True,3.0269,-0.002037,-0.000005,RECONSTRUCTED,constrained_tps
-4.1125,12.2500,4.5077,-104.457,311.150,114.496,True,3.2769,-0.002012,-0.000004,RECONSTRUCTED,constrained_tps
-3.8625,12.2500,4.5078,-98.107,311.150,114.498,True,3.5269,-0.001990,-0.000003,RECONSTRUCTED,constrained_tps
-3.6125,12.2500,4.5079,-91.757,311.150,114.500,True,3.7769,-0.001972,-0.000003,RECONSTRUCTED,constrained_tps
-3.3625,12.2500,4.5080,-85.407,311.150,114.503,True,4.0269,-0.001956,-0.000002,RECONSTRUCTED,constrained_tps
-3.1125,12.2500,4.5081,-79.057,311.150,114.505,True,4.2769,-0.001943,-0.000002,RECONSTRUCTED,constrained_tps
-2.8625,12.2500,4.5082,-72.707,311.150,114.507,True,4.5269,-0.001932,-0.000001,RECONSTRUCTED,constrained_tps
-2.6125,12.2500,4.5082,-66.357,311.150,114.509,True,4.7769,-0.001923,-0.000001,RECONSTRUCTED,constrained_tps
-2.3625,12.2500,4.5083,-60.007,311.150,114.511,True,5.0269,-0.001915,-0.000001,RECONSTRUCTED,constrained_tps
-2.1125,12.2500,4.5084,-53.657,311.150,114.513,True,5.2769,-0.001908,-0.000000,RECONSTRUCTED,constrained_tps
-1.8625,12.2500,4.5084,-47.307,311.150,114.514,True,5.5269,-0.001902,-0.000000,RECONSTRUCTED,constrained_tps
-1.6125,12.2500,4.5085,-40.957,311.150,114.516,True,5.7769,-0.001897,0.000000,RECONSTRUCTED,constrained_tps
-1.3625,12.2500,4.5085,-34.608,311.150,114.517,True,6.0269,-0.001893,0.000000,RECONSTRUCTED,constrained_tps
-1.1125,12.2500,4.5086,-28.258,311.150,114.518,True,6.2769,-0.001890,0.000000,RECONSTRUCTED,constrained_tps
-0.8625,12.2500,4.5086,-21.907,311.150,114.518,True,6.5269,-0.001887,0.000000,RECONSTRUCTED,constrained_tps
-0.6125,12.2500,4.5086,-15.558,311.150,114.519,True,6.7769,-0.001885,0.000000,RECONSTRUCTED,constrained_tps
-0.3625,12.2500,4.5086,-9.207,311.150,114.519,True,7.0269,-0.001883,0.000000,RECONSTRUCTED,constrained_tps
-0.1125,12.2500,4.5086,-2.857,311.150,114.519,True,7.2769,-0.001883,0.000000,RECONSTRUCTED,constrained_tps
0.1375,12.2500,4.5086,3.493,311.150,114.519,True,7.2519,-0.001882,0.000000,RECONSTRUCTED,constrained_tps
0.3875,12.2500,4.5086,9.842,311.150,114.519,True,7.0019,-0.001883,0.000000,RECONSTRUCTED,constrained_tps
0.6375,12.2500,4.5086,16.192,311.150,114.518,True,6.7519,-0.001884,0.000000,RECONSTRUCTED,constrained_tps
0.8875,12.2500,4.5086,22.542,311.150,114.518,True,6.5019,-0.001886,0.000000,RECONSTRUCTED,constrained_tps
1.1375,12.2500,4.5085,28.892,311.150,114.517,True,6.2519,-0.001889,0.000000,RECONSTRUCTED,constrained_tps
1.3875,12.2500,4.5085,35.242,311.150,114.516,True,6.0019,-0.001892,0.000000,RECONSTRUCTED,constrained_tps
1.6375,12.2500,4.5084,41.592,311.150,114.515,True,5.7519,-0.001896,0.000000,RECONSTRUCTED,constrained_tps
1.8875,12.2500,4.5084,47.942,311.150,114.513,True,5.5019,-0.001901,-0.000000,RECONSTRUCTED,constrained_tps
2.1375,12.2500,4.5083,54.293,311.150,114.512,True,5.2519,-0.001906,-0.000000,RECONSTRUCTED,constrained_tps
2.3875,12.2500,4.5083,60.642,311.150,114.510,True,5.0019,-0.001913,-0.000001,RECONSTRUCTED,constrained_tps
2.6375,12.2500,4.5082,66.993,311.150,114.508,True,4.7519,-0.001921,-0.000001,RECONSTRUCTED,constrained_tps
2.8875,12.2500,4.5081,73.343,311.150,114.506,True,4.5019,-0.001930,-0.000001,RECONSTRUCTED,constrained_tps
3.1375,12.2500,4.5080,79.692,311.150,114.503,True,4.2519,-0.001941,-0.000002,RECONSTRUCTED,constrained_tps
3.3875,12.2500,4.5079,86.043,311.150,114.501,True,4.0019,-0.001955,-0.000002,RECONSTRUCTED,constrained_tps
3.6375,12.2500,4.5078,92.392,311.150,114.499,True,3.7519,-0.001970,-0.000003,RECONSTRUCTED,constrained_tps
3.8875,12.2500,4.5077,98.742,311.150,114.496,True,3.5019,-0.001989,-0.000003,RECONSTRUCTED,constrained_tps
4.1375,12.2500,4.5076,105.093,311.150,114.494,True,3.2519,-0.002011,-0.000004,RECONSTRUCTED,constrained_tps
4.3875,12.2500,4.5075,111.442,311.150,114.492,True,3.0019,-0.002036,-0.000005,RECONSTRUCTED,constrained_tps
4.6375,12.2500,4.5074,117.793,311.150,114.489,True,2.7519,-0.002065,-0.000005,RECONSTRUCTED,constrained_tps
4.8875,12.2500,4.5073,124.142,311.150,114.487,True,2.5019,-0.002096,-0.000006,RECONSTRUCTED,constrained_tps
5.1375,12.2500,4.5072,130.493,311.150,114.484,True,2.2519,-0.002128,-0.000007,RECONSTRUCTED,constrained_tps
5.3875,12.2500,4.5071,136.843,311.150,114.481,True,2.0019,-0.002159,-0.000007,RECONSTRUCTED,constrained_tps
5.6375,12.2500,4.5070,143.192,311.150,114.478,True,1.7519,-0.002185,-0.000008,RECONSTRUCTED,constrained_tps
5.8875,12.2500,4.5069,149.542,311.150,114.475,True,1.5019,-0.002203,-0.000010,RECONSTRUCTED,constrained_tps
6.1375,12.2500,4.5068,155.892,311.150,114.472,True,1.2519,-0.002214,-0.000011,RECONSTRUCTED,constrained_tps
6.3875,12.2500,4.5066,162.243,311.150,114.468,True,1.0019,-0.002235,-0.000013,RECONSTRUCTED,constrained_tps
6.6375,12.2500,4.5064,168.593,311.150,114.464,True,0.7519,-0.002299,-0.000013,RECONSTRUCTED,constrained_tps
6.8875,12.2500,4.5063,174.942,311.150,114.459,True,0.5019,-0.002475,-0.000011,RECONSTRUCTED,constrained_tps
7.1375,12.2500,4.5061,181.292,311.150,114.455,True,0.2519,,,RECONSTRUCTED,constrained_tps
7.3875,12.2500,4.5059,187.642,311.150,114.450,True,0.0019,,,RIM_BOUNDARY,constrained_tps
-7.3625,12.5000,4.5185,-187.007,317.500,114.770,True,0.1118,,,RIM_BOUNDARY,constrained_tps
-7.1125,12.5000,4.5186,-180.657,317.500,114.774,True,0.3618,,,RECONSTRUCTED,constrained_tps
-6.8625,12.5000,4.5186,-174.307,317.500,114.773,True,0.6118,-0.003921,-0.000002,RECONSTRUCTED,constrained_tps
-6.6125,12.5000,4.5186,-167.957,317.500,114.772,True,0.8618,-0.003299,-0.000009,RECONSTRUCTED,constrained_tps
-6.3625,12.5000,4.5185,-161.607,317.500,114.771,True,1.1118,-0.002954,-0.000011,RECONSTRUCTED,constrained_tps
-6.1125,12.5000,4.5185,-155.257,317.500,114.769,True,1.3618,-0.002742,-0.000010,RECONSTRUCTED,constrained_tps
-5.8625,12.5000,4.5184,-148.907,317.500,114.768,True,1.6118,-0.002598,-0.000010,RECONSTRUCTED,constrained_tps
-5.6125,12.5000,4.5183,-142.557,317.500,114.766,True,1.8618,-0.002488,-0.000009,RECONSTRUCTED,constrained_tps
-5.3625,12.5000,4.5183,-136.207,317.500,114.764,True,2.1118,-0.002397,-0.000008,RECONSTRUCTED,constrained_tps
-5.1125,12.5000,4.5182,-129.857,317.500,114.763,True,2.3618,-0.002318,-0.000007,RECONSTRUCTED,constrained_tps
-4.8625,12.5000,4.5182,-123.507,317.500,114.761,True,2.6118,-0.002249,-0.000006,RECONSTRUCTED,constrained_tps
-4.6125,12.5000,4.5181,-117.157,317.500,114.760,True,2.8618,-0.002188,-0.000006,RECONSTRUCTED,constrained_tps
-4.3625,12.5000,4.5181,-110.807,317.500,114.759,True,3.1118,-0.002134,-0.000005,RECONSTRUCTED,constrained_tps
-4.1125,12.5000,4.5180,-104.457,317.500,114.758,True,3.3618,-0.002088,-0.000004,RECONSTRUCTED,constrained_tps
-3.8625,12.5000,4.5180,-98.107,317.500,114.758,True,3.6118,-0.002048,-0.000004,RECONSTRUCTED,constrained_tps
-3.6125,12.5000,4.5180,-91.757,317.500,114.757,True,3.8618,-0.002014,-0.000003,RECONSTRUCTED,constrained_tps
-3.3625,12.5000,4.5180,-85.407,317.500,114.757,True,4.1118,-0.001984,-0.000003,RECONSTRUCTED,constrained_tps
-3.1125,12.5000,4.5180,-79.057,317.500,114.757,True,4.3618,-0.001959,-0.000002,RECONSTRUCTED,constrained_tps
-2.8625,12.5000,4.5180,-72.707,317.500,114.757,True,4.6118,-0.001938,-0.000002,RECONSTRUCTED,constrained_tps
-2.6125,12.5000,4.5180,-66.357,317.500,114.757,True,4.8618,-0.001920,-0.000001,RECONSTRUCTED,constrained_tps
-2.3625,12.5000,4.5180,-60.007,317.500,114.758,True,5.1118,-0.001905,-0.000001,RECONSTRUCTED,constrained_tps
-2.1125,12.5000,4.5180,-53.657,317.500,114.758,True,5.3618,-0.001892,-0.000001,RECONSTRUCTED,constrained_tps
-1.8625,12.5000,4.5180,-47.307,317.500,114.758,True,5.6118,-0.001881,-0.000000,RECONSTRUCTED,constrained_tps
-1.6125,12.5000,4.5181,-40.957,317.500,114.759,True,5.8618,-0.001871,-0.000000,RECONSTRUCTED,constrained_tps
-1.3625,12.5000,4.5181,-34.608,317.500,114.759,True,6.1118,-0.001864,-0.000000,RECONSTRUCTED,constrained_tps
-1.1125,12.5000,4.5181,-28.258,317.500,114.759,True,6.3618,-0.001858,-0.000000,RECONSTRUCTED,constrained_tps
-0.8625,12.5000,4.5181,-21.907,317.500,114.759,True,6.6118,-0.001853,0.000000,RECONSTRUCTED,constrained_tps
-0.6125,12.5000,4.5181,-15.558,317.500,114.759,True,6.8618,-0.001849,0.000000,RECONSTRUCTED,constrained_tps
-0.3625,12.5000,4.5181,-9.207,317.500,114.759,True,7.1118,-0.001847,0.000000,RECONSTRUCTED,constrained_tps
-0.1125,12.5000,4.5181,-2.857,317.500,114.759,True,7.3618,-0.001845,0.000000,RECONSTRUCTED,constrained_tps
0.1375,12.5000,4.5181,3.493,317.500,114.759,True,7.3368,-0.001845,0.000000,RECONSTRUCTED,constrained_tps
0.3875,12.5000,4.5181,9.842,317.500,114.759,True,7.0868,-0.001846,0.000000,RECONSTRUCTED,constrained_tps
0.6375,12.5000,4.5181,16.192,317.500,114.759,True,6.8368,-0.001848,0.000000,RECONSTRUCTED,constrained_tps
0.8875,12.5000,4.5181,22.542,317.500,114.759,True,6.5868,-0.001852,0.000000,RECONSTRUCTED,constrained_tps
1.1375,12.5000,4.5180,28.892,317.500,114.758,True,6.3368,-0.001857,-0.000000,RECONSTRUCTED,constrained_tps
1.3875,12.5000,4.5180,35.242,317.500,114.758,True,6.0868,-0.001863,-0.000000,RECONSTRUCTED,constrained_tps
1.6375,12.5000,4.5180,41.592,317.500,114.758,True,5.8368,-0.001870,-0.000000,RECONSTRUCTED,constrained_tps
1.8875,12.5000,4.5180,47.942,317.500,114.757,True,5.5868,-0.001880,-0.000001,RECONSTRUCTED,constrained_tps
2.1375,12.5000,4.5180,54.293,317.500,114.757,True,5.3368,-0.001891,-0.000001,RECONSTRUCTED,constrained_tps
2.3875,12.5000,4.5180,60.642,317.500,114.757,True,5.0868,-0.001904,-0.000001,RECONSTRUCTED,constrained_tps
2.6375,12.5000,4.5180,66.993,317.500,114.756,True,4.8368,-0.001919,-0.000001,RECONSTRUCTED,constrained_tps
2.8875,12.5000,4.5180,73.343,317.500,114.756,True,4.5868,-0.001937,-0.000002,RECONSTRUCTED,constrained_tps
3.1375,12.5000,4.5179,79.692,317.500,114.756,True,4.3368,-0.001959,-0.000002,RECONSTRUCTED,constrained_tps
3.3875,12.5000,4.5179,86.043,317.500,114.756,True,4.0868,-0.001984,-0.000003,RECONSTRUCTED,constrained_tps
3.6375,12.5000,4.5180,92.392,317.500,114.756,True,3.8368,-0.002013,-0.000003,RECONSTRUCTED,constrained_tps
3.8875,12.5000,4.5180,98.742,317.500,114.756,True,3.5868,-0.002048,-0.000004,RECONSTRUCTED,constrained_tps
4.1375,12.5000,4.5180,105.093,317.500,114.757,True,3.3368,-0.002089,-0.000004,RECONSTRUCTED,constrained_tps
4.3875,12.5000,4.5180,111.442,317.500,114.758,True,3.0868,-0.002136,-0.000005,RECONSTRUCTED,constrained_tps
4.6375,12.5000,4.5181,117.793,317.500,114.759,True,2.8368,-0.002190,-0.000006,RECONSTRUCTED,constrained_tps
4.8875,12.5000,4.5181,124.142,317.500,114.760,True,2.5868,-0.002252,-0.000006,RECONSTRUCTED,constrained_tps
5.1375,12.5000,4.5182,130.493,317.500,114.762,True,2.3368,-0.002322,-0.000007,RECONSTRUCTED,constrained_tps
5.3875,12.5000,4.5182,136.843,317.500,114.763,True,2.0868,-0.002402,-0.000008,RECONSTRUCTED,constrained_tps
5.6375,12.5000,4.5183,143.192,317.500,114.765,True,1.8368,-0.002495,-0.000009,RECONSTRUCTED,constrained_tps
5.8875,12.5000,4.5184,149.542,317.500,114.767,True,1.5868,-0.002607,-0.000010,RECONSTRUCTED,constrained_tps
6.1375,12.5000,4.5184,155.892,317.500,114.769,True,1.3368,-0.002757,-0.000011,RECONSTRUCTED,constrained_tps
6.3875,12.5000,4.5185,162.243,317.500,114.770,True,1.0868,-0.002979,-0.000011,RECONSTRUCTED,constrained_tps
6.6375,12.5000,4.5186,168.593,317.500,114.772,True,0.8368,-0.003344,-0.000009,RECONSTRUCTED,constrained_tps
6.8875,12.5000,4.5186,174.942,317.500,114.773,True,0.5868,-0.004006,-0.000001,RECONSTRUCTED,constrained_tps
7.1375,12.5000,4.5186,181.292,317.500,114.773,True,0.3368,,,RECONSTRUCTED,constrained_tps
7.3875,12.5000,4.5185,187.642,317.500,114.769,True,0.0868,,,RIM_BOUNDARY,constrained_tps
-7.3625,12.7500,4.5307,-187.007,323.850,115.079,True,0.1940,,,RECONSTRUCTED,constrained_tps
-7.1125,12.7500,4.5307,-180.657,323.850,115.079,True,0.4440,,,RECONSTRUCTED,constrained_tps
-6.8625,12.7500,4.5305,-174.307,323.850,115.076,True,0.6940,-0.004932,0.000007,RECONSTRUCTED,constrained_tps
-6.6125,12.7500,4.5303,-167.957,323.850,115.070,True,0.9440,-0.004115,-0.000003,RECONSTRUCTED,constrained_tps
-6.3625,12.7500,4.5301,-161.607,323.850,115.064,True,1.1940,-0.003579,-0.000007,RECONSTRUCTED,constrained_tps
-6.1125,12.7500,4.5298,-155.257,323.850,115.057,True,1.4440,-0.003221,-0.000008,RECONSTRUCTED,constrained_tps
-5.8625,12.7500,4.5295,-148.907,323.850,115.050,True,1.6940,-0.002967,-0.000009,RECONSTRUCTED,constrained_tps
-5.6125,12.7500,4.5293,-142.557,323.850,115.044,True,1.9440,-0.002776,-0.000008,RECONSTRUCTED,constrained_tps
-5.3625,12.7500,4.5291,-136.207,323.850,115.038,True,2.1940,-0.002625,-0.000008,RECONSTRUCTED,constrained_tps
-5.1125,12.7500,4.5288,-129.857,323.850,115.032,True,2.4440,-0.002500,-0.000007,RECONSTRUCTED,constrained_tps
-4.8625,12.7500,4.5286,-123.507,323.850,115.027,True,2.6940,-0.002394,-0.000006,RECONSTRUCTED,constrained_tps
-4.6125,12.7500,4.5284,-117.157,323.850,115.022,True,2.9440,-0.002303,-0.000006,RECONSTRUCTED,constrained_tps
-4.3625,12.7500,4.5283,-110.807,323.850,115.018,True,3.1940,-0.002225,-0.000005,RECONSTRUCTED,constrained_tps
-4.1125,12.7500,4.5281,-104.457,323.850,115.014,True,3.4440,-0.002158,-0.000005,RECONSTRUCTED,constrained_tps
-3.8625,12.7500,4.5280,-98.107,323.850,115.011,True,3.6940,-0.002100,-0.000004,RECONSTRUCTED,constrained_tps
-3.6125,12.7500,4.5279,-91.757,323.850,115.008,True,3.9440,-0.002051,-0.000003,RECONSTRUCTED,constrained_tps
-3.3625,12.7500,4.5278,-85.407,323.850,115.005,True,4.1940,-0.002008,-0.000003,RECONSTRUCTED,constrained_tps
-3.1125,12.7500,4.5277,-79.057,323.850,115.003,True,4.4440,-0.001972,-0.000002,RECONSTRUCTED,constrained_tps
-2.8625,12.7500,4.5276,-72.707,323.850,115.001,True,4.6940,-0.001941,-0.000002,RECONSTRUCTED,constrained_tps
-2.6125,12.7500,4.5275,-66.357,323.850,115.000,True,4.9440,-0.001915,-0.000002,RECONSTRUCTED,constrained_tps
-2.3625,12.7500,4.5275,-60.007,323.850,114.998,True,5.1940,-0.001892,-0.000001,RECONSTRUCTED,constrained_tps
-2.1125,12.7500,4.5275,-53.657,323.850,114.997,True,5.4440,-0.001873,-0.000001,RECONSTRUCTED,constrained_tps
-1.8625,12.7500,4.5274,-47.307,323.850,114.996,True,5.6940,-0.001857,-0.000001,RECONSTRUCTED,constrained_tps
-1.6125,12.7500,4.5274,-40.957,323.850,114.996,True,5.9440,-0.001844,-0.000001,RECONSTRUCTED,constrained_tps
-1.3625,12.7500,4.5274,-34.608,323.850,114.995,True,6.1940,-0.001833,-0.000000,RECONSTRUCTED,constrained_tps
-1.1125,12.7500,4.5273,-28.258,323.850,114.994,True,6.4440,-0.001824,-0.000000,RECONSTRUCTED,constrained_tps
-0.8625,12.7500,4.5273,-21.907,323.850,114.994,True,6.6940,-0.001817,-0.000000,RECONSTRUCTED,constrained_tps
-0.6125,12.7500,4.5273,-15.558,323.850,114.994,True,6.9440,-0.001812,-0.000000,RECONSTRUCTED,constrained_tps
-0.3625,12.7500,4.5273,-9.207,323.850,114.994,True,7.1940,-0.001808,-0.000000,RECONSTRUCTED,constrained_tps
-0.1125,12.7500,4.5273,-2.857,323.850,114.993,True,7.4440,-0.001807,-0.000000,RECONSTRUCTED,constrained_tps
0.1375,12.7500,4.5273,3.493,323.850,114.993,True,7.4189,-0.001807,-0.000000,RECONSTRUCTED,constrained_tps
0.3875,12.7500,4.5273,9.842,323.850,114.993,True,7.1689,-0.001808,-0.000000,RECONSTRUCTED,constrained_tps
0.6375,12.7500,4.5273,16.192,323.850,114.993,True,6.9189,-0.001811,-0.000000,RECONSTRUCTED,constrained_tps
0.8875,12.7500,4.5273,22.542,323.850,114.994,True,6.6689,-0.001816,-0.000000,RECONSTRUCTED,constrained_tps
1.1375,12.7500,4.5273,28.892,323.850,114.994,True,6.4189,-0.001823,-0.000000,RECONSTRUCTED,constrained_tps
1.3875,12.7500,4.5273,35.242,323.850,114.994,True,6.1689,-0.001832,-0.000001,RECONSTRUCTED,constrained_tps
1.6375,12.7500,4.5274,41.592,323.850,114.995,True,5.9189,-0.001843,-0.000001,RECONSTRUCTED,constrained_tps
1.8875,12.7500,4.5274,47.942,323.850,114.995,True,5.6689,-0.001857,-0.000001,RECONSTRUCTED,constrained_tps
2.1375,12.7500,4.5274,54.293,323.850,114.996,True,5.4189,-0.001873,-0.000001,RECONSTRUCTED,constrained_tps
2.3875,12.7500,4.5274,60.642,323.850,114.997,True,5.1689,-0.001892,-0.000001,RECONSTRUCTED,constrained_tps
2.6375,12.7500,4.5275,66.993,323.850,114.998,True,4.9189,-0.001914,-0.000002,RECONSTRUCTED,constrained_tps
2.8875,12.7500,4.5276,73.343,323.850,115.000,True,4.6689,-0.001941,-0.000002,RECONSTRUCTED,constrained_tps
3.1375,12.7500,4.5276,79.692,323.850,115.002,True,4.4189,-0.001972,-0.000002,RECONSTRUCTED,constrained_tps
3.3875,12.7500,4.5277,86.043,323.850,115.004,True,4.1689,-0.002009,-0.000003,RECONSTRUCTED,constrained_tps
3.6375,12.7500,4.5278,92.392,323.850,115.006,True,3.9189,-0.002052,-0.000004,RECONSTRUCTED,constrained_tps
3.8875,12.7500,4.5279,98.742,323.850,115.009,True,3.6689,-0.002102,-0.000004,RECONSTRUCTED,constrained_tps
4.1375,12.7500,4.5281,105.093,323.850,115.013,True,3.4189,-0.002160,-0.000005,RECONSTRUCTED,constrained_tps
4.3875,12.7500,4.5282,111.442,323.850,115.017,True,3.1689,-0.002228,-0.000005,RECONSTRUCTED,constrained_tps
4.6375,12.7500,4.5284,117.793,323.850,115.021,True,2.9189,-0.002308,-0.000006,RECONSTRUCTED,constrained_tps
4.8875,12.7500,4.5286,124.142,323.850,115.026,True,2.6689,-0.002400,-0.000007,RECONSTRUCTED,constrained_tps
5.1375,12.7500,4.5288,130.493,323.850,115.032,True,2.4189,-0.002508,-0.000007,RECONSTRUCTED,constrained_tps
5.3875,12.7500,4.5290,136.843,323.850,115.037,True,2.1689,-0.002635,-0.000008,RECONSTRUCTED,constrained_tps
5.6375,12.7500,4.5293,143.192,323.850,115.044,True,1.9189,-0.002790,-0.000008,RECONSTRUCTED,constrained_tps
5.8875,12.7500,4.5295,149.542,323.850,115.050,True,1.6689,-0.002986,-0.000009,RECONSTRUCTED,constrained_tps
6.1375,12.7500,4.5298,155.892,323.850,115.057,True,1.4189,-0.003248,-0.000008,RECONSTRUCTED,constrained_tps
6.3875,12.7500,4.5301,162.243,323.850,115.063,True,1.1689,-0.003621,-0.000007,RECONSTRUCTED,constrained_tps
6.6375,12.7500,4.5303,168.593,323.850,115.070,True,0.9189,-0.004180,-0.000002,RECONSTRUCTED,constrained_tps
6.8875,12.7500,4.5305,174.942,323.850,115.076,True,0.6689,-0.005030,0.000008,RECONSTRUCTED,constrained_tps
7.1375,12.7500,4.5307,181.292,323.850,115.079,True,0.4189,,,RECONSTRUCTED,constrained_tps
7.3875,12.7500,4.5306,187.642,323.850,115.078,True,0.1689,,,RECONSTRUCTED,constrained_tps
-7.6125,13.0000,4.5420,-193.357,330.200,115.366,True,0.0215,,,RIM_BOUNDARY,constrained_tps
-7.3625,13.0000,4.5422,-187.007,330.200,115.373,True,0.2715,,,RECONSTRUCTED,constrained_tps
-7.1125,13.0000,4.5422,-180.657,330.200,115.371,True,0.5215,-0.006733,0.000032,RECONSTRUCTED,constrained_tps
-6.8625,13.0000,4.5419,-174.307,330.200,115.364,True,0.7715,-0.005522,0.000014,RECONSTRUCTED,constrained_tps
-6.6125,13.0000,4.5415,-167.957,330.200,115.355,True,1.0215,-0.004664,0.000003,RECONSTRUCTED,constrained_tps
-6.3625,13.0000,4.5411,-161.607,330.200,115.345,True,1.2715,-0.004054,-0.000002,RECONSTRUCTED,constrained_tps
-6.1125,13.0000,4.5407,-155.257,330.200,115.334,True,1.5215,-0.003614,-0.000005,RECONSTRUCTED,constrained_tps
-5.8625,13.0000,4.5403,-148.907,330.200,115.324,True,1.7715,-0.003286,-0.000007,RECONSTRUCTED,constrained_tps
-5.6125,13.0000,4.5399,-142.557,330.200,115.313,True,2.0215,-0.003033,-0.000007,RECONSTRUCTED,constrained_tps
-5.3625,13.0000,4.5395,-136.207,330.200,115.303,True,2.2715,-0.002831,-0.000007,RECONSTRUCTED,constrained_tps
-5.1125,13.0000,4.5391,-129.857,330.200,115.294,True,2.5215,-0.002664,-0.000007,RECONSTRUCTED,constrained_tps
-4.8625,13.0000,4.5388,-123.507,330.200,115.285,True,2.7715,-0.002524,-0.000006,RECONSTRUCTED,constrained_tps
-4.6125,13.0000,4.5385,-117.157,330.200,115.277,True,3.0215,-0.002406,-0.000006,RECONSTRUCTED,constrained_tps
-4.3625,13.0000,4.5382,-110.807,330.200,115.269,True,3.2715,-0.002305,-0.000005,RECONSTRUCTED,constrained_tps
-4.1125,13.0000,4.5379,-104.457,330.200,115.263,True,3.5215,-0.002218,-0.000005,RECONSTRUCTED,constrained_tps
-3.8625,13.0000,4.5377,-98.107,330.200,115.257,True,3.7715,-0.002144,-0.000004,RECONSTRUCTED,constrained_tps
-3.6125,13.0000,4.5374,-91.757,330.200,115.251,True,4.0215,-0.002081,-0.000004,RECONSTRUCTED,constrained_tps
-3.3625,13.0000,4.5373,-85.407,330.200,115.246,True,4.2715,-0.002026,-0.000003,RECONSTRUCTED,constrained_tps
-3.1125,13.0000,4.5371,-79.057,330.200,115.242,True,4.5215,-0.001979,-0.000003,RECONSTRUCTED,constrained_tps
-2.8625,13.0000,4.5370,-72.707,330.200,115.239,True,4.7715,-0.001940,-0.000002,RECONSTRUCTED,constrained_tps
-2.6125,13.0000,4.5368,-66.357,330.200,115.235,True,5.0215,-0.001906,-0.000002,RECONSTRUCTED,constrained_tps
-2.3625,13.0000,4.5367,-60.007,330.200,115.233,True,5.2715,-0.001877,-0.000002,RECONSTRUCTED,constrained_tps
-2.1125,13.0000,4.5366,-53.657,330.200,115.230,True,5.5215,-0.001852,-0.000001,RECONSTRUCTED,constrained_tps
-1.8625,13.0000,4.5365,-47.307,330.200,115.228,True,5.7715,-0.001832,-0.000001,RECONSTRUCTED,constrained_tps
-1.6125,13.0000,4.5365,-40.957,330.200,115.227,True,6.0215,-0.001814,-0.000001,RECONSTRUCTED,constrained_tps
-1.3625,13.0000,4.5364,-34.608,330.200,115.225,True,6.2715,-0.001800,-0.000001,RECONSTRUCTED,constrained_tps
-1.1125,13.0000,4.5364,-28.258,330.200,115.224,True,6.5215,-0.001789,-0.000001,RECONSTRUCTED,constrained_tps
-0.8625,13.0000,4.5363,-21.907,330.200,115.223,True,6.7715,-0.001780,-0.000001,RECONSTRUCTED,constrained_tps
-0.6125,13.0000,4.5363,-15.558,330.200,115.222,True,7.0215,-0.001773,-0.000001,RECONSTRUCTED,constrained_tps
-0.3625,13.0000,4.5363,-9.207,330.200,115.222,True,7.2715,-0.001769,-0.000000,RECONSTRUCTED,constrained_tps
-0.1125,13.0000,4.5363,-2.857,330.200,115.222,True,7.5215,-0.001767,-0.000000,RECONSTRUCTED,constrained_tps
0.1375,13.0000,4.5363,3.493,330.200,115.222,True,7.4965,-0.001766,-0.000000,RECONSTRUCTED,constrained_tps
0.3875,13.0000,4.5363,9.842,330.200,115.222,True,7.2465,-0.001768,-0.000001,RECONSTRUCTED,constrained_tps
0.6375,13.0000,4.5363,16.192,330.200,115.222,True,6.9965,-0.001773,-0.000001,RECONSTRUCTED,constrained_tps
0.8875,13.0000,4.5363,22.542,330.200,115.223,True,6.7465,-0.001779,-0.000001,RECONSTRUCTED,constrained_tps
1.1375,13.0000,4.5364,28.892,330.200,115.223,True,6.4965,-0.001788,-0.000001,RECONSTRUCTED,constrained_tps
1.3875,13.0000,4.5364,35.242,330.200,115.225,True,6.2465,-0.001799,-0.000001,RECONSTRUCTED,constrained_tps
1.6375,13.0000,4.5364,41.592,330.200,115.226,True,5.9965,-0.001814,-0.000001,RECONSTRUCTED,constrained_tps
1.8875,13.0000,4.5365,47.942,330.200,115.227,True,5.7465,-0.001831,-0.000001,RECONSTRUCTED,constrained_tps
2.1375,13.0000,4.5366,54.293,330.200,115.229,True,5.4965,-0.001852,-0.000001,RECONSTRUCTED,constrained_tps
2.3875,13.0000,4.5367,60.642,330.200,115.232,True,5.2465,-0.001876,-0.000002,RECONSTRUCTED,constrained_tps
2.6375,13.0000,4.5368,66.993,330.200,115.234,True,4.9965,-0.001905,-0.000002,RECONSTRUCTED,constrained_tps
2.8875,13.0000,4.5369,73.343,330.200,115.237,True,4.7465,-0.001940,-0.000002,RECONSTRUCTED,constrained_tps
3.1375,13.0000,4.5371,79.692,330.200,115.241,True,4.4965,-0.001980,-0.000003,RECONSTRUCTED,constrained_tps
3.3875,13.0000,4.5372,86.043,330.200,115.245,True,4.2465,-0.002027,-0.000003,RECONSTRUCTED,constrained_tps
3.6375,13.0000,4.5374,92.392,330.200,115.250,True,3.9965,-0.002082,-0.000004,RECONSTRUCTED,constrained_tps
3.8875,13.0000,4.5376,98.742,330.200,115.255,True,3.7465,-0.002147,-0.000004,RECONSTRUCTED,constrained_tps
4.1375,13.0000,4.5379,105.093,330.200,115.262,True,3.4965,-0.002222,-0.000005,RECONSTRUCTED,constrained_tps
4.3875,13.0000,4.5381,111.442,330.200,115.268,True,3.2465,-0.002310,-0.000006,RECONSTRUCTED,constrained_tps
4.6375,13.0000,4.5384,117.793,330.200,115.276,True,2.9965,-0.002413,-0.000006,RECONSTRUCTED,constrained_tps
4.8875,13.0000,4.5388,124.142,330.200,115.284,True,2.7465,-0.002533,-0.000007,RECONSTRUCTED,constrained_tps
5.1375,13.0000,4.5391,130.493,330.200,115.293,True,2.4965,-0.002675,-0.000007,RECONSTRUCTED,constrained_tps
5.3875,13.0000,4.5395,136.843,330.200,115.303,True,2.2465,-0.002845,-0.000007,RECONSTRUCTED,constrained_tps
5.6375,13.0000,4.5399,143.192,330.200,115.313,True,1.9965,-0.003052,-0.000007,RECONSTRUCTED,constrained_tps
5.8875,13.0000,4.5403,149.542,330.200,115.324,True,1.7465,-0.003312,-0.000007,RECONSTRUCTED,constrained_tps
6.1375,13.0000,4.5407,155.892,330.200,115.334,True,1.4965,-0.003649,-0.000005,RECONSTRUCTED,constrained_tps
6.3875,13.0000,4.5411,162.243,330.200,115.345,True,1.2465,-0.004103,-0.000002,RECONSTRUCTED,constrained_tps
6.6375,13.0000,4.5416,168.593,330.200,115.356,True,0.9965,-0.004735,0.000004,RECONSTRUCTED,constrained_tps
6.8875,13.0000,4.5419,174.942,330.200,115.365,True,0.7465,-0.005622,0.000015,RECONSTRUCTED,constrained_tps
7.1375,13.0000,4.5422,181.292,330.200,115.371,True,0.4965,,,RECONSTRUCTED,constrained_tps
7.3875,13.0000,4.5422,187.642,330.200,115.372,True,0.2465,,,RECONSTRUCTED,constrained_tps
-7.6125,13.2500,4.5529,-193.357,336.550,115.643,True,0.0844,,,RIM_BOUNDARY,constrained_tps
-7.3625,13.2500,4.5531,-187.007,336.550,115.649,True,0.3344,,,RECONSTRUCTED,constrained_tps
-7.1125,13.2500,4.5530,-180.657,336.550,115.646,True,0.5844,-0.006986,0.000037,RECONSTRUCTED,constrained_tps
-6.8625,13.2500,4.5527,-174.307,336.550,115.638,True,0.8344,-0.005800,0.000019,RECONSTRUCTED,constrained_tps
-6.6125,13.2500,4.5522,-167.957,336.550,115.627,True,1.0844,-0.004990,0.000009,RECONSTRUCTED,constrained_tps
-6.3625,13.2500,4.5517,-161.607,336.550,115.614,True,1.3344,-0.004380,0.000002,RECONSTRUCTED,constrained_tps
-6.1125,13.2500,4.5512,-155.257,336.550,115.600,True,1.5844,-0.003910,-0.000002,RECONSTRUCTED,constrained_tps
-5.8625,13.2500,4.5506,-148.907,336.550,115.586,True,1.8344,-0.003541,-0.000004,RECONSTRUCTED,constrained_tps
-5.6125,13.2500,4.5501,-142.557,336.550,115.572,True,2.0844,-0.003246,-0.000006,RECONSTRUCTED,constrained_tps
-5.3625,13.2500,4.5496,-136.207,336.550,115.559,True,2.3344,-0.003004,-0.000006,RECONSTRUCTED,constrained_tps
-5.1125,13.2500,4.5491,-129.857,336.550,115.546,True,2.5844,-0.002804,-0.000006,RECONSTRUCTED,constrained_tps
-4.8625,13.2500,4.5486,-123.507,336.550,115.534,True,2.8344,-0.002636,-0.000006,RECONSTRUCTED,constrained_tps
-4.6125,13.2500,4.5481,-117.157,336.550,115.523,True,3.0844,-0.002493,-0.000006,RECONSTRUCTED,constrained_tps
-4.3625,13.2500,4.5477,-110.807,336.550,115.513,True,3.3344,-0.002371,-0.000005,RECONSTRUCTED,constrained_tps
-4.1125,13.2500,4.5474,-104.457,336.550,115.503,True,3.5844,-0.002267,-0.000005,RECONSTRUCTED,constrained_tps
-3.8625,13.2500,4.5470,-98.107,336.550,115.495,True,3.8344,-0.002178,-0.000004,RECONSTRUCTED,constrained_tps
-3.6125,13.2500,4.5467,-91.757,336.550,115.487,True,4.0844,-0.002102,-0.000004,RECONSTRUCTED,constrained_tps
-3.3625,13.2500,4.5465,-85.407,336.550,115.481,True,4.3344,-0.002036,-0.000003,RECONSTRUCTED,constrained_tps
-3.1125,13.2500,4.5462,-79.057,336.550,115.475,True,4.5844,-0.001980,-0.000003,RECONSTRUCTED,constrained_tps
-2.8625,13.2500,4.5460,-72.707,336.550,115.469,True,4.8344,-0.001932,-0.000003,RECONSTRUCTED,constrained_tps
-2.6125,13.2500,4.5459,-66.357,336.550,115.465,True,5.0844,-0.001892,-0.000002,RECONSTRUCTED,constrained_tps
-2.3625,13.2500,4.5457,-60.007,336.550,115.461,True,5.3344,-0.001857,-0.000002,RECONSTRUCTED,constrained_tps
-2.1125,13.2500,4.5456,-53.657,336.550,115.457,True,5.5844,-0.001827,-0.000002,RECONSTRUCTED,constrained_tps
-1.8625,13.2500,4.5454,-47.307,336.550,115.454,True,5.8344,-0.001803,-0.000001,RECONSTRUCTED,constrained_tps
-1.6125,13.2500,4.5453,-40.957,336.550,115.452,True,6.0844,-0.001782,-0.000001,RECONSTRUCTED,constrained_tps
-1.3625,13.2500,4.5453,-34.608,336.550,115.450,True,6.3344,-0.001765,-0.000001,RECONSTRUCTED,constrained_tps
-1.1125,13.2500,4.5452,-28.258,336.550,115.448,True,6.5844,-0.001751,-0.000001,RECONSTRUCTED,constrained_tps
-0.8625,13.2500,4.5451,-21.907,336.550,115.446,True,6.8344,-0.001740,-0.000001,RECONSTRUCTED,constrained_tps
-0.6125,13.2500,4.5451,-15.558,336.550,115.445,True,7.0844,-0.001732,-0.000001,RECONSTRUCTED,constrained_tps
-0.3625,13.2500,4.5451,-9.207,336.550,115.445,True,7.3344,-0.001727,-0.000001,RECONSTRUCTED,constrained_tps
-0.1125,13.2500,4.5450,-2.857,336.550,115.444,True,7.5844,-0.001724,-0.000001,RECONSTRUCTED,constrained_tps
0.1375,13.2500,4.5450,3.493,336.550,115.444,True,7.5594,-0.001724,-0.000001,RECONSTRUCTED,constrained_tps
0.3875,13.2500,4.5451,9.842,336.550,115.444,True,7.3094,-0.001727,-0.000001,RECONSTRUCTED,constrained_tps
0.6375,13.2500,4.5451,16.192,336.550,115.445,True,7.0594,-0.001732,-0.000001,RECONSTRUCTED,constrained_tps
0.8875,13.2500,4.5451,22.542,336.550,115.446,True,6.8094,-0.001740,-0.000001,RECONSTRUCTED,constrained_tps
1.1375,13.2500,4.5452,28.892,336.550,115.447,True,6.5594,-0.001750,-0.000001,RECONSTRUCTED,constrained_tps
1.3875,13.2500,4.5452,35.242,336.550,115.449,True,6.3094,-0.001764,-0.000001,RECONSTRUCTED,constrained_tps
1.6375,13.2500,4.5453,41.592,336.550,115.451,True,6.0594,-0.001781,-0.000001,RECONSTRUCTED,constrained_tps
1.8875,13.2500,4.5454,47.942,336.550,115.453,True,5.8094,-0.001802,-0.000001,RECONSTRUCTED,constrained_tps
2.1375,13.2500,4.5455,54.293,336.550,115.456,True,5.5594,-0.001827,-0.000002,RECONSTRUCTED,constrained_tps
2.3875,13.2500,4.5457,60.642,336.550,115.460,True,5.3094,-0.001857,-0.000002,RECONSTRUCTED,constrained_tps
2.6375,13.2500,4.5458,66.993,336.550,115.464,True,5.0594,-0.001892,-0.000002,RECONSTRUCTED,constrained_tps
2.8875,13.2500,4.5460,73.343,336.550,115.468,True,4.8094,-0.001933,-0.000003,RECONSTRUCTED,constrained_tps
3.1375,13.2500,4.5462,79.692,336.550,115.474,True,4.5594,-0.001981,-0.000003,RECONSTRUCTED,constrained_tps
3.3875,13.2500,4.5464,86.043,336.550,115.480,True,4.3094,-0.002038,-0.000004,RECONSTRUCTED,constrained_tps
3.6375,13.2500,4.5467,92.392,336.550,115.486,True,4.0594,-0.002104,-0.000004,RECONSTRUCTED,constrained_tps
3.8875,13.2500,4.5470,98.742,336.550,115.494,True,3.8094,-0.002182,-0.000005,RECONSTRUCTED,constrained_tps
4.1375,13.2500,4.5473,105.093,336.550,115.502,True,3.5594,-0.002272,-0.000005,RECONSTRUCTED,constrained_tps
4.3875,13.2500,4.5477,111.442,336.550,115.512,True,3.3094,-0.002378,-0.000006,RECONSTRUCTED,constrained_tps
4.6375,13.2500,4.5481,117.793,336.550,115.522,True,3.0594,-0.002502,-0.000006,RECONSTRUCTED,constrained_tps
4.8875,13.2500,4.5486,124.142,336.550,115.533,True,2.8094,-0.002647,-0.000006,RECONSTRUCTED,constrained_tps
5.1375,13.2500,4.5490,130.493,336.550,115.546,True,2.5594,-0.002818,-0.000007,RECONSTRUCTED,constrained_tps
5.3875,13.2500,4.5495,136.843,336.550,115.559,True,2.3094,-0.003022,-0.000006,RECONSTRUCTED,constrained_tps
5.6375,13.2500,4.5501,143.192,336.550,115.572,True,2.0594,-0.003268,-0.000006,RECONSTRUCTED,constrained_tps
5.8875,13.2500,4.5506,149.542,336.550,115.586,True,1.8094,-0.003571,-0.000004,RECONSTRUCTED,constrained_tps
6.1375,13.2500,4.5512,155.892,336.550,115.600,True,1.5594,-0.003948,-0.000002,RECONSTRUCTED,constrained_tps
6.3875,13.2500,4.5517,162.243,336.550,115.614,True,1.3094,-0.004431,0.000003,RECONSTRUCTED,constrained_tps
6.6375,13.2500,4.5523,168.593,336.550,115.627,True,1.0594,-0.005057,0.000010,RECONSTRUCTED,constrained_tps
6.8875,13.2500,4.5527,174.942,336.550,115.638,True,0.8094,-0.005894,0.000021,RECONSTRUCTED,constrained_tps
7.1375,13.2500,4.5530,181.292,336.550,115.646,True,0.5594,-0.007139,0.000040,RECONSTRUCTED,constrained_tps
7.3875,13.2500,4.5531,187.642,336.550,115.649,True,0.3094,,,RECONSTRUCTED,constrained_tps
7.6375,13.2500,4.5528,193.993,336.550,115.641,True,0.0594,,,RIM_BOUNDARY,constrained_tps
-7.6125,13.5000,4.5629,-193.357,342.900,115.899,True,0.1396,,,RECONSTRUCTED,constrained_tps
-7.3625,13.5000,4.5632,-187.007,342.900,115.906,True,0.3896,,,RECONSTRUCTED,constrained_tps
-7.1125,13.5000,4.5631,-180.657,342.900,115.904,True,0.6396,-0.006707,0.000037,RECONSTRUCTED,constrained_tps
-6.8625,13.5000,4.5628,-174.307,342.900,115.896,True,0.8896,-0.005850,0.000024,RECONSTRUCTED,constrained_tps
-6.6125,13.5000,4.5624,-167.957,342.900,115.884,True,1.1396,-0.005154,0.000014,RECONSTRUCTED,constrained_tps
-6.3625,13.5000,4.5618,-161.607,342.900,115.869,True,1.3896,-0.004584,0.000007,RECONSTRUCTED,constrained_tps
-6.1125,13.5000,4.5612,-155.257,342.900,115.853,True,1.6396,-0.004116,0.000002,RECONSTRUCTED,constrained_tps
-5.8625,13.5000,4.5605,-148.907,342.900,115.837,True,1.8896,-0.003730,-0.000002,RECONSTRUCTED,constrained_tps
-5.6125,13.5000,4.5598,-142.557,342.900,115.820,True,2.1396,-0.003409,-0.000004,RECONSTRUCTED,constrained_tps
-5.3625,13.5000,4.5592,-136.207,342.900,115.804,True,2.3896,-0.003140,-0.000005,RECONSTRUCTED,constrained_tps
-5.1125,13.5000,4.5586,-129.857,342.900,115.788,True,2.6396,-0.002914,-0.000006,RECONSTRUCTED,constrained_tps
-4.8625,13.5000,4.5580,-123.507,342.900,115.774,True,2.8896,-0.002723,-0.000006,RECONSTRUCTED,constrained_tps
-4.6125,13.5000,4.5575,-117.157,342.900,115.760,True,3.1396,-0.002560,-0.000006,RECONSTRUCTED,constrained_tps
-4.3625,13.5000,4.5570,-110.807,342.900,115.747,True,3.3896,-0.002420,-0.000005,RECONSTRUCTED,constrained_tps
-4.1125,13.5000,4.5565,-104.457,342.900,115.736,True,3.6396,-0.002301,-0.000005,RECONSTRUCTED,constrained_tps
-3.8625,13.5000,4.5561,-98.107,342.900,115.726,True,3.8896,-0.002199,-0.000005,RECONSTRUCTED,constrained_tps
-3.6125,13.5000,4.5558,-91.757,342.900,115.716,True,4.1396,-0.002112,-0.000004,RECONSTRUCTED,constrained_tps
-3.3625,13.5000,4.5554,-85.407,342.900,115.708,True,4.3896,-0.002037,-0.000004,RECONSTRUCTED,constrained_tps
-3.1125,13.5000,4.5551,-79.057,342.900,115.700,True,4.6396,-0.001973,-0.000003,RECONSTRUCTED,constrained_tps
-2.8625,13.5000,4.5549,-72.707,342.900,115.693,True,4.8896,-0.001918,-0.000003,RECONSTRUCTED,constrained_tps
-2.6125,13.5000,4.5546,-66.357,342.900,115.687,True,5.1396,-0.001872,-0.000002,RECONSTRUCTED,constrained_tps
-2.3625,13.5000,4.5544,-60.007,342.900,115.682,True,5.3896,-0.001832,-0.000002,RECONSTRUCTED,constrained_tps
-2.1125,13.5000,4.5542,-53.657,342.900,115.678,True,5.6396,-0.001798,-0.000002,RECONSTRUCTED,constrained_tps
-1.8625,13.5000,4.5541,-47.307,342.900,115.674,True,5.8896,-0.001769,-0.000002,RECONSTRUCTED,constrained_tps
-1.6125,13.5000,4.5540,-40.957,342.900,115.671,True,6.1396,-0.001746,-0.000001,RECONSTRUCTED,constrained_tps
-1.3625,13.5000,4.5538,-34.608,342.900,115.668,True,6.3896,-0.001726,-0.000001,RECONSTRUCTED,constrained_tps
-1.1125,13.5000,4.5538,-28.258,342.900,115.665,True,6.6396,-0.001710,-0.000001,RECONSTRUCTED,constrained_tps
-0.8625,13.5000,4.5537,-21.907,342.900,115.664,True,6.8896,-0.001698,-0.000001,RECONSTRUCTED,constrained_tps
-0.6125,13.5000,4.5536,-15.558,342.900,115.662,True,7.1396,-0.001688,-0.000001,RECONSTRUCTED,constrained_tps
-0.3625,13.5000,4.5536,-9.207,342.900,115.661,True,7.3896,-0.001682,-0.000001,RECONSTRUCTED,constrained_tps
-0.1125,13.5000,4.5536,-2.857,342.900,115.661,True,7.6396,-0.001679,-0.000001,RECONSTRUCTED,constrained_tps
0.1375,13.5000,4.5536,3.493,342.900,115.661,True,7.6146,-0.001679,-0.000001,RECONSTRUCTED,constrained_tps
0.3875,13.5000,4.5536,9.842,342.900,115.661,True,7.3646,-0.001682,-0.000001,RECONSTRUCTED,constrained_tps
0.6375,13.5000,4.5536,16.192,342.900,115.662,True,7.1146,-0.001688,-0.000001,RECONSTRUCTED,constrained_tps
0.8875,13.5000,4.5537,22.542,342.900,115.663,True,6.8646,-0.001697,-0.000001,RECONSTRUCTED,constrained_tps
1.1375,13.5000,4.5537,28.892,342.900,115.665,True,6.6146,-0.001709,-0.000001,RECONSTRUCTED,constrained_tps
1.3875,13.5000,4.5538,35.242,342.900,115.667,True,6.3646,-0.001725,-0.000001,RECONSTRUCTED,constrained_tps
1.6375,13.5000,4.5539,41.592,342.900,115.670,True,6.1146,-0.001745,-0.000001,RECONSTRUCTED,constrained_tps
1.8875,13.5000,4.5541,47.942,342.900,115.673,True,5.8646,-0.001769,-0.000002,RECONSTRUCTED,constrained_tps
2.1375,13.5000,4.5542,54.293,342.900,115.677,True,5.6146,-0.001798,-0.000002,RECONSTRUCTED,constrained_tps
2.3875,13.5000,4.5544,60.642,342.900,115.681,True,5.3646,-0.001832,-0.000002,RECONSTRUCTED,constrained_tps
2.6375,13.5000,4.5546,66.993,342.900,115.686,True,5.1146,-0.001872,-0.000002,RECONSTRUCTED,constrained_tps
2.8875,13.5000,4.5548,73.343,342.900,115.692,True,4.8646,-0.001919,-0.000003,RECONSTRUCTED,constrained_tps
3.1375,13.5000,4.5551,79.692,342.900,115.699,True,4.6146,-0.001974,-0.000003,RECONSTRUCTED,constrained_tps
3.3875,13.5000,4.5554,86.043,342.900,115.707,True,4.3646,-0.002039,-0.000004,RECONSTRUCTED,constrained_tps
3.6375,13.5000,4.5557,92.392,342.900,115.715,True,4.1146,-0.002115,-0.000004,RECONSTRUCTED,constrained_tps
3.8875,13.5000,4.5561,98.742,342.900,115.725,True,3.8646,-0.002204,-0.000005,RECONSTRUCTED,constrained_tps
4.1375,13.5000,4.5565,105.093,342.900,115.735,True,3.6146,-0.002307,-0.000005,RECONSTRUCTED,constrained_tps
4.3875,13.5000,4.5570,111.442,342.900,115.747,True,3.3646,-0.002428,-0.000006,RECONSTRUCTED,constrained_tps
4.6375,13.5000,4.5575,117.793,342.900,115.760,True,3.1146,-0.002570,-0.000006,RECONSTRUCTED,constrained_tps
4.8875,13.5000,4.5580,124.142,342.900,115.773,True,2.8646,-0.002735,-0.000006,RECONSTRUCTED,constrained_tps
5.1375,13.5000,4.5586,130.493,342.900,115.788,True,2.6146,-0.002930,-0.000006,RECONSTRUCTED,constrained_tps
5.3875,13.5000,4.5592,136.843,342.900,115.804,True,2.3646,-0.003161,-0.000005,RECONSTRUCTED,constrained_tps
5.6375,13.5000,4.5599,143.192,342.900,115.820,True,2.1146,-0.003434,-0.000004,RECONSTRUCTED,constrained_tps
5.8875,13.5000,4.5605,149.542,342.900,115.837,True,1.8646,-0.003761,-0.000002,RECONSTRUCTED,constrained_tps
6.1375,13.5000,4.5612,155.892,342.900,115.854,True,1.6146,-0.004155,0.000002,RECONSTRUCTED,constrained_tps
6.3875,13.5000,4.5618,162.243,342.900,115.870,True,1.3646,-0.004633,0.000007,RECONSTRUCTED,constrained_tps
6.6375,13.5000,4.5624,168.593,342.900,115.884,True,1.1146,-0.005213,0.000015,RECONSTRUCTED,constrained_tps
6.8875,13.5000,4.5628,174.942,342.900,115.896,True,0.8646,-0.005924,0.000025,RECONSTRUCTED,constrained_tps
7.1375,13.5000,4.5631,181.292,342.900,115.904,True,0.6146,-0.006802,0.000038,RECONSTRUCTED,constrained_tps
7.3875,13.5000,4.5632,187.642,342.900,115.905,True,0.3646,,,RECONSTRUCTED,constrained_tps
7.6375,13.5000,4.5629,193.993,342.900,115.897,True,0.1146,,,RIM_BOUNDARY,constrained_tps
-7.6125,13.7500,4.5722,-193.357,349.250,116.135,True,0.1848,,,RECONSTRUCTED,constrained_tps
-7.3625,13.7500,4.5727,-187.007,349.250,116.146,True,0.4348,,,RECONSTRUCTED,constrained_tps
-7.1125,13.7500,4.5727,-180.657,349.250,116.146,True,0.6848,-0.006378,0.000038,RECONSTRUCTED,constrained_tps
-6.8625,13.7500,4.5724,-174.307,349.250,116.139,True,0.9348,-0.005772,0.000027,RECONSTRUCTED,constrained_tps
-6.6125,13.7500,4.5719,-167.957,349.250,116.127,True,1.1848,-0.005205,0.000018,RECONSTRUCTED,constrained_tps
-6.3625,13.7500,4.5713,-161.607,349.250,116.112,True,1.4348,-0.004694,0.000010,RECONSTRUCTED,constrained_tps
-6.1125,13.7500,4.5706,-155.257,349.250,116.094,True,1.6848,-0.004245,0.000004,RECONSTRUCTED,constrained_tps
-5.8625,13.7500,4.5699,-148.907,349.250,116.076,True,1.9348,-0.003856,0.000000,RECONSTRUCTED,constrained_tps
-5.6125,13.7500,4.5692,-142.557,349.250,116.057,True,2.1848,-0.003522,-0.000003,RECONSTRUCTED,constrained_tps
-5.3625,13.7500,4.5684,-136.207,349.250,116.038,True,2.4348,-0.003236,-0.000004,RECONSTRUCTED,constrained_tps
-5.1125,13.7500,4.5677,-129.857,349.250,116.021,True,2.6848,-0.002991,-0.000005,RECONSTRUCTED,constrained_tps
-4.8625,13.7500,4.5671,-123.507,349.250,116.004,True,2.9348,-0.002782,-0.000006,RECONSTRUCTED,constrained_tps
-4.6125,13.7500,4.5665,-117.157,349.250,115.988,True,3.1848,-0.002603,-0.000006,RECONSTRUCTED,constrained_tps
-4.3625,13.7500,4.5659,-110.807,349.250,115.974,True,3.4348,-0.002450,-0.000005,RECONSTRUCTED,constrained_tps
-4.1125,13.7500,4.5654,-104.457,349.250,115.960,True,3.6848,-0.002319,-0.000005,RECONSTRUCTED,constrained_tps
-3.8625,13.7500,4.5649,-98.107,349.250,115.948,True,3.9348,-0.002206,-0.000005,RECONSTRUCTED,constrained_tps
-3.6125,13.7500,4.5645,-91.757,349.250,115.937,True,4.1848,-0.002110,-0.000004,RECONSTRUCTED,constrained_tps
-3.3625,13.7500,4.5641,-85.407,349.250,115.927,True,4.4348,-0.002027,-0.000004,RECONSTRUCTED,constrained_tps
-3.1125,13.7500,4.5637,-79.057,349.250,115.918,True,4.6848,-0.001957,-0.000003,RECONSTRUCTED,constrained_tps
-2.8625,13.7500,4.5634,-72.707,349.250,115.910,True,4.9348,-0.001896,-0.000003,RECONSTRUCTED,constrained_tps
-2.6125,13.7500,4.5631,-66.357,349.250,115.903,True,5.1848,-0.001845,-0.000003,RECONSTRUCTED,constrained_tps
-2.3625,13.7500,4.5629,-60.007,349.250,115.897,True,5.4348,-0.001801,-0.000002,RECONSTRUCTED,constrained_tps
-2.1125,13.7500,4.5627,-53.657,349.250,115.892,True,5.6848,-0.001763,-0.000002,RECONSTRUCTED,constrained_tps
-1.8625,13.7500,4.5625,-47.307,349.250,115.887,True,5.9348,-0.001732,-0.000002,RECONSTRUCTED,constrained_tps
-1.6125,13.7500,4.5623,-40.957,349.250,115.883,True,6.1848,-0.001705,-0.000002,RECONSTRUCTED,constrained_tps
-1.3625,13.7500,4.5622,-34.608,349.250,115.880,True,6.4348,-0.001683,-0.000001,RECONSTRUCTED,constrained_tps
-1.1125,13.7500,4.5621,-28.258,349.250,115.877,True,6.6848,-0.001666,-0.000001,RECONSTRUCTED,constrained_tps
-0.8625,13.7500,4.5620,-21.907,349.250,115.875,True,6.9348,-0.001652,-0.000001,RECONSTRUCTED,constrained_tps
-0.6125,13.7500,4.5619,-15.558,349.250,115.873,True,7.1848,-0.001642,-0.000001,RECONSTRUCTED,constrained_tps
-0.3625,13.7500,4.5619,-9.207,349.250,115.872,True,7.4348,-0.001635,-0.000001,RECONSTRUCTED,constrained_tps
-0.1125,13.7500,4.5619,-2.857,349.250,115.872,True,7.6848,-0.001632,-0.000001,RECONSTRUCTED,constrained_tps
0.1375,13.7500,4.5619,3.493,349.250,115.872,True,7.6598,-0.001632,-0.000001,RECONSTRUCTED,constrained_tps
0.3875,13.7500,4.5619,9.842,349.250,115.872,True,7.4098,-0.001635,-0.000001,RECONSTRUCTED,constrained_tps
0.6375,13.7500,4.5619,16.192,349.250,115.873,True,7.1598,-0.001641,-0.000001,RECONSTRUCTED,constrained_tps
0.8875,13.7500,4.5620,22.542,349.250,115.875,True,6.9098,-0.001651,-0.000001,RECONSTRUCTED,constrained_tps
1.1375,13.7500,4.5621,28.892,349.250,115.877,True,6.6598,-0.001665,-0.000001,RECONSTRUCTED,constrained_tps
1.3875,13.7500,4.5622,35.242,349.250,115.879,True,6.4098,-0.001683,-0.000002,RECONSTRUCTED,constrained_tps
1.6375,13.7500,4.5623,41.592,349.250,115.883,True,6.1598,-0.001705,-0.000002,RECONSTRUCTED,constrained_tps
1.8875,13.7500,4.5625,47.942,349.250,115.886,True,5.9098,-0.001731,-0.000002,RECONSTRUCTED,constrained_tps
2.1375,13.7500,4.5626,54.293,349.250,115.891,True,5.6598,-0.001763,-0.000002,RECONSTRUCTED,constrained_tps
2.3875,13.7500,4.5628,60.642,349.250,115.896,True,5.4098,-0.001801,-0.000002,RECONSTRUCTED,constrained_tps
2.6375,13.7500,4.5631,66.993,349.250,115.902,True,5.1598,-0.001845,-0.000003,RECONSTRUCTED,constrained_tps
2.8875,13.7500,4.5634,73.343,349.250,115.909,True,4.9098,-0.001897,-0.000003,RECONSTRUCTED,constrained_tps
3.1375,13.7500,4.5637,79.692,349.250,115.917,True,4.6598,-0.001958,-0.000003,RECONSTRUCTED,constrained_tps
3.3875,13.7500,4.5640,86.043,349.250,115.926,True,4.4098,-0.002030,-0.000004,RECONSTRUCTED,constrained_tps
3.6375,13.7500,4.5644,92.392,349.250,115.936,True,4.1598,-0.002114,-0.000004,RECONSTRUCTED,constrained_tps
3.8875,13.7500,4.5648,98.742,349.250,115.947,True,3.9098,-0.002211,-0.000005,RECONSTRUCTED,constrained_tps
4.1375,13.7500,4.5653,105.093,349.250,115.959,True,3.6598,-0.002325,-0.000005,RECONSTRUCTED,constrained_tps
4.3875,13.7500,4.5659,111.442,349.250,115.973,True,3.4098,-0.002459,-0.000005,RECONSTRUCTED,constrained_tps
4.6375,13.7500,4.5664,117.793,349.250,115.988,True,3.1598,-0.002614,-0.000006,RECONSTRUCTED,constrained_tps
4.8875,13.7500,4.5671,124.142,349.250,116.004,True,2.9098,-0.002796,-0.000006,RECONSTRUCTED,constrained_tps
5.1375,13.7500,4.5677,130.493,349.250,116.021,True,2.6598,-0.003009,-0.000005,RECONSTRUCTED,constrained_tps
5.3875,13.7500,4.5684,136.843,349.250,116.039,True,2.4098,-0.003258,-0.000004,RECONSTRUCTED,constrained_tps
5.6375,13.7500,4.5692,143.192,349.250,116.057,True,2.1598,-0.003549,-0.000003,RECONSTRUCTED,constrained_tps
5.8875,13.7500,4.5699,149.542,349.250,116.076,True,1.9098,-0.003888,0.000000,RECONSTRUCTED,constrained_tps
6.1375,13.7500,4.5707,155.892,349.250,116.095,True,1.6598,-0.004283,0.000005,RECONSTRUCTED,constrained_tps
6.3875,13.7500,4.5714,162.243,349.250,116.112,True,1.4098,-0.004738,0.000011,RECONSTRUCTED,constrained_tps
6.6375,13.7500,4.5720,168.593,349.250,116.128,True,1.1598,-0.005255,0.000019,RECONSTRUCTED,constrained_tps
6.8875,13.7500,4.5724,174.942,349.250,116.140,True,0.9098,-0.005828,0.000028,RECONSTRUCTED,constrained_tps
7.1375,13.7500,4.5727,181.292,349.250,116.146,True,0.6598,-0.006435,0.000039,RECONSTRUCTED,constrained_tps
7.3875,13.7500,4.5726,187.642,349.250,116.145,True,0.4098,,,RECONSTRUCTED,constrained_tps
7.6375,13.7500,4.5722,193.993,349.250,116.133,True,0.1598,,,RECONSTRUCTED,constrained_tps
-7.6125,14.0000,4.5813,-193.357,355.600,116.365,True,0.2099,,,RECONSTRUCTED,constrained_tps
-7.3625,14.0000,4.5817,-187.007,355.600,116.375,True,0.4599,,,RECONSTRUCTED,constrained_tps
-7.1125,14.0000,4.5818,-180.657,355.600,116.376,True,0.7099,-0.005873,0.000033,RECONSTRUCTED,constrained_tps
-6.8625,14.0000,4.5815,-174.307,355.600,116.370,True,0.9599,-0.005603,0.000028,RECONSTRUCTED,constrained_tps
-6.6125,14.0000,4.5810,-167.957,355.600,116.358,True,1.2099,-0.005179,0.000020,RECONSTRUCTED,constrained_tps
-6.3625,14.0000,4.5804,-161.607,355.600,116.342,True,1.4599,-0.004734,0.000012,RECONSTRUCTED,constrained_tps
-6.1125,14.0000,4.5796,-155.257,355.600,116.323,True,1.7099,-0.004311,0.000006,RECONSTRUCTED,constrained_tps
-5.8625,14.0000,4.5788,-148.907,355.600,116.303,True,1.9599,-0.003928,0.000001,RECONSTRUCTED,constrained_tps
-5.6125,14.0000,4.5780,-142.557,355.600,116.282,True,2.2099,-0.003588,-0.000002,RECONSTRUCTED,constrained_tps
-5.3625,14.0000,4.5772,-136.207,355.600,116.262,True,2.4599,-0.003291,-0.000004,RECONSTRUCTED,constrained_tps
-5.1125,14.0000,4.5765,-129.857,355.600,116.243,True,2.7099,-0.003034,-0.000005,RECONSTRUCTED,constrained_tps
-4.8625,14.0000,4.5757,-123.507,355.600,116.224,True,2.9599,-0.002812,-0.000005,RECONSTRUCTED,constrained_tps
-4.6125,14.0000,4.5751,-117.157,355.600,116.207,True,3.2099,-0.002621,-0.000005,RECONSTRUCTED,constrained_tps
-4.3625,14.0000,4.5744,-110.807,355.600,116.191,True,3.4599,-0.002458,-0.000005,RECONSTRUCTED,constrained_tps
-4.1125,14.0000,4.5739,-104.457,355.600,116.176,True,3.7099,-0.002318,-0.000005,RECONSTRUCTED,constrained_tps
-3.8625,14.0000,4.5733,-98.107,355.600,116.162,True,3.9599,-0.002197,-0.000005,RECONSTRUCTED,constrained_tps
-3.6125,14.0000,4.5728,-91.757,355.600,116.150,True,4.2099,-0.002094,-0.000004,RECONSTRUCTED,constrained_tps
-3.3625,14.0000,4.5724,-85.407,355.600,116.139,True,4.4599,-0.002006,-0.000004,RECONSTRUCTED,constrained_tps
-3.1125,14.0000,4.5720,-79.057,355.600,116.129,True,4.7099,-0.001931,-0.000003,RECONSTRUCTED,constrained_tps
-2.8625,14.0000,4.5717,-72.707,355.600,116.121,True,4.9599,-0.001866,-0.000003,RECONSTRUCTED,constrained_tps
-2.6125,14.0000,4.5714,-66.357,355.600,116.113,True,5.2099,-0.001811,-0.000003,RECONSTRUCTED,constrained_tps
-2.3625,14.0000,4.5711,-60.007,355.600,116.106,True,5.4599,-0.001763,-0.000002,RECONSTRUCTED,constrained_tps
-2.1125,14.0000,4.5709,-53.657,355.600,116.100,True,5.7099,-0.001723,-0.000002,RECONSTRUCTED,constrained_tps
-1.8625,14.0000,4.5707,-47.307,355.600,116.095,True,5.9599,-0.001689,-0.000002,RECONSTRUCTED,constrained_tps
-1.6125,14.0000,4.5705,-40.957,355.600,116.090,True,6.2099,-0.001660,-0.000002,RECONSTRUCTED,constrained_tps
-1.3625,14.0000,4.5703,-34.608,355.600,116.086,True,6.4599,-0.001637,-0.000002,RECONSTRUCTED,constrained_tps
-1.1125,14.0000,4.5702,-28.258,355.600,116.083,True,6.7099,-0.001618,-0.000002,RECONSTRUCTED,constrained_tps
-0.8625,14.0000,4.5701,-21.907,355.600,116.081,True,6.9599,-0.001603,-0.000001,RECONSTRUCTED,constrained_tps
-0.6125,14.0000,4.5700,-15.558,355.600,116.079,True,7.2099,-0.001592,-0.000001,RECONSTRUCTED,constrained_tps
-0.3625,14.0000,4.5700,-9.207,355.600,116.078,True,7.4599,-0.001584,-0.000001,RECONSTRUCTED,constrained_tps
-0.1125,14.0000,4.5700,-2.857,355.600,116.077,True,7.7099,-0.001581,-0.000001,RECONSTRUCTED,constrained_tps
0.1375,14.0000,4.5700,3.493,355.600,116.077,True,7.6849,-0.001581,-0.000001,RECONSTRUCTED,constrained_tps
0.3875,14.0000,4.5700,9.842,355.600,116.077,True,7.4349,-0.001584,-0.000001,RECONSTRUCTED,constrained_tps
0.6375,14.0000,4.5700,16.192,355.600,116.079,True,7.1849,-0.001591,-0.000001,RECONSTRUCTED,constrained_tps
0.8875,14.0000,4.5701,22.542,355.600,116.080,True,6.9349,-0.001602,-0.000001,RECONSTRUCTED,constrained_tps
1.1375,14.0000,4.5702,28.892,355.600,116.083,True,6.6849,-0.001617,-0.000002,RECONSTRUCTED,constrained_tps
1.3875,14.0000,4.5703,35.242,355.600,116.086,True,6.4349,-0.001636,-0.000002,RECONSTRUCTED,constrained_tps
1.6375,14.0000,4.5704,41.592,355.600,116.089,True,6.1849,-0.001660,-0.000002,RECONSTRUCTED,constrained_tps
1.8875,14.0000,4.5706,47.942,355.600,116.094,True,5.9349,-0.001688,-0.000002,RECONSTRUCTED,constrained_tps
2.1375,14.0000,4.5708,54.293,355.600,116.099,True,5.6849,-0.001723,-0.000002,RECONSTRUCTED,constrained_tps
2.3875,14.0000,4.5711,60.642,355.600,116.105,True,5.4349,-0.001763,-0.000002,RECONSTRUCTED,constrained_tps
2.6375,14.0000,4.5713,66.993,355.600,116.112,True,5.1849,-0.001811,-0.000003,RECONSTRUCTED,constrained_tps
2.8875,14.0000,4.5716,73.343,355.600,116.119,True,4.9349,-0.001867,-0.000003,RECONSTRUCTED,constrained_tps
3.1375,14.0000,4.5720,79.692,355.600,116.128,True,4.6849,-0.001932,-0.000003,RECONSTRUCTED,constrained_tps
3.3875,14.0000,4.5724,86.043,355.600,116.138,True,4.4349,-0.002009,-0.000004,RECONSTRUCTED,constrained_tps
3.6375,14.0000,4.5728,92.392,355.600,116.149,True,4.1849,-0.002098,-0.000004,RECONSTRUCTED,constrained_tps
3.8875,14.0000,4.5733,98.742,355.600,116.162,True,3.9349,-0.002203,-0.000005,RECONSTRUCTED,constrained_tps
4.1375,14.0000,4.5738,105.093,355.600,116.175,True,3.6849,-0.002325,-0.000005,RECONSTRUCTED,constrained_tps
4.3875,14.0000,4.5744,111.442,355.600,116.190,True,3.4349,-0.002467,-0.000005,RECONSTRUCTED,constrained_tps
4.6375,14.0000,4.5750,117.793,355.600,116.206,True,3.1849,-0.002633,-0.000006,RECONSTRUCTED,constrained_tps
4.8875,14.0000,4.5757,124.142,355.600,116.224,True,2.9349,-0.002827,-0.000005,RECONSTRUCTED,constrained_tps
5.1375,14.0000,4.5765,130.493,355.600,116.243,True,2.6849,-0.003052,-0.000005,RECONSTRUCTED,constrained_tps
5.3875,14.0000,4.5773,136.843,355.600,116.262,True,2.4349,-0.003313,-0.000004,RECONSTRUCTED,constrained_tps
5.6375,14.0000,4.5781,143.192,355.600,116.283,True,2.1849,-0.003614,-0.000002,RECONSTRUCTED,constrained_tps
5.8875,14.0000,4.5789,149.542,355.600,116.303,True,1.9349,-0.003959,0.000002,RECONSTRUCTED,constrained_tps
6.1375,14.0000,4.5797,155.892,355.600,116.323,True,1.6849,-0.004347,0.000007,RECONSTRUCTED,constrained_tps
6.3875,14.0000,4.5804,162.243,355.600,116.342,True,1.4349,-0.004774,0.000013,RECONSTRUCTED,constrained_tps
6.6375,14.0000,4.5810,168.593,355.600,116.358,True,1.1849,-0.005220,0.000021,RECONSTRUCTED,constrained_tps
6.8875,14.0000,4.5815,174.942,355.600,116.370,True,0.9349,-0.005636,0.000028,RECONSTRUCTED,constrained_tps
7.1375,14.0000,4.5817,181.292,355.600,116.376,True,0.6849,-0.005878,0.000034,RECONSTRUCTED,constrained_tps
7.3875,14.0000,4.5817,187.642,355.600,116.374,True,0.4349,,,RECONSTRUCTED,constrained_tps
7.6375,14.0000,4.5812,193.993,355.600,116.363,True,0.1849,,,RECONSTRUCTED,constrained_tps
-7.6125,14.2500,4.5900,-193.357,361.950,116.586,True,0.2300,,,RECONSTRUCTED,constrained_tps
-7.3625,14.2500,4.5904,-187.007,361.950,116.595,True,0.4800,,,RECONSTRUCTED,constrained_tps
-7.1125,14.2500,4.5904,-180.657,361.950,116.596,True,0.7300,-0.005659,0.000030,RECONSTRUCTED,constrained_tps
-6.8625,14.2500,4.5901,-174.307,361.950,116.589,True,0.9800,-0.005480,0.000026,RECONSTRUCTED,constrained_tps
-6.6125,14.2500,4.5896,-167.957,361.950,116.576,True,1.2300,-0.005136,0.000020,RECONSTRUCTED,constrained_tps
-6.3625,14.2500,4.5889,-161.607,361.950,116.559,True,1.4800,-0.004734,0.000013,RECONSTRUCTED,constrained_tps
-6.1125,14.2500,4.5881,-155.257,361.950,116.539,True,1.7300,-0.004330,0.000007,RECONSTRUCTED,constrained_tps
-5.8625,14.2500,4.5873,-148.907,361.950,116.518,True,1.9800,-0.003951,0.000002,RECONSTRUCTED,constrained_tps
-5.6125,14.2500,4.5865,-142.557,361.950,116.496,True,2.2300,-0.003608,-0.000001,RECONSTRUCTED,constrained_tps
-5.3625,14.2500,4.5856,-136.207,361.950,116.474,True,2.4800,-0.003305,-0.000003,RECONSTRUCTED,constrained_tps
-5.1125,14.2500,4.5848,-129.857,361.950,116.454,True,2.7300,-0.003040,-0.000005,RECONSTRUCTED,constrained_tps
-4.8625,14.2500,4.5840,-123.507,361.950,116.434,True,2.9800,-0.002811,-0.000005,RECONSTRUCTED,constrained_tps
-4.6125,14.2500,4.5833,-117.157,361.950,116.416,True,3.2300,-0.002613,-0.000005,RECONSTRUCTED,constrained_tps
-4.3625,14.2500,4.5826,-110.807,361.950,116.398,True,3.4800,-0.002443,-0.000005,RECONSTRUCTED,constrained_tps
-4.1125,14.2500,4.5820,-104.457,361.950,116.383,True,3.7300,-0.002297,-0.000005,RECONSTRUCTED,constrained_tps
-3.8625,14.2500,4.5814,-98.107,361.950,116.368,True,3.9800,-0.002172,-0.000004,RECONSTRUCTED,constrained_tps
-3.6125,14.2500,4.5809,-91.757,361.950,116.355,True,4.2300,-0.002065,-0.000004,RECONSTRUCTED,constrained_tps
-3.3625,14.2500,4.5805,-85.407,361.950,116.344,True,4.4800,-0.001973,-0.000004,RECONSTRUCTED,constrained_tps
-3.1125,14.2500,4.5800,-79.057,361.950,116.333,True,4.7300,-0.001894,-0.000003,RECONSTRUCTED,constrained_tps
-2.8625,14.2500,4.5797,-72.707,361.950,116.324,True,4.9800,-0.001826,-0.000003,RECONSTRUCTED,constrained_tps
-2.6125,14.2500,4.5793,-66.357,361.950,116.315,True,5.2300,-0.001768,-0.000003,RECONSTRUCTED,constrained_tps
-2.3625,14.2500,4.5791,-60.007,361.950,116.308,True,5.4800,-0.001719,-0.000002,RECONSTRUCTED,constrained_tps
-2.1125,14.2500,4.5788,-53.657,361.950,116.301,True,5.7300,-0.001677,-0.000002,RECONSTRUCTED,constrained_tps
-1.8625,14.2500,4.5786,-47.307,361.950,116.296,True,5.9800,-0.001641,-0.000002,RECONSTRUCTED,constrained_tps
-1.6125,14.2500,4.5784,-40.957,361.950,116.291,True,6.2300,-0.001611,-0.000002,RECONSTRUCTED,constrained_tps
-1.3625,14.2500,4.5782,-34.608,361.950,116.287,True,6.4800,-0.001586,-0.000002,RECONSTRUCTED,constrained_tps
-1.1125,14.2500,4.5781,-28.258,361.950,116.283,True,6.7300,-0.001565,-0.000002,RECONSTRUCTED,constrained_tps
-0.8625,14.2500,4.5780,-21.907,361.950,116.281,True,6.9800,-0.001549,-0.000002,RECONSTRUCTED,constrained_tps
-0.6125,14.2500,4.5779,-15.558,361.950,116.279,True,7.2300,-0.001538,-0.000001,RECONSTRUCTED,constrained_tps
-0.3625,14.2500,4.5778,-9.207,361.950,116.277,True,7.4800,-0.001530,-0.000001,RECONSTRUCTED,constrained_tps
-0.1125,14.2500,4.5778,-2.857,361.950,116.276,True,7.7300,-0.001526,-0.000001,RECONSTRUCTED,constrained_tps
0.1375,14.2500,4.5778,3.493,361.950,116.276,True,7.7050,-0.001526,-0.000001,RECONSTRUCTED,constrained_tps
0.3875,14.2500,4.5778,9.842,361.950,116.277,True,7.4550,-0.001530,-0.000001,RECONSTRUCTED,constrained_tps
0.6375,14.2500,4.5779,16.192,361.950,116.278,True,7.2050,-0.001537,-0.000001,RECONSTRUCTED,constrained_tps
0.8875,14.2500,4.5780,22.542,361.950,116.280,True,6.9550,-0.001549,-0.000002,RECONSTRUCTED,constrained_tps
1.1375,14.2500,4.5781,28.892,361.950,116.283,True,6.7050,-0.001565,-0.000002,RECONSTRUCTED,constrained_tps
1.3875,14.2500,4.5782,35.242,361.950,116.286,True,6.4550,-0.001585,-0.000002,RECONSTRUCTED,constrained_tps
1.6375,14.2500,4.5783,41.592,361.950,116.290,True,6.2050,-0.001610,-0.000002,RECONSTRUCTED,constrained_tps
1.8875,14.2500,4.5785,47.942,361.950,116.295,True,5.9550,-0.001640,-0.000002,RECONSTRUCTED,constrained_tps
2.1375,14.2500,4.5788,54.293,361.950,116.300,True,5.7050,-0.001676,-0.000002,RECONSTRUCTED,constrained_tps
2.3875,14.2500,4.5790,60.642,361.950,116.307,True,5.4550,-0.001718,-0.000002,RECONSTRUCTED,constrained_tps
2.6375,14.2500,4.5793,66.993,361.950,116.314,True,5.2050,-0.001768,-0.000003,RECONSTRUCTED,constrained_tps
2.8875,14.2500,4.5796,73.343,361.950,116.323,True,4.9550,-0.001827,-0.000003,RECONSTRUCTED,constrained_tps
3.1375,14.2500,4.5800,79.692,361.950,116.332,True,4.7050,-0.001895,-0.000003,RECONSTRUCTED,constrained_tps
3.3875,14.2500,4.5804,86.043,361.950,116.343,True,4.4550,-0.001975,-0.000004,RECONSTRUCTED,constrained_tps
3.6375,14.2500,4.5809,92.392,361.950,116.354,True,4.2050,-0.002068,-0.000004,RECONSTRUCTED,constrained_tps
3.8875,14.2500,4.5814,98.742,361.950,116.368,True,3.9550,-0.002177,-0.000005,RECONSTRUCTED,constrained_tps
4.1375,14.2500,4.5820,105.093,361.950,116.382,True,3.7050,-0.002304,-0.000005,RECONSTRUCTED,constrained_tps
4.3875,14.2500,4.5826,111.442,361.950,116.398,True,3.4550,-0.002452,-0.000005,RECONSTRUCTED,constrained_tps
4.6375,14.2500,4.5833,117.793,361.950,116.415,True,3.2050,-0.002625,-0.000005,RECONSTRUCTED,constrained_tps
4.8875,14.2500,4.5840,124.142,361.950,116.434,True,2.9550,-0.002826,-0.000005,RECONSTRUCTED,constrained_tps
5.1375,14.2500,4.5848,130.493,361.950,116.454,True,2.7050,-0.003059,-0.000005,RECONSTRUCTED,constrained_tps
5.3875,14.2500,4.5856,136.843,361.950,116.475,True,2.4550,-0.003328,-0.000003,RECONSTRUCTED,constrained_tps
5.6375,14.2500,4.5865,143.192,361.950,116.496,True,2.2050,-0.003635,-0.000001,RECONSTRUCTED,constrained_tps
5.8875,14.2500,4.5873,149.542,361.950,116.518,True,1.9550,-0.003982,0.000002,RECONSTRUCTED,constrained_tps
6.1375,14.2500,4.5882,155.892,361.950,116.539,True,1.7050,-0.004364,0.000007,RECONSTRUCTED,constrained_tps
6.3875,14.2500,4.5889,162.243,361.950,116.559,True,1.4550,-0.004770,0.000013,RECONSTRUCTED,constrained_tps
6.6375,14.2500,4.5896,168.593,361.950,116.576,True,1.2050,-0.005170,0.000020,RECONSTRUCTED,constrained_tps
6.8875,14.2500,4.5901,174.942,361.950,116.589,True,0.9550,-0.005504,0.000027,RECONSTRUCTED,constrained_tps
7.1375,14.2500,4.5904,181.292,361.950,116.596,True,0.7050,-0.005659,0.000030,RECONSTRUCTED,constrained_tps
7.3875,14.2500,4.5903,187.642,361.950,116.595,True,0.4550,,,RECONSTRUCTED,constrained_tps
7.6375,14.2500,4.5900,193.993,361.950,116.585,True,0.2050,,,RECONSTRUCTED,constrained_tps
-7.6125,14.5000,4.5984,-193.357,368.300,116.800,True,0.2450,,,RECONSTRUCTED,constrained_tps
-7.3625,14.5000,4.5987,-187.007,368.300,116.807,True,0.4950,,,RECONSTRUCTED,constrained_tps
-7.1125,14.5000,4.5986,-180.657,368.300,116.805,True,0.7450,-0.005739,0.000029,RECONSTRUCTED,constrained_tps
-6.8625,14.5000,4.5983,-174.307,368.300,116.796,True,0.9950,-0.005479,0.000025,RECONSTRUCTED,constrained_tps
-6.6125,14.5000,4.5977,-167.957,368.300,116.782,True,1.2450,-0.005119,0.000019,RECONSTRUCTED,constrained_tps
-6.3625,14.5000,4.5970,-161.607,368.300,116.764,True,1.4950,-0.004717,0.000012,RECONSTRUCTED,constrained_tps
-6.1125,14.5000,4.5962,-155.257,368.300,116.743,True,1.7450,-0.004313,0.000006,RECONSTRUCTED,constrained_tps
-5.8625,14.5000,4.5953,-148.907,368.300,116.721,True,1.9950,-0.003933,0.000002,RECONSTRUCTED,constrained_tps
-5.6125,14.5000,4.5944,-142.557,368.300,116.698,True,2.2450,-0.003587,-0.000001,RECONSTRUCTED,constrained_tps
-5.3625,14.5000,4.5935,-136.207,368.300,116.676,True,2.4950,-0.003280,-0.000003,RECONSTRUCTED,constrained_tps
-5.1125,14.5000,4.5927,-129.857,368.300,116.654,True,2.7450,-0.003011,-0.000005,RECONSTRUCTED,constrained_tps
-4.8625,14.5000,4.5919,-123.507,368.300,116.634,True,2.9950,-0.002778,-0.000005,RECONSTRUCTED,constrained_tps
-4.6125,14.5000,4.5911,-117.157,368.300,116.615,True,3.2450,-0.002577,-0.000005,RECONSTRUCTED,constrained_tps
-4.3625,14.5000,4.5904,-110.807,368.300,116.597,True,3.4950,-0.002404,-0.000005,RECONSTRUCTED,constrained_tps
-4.1125,14.5000,4.5898,-104.457,368.300,116.581,True,3.7450,-0.002256,-0.000005,RECONSTRUCTED,constrained_tps
-3.8625,14.5000,4.5892,-98.107,368.300,116.566,True,3.9950,-0.002128,-0.000004,RECONSTRUCTED,constrained_tps
-3.6125,14.5000,4.5887,-91.757,368.300,116.553,True,4.2450,-0.002020,-0.000004,RECONSTRUCTED,constrained_tps
-3.3625,14.5000,4.5882,-85.407,368.300,116.541,True,4.4950,-0.001926,-0.000004,RECONSTRUCTED,constrained_tps
-3.1125,14.5000,4.5878,-79.057,368.300,116.530,True,4.7450,-0.001846,-0.000003,RECONSTRUCTED,constrained_tps
-2.8625,14.5000,4.5874,-72.707,368.300,116.520,True,4.9950,-0.001777,-0.000003,RECONSTRUCTED,constrained_tps
-2.6125,14.5000,4.5871,-66.357,368.300,116.511,True,5.2450,-0.001718,-0.000003,RECONSTRUCTED,constrained_tps
-2.3625,14.5000,4.5868,-60.007,368.300,116.504,True,5.4950,-0.001667,-0.000002,RECONSTRUCTED,constrained_tps
-2.1125,14.5000,4.5865,-53.657,368.300,116.497,True,5.7450,-0.001624,-0.000002,RECONSTRUCTED,constrained_tps
-1.8625,14.5000,4.5863,-47.307,368.300,116.491,True,5.9950,-0.001587,-0.000002,RECONSTRUCTED,constrained_tps
-1.6125,14.5000,4.5861,-40.957,368.300,116.486,True,6.2450,-0.001556,-0.000002,RECONSTRUCTED,constrained_tps
-1.3625,14.5000,4.5859,-34.608,368.300,116.481,True,6.4950,-0.001530,-0.000002,RECONSTRUCTED,constrained_tps
-1.1125,14.5000,4.5857,-28.258,368.300,116.478,True,6.7450,-0.001509,-0.000002,RECONSTRUCTED,constrained_tps
-0.8625,14.5000,4.5856,-21.907,368.300,116.475,True,6.9950,-0.001492,-0.000002,RECONSTRUCTED,constrained_tps
-0.6125,14.5000,4.5855,-15.558,368.300,116.473,True,7.2450,-0.001480,-0.000002,RECONSTRUCTED,constrained_tps
-0.3625,14.5000,4.5855,-9.207,368.300,116.471,True,7.4950,-0.001472,-0.000001,RECONSTRUCTED,constrained_tps
-0.1125,14.5000,4.5855,-2.857,368.300,116.471,True,7.7450,-0.001468,-0.000001,RECONSTRUCTED,constrained_tps
0.1375,14.5000,4.5855,3.493,368.300,116.470,True,7.7200,-0.001468,-0.000001,RECONSTRUCTED,constrained_tps
0.3875,14.5000,4.5855,9.842,368.300,116.471,True,7.4700,-0.001471,-0.000001,RECONSTRUCTED,constrained_tps
0.6375,14.5000,4.5855,16.192,368.300,116.472,True,7.2200,-0.001479,-0.000002,RECONSTRUCTED,constrained_tps
0.8875,14.5000,4.5856,22.542,368.300,116.474,True,6.9700,-0.001491,-0.000002,RECONSTRUCTED,constrained_tps
1.1375,14.5000,4.5857,28.892,368.300,116.477,True,6.7200,-0.001508,-0.000002,RECONSTRUCTED,constrained_tps
1.3875,14.5000,4.5859,35.242,368.300,116.481,True,6.4700,-0.001529,-0.000002,RECONSTRUCTED,constrained_tps
1.6375,14.5000,4.5860,41.592,368.300,116.485,True,6.2200,-0.001555,-0.000002,RECONSTRUCTED,constrained_tps
1.8875,14.5000,4.5862,47.942,368.300,116.490,True,5.9700,-0.001586,-0.000002,RECONSTRUCTED,constrained_tps
2.1375,14.5000,4.5864,54.293,368.300,116.496,True,5.7200,-0.001623,-0.000002,RECONSTRUCTED,constrained_tps
2.3875,14.5000,4.5867,60.642,368.300,116.502,True,5.4700,-0.001667,-0.000002,RECONSTRUCTED,constrained_tps
2.6375,14.5000,4.5870,66.993,368.300,116.510,True,5.2200,-0.001718,-0.000003,RECONSTRUCTED,constrained_tps
2.8875,14.5000,4.5874,73.343,368.300,116.519,True,4.9700,-0.001777,-0.000003,RECONSTRUCTED,constrained_tps
3.1375,14.5000,4.5877,79.692,368.300,116.529,True,4.7200,-0.001847,-0.000003,RECONSTRUCTED,constrained_tps
3.3875,14.5000,4.5882,86.043,368.300,116.540,True,4.4700,-0.001928,-0.000004,RECONSTRUCTED,constrained_tps
3.6375,14.5000,4.5887,92.392,368.300,116.552,True,4.2200,-0.002023,-0.000004,RECONSTRUCTED,constrained_tps
3.8875,14.5000,4.5892,98.742,368.300,116.565,True,3.9700,-0.002133,-0.000005,RECONSTRUCTED,constrained_tps
4.1375,14.5000,4.5898,105.093,368.300,116.580,True,3.7200,-0.002262,-0.000005,RECONSTRUCTED,constrained_tps
4.3875,14.5000,4.5904,111.442,368.300,116.596,True,3.4700,-0.002413,-0.000005,RECONSTRUCTED,constrained_tps
4.6375,14.5000,4.5911,117.793,368.300,116.614,True,3.2200,-0.002588,-0.000005,RECONSTRUCTED,constrained_tps
4.8875,14.5000,4.5919,124.142,368.300,116.634,True,2.9700,-0.002792,-0.000005,RECONSTRUCTED,constrained_tps
5.1375,14.5000,4.5927,130.493,368.300,116.654,True,2.7200,-0.003029,-0.000005,RECONSTRUCTED,constrained_tps
5.3875,14.5000,4.5935,136.843,368.300,116.676,True,2.4700,-0.003302,-0.000003,RECONSTRUCTED,constrained_tps
5.6375,14.5000,4.5944,143.192,368.300,116.698,True,2.2200,-0.003613,-0.000001,RECONSTRUCTED,constrained_tps
5.8875,14.5000,4.5953,149.542,368.300,116.721,True,1.9700,-0.003963,0.000002,RECONSTRUCTED,constrained_tps
6.1375,14.5000,4.5962,155.892,368.300,116.743,True,1.7200,-0.004347,0.000007,RECONSTRUCTED,constrained_tps
6.3875,14.5000,4.5970,162.243,368.300,116.764,True,1.4700,-0.004752,0.000013,RECONSTRUCTED,constrained_tps
6.6375,14.5000,4.5977,168.593,368.300,116.783,True,1.2200,-0.005154,0.000019,RECONSTRUCTED,constrained_tps
6.8875,14.5000,4.5983,174.942,368.300,116.797,True,0.9700,-0.005506,0.000025,RECONSTRUCTED,constrained_tps
7.1375,14.5000,4.5986,181.292,368.300,116.805,True,0.7200,-0.005754,0.000030,RECONSTRUCTED,constrained_tps
7.3875,14.5000,4.5987,187.642,368.300,116.806,True,0.4700,,,RECONSTRUCTED,constrained_tps
7.6375,14.5000,4.5984,193.993,368.300,116.799,True,0.2200,,,RECONSTRUCTED,constrained_tps
-7.8625,14.7500,4.6059,-199.707,374.650,116.990,True,0.0000,,,RIM_BOUNDARY,constrained_tps
-7.6125,14.7500,4.6064,-193.357,374.650,117.003,True,0.2500,,,RECONSTRUCTED,constrained_tps
-7.3625,14.7500,4.6066,-187.007,374.650,117.007,True,0.5000,-0.006361,0.000036,RECONSTRUCTED,constrained_tps
-7.1125,14.7500,4.6064,-180.657,374.650,117.003,True,0.7500,-0.005976,0.000030,RECONSTRUCTED,constrained_tps
-6.8625,14.7500,4.6060,-174.307,374.650,116.992,True,1.0000,-0.005569,0.000024,RECONSTRUCTED,constrained_tps
-6.6125,14.7500,4.6054,-167.957,374.650,116.976,True,1.2500,-0.005131,0.000017,RECONSTRUCTED,constrained_tps
-6.3625,14.7500,4.6046,-161.607,374.650,116.956,True,1.5000,-0.004688,0.000011,RECONSTRUCTED,constrained_tps
-6.1125,14.7500,4.6037,-155.257,374.650,116.934,True,1.7500,-0.004264,0.000005,RECONSTRUCTED,constrained_tps
-5.8625,14.7500,4.6028,-148.907,374.650,116.911,True,2.0000,-0.003874,0.000001,RECONSTRUCTED,constrained_tps
-5.6125,14.7500,4.6019,-142.557,374.650,116.888,True,2.2500,-0.003524,-0.000002,RECONSTRUCTED,constrained_tps
-5.3625,14.7500,4.6010,-136.207,374.650,116.866,True,2.5000,-0.003215,-0.000004,RECONSTRUCTED,constrained_tps
-5.1125,14.7500,4.6002,-129.857,374.650,116.844,True,2.7500,-0.002946,-0.000005,RECONSTRUCTED,constrained_tps
-4.8625,14.7500,4.5993,-123.507,374.650,116.823,True,3.0000,-0.002713,-0.000005,RECONSTRUCTED,constrained_tps
-4.6125,14.7500,4.5986,-117.157,374.650,116.804,True,3.2500,-0.002512,-0.000005,RECONSTRUCTED,constrained_tps
-4.3625,14.7500,4.5979,-110.807,374.650,116.787,True,3.5000,-0.002340,-0.000005,RECONSTRUCTED,constrained_tps
-4.1125,14.7500,4.5973,-104.457,374.650,116.771,True,3.7500,-0.002193,-0.000005,RECONSTRUCTED,constrained_tps
-3.8625,14.7500,4.5967,-98.107,374.650,116.756,True,4.0000,-0.002067,-0.000004,RECONSTRUCTED,constrained_tps
-3.6125,14.7500,4.5962,-91.757,374.650,116.742,True,4.2500,-0.001959,-0.000004,RECONSTRUCTED,constrained_tps
-3.3625,14.7500,4.5957,-85.407,374.650,116.730,True,4.5000,-0.001867,-0.000003,RECONSTRUCTED,constrained_tps
-3.1125,14.7500,4.5953,-79.057,374.650,116.719,True,4.7500,-0.001787,-0.000003,RECONSTRUCTED,constrained_tps
-2.8625,14.7500,4.5949,-72.707,374.650,116.710,True,5.0000,-0.001719,-0.000003,RECONSTRUCTED,constrained_tps
-2.6125,14.7500,4.5945,-66.357,374.650,116.701,True,5.2500,-0.001659,-0.000002,RECONSTRUCTED,constrained_tps
-2.3625,14.7500,4.5942,-60.007,374.650,116.693,True,5.5000,-0.001609,-0.000002,RECONSTRUCTED,constrained_tps
-2.1125,14.7500,4.5939,-53.657,374.650,116.686,True,5.7500,-0.001565,-0.000002,RECONSTRUCTED,constrained_tps
-1.8625,14.7500,4.5937,-47.307,374.650,116.680,True,6.0000,-0.001527,-0.000002,RECONSTRUCTED,constrained_tps
-1.6125,14.7500,4.5935,-40.957,374.650,116.675,True,6.2500,-0.001496,-0.000002,RECONSTRUCTED,constrained_tps
-1.3625,14.7500,4.5933,-34.608,374.650,116.670,True,6.5000,-0.001469,-0.000002,RECONSTRUCTED,constrained_tps
-1.1125,14.7500,4.5932,-28.258,374.650,116.667,True,6.7500,-0.001448,-0.000002,RECONSTRUCTED,constrained_tps
-0.8625,14.7500,4.5931,-21.907,374.650,116.664,True,7.0000,-0.001431,-0.000002,RECONSTRUCTED,constrained_tps
-0.6125,14.7500,4.5930,-15.558,374.650,116.662,True,7.2500,-0.001418,-0.000001,RECONSTRUCTED,constrained_tps
-0.3625,14.7500,4.5929,-9.207,374.650,116.660,True,7.5000,-0.001410,-0.000001,RECONSTRUCTED,constrained_tps
-0.1125,14.7500,4.5929,-2.857,374.650,116.659,True,7.7500,-0.001405,-0.000001,RECONSTRUCTED,constrained_tps
0.1375,14.7500,4.5929,3.493,374.650,116.659,True,7.7250,-0.001405,-0.000001,RECONSTRUCTED,constrained_tps
0.3875,14.7500,4.5929,9.842,374.650,116.660,True,7.4750,-0.001409,-0.000001,RECONSTRUCTED,constrained_tps
0.6375,14.7500,4.5930,16.192,374.650,116.661,True,7.2250,-0.001417,-0.000002,RECONSTRUCTED,constrained_tps
0.8875,14.7500,4.5930,22.542,374.650,116.663,True,6.9750,-0.001430,-0.000002,RECONSTRUCTED,constrained_tps
1.1375,14.7500,4.5931,28.892,374.650,116.666,True,6.7250,-0.001447,-0.000002,RECONSTRUCTED,constrained_tps
1.3875,14.7500,4.5933,35.242,374.650,116.670,True,6.4750,-0.001468,-0.000002,RECONSTRUCTED,constrained_tps
1.6375,14.7500,4.5935,41.592,374.650,116.674,True,6.2250,-0.001494,-0.000002,RECONSTRUCTED,constrained_tps
1.8875,14.7500,4.5937,47.942,374.650,116.679,True,5.9750,-0.001526,-0.000002,RECONSTRUCTED,constrained_tps
2.1375,14.7500,4.5939,54.293,374.650,116.685,True,5.7250,-0.001563,-0.000002,RECONSTRUCTED,constrained_tps
2.3875,14.7500,4.5942,60.642,374.650,116.692,True,5.4750,-0.001607,-0.000002,RECONSTRUCTED,constrained_tps
2.6375,14.7500,4.5945,66.993,374.650,116.700,True,5.2250,-0.001659,-0.000002,RECONSTRUCTED,constrained_tps
2.8875,14.7500,4.5948,73.343,374.650,116.708,True,4.9750,-0.001718,-0.000003,RECONSTRUCTED,constrained_tps
3.1375,14.7500,4.5952,79.692,374.650,116.718,True,4.7250,-0.001787,-0.000003,RECONSTRUCTED,constrained_tps
3.3875,14.7500,4.5956,86.043,374.650,116.729,True,4.4750,-0.001868,-0.000003,RECONSTRUCTED,constrained_tps
3.6375,14.7500,4.5961,92.392,374.650,116.741,True,4.2250,-0.001962,-0.000004,RECONSTRUCTED,constrained_tps
3.8875,14.7500,4.5966,98.742,374.650,116.755,True,3.9750,-0.002071,-0.000004,RECONSTRUCTED,constrained_tps
4.1375,14.7500,4.5972,105.093,374.650,116.770,True,3.7250,-0.002199,-0.000005,RECONSTRUCTED,constrained_tps
4.3875,14.7500,4.5979,111.442,374.650,116.786,True,3.4750,-0.002348,-0.000005,RECONSTRUCTED,constrained_tps
4.6375,14.7500,4.5986,117.793,374.650,116.804,True,3.2250,-0.002523,-0.000006,RECONSTRUCTED,constrained_tps
4.8875,14.7500,4.5993,124.142,374.650,116.823,True,2.9750,-0.002727,-0.000006,RECONSTRUCTED,constrained_tps
5.1375,14.7500,4.6001,130.493,374.650,116.844,True,2.7250,-0.002963,-0.000005,RECONSTRUCTED,constrained_tps
5.3875,14.7500,4.6010,136.843,374.650,116.866,True,2.4750,-0.003237,-0.000004,RECONSTRUCTED,constrained_tps
5.6375,14.7500,4.6019,143.192,374.650,116.889,True,2.2250,-0.003550,-0.000002,RECONSTRUCTED,constrained_tps
5.8875,14.7500,4.6028,149.542,374.650,116.912,True,1.9750,-0.003905,0.000001,RECONSTRUCTED,constrained_tps
6.1375,14.7500,4.6037,155.892,374.650,116.935,True,1.7250,-0.004300,0.000006,RECONSTRUCTED,constrained_tps
6.3875,14.7500,4.6046,162.243,374.650,116.957,True,1.4750,-0.004726,0.000011,RECONSTRUCTED,constrained_tps
6.6375,14.7500,4.6054,168.593,374.650,116.977,True,1.2250,-0.005171,0.000018,RECONSTRUCTED,constrained_tps
6.8875,14.7500,4.6060,174.942,374.650,116.993,True,0.9750,-0.005608,0.000024,RECONSTRUCTED,constrained_tps
7.1375,14.7500,4.6064,181.292,374.650,117.003,True,0.7250,-0.006011,0.000030,RECONSTRUCTED,constrained_tps
7.3875,14.7500,4.6066,187.642,374.650,117.007,True,0.4750,,,RECONSTRUCTED,constrained_tps
7.6375,14.7500,4.6064,193.993,374.650,117.002,True,0.2250,,,RECONSTRUCTED,constrained_tps
-7.6125,15.0000,4.6140,-193.357,381.000,117.195,True,0.2450,,,RECONSTRUCTED,constrained_tps
-7.3625,15.0000,4.6140,-187.007,381.000,117.196,True,0.4950,,,RECONSTRUCTED,constrained_tps
-7.1125,15.0000,4.6137,-180.657,381.000,117.189,True,0.7450,-0.006282,0.000031,RECONSTRUCTED,constrained_tps
-6.8625,15.0000,4.6132,-174.307,381.000,117.175,True,0.9950,-0.005693,0.000023,RECONSTRUCTED,constrained_tps
-6.6125,15.0000,4.6125,-167.957,381.000,117.157,True,1.2450,-0.005140,0.000015,RECONSTRUCTED,constrained_tps
-6.3625,15.0000,4.6117,-161.607,381.000,117.136,True,1.4950,-0.004633,0.000009,RECONSTRUCTED,constrained_tps
-6.1125,15.0000,4.6108,-155.257,381.000,117.113,True,1.7450,-0.004177,0.000003,RECONSTRUCTED,constrained_tps
-5.8625,15.0000,4.6098,-148.907,381.000,117.090,True,1.9950,-0.003773,-0.000000,RECONSTRUCTED,constrained_tps
-5.6125,15.0000,4.6089,-142.557,381.000,117.067,True,2.2450,-0.003418,-0.000003,RECONSTRUCTED,constrained_tps
-5.3625,15.0000,4.6081,-136.207,381.000,117.044,True,2.4950,-0.003110,-0.000005,RECONSTRUCTED,constrained_tps
-5.1125,15.0000,4.6072,-129.857,381.000,117.023,True,2.7450,-0.002843,-0.000006,RECONSTRUCTED,constrained_tps
-4.8625,15.0000,4.6064,-123.507,381.000,117.003,True,2.9950,-0.002615,-0.000006,RECONSTRUCTED,constrained_tps
-4.6125,15.0000,4.6057,-117.157,381.000,116.985,True,3.2450,-0.002419,-0.000006,RECONSTRUCTED,constrained_tps
-4.3625,15.0000,4.6050,-110.807,381.000,116.967,True,3.4950,-0.002253,-0.000005,RECONSTRUCTED,constrained_tps
-4.1125,15.0000,4.6044,-104.457,381.000,116.952,True,3.7450,-0.002110,-0.000005,RECONSTRUCTED,constrained_tps
-3.8625,15.0000,4.6038,-98.107,381.000,116.938,True,3.9950,-0.001989,-0.000004,RECONSTRUCTED,constrained_tps
-3.6125,15.0000,4.6033,-91.757,381.000,116.925,True,4.2450,-0.001884,-0.000004,RECONSTRUCTED,constrained_tps
-3.3625,15.0000,4.6029,-85.407,381.000,116.913,True,4.4950,-0.001795,-0.000003,RECONSTRUCTED,constrained_tps
-3.1125,15.0000,4.6025,-79.057,381.000,116.902,True,4.7450,-0.001717,-0.000003,RECONSTRUCTED,constrained_tps
-2.8625,15.0000,4.6021,-72.707,381.000,116.893,True,4.9950,-0.001651,-0.000002,RECONSTRUCTED,constrained_tps
-2.6125,15.0000,4.6017,-66.357,381.000,116.884,True,5.2450,-0.001593,-0.000002,RECONSTRUCTED,constrained_tps
-2.3625,15.0000,4.6014,-60.007,381.000,116.877,True,5.4950,-0.001543,-0.000002,RECONSTRUCTED,constrained_tps
-2.1125,15.0000,4.6012,-53.657,381.000,116.870,True,5.7450,-0.001500,-0.000002,RECONSTRUCTED,constrained_tps
-1.8625,15.0000,4.6009,-47.307,381.000,116.864,True,5.9950,-0.001462,-0.000002,RECONSTRUCTED,constrained_tps
-1.6125,15.0000,4.6007,-40.957,381.000,116.858,True,6.2450,-0.001431,-0.000002,RECONSTRUCTED,constrained_tps
-1.3625,15.0000,4.6006,-34.608,381.000,116.854,True,6.4950,-0.001404,-0.000002,RECONSTRUCTED,constrained_tps
-1.1125,15.0000,4.6004,-28.258,381.000,116.850,True,6.7450,-0.001382,-0.000001,RECONSTRUCTED,constrained_tps
-0.8625,15.0000,4.6003,-21.907,381.000,116.847,True,6.9950,-0.001365,-0.000001,RECONSTRUCTED,constrained_tps
-0.6125,15.0000,4.6002,-15.558,381.000,116.845,True,7.2450,-0.001352,-0.000001,RECONSTRUCTED,constrained_tps
-0.3625,15.0000,4.6001,-9.207,381.000,116.844,True,7.4950,-0.001343,-0.000001,RECONSTRUCTED,constrained_tps
-0.1125,15.0000,4.6001,-2.857,381.000,116.843,True,7.7450,-0.001339,-0.000001,RECONSTRUCTED,constrained_tps
0.1375,15.0000,4.6001,3.493,381.000,116.843,True,7.7200,-0.001339,-0.000001,RECONSTRUCTED,constrained_tps
0.3875,15.0000,4.6001,9.842,381.000,116.843,True,7.4700,-0.001343,-0.000001,RECONSTRUCTED,constrained_tps
0.6375,15.0000,4.6002,16.192,381.000,116.845,True,7.2200,-0.001351,-0.000001,RECONSTRUCTED,constrained_tps
0.8875,15.0000,4.6003,22.542,381.000,116.847,True,6.9700,-0.001364,-0.000001,RECONSTRUCTED,constrained_tps
1.1375,15.0000,4.6004,28.892,381.000,116.850,True,6.7200,-0.001381,-0.000002,RECONSTRUCTED,constrained_tps
1.3875,15.0000,4.6005,35.242,381.000,116.853,True,6.4700,-0.001402,-0.000002,RECONSTRUCTED,constrained_tps
1.6375,15.0000,4.6007,41.592,381.000,116.857,True,6.2200,-0.001429,-0.000002,RECONSTRUCTED,constrained_tps
1.8875,15.0000,4.6009,47.942,381.000,116.863,True,5.9700,-0.001460,-0.000002,RECONSTRUCTED,constrained_tps
2.1375,15.0000,4.6011,54.293,381.000,116.868,True,5.7200,-0.001498,-0.000002,RECONSTRUCTED,constrained_tps
2.3875,15.0000,4.6014,60.642,381.000,116.875,True,5.4700,-0.001541,-0.000002,RECONSTRUCTED,constrained_tps
2.6375,15.0000,4.6017,66.993,381.000,116.883,True,5.2200,-0.001591,-0.000002,RECONSTRUCTED,constrained_tps
2.8875,15.0000,4.6020,73.343,381.000,116.891,True,4.9700,-0.001649,-0.000003,RECONSTRUCTED,constrained_tps
3.1375,15.0000,4.6024,79.692,381.000,116.901,True,4.7200,-0.001717,-0.000003,RECONSTRUCTED,constrained_tps
3.3875,15.0000,4.6028,86.043,381.000,116.911,True,4.4700,-0.001795,-0.000003,RECONSTRUCTED,constrained_tps
3.6375,15.0000,4.6033,92.392,381.000,116.923,True,4.2200,-0.001885,-0.000004,RECONSTRUCTED,constrained_tps
3.8875,15.0000,4.6038,98.742,381.000,116.936,True,3.9700,-0.001991,-0.000004,RECONSTRUCTED,constrained_tps
4.1375,15.0000,4.6044,105.093,381.000,116.951,True,3.7200,-0.002114,-0.000005,RECONSTRUCTED,constrained_tps
4.3875,15.0000,4.6050,111.442,381.000,116.966,True,3.4700,-0.002259,-0.000005,RECONSTRUCTED,constrained_tps
4.6375,15.0000,4.6057,117.793,381.000,116.984,True,3.2200,-0.002429,-0.000006,RECONSTRUCTED,constrained_tps
4.8875,15.0000,4.6064,124.142,381.000,117.003,True,2.9700,-0.002627,-0.000006,RECONSTRUCTED,constrained_tps
5.1375,15.0000,4.6072,130.493,381.000,117.023,True,2.7200,-0.002860,-0.000006,RECONSTRUCTED,constrained_tps
5.3875,15.0000,4.6080,136.843,381.000,117.044,True,2.4700,-0.003130,-0.000005,RECONSTRUCTED,constrained_tps
5.6375,15.0000,4.6089,143.192,381.000,117.067,True,2.2200,-0.003444,-0.000003,RECONSTRUCTED,constrained_tps
5.8875,15.0000,4.6099,149.542,381.000,117.091,True,1.9700,-0.003804,-0.000000,RECONSTRUCTED,constrained_tps
6.1375,15.0000,4.6108,155.892,381.000,117.114,True,1.7200,-0.004214,0.000004,RECONSTRUCTED,constrained_tps
6.3875,15.0000,4.6117,162.243,381.000,117.137,True,1.4700,-0.004676,0.000009,RECONSTRUCTED,constrained_tps
6.6375,15.0000,4.6125,168.593,381.000,117.158,True,1.2200,-0.005188,0.000016,RECONSTRUCTED,constrained_tps
6.8875,15.0000,4.6132,174.942,381.000,117.176,True,0.9700,-0.005747,0.000023,RECONSTRUCTED,constrained_tps
7.1375,15.0000,4.6138,181.292,381.000,117.189,True,0.7200,-0.006340,0.000032,RECONSTRUCTED,constrained_tps
7.3875,15.0000,4.6140,187.642,381.000,117.196,True,0.4700,,,RECONSTRUCTED,constrained_tps
7.6375,15.0000,4.6139,193.993,381.000,117.194,True,0.2200,,,RECONSTRUCTED,constrained_tps
-7.6125,15.2500,4.6210,-193.357,387.350,117.373,True,0.2350,,,RECONSTRUCTED,constrained_tps
-7.3625,15.2500,4.6209,-187.007,387.350,117.372,True,0.4850,,,RECONSTRUCTED,constrained_tps
-7.1125,15.2500,4.6205,-180.657,387.350,117.361,True,0.7350,-0.006574,0.000032,RECONSTRUCTED,constrained_tps
-6.8625,15.2500,4.6199,-174.307,387.350,117.345,True,0.9850,-0.005773,0.000021,RECONSTRUCTED,constrained_tps
-6.6125,15.2500,4.6191,-167.957,387.350,117.325,True,1.2350,-0.005096,0.000012,RECONSTRUCTED,constrained_tps
-6.3625,15.2500,4.6182,-161.607,387.350,117.303,True,1.4850,-0.004524,0.000006,RECONSTRUCTED,constrained_tps
-6.1125,15.2500,4.6173,-155.257,387.350,117.280,True,1.7350,-0.004037,0.000001,RECONSTRUCTED,constrained_tps
-5.8625,15.2500,4.6164,-148.907,387.350,117.257,True,1.9850,-0.003621,-0.000002,RECONSTRUCTED,constrained_tps
-5.6125,15.2500,4.6155,-142.557,387.350,117.234,True,2.2350,-0.003265,-0.000005,RECONSTRUCTED,constrained_tps
-5.3625,15.2500,4.6147,-136.207,387.350,117.212,True,2.4850,-0.002961,-0.000006,RECONSTRUCTED,constrained_tps
-5.1125,15.2500,4.6139,-129.857,387.350,117.192,True,2.7350,-0.002703,-0.000006,RECONSTRUCTED,constrained_tps
-4.8625,15.2500,4.6131,-123.507,387.350,117.173,True,2.9850,-0.002484,-0.000006,RECONSTRUCTED,constrained_tps
-4.6125,15.2500,4.6124,-117.157,387.350,117.155,True,3.2350,-0.002298,-0.000006,RECONSTRUCTED,constrained_tps
-4.3625,15.2500,4.6118,-110.807,387.350,117.139,True,3.4850,-0.002141,-0.000005,RECONSTRUCTED,constrained_tps
-4.1125,15.2500,4.6112,-104.457,387.350,117.125,True,3.7350,-0.002007,-0.000005,RECONSTRUCTED,constrained_tps
-3.8625,15.2500,4.6107,-98.107,387.350,117.112,True,3.9850,-0.001893,-0.000004,RECONSTRUCTED,constrained_tps
-3.6125,15.2500,4.6102,-91.757,387.350,117.100,True,4.2350,-0.001795,-0.000003,RECONSTRUCTED,constrained_tps
-3.3625,15.2500,4.6098,-85.407,387.350,117.089,True,4.4850,-0.001711,-0.000003,RECONSTRUCTED,constrained_tps
-3.1125,15.2500,4.6094,-79.057,387.350,117.079,True,4.7350,-0.001638,-0.000002,RECONSTRUCTED,constrained_tps
-2.8625,15.2500,4.6090,-72.707,387.350,117.070,True,4.9850,-0.001574,-0.000002,RECONSTRUCTED,constrained_tps
-2.6125,15.2500,4.6087,-66.357,387.350,117.062,True,5.2350,-0.001519,-0.000002,RECONSTRUCTED,constrained_tps
-2.3625,15.2500,4.6084,-60.007,387.350,117.054,True,5.4850,-0.001470,-0.000002,RECONSTRUCTED,constrained_tps
-2.1125,15.2500,4.6082,-53.657,387.350,117.048,True,5.7350,-0.001428,-0.000002,RECONSTRUCTED,constrained_tps
-1.8625,15.2500,4.6079,-47.307,387.350,117.042,True,5.9850,-0.001392,-0.000002,RECONSTRUCTED,constrained_tps
-1.6125,15.2500,4.6077,-40.957,387.350,117.037,True,6.2350,-0.001360,-0.000001,RECONSTRUCTED,constrained_tps
-1.3625,15.2500,4.6076,-34.608,387.350,117.032,True,6.4850,-0.001334,-0.000001,RECONSTRUCTED,constrained_tps
-1.1125,15.2500,4.6074,-28.258,387.350,117.029,True,6.7350,-0.001312,-0.000001,RECONSTRUCTED,constrained_tps
-0.8625,15.2500,4.6073,-21.907,387.350,117.026,True,6.9850,-0.001295,-0.000001,RECONSTRUCTED,constrained_tps
-0.6125,15.2500,4.6072,-15.558,387.350,117.024,True,7.2350,-0.001282,-0.000001,RECONSTRUCTED,constrained_tps
-0.3625,15.2500,4.6072,-9.207,387.350,117.022,True,7.4850,-0.001273,-0.000001,RECONSTRUCTED,constrained_tps
-0.1125,15.2500,4.6071,-2.857,387.350,117.021,True,7.7350,-0.001269,-0.000001,RECONSTRUCTED,constrained_tps
0.1375,15.2500,4.6071,3.493,387.350,117.021,True,7.7100,-0.001268,-0.000001,RECONSTRUCTED,constrained_tps
0.3875,15.2500,4.6072,9.842,387.350,117.022,True,7.4600,-0.001272,-0.000001,RECONSTRUCTED,constrained_tps
0.6375,15.2500,4.6072,16.192,387.350,117.023,True,7.2100,-0.001281,-0.000001,RECONSTRUCTED,constrained_tps
0.8875,15.2500,4.6073,22.542,387.350,117.025,True,6.9600,-0.001293,-0.000001,RECONSTRUCTED,constrained_tps
1.1375,15.2500,4.6074,28.892,387.350,117.028,True,6.7100,-0.001310,-0.000001,RECONSTRUCTED,constrained_tps
1.3875,15.2500,4.6075,35.242,387.350,117.031,True,6.4600,-0.001332,-0.000001,RECONSTRUCTED,constrained_tps
1.6375,15.2500,4.6077,41.592,387.350,117.036,True,6.2100,-0.001358,-0.000001,RECONSTRUCTED,constrained_tps
1.8875,15.2500,4.6079,47.942,387.350,117.041,True,5.9600,-0.001389,-0.000002,RECONSTRUCTED,constrained_tps
2.1375,15.2500,4.6081,54.293,387.350,117.046,True,5.7100,-0.001426,-0.000002,RECONSTRUCTED,constrained_tps
2.3875,15.2500,4.6084,60.642,387.350,117.053,True,5.4600,-0.001468,-0.000002,RECONSTRUCTED,constrained_tps
2.6375,15.2500,4.6087,66.993,387.350,117.060,True,5.2100,-0.001516,-0.000002,RECONSTRUCTED,constrained_tps
2.8875,15.2500,4.6090,73.343,387.350,117.068,True,4.9600,-0.001572,-0.000002,RECONSTRUCTED,constrained_tps
3.1375,15.2500,4.6093,79.692,387.350,117.077,True,4.7100,-0.001636,-0.000003,RECONSTRUCTED,constrained_tps
3.3875,15.2500,4.6097,86.043,387.350,117.087,True,4.4600,-0.001709,-0.000003,RECONSTRUCTED,constrained_tps
3.6375,15.2500,4.6102,92.392,387.350,117.098,True,4.2100,-0.001794,-0.000004,RECONSTRUCTED,constrained_tps
3.8875,15.2500,4.6106,98.742,387.350,117.110,True,3.9600,-0.001893,-0.000004,RECONSTRUCTED,constrained_tps
4.1375,15.2500,4.6112,105.093,387.350,117.123,True,3.7100,-0.002009,-0.000005,RECONSTRUCTED,constrained_tps
4.3875,15.2500,4.6117,111.442,387.350,117.138,True,3.4600,-0.002145,-0.000005,RECONSTRUCTED,constrained_tps
4.6375,15.2500,4.6124,117.793,387.350,117.154,True,3.2100,-0.002306,-0.000006,RECONSTRUCTED,constrained_tps
4.8875,15.2500,4.6131,124.142,387.350,117.172,True,2.9600,-0.002495,-0.000006,RECONSTRUCTED,constrained_tps
5.1375,15.2500,4.6138,130.493,387.350,117.191,True,2.7100,-0.002718,-0.000006,RECONSTRUCTED,constrained_tps
5.3875,15.2500,4.6146,136.843,387.350,117.212,True,2.4600,-0.002981,-0.000006,RECONSTRUCTED,constrained_tps
5.6375,15.2500,4.6155,143.192,387.350,117.234,True,2.2100,-0.003290,-0.000005,RECONSTRUCTED,constrained_tps
5.8875,15.2500,4.6164,149.542,387.350,117.257,True,1.9600,-0.003652,-0.000002,RECONSTRUCTED,constrained_tps
6.1375,15.2500,4.6173,155.892,387.350,117.281,True,1.7100,-0.004075,0.000001,RECONSTRUCTED,constrained_tps
6.3875,15.2500,4.6183,162.243,387.350,117.304,True,1.4600,-0.004571,0.000006,RECONSTRUCTED,constrained_tps
6.6375,15.2500,4.6191,168.593,387.350,117.326,True,1.2100,-0.005153,0.000013,RECONSTRUCTED,constrained_tps
6.8875,15.2500,4.6199,174.942,387.350,117.346,True,0.9600,-0.005843,0.000022,RECONSTRUCTED,constrained_tps
7.1375,15.2500,4.6205,181.292,387.350,117.362,True,0.7100,-0.006657,0.000034,RECONSTRUCTED,constrained_tps
7.3875,15.2500,4.6209,187.642,387.350,117.372,True,0.4600,,,RECONSTRUCTED,constrained_tps
7.6375,15.2500,4.6210,193.993,387.350,117.373,True,0.2100,,,RECONSTRUCTED,constrained_tps
-7.6125,15.5000,4.6275,-193.357,393.700,117.537,True,0.2099,,,RECONSTRUCTED,constrained_tps
-7.3625,15.5000,4.6272,-187.007,393.700,117.532,True,0.4599,,,RECONSTRUCTED,constrained_tps
-7.1125,15.5000,4.6267,-180.657,393.700,117.519,True,0.7099,-0.006681,0.000031,RECONSTRUCTED,constrained_tps
-6.8625,15.5000,4.6260,-174.307,393.700,117.500,True,0.9599,-0.005714,0.000018,RECONSTRUCTED,constrained_tps
-6.6125,15.5000,4.6252,-167.957,393.700,117.479,True,1.2099,-0.004950,0.000009,RECONSTRUCTED,constrained_tps
-6.3625,15.5000,4.6243,-161.607,393.700,117.457,True,1.4599,-0.004333,0.000002,RECONSTRUCTED,constrained_tps
-6.1125,15.5000,4.6234,-155.257,393.700,117.434,True,1.7099,-0.003828,-0.000002,RECONSTRUCTED,constrained_tps
-5.8625,15.5000,4.6225,-148.907,393.700,117.411,True,1.9599,-0.003409,-0.000005,RECONSTRUCTED,constrained_tps
-5.6125,15.5000,4.6216,-142.557,393.700,117.390,True,2.2099,-0.003060,-0.000006,RECONSTRUCTED,constrained_tps
-5.3625,15.5000,4.6208,-136.207,393.700,117.370,True,2.4599,-0.002768,-0.000007,RECONSTRUCTED,constrained_tps
-5.1125,15.5000,4.6201,-129.857,393.700,117.351,True,2.7099,-0.002525,-0.000007,RECONSTRUCTED,constrained_tps
-4.8625,15.5000,4.6194,-123.507,393.700,117.333,True,2.9599,-0.002321,-0.000007,RECONSTRUCTED,constrained_tps
-4.6125,15.5000,4.6188,-117.157,393.700,117.318,True,3.2099,-0.002150,-0.000006,RECONSTRUCTED,constrained_tps
-4.3625,15.5000,4.6182,-110.807,393.700,117.303,True,3.4599,-0.002006,-0.000005,RECONSTRUCTED,constrained_tps
-4.1125,15.5000,4.6177,-104.457,393.700,117.290,True,3.7099,-0.001884,-0.000005,RECONSTRUCTED,constrained_tps
-3.8625,15.5000,4.6173,-98.107,393.700,117.278,True,3.9599,-0.001781,-0.000004,RECONSTRUCTED,constrained_tps
-3.6125,15.5000,4.6168,-91.757,393.700,117.268,True,4.2099,-0.001692,-0.000003,RECONSTRUCTED,constrained_tps
-3.3625,15.5000,4.6164,-85.407,393.700,117.258,True,4.4599,-0.001615,-0.000003,RECONSTRUCTED,constrained_tps
-3.1125,15.5000,4.6161,-79.057,393.700,117.249,True,4.7099,-0.001549,-0.000002,RECONSTRUCTED,constrained_tps
-2.8625,15.5000,4.6158,-72.707,393.700,117.241,True,4.9599,-0.001490,-0.000002,RECONSTRUCTED,constrained_tps
-2.6125,15.5000,4.6155,-66.357,393.700,117.233,True,5.2099,-0.001438,-0.000002,RECONSTRUCTED,constrained_tps
-2.3625,15.5000,4.6152,-60.007,393.700,117.226,True,5.4599,-0.001392,-0.000001,RECONSTRUCTED,constrained_tps
-2.1125,15.5000,4.6150,-53.657,393.700,117.220,True,5.7099,-0.001352,-0.000001,RECONSTRUCTED,constrained_tps
-1.8625,15.5000,4.6148,-47.307,393.700,117.215,True,5.9599,-0.001316,-0.000001,RECONSTRUCTED,constrained_tps
-1.6125,15.5000,4.6146,-40.957,393.700,117.210,True,6.2099,-0.001285,-0.000001,RECONSTRUCTED,constrained_tps
-1.3625,15.5000,4.6144,-34.608,393.700,117.206,True,6.4599,-0.001259,-0.000001,RECONSTRUCTED,constrained_tps
-1.1125,15.5000,4.6143,-28.258,393.700,117.202,True,6.7099,-0.001237,-0.000001,RECONSTRUCTED,constrained_tps
-0.8625,15.5000,4.6141,-21.907,393.700,117.199,True,6.9599,-0.001220,-0.000001,RECONSTRUCTED,constrained_tps
-0.6125,15.5000,4.6141,-15.558,393.700,117.197,True,7.2099,-0.001207,-0.000001,RECONSTRUCTED,constrained_tps
-0.3625,15.5000,4.6140,-9.207,393.700,117.196,True,7.4599,-0.001198,-0.000001,RECONSTRUCTED,constrained_tps
-0.1125,15.5000,4.6140,-2.857,393.700,117.195,True,7.7099,-0.001194,-0.000001,RECONSTRUCTED,constrained_tps
0.1375,15.5000,4.6140,3.493,393.700,117.195,True,7.6849,-0.001194,-0.000001,RECONSTRUCTED,constrained_tps
0.3875,15.5000,4.6140,9.842,393.700,117.195,True,7.4349,-0.001198,-0.000001,RECONSTRUCTED,constrained_tps
0.6375,15.5000,4.6140,16.192,393.700,117.197,True,7.1849,-0.001206,-0.000001,RECONSTRUCTED,constrained_tps
0.8875,15.5000,4.6141,22.542,393.700,117.199,True,6.9349,-0.001219,-0.000001,RECONSTRUCTED,constrained_tps
1.1375,15.5000,4.6142,28.892,393.700,117.201,True,6.6849,-0.001236,-0.000001,RECONSTRUCTED,constrained_tps
1.3875,15.5000,4.6144,35.242,393.700,117.205,True,6.4349,-0.001257,-0.000001,RECONSTRUCTED,constrained_tps
1.6375,15.5000,4.6145,41.592,393.700,117.209,True,6.1849,-0.001283,-0.000001,RECONSTRUCTED,constrained_tps
1.8875,15.5000,4.6147,47.942,393.700,117.213,True,5.9349,-0.001313,-0.000001,RECONSTRUCTED,constrained_tps
2.1375,15.5000,4.6149,54.293,393.700,117.219,True,5.6849,-0.001348,-0.000001,RECONSTRUCTED,constrained_tps
2.3875,15.5000,4.6151,60.642,393.700,117.225,True,5.4349,-0.001389,-0.000002,RECONSTRUCTED,constrained_tps
2.6375,15.5000,4.6154,66.993,393.700,117.231,True,5.1849,-0.001434,-0.000002,RECONSTRUCTED,constrained_tps
2.8875,15.5000,4.6157,73.343,393.700,117.239,True,4.9349,-0.001486,-0.000002,RECONSTRUCTED,constrained_tps
3.1375,15.5000,4.6160,79.692,393.700,117.247,True,4.6849,-0.001545,-0.000002,RECONSTRUCTED,constrained_tps
3.3875,15.5000,4.6164,86.043,393.700,117.256,True,4.4349,-0.001612,-0.000003,RECONSTRUCTED,constrained_tps
3.6375,15.5000,4.6168,92.392,393.700,117.266,True,4.1849,-0.001690,-0.000003,RECONSTRUCTED,constrained_tps
3.8875,15.5000,4.6172,98.742,393.700,117.277,True,3.9349,-0.001780,-0.000004,RECONSTRUCTED,constrained_tps
4.1375,15.5000,4.6177,105.093,393.700,117.289,True,3.6849,-0.001884,-0.000005,RECONSTRUCTED,constrained_tps
4.3875,15.5000,4.6182,111.442,393.700,117.302,True,3.4349,-0.002008,-0.000006,RECONSTRUCTED,constrained_tps
4.6375,15.5000,4.6188,117.793,393.700,117.316,True,3.1849,-0.002154,-0.000006,RECONSTRUCTED,constrained_tps
4.8875,15.5000,4.6194,124.142,393.700,117.332,True,2.9349,-0.002329,-0.000007,RECONSTRUCTED,constrained_tps
5.1375,15.5000,4.6201,130.493,393.700,117.350,True,2.6849,-0.002537,-0.000007,RECONSTRUCTED,constrained_tps
5.3875,15.5000,4.6208,136.843,393.700,117.369,True,2.4349,-0.002785,-0.000007,RECONSTRUCTED,constrained_tps
5.6375,15.5000,4.6216,143.192,393.700,117.390,True,2.1849,-0.003083,-0.000006,RECONSTRUCTED,constrained_tps
5.8875,15.5000,4.6225,149.542,393.700,117.411,True,1.9349,-0.003439,-0.000005,RECONSTRUCTED,constrained_tps
6.1375,15.5000,4.6234,155.892,393.700,117.434,True,1.6849,-0.003867,-0.000002,RECONSTRUCTED,constrained_tps
6.3875,15.5000,4.6243,162.243,393.700,117.457,True,1.4349,-0.004383,0.000003,RECONSTRUCTED,constrained_tps
6.6375,15.5000,4.6252,168.593,393.700,117.480,True,1.1849,-0.005013,0.000009,RECONSTRUCTED,constrained_tps
6.8875,15.5000,4.6260,174.942,393.700,117.501,True,0.9349,-0.005795,0.000019,RECONSTRUCTED,constrained_tps
7.1375,15.5000,4.6267,181.292,393.700,117.519,True,0.6849,-0.006788,0.000033,RECONSTRUCTED,constrained_tps
7.3875,15.5000,4.6273,187.642,393.700,117.532,True,0.4349,,,RECONSTRUCTED,constrained_tps
7.6375,15.5000,4.6274,193.993,393.700,117.537,True,0.1849,,,RECONSTRUCTED,constrained_tps
-7.6125,15.7500,4.6332,-193.357,400.050,117.683,True,0.2049,,,RECONSTRUCTED,constrained_tps
-7.3625,15.7500,4.6329,-187.007,400.050,117.675,True,0.4549,,,RECONSTRUCTED,constrained_tps
-7.1125,15.7500,4.6323,-180.657,400.050,117.660,True,0.7049,-0.006528,0.000028,RECONSTRUCTED,constrained_tps
-6.8625,15.7500,4.6315,-174.307,400.050,117.640,True,0.9549,-0.005468,0.000013,RECONSTRUCTED,constrained_tps
-6.6125,15.7500,4.6307,-167.957,400.050,117.619,True,1.2049,-0.004669,0.000004,RECONSTRUCTED,constrained_tps
-6.3625,15.7500,4.6298,-161.607,400.050,117.597,True,1.4549,-0.004040,-0.000002,RECONSTRUCTED,constrained_tps
-6.1125,15.7500,4.6289,-155.257,400.050,117.575,True,1.7049,-0.003537,-0.000005,RECONSTRUCTED,constrained_tps
-5.8625,15.7500,4.6281,-148.907,400.050,117.554,True,1.9549,-0.003130,-0.000007,RECONSTRUCTED,constrained_tps
-5.6125,15.7500,4.6273,-142.557,400.050,117.535,True,2.2049,-0.002799,-0.000008,RECONSTRUCTED,constrained_tps
-5.3625,15.7500,4.6266,-136.207,400.050,117.516,True,2.4549,-0.002529,-0.000009,RECONSTRUCTED,constrained_tps
-5.1125,15.7500,4.6260,-129.857,400.050,117.500,True,2.7049,-0.002307,-0.000008,RECONSTRUCTED,constrained_tps
-4.8625,15.7500,4.6254,-123.507,400.050,117.485,True,2.9549,-0.002125,-0.000008,RECONSTRUCTED,constrained_tps
-4.6125,15.7500,4.6249,-117.157,400.050,117.471,True,3.2049,-0.001974,-0.000007,RECONSTRUCTED,constrained_tps
-4.3625,15.7500,4.6244,-110.807,400.050,117.459,True,3.4549,-0.001849,-0.000006,RECONSTRUCTED,constrained_tps
-4.1125,15.7500,4.6240,-104.457,400.050,117.448,True,3.7049,-0.001744,-0.000005,RECONSTRUCTED,constrained_tps
-3.8625,15.7500,4.6236,-98.107,400.050,117.438,True,3.9549,-0.001655,-0.000004,RECONSTRUCTED,constrained_tps
-3.6125,15.7500,4.6232,-91.757,400.050,117.429,True,4.2049,-0.001578,-0.000003,RECONSTRUCTED,constrained_tps
-3.3625,15.7500,4.6229,-85.407,400.050,117.421,True,4.4549,-0.001511,-0.000002,RECONSTRUCTED,constrained_tps
-3.1125,15.7500,4.6226,-79.057,400.050,117.413,True,4.7049,-0.001452,-0.000002,RECONSTRUCTED,constrained_tps
-2.8625,15.7500,4.6223,-72.707,400.050,117.406,True,4.9549,-0.001399,-0.000002,RECONSTRUCTED,constrained_tps
-2.6125,15.7500,4.6220,-66.357,400.050,117.400,True,5.2049,-0.001351,-0.000001,RECONSTRUCTED,constrained_tps
-2.3625,15.7500,4.6218,-60.007,400.050,117.393,True,5.4549,-0.001308,-0.000001,RECONSTRUCTED,constrained_tps
-2.1125,15.7500,4.6216,-53.657,400.050,117.388,True,5.7049,-0.001270,-0.000001,RECONSTRUCTED,constrained_tps
-1.8625,15.7500,4.6214,-47.307,400.050,117.383,True,5.9549,-0.001236,-0.000001,RECONSTRUCTED,constrained_tps
-1.6125,15.7500,4.6212,-40.957,400.050,117.378,True,6.2049,-0.001206,-0.000001,RECONSTRUCTED,constrained_tps
-1.3625,15.7500,4.6210,-34.608,400.050,117.374,True,6.4549,-0.001180,-0.000001,RECONSTRUCTED,constrained_tps
-1.1125,15.7500,4.6209,-28.258,400.050,117.371,True,6.7049,-0.001159,-0.000001,RECONSTRUCTED,constrained_tps
-0.8625,15.7500,4.6208,-21.907,400.050,117.368,True,6.9549,-0.001141,-0.000001,RECONSTRUCTED,constrained_tps
-0.6125,15.7500,4.6207,-15.558,400.050,117.366,True,7.2049,-0.001128,-0.000001,RECONSTRUCTED,constrained_tps
-0.3625,15.7500,4.6207,-9.207,400.050,117.365,True,7.4549,-0.001119,-0.000001,RECONSTRUCTED,constrained_tps
-0.1125,15.7500,4.6206,-2.857,400.050,117.364,True,7.7049,-0.001115,-0.000001,RECONSTRUCTED,constrained_tps
0.1375,15.7500,4.6206,3.493,400.050,117.364,True,7.6799,-0.001115,-0.000001,RECONSTRUCTED,constrained_tps
0.3875,15.7500,4.6207,9.842,400.050,117.365,True,7.4299,-0.001119,-0.000001,RECONSTRUCTED,constrained_tps
0.6375,15.7500,4.6207,16.192,400.050,117.366,True,7.1799,-0.001127,-0.000001,RECONSTRUCTED,constrained_tps
0.8875,15.7500,4.6208,22.542,400.050,117.368,True,6.9299,-0.001140,-0.000001,RECONSTRUCTED,constrained_tps
1.1375,15.7500,4.6209,28.892,400.050,117.370,True,6.6799,-0.001156,-0.000001,RECONSTRUCTED,constrained_tps
1.3875,15.7500,4.6210,35.242,400.050,117.373,True,6.4299,-0.001178,-0.000001,RECONSTRUCTED,constrained_tps
1.6375,15.7500,4.6211,41.592,400.050,117.377,True,6.1799,-0.001203,-0.000001,RECONSTRUCTED,constrained_tps
1.8875,15.7500,4.6213,47.942,400.050,117.381,True,5.9299,-0.001232,-0.000001,RECONSTRUCTED,constrained_tps
2.1375,15.7500,4.6215,54.293,400.050,117.386,True,5.6799,-0.001266,-0.000001,RECONSTRUCTED,constrained_tps
2.3875,15.7500,4.6217,60.642,400.050,117.392,True,5.4299,-0.001304,-0.000001,RECONSTRUCTED,constrained_tps
2.6375,15.7500,4.6220,66.993,400.050,117.398,True,5.1799,-0.001347,-0.000001,RECONSTRUCTED,constrained_tps
2.8875,15.7500,4.6222,73.343,400.050,117.404,True,4.9299,-0.001394,-0.000002,RECONSTRUCTED,constrained_tps
3.1375,15.7500,4.6225,79.692,400.050,117.411,True,4.6799,-0.001447,-0.000002,RECONSTRUCTED,constrained_tps
3.3875,15.7500,4.6228,86.043,400.050,117.419,True,4.4299,-0.001506,-0.000002,RECONSTRUCTED,constrained_tps
3.6375,15.7500,4.6231,92.392,400.050,117.427,True,4.1799,-0.001574,-0.000003,RECONSTRUCTED,constrained_tps
3.8875,15.7500,4.6235,98.742,400.050,117.436,True,3.9299,-0.001651,-0.000004,RECONSTRUCTED,constrained_tps
4.1375,15.7500,4.6239,105.093,400.050,117.446,True,3.6799,-0.001742,-0.000005,RECONSTRUCTED,constrained_tps
4.3875,15.7500,4.6243,111.442,400.050,117.457,True,3.4299,-0.001848,-0.000006,RECONSTRUCTED,constrained_tps
4.6375,15.7500,4.6248,117.793,400.050,117.470,True,3.1799,-0.001976,-0.000007,RECONSTRUCTED,constrained_tps
4.8875,15.7500,4.6253,124.142,400.050,117.483,True,2.9299,-0.002130,-0.000008,RECONSTRUCTED,constrained_tps
5.1375,15.7500,4.6259,130.493,400.050,117.499,True,2.6799,-0.002316,-0.000008,RECONSTRUCTED,constrained_tps
5.3875,15.7500,4.6266,136.843,400.050,117.516,True,2.4299,-0.002543,-0.000009,RECONSTRUCTED,constrained_tps
5.6375,15.7500,4.6273,143.192,400.050,117.534,True,2.1799,-0.002819,-0.000009,RECONSTRUCTED,constrained_tps
5.8875,15.7500,4.6281,149.542,400.050,117.554,True,1.9299,-0.003158,-0.000007,RECONSTRUCTED,constrained_tps
6.1375,15.7500,4.6289,155.892,400.050,117.575,True,1.6799,-0.003574,-0.000005,RECONSTRUCTED,constrained_tps
6.3875,15.7500,4.6298,162.243,400.050,117.597,True,1.4299,-0.004090,-0.000001,RECONSTRUCTED,constrained_tps
6.6375,15.7500,4.6307,168.593,400.050,117.620,True,1.1799,-0.004734,0.000005,RECONSTRUCTED,constrained_tps
6.8875,15.7500,4.6315,174.942,400.050,117.641,True,0.9299,-0.005555,0.000014,RECONSTRUCTED,constrained_tps
7.1375,15.7500,4.6323,181.292,400.050,117.661,True,0.6799,-0.006653,0.000030,RECONSTRUCTED,constrained_tps
7.3875,15.7500,4.6329,187.642,400.050,117.676,True,0.4299,,,RECONSTRUCTED,constrained_tps
7.6375,15.7500,4.6332,193.993,400.050,117.683,True,0.1799,,,RECONSTRUCTED,constrained_tps
-7.6125,16.0000,4.6381,-193.357,406.400,117.809,True,0.1798,,,RECONSTRUCTED,constrained_tps
-7.3625,16.0000,4.6378,-187.007,406.400,117.800,True,0.4298,,,RECONSTRUCTED,constrained_tps
-7.1125,16.0000,4.6372,-180.657,406.400,117.784,True,0.6798,-0.006059,0.000022,RECONSTRUCTED,constrained_tps
-6.8625,16.0000,4.6364,-174.307,406.400,117.765,True,0.9298,-0.005023,0.000008,RECONSTRUCTED,constrained_tps
-6.6125,16.0000,4.6356,-167.957,406.400,117.745,True,1.1798,-0.004240,-0.000000,RECONSTRUCTED,constrained_tps
-6.3625,16.0000,4.6348,-161.607,406.400,117.724,True,1.4298,-0.003634,-0.000005,RECONSTRUCTED,constrained_tps
-6.1125,16.0000,4.6340,-155.257,406.400,117.704,True,1.6798,-0.003157,-0.000008,RECONSTRUCTED,constrained_tps
-5.8625,16.0000,4.6333,-148.907,406.400,117.686,True,1.9298,-0.002780,-0.000010,RECONSTRUCTED,constrained_tps
-5.6125,16.0000,4.6326,-142.557,406.400,117.669,True,2.1798,-0.002481,-0.000011,RECONSTRUCTED,constrained_tps
-5.3625,16.0000,4.6320,-136.207,406.400,117.654,True,2.4298,-0.002242,-0.000010,RECONSTRUCTED,constrained_tps
-5.1125,16.0000,4.6315,-129.857,406.400,117.640,True,2.6798,-0.002052,-0.000009,RECONSTRUCTED,constrained_tps
-4.8625,16.0000,4.6310,-123.507,406.400,117.628,True,2.9298,-0.001899,-0.000008,RECONSTRUCTED,constrained_tps
-4.6125,16.0000,4.6306,-117.157,406.400,117.618,True,3.1798,-0.001775,-0.000007,RECONSTRUCTED,constrained_tps
-4.3625,16.0000,4.6303,-110.807,406.400,117.608,True,3.4298,-0.001673,-0.000006,RECONSTRUCTED,constrained_tps
-4.1125,16.0000,4.6299,-104.457,406.400,117.600,True,3.6798,-0.001589,-0.000005,RECONSTRUCTED,constrained_tps
-3.8625,16.0000,4.6296,-98.107,406.400,117.592,True,3.9298,-0.001517,-0.000004,RECONSTRUCTED,constrained_tps
-3.6125,16.0000,4.6293,-91.757,406.400,117.585,True,4.1798,-0.001455,-0.000003,RECONSTRUCTED,constrained_tps
-3.3625,16.0000,4.6291,-85.407,406.400,117.579,True,4.4298,-0.001399,-0.000002,RECONSTRUCTED,constrained_tps
-3.1125,16.0000,4.6288,-79.057,406.400,117.572,True,4.6798,-0.001349,-0.000002,RECONSTRUCTED,constrained_tps
-2.8625,16.0000,4.6286,-72.707,406.400,117.567,True,4.9298,-0.001303,-0.000001,RECONSTRUCTED,constrained_tps
-2.6125,16.0000,4.6284,-66.357,406.400,117.561,True,5.1798,-0.001260,-0.000001,RECONSTRUCTED,constrained_tps
-2.3625,16.0000,4.6282,-60.007,406.400,117.556,True,5.4298,-0.001220,-0.000001,RECONSTRUCTED,constrained_tps
-2.1125,16.0000,4.6280,-53.657,406.400,117.551,True,5.6798,-0.001184,-0.000001,RECONSTRUCTED,constrained_tps
-1.8625,16.0000,4.6278,-47.307,406.400,117.546,True,5.9298,-0.001151,-0.000001,RECONSTRUCTED,constrained_tps
-1.6125,16.0000,4.6277,-40.957,406.400,117.542,True,6.1798,-0.001122,-0.000001,RECONSTRUCTED,constrained_tps
-1.3625,16.0000,4.6275,-34.608,406.400,117.539,True,6.4298,-0.001097,-0.000001,RECONSTRUCTED,constrained_tps
-1.1125,16.0000,4.6274,-28.258,406.400,117.536,True,6.6798,-0.001075,-0.000001,RECONSTRUCTED,constrained_tps
-0.8625,16.0000,4.6273,-21.907,406.400,117.533,True,6.9298,-0.001058,-0.000001,RECONSTRUCTED,constrained_tps
-0.6125,16.0000,4.6272,-15.558,406.400,117.531,True,7.1798,-0.001045,-0.000001,RECONSTRUCTED,constrained_tps
-0.3625,16.0000,4.6272,-9.207,406.400,117.530,True,7.4298,-0.001036,-0.000001,RECONSTRUCTED,constrained_tps
-0.1125,16.0000,4.6271,-2.857,406.400,117.529,True,7.6798,-0.001031,-0.000001,RECONSTRUCTED,constrained_tps
0.1375,16.0000,4.6271,3.493,406.400,117.529,True,7.6548,-0.001031,-0.000001,RECONSTRUCTED,constrained_tps
0.3875,16.0000,4.6272,9.842,406.400,117.530,True,7.4048,-0.001035,-0.000001,RECONSTRUCTED,constrained_tps
0.6375,16.0000,4.6272,16.192,406.400,117.531,True,7.1548,-0.001044,-0.000001,RECONSTRUCTED,constrained_tps
0.8875,16.0000,4.6273,22.542,406.400,117.533,True,6.9048,-0.001056,-0.000001,RECONSTRUCTED,constrained_tps
1.1375,16.0000,4.6274,28.892,406.400,117.535,True,6.6548,-0.001073,-0.000001,RECONSTRUCTED,constrained_tps
1.3875,16.0000,4.6275,35.242,406.400,117.538,True,6.4048,-0.001094,-0.000001,RECONSTRUCTED,constrained_tps
1.6375,16.0000,4.6276,41.592,406.400,117.541,True,6.1548,-0.001119,-0.000001,RECONSTRUCTED,constrained_tps
1.8875,16.0000,4.6278,47.942,406.400,117.545,True,5.9048,-0.001147,-0.000001,RECONSTRUCTED,constrained_tps
2.1375,16.0000,4.6279,54.293,406.400,117.549,True,5.6548,-0.001179,-0.000001,RECONSTRUCTED,constrained_tps
2.3875,16.0000,4.6281,60.642,406.400,117.554,True,5.4048,-0.001215,-0.000001,RECONSTRUCTED,constrained_tps
2.6375,16.0000,4.6283,66.993,406.400,117.559,True,5.1548,-0.001254,-0.000001,RECONSTRUCTED,constrained_tps
2.8875,16.0000,4.6285,73.343,406.400,117.564,True,4.9048,-0.001296,-0.000001,RECONSTRUCTED,constrained_tps
3.1375,16.0000,4.6287,79.692,406.400,117.570,True,4.6548,-0.001342,-0.000002,RECONSTRUCTED,constrained_tps
3.3875,16.0000,4.6290,86.043,406.400,117.576,True,4.4048,-0.001392,-0.000002,RECONSTRUCTED,constrained_tps
3.6375,16.0000,4.6292,92.392,406.400,117.583,True,4.1548,-0.001448,-0.000003,RECONSTRUCTED,constrained_tps
3.8875,16.0000,4.6295,98.742,406.400,117.590,True,3.9048,-0.001510,-0.000004,RECONSTRUCTED,constrained_tps
4.1375,16.0000,4.6298,105.093,406.400,117.598,True,3.6548,-0.001583,-0.000005,RECONSTRUCTED,constrained_tps
4.3875,16.0000,4.6302,111.442,406.400,117.606,True,3.4048,-0.001669,-0.000006,RECONSTRUCTED,constrained_tps
4.6375,16.0000,4.6305,117.793,406.400,117.616,True,3.1548,-0.001772,-0.000007,RECONSTRUCTED,constrained_tps
4.8875,16.0000,4.6310,124.142,406.400,117.626,True,2.9048,-0.001899,-0.000009,RECONSTRUCTED,constrained_tps
5.1375,16.0000,4.6314,130.493,406.400,117.639,True,2.6548,-0.002056,-0.000010,RECONSTRUCTED,constrained_tps
5.3875,16.0000,4.6320,136.843,406.400,117.652,True,2.4048,-0.002252,-0.000010,RECONSTRUCTED,constrained_tps
5.6375,16.0000,4.6326,143.192,406.400,117.668,True,2.1548,-0.002497,-0.000011,RECONSTRUCTED,constrained_tps
5.8875,16.0000,4.6333,149.542,406.400,117.685,True,1.9048,-0.002804,-0.000010,RECONSTRUCTED,constrained_tps
6.1375,16.0000,4.6340,155.892,406.400,117.704,True,1.6548,-0.003191,-0.000008,RECONSTRUCTED,constrained_tps
6.3875,16.0000,4.6348,162.243,406.400,117.724,True,1.4048,-0.003680,-0.000005,RECONSTRUCTED,constrained_tps
6.6375,16.0000,4.6356,168.593,406.400,117.745,True,1.1548,-0.004303,0.000001,RECONSTRUCTED,constrained_tps
6.8875,16.0000,4.6365,174.942,406.400,117.766,True,0.9048,-0.005108,0.000010,RECONSTRUCTED,constrained_tps
7.1375,16.0000,4.6372,181.292,406.400,117.785,True,0.6548,-0.006178,0.000024,RECONSTRUCTED,constrained_tps
7.3875,16.0000,4.6378,187.642,406.400,117.800,True,0.4048,,,RECONSTRUCTED,constrained_tps
7.6375,16.0000,4.6381,193.993,406.400,117.809,True,0.1548,,,RECONSTRUCTED,constrained_tps
-7.6125,16.2500,4.6423,-193.357,412.750,117.915,True,0.1497,,,RECONSTRUCTED,constrained_tps
-7.3625,16.2500,4.6420,-187.007,412.750,117.907,True,0.3997,,,RECONSTRUCTED,constrained_tps
-7.1125,16.2500,4.6414,-180.657,412.750,117.892,True,0.6497,-0.005287,0.000016,RECONSTRUCTED,constrained_tps
-6.8625,16.2500,4.6407,-174.307,412.750,117.875,True,0.8997,-0.004367,0.000004,RECONSTRUCTED,constrained_tps
-6.6125,16.2500,4.6400,-167.957,412.750,117.857,True,1.1497,-0.003656,-0.000004,RECONSTRUCTED,constrained_tps
-6.3625,16.2500,4.6393,-161.607,412.750,117.839,True,1.3997,-0.003107,-0.000009,RECONSTRUCTED,constrained_tps
-6.1125,16.2500,4.6387,-155.257,412.750,117.822,True,1.6497,-0.002684,-0.000012,RECONSTRUCTED,constrained_tps
-5.8625,16.2500,4.6381,-148.907,412.750,117.807,True,1.8997,-0.002357,-0.000013,RECONSTRUCTED,constrained_tps
-5.6125,16.2500,4.6375,-142.557,412.750,117.793,True,2.1497,-0.002105,-0.000013,RECONSTRUCTED,constrained_tps
-5.3625,16.2500,4.6371,-136.207,412.750,117.782,True,2.3997,-0.001910,-0.000012,RECONSTRUCTED,constrained_tps
-5.1125,16.2500,4.6367,-129.857,412.750,117.772,True,2.6497,-0.001760,-0.000011,RECONSTRUCTED,constrained_tps
-4.8625,16.2500,4.6364,-123.507,412.750,117.764,True,2.8997,-0.001644,-0.000009,RECONSTRUCTED,constrained_tps
-4.6125,16.2500,4.6361,-117.157,412.750,117.757,True,3.1497,-0.001554,-0.000008,RECONSTRUCTED,constrained_tps
-4.3625,16.2500,4.6359,-110.807,412.750,117.751,True,3.3997,-0.001481,-0.000006,RECONSTRUCTED,constrained_tps
-4.1125,16.2500,4.6357,-104.457,412.750,117.746,True,3.6497,-0.001422,-0.000005,RECONSTRUCTED,constrained_tps
-3.8625,16.2500,4.6355,-98.107,412.750,117.741,True,3.8997,-0.001371,-0.000003,RECONSTRUCTED,constrained_tps
-3.6125,16.2500,4.6353,-91.757,412.750,117.736,True,4.1497,-0.001325,-0.000002,RECONSTRUCTED,constrained_tps
-3.3625,16.2500,4.6351,-85.407,412.750,117.732,True,4.3997,-0.001283,-0.000002,RECONSTRUCTED,constrained_tps
-3.1125,16.2500,4.6349,-79.057,412.750,117.727,True,4.6497,-0.001242,-0.000001,RECONSTRUCTED,constrained_tps
-2.8625,16.2500,4.6347,-72.707,412.750,117.723,True,4.8997,-0.001203,-0.000001,RECONSTRUCTED,constrained_tps
-2.6125,16.2500,4.6346,-66.357,412.750,117.718,True,5.1497,-0.001165,-0.000001,RECONSTRUCTED,constrained_tps
-2.3625,16.2500,4.6344,-60.007,412.750,117.714,True,5.3997,-0.001129,-0.000001,RECONSTRUCTED,constrained_tps
-2.1125,16.2500,4.6342,-53.657,412.750,117.710,True,5.6497,-0.001095,-0.000001,RECONSTRUCTED,constrained_tps
-1.8625,16.2500,4.6341,-47.307,412.750,117.706,True,5.8997,-0.001063,-0.000001,RECONSTRUCTED,constrained_tps
-1.6125,16.2500,4.6340,-40.957,412.750,117.702,True,6.1497,-0.001035,-0.000001,RECONSTRUCTED,constrained_tps
-1.3625,16.2500,4.6338,-34.608,412.750,117.699,True,6.3997,-0.001009,-0.000001,RECONSTRUCTED,constrained_tps
-1.1125,16.2500,4.6337,-28.258,412.750,117.696,True,6.6497,-0.000988,-0.000001,RECONSTRUCTED,constrained_tps
-0.8625,16.2500,4.6336,-21.907,412.750,117.694,True,6.8997,-0.000971,-0.000001,RECONSTRUCTED,constrained_tps
-0.6125,16.2500,4.6336,-15.558,412.750,117.692,True,7.1497,-0.000957,-0.000001,RECONSTRUCTED,constrained_tps
-0.3625,16.2500,4.6335,-9.207,412.750,117.691,True,7.3997,-0.000948,-0.000001,RECONSTRUCTED,constrained_tps
-0.1125,16.2500,4.6335,-2.857,412.750,117.690,True,7.6497,-0.000944,-0.000001,RECONSTRUCTED,constrained_tps
0.1375,16.2500,4.6335,3.493,412.750,117.690,True,7.6247,-0.000943,-0.000001,RECONSTRUCTED,constrained_tps
0.3875,16.2500,4.6335,9.842,412.750,117.691,True,7.3747,-0.000947,-0.000001,RECONSTRUCTED,constrained_tps
0.6375,16.2500,4.6335,16.192,412.750,117.692,True,7.1247,-0.000956,-0.000001,RECONSTRUCTED,constrained_tps
0.8875,16.2500,4.6336,22.542,412.750,117.693,True,6.8747,-0.000969,-0.000001,RECONSTRUCTED,constrained_tps
1.1375,16.2500,4.6337,28.892,412.750,117.695,True,6.6247,-0.000985,-0.000001,RECONSTRUCTED,constrained_tps
1.3875,16.2500,4.6338,35.242,412.750,117.698,True,6.3747,-0.001006,-0.000001,RECONSTRUCTED,constrained_tps
1.6375,16.2500,4.6339,41.592,412.750,117.701,True,6.1247,-0.001031,-0.000001,RECONSTRUCTED,constrained_tps
1.8875,16.2500,4.6340,47.942,412.750,117.704,True,5.8747,-0.001059,-0.000001,RECONSTRUCTED,constrained_tps
2.1375,16.2500,4.6342,54.293,412.750,117.708,True,5.6247,-0.001090,-0.000001,RECONSTRUCTED,constrained_tps
2.3875,16.2500,4.6343,60.642,412.750,117.712,True,5.3747,-0.001123,-0.000001,RECONSTRUCTED,constrained_tps
2.6375,16.2500,4.6345,66.993,412.750,117.716,True,5.1247,-0.001158,-0.000001,RECONSTRUCTED,constrained_tps
2.8875,16.2500,4.6347,73.343,412.750,117.720,True,4.8747,-0.001195,-0.000001,RECONSTRUCTED,constrained_tps
3.1375,16.2500,4.6348,79.692,412.750,117.724,True,4.6247,-0.001233,-0.000001,RECONSTRUCTED,constrained_tps
3.3875,16.2500,4.6350,86.043,412.750,117.729,True,4.3747,-0.001273,-0.000002,RECONSTRUCTED,constrained_tps
3.6375,16.2500,4.6352,92.392,412.750,117.733,True,4.1247,-0.001315,-0.000003,RECONSTRUCTED,constrained_tps
3.8875,16.2500,4.6353,98.742,412.750,117.738,True,3.8747,-0.001361,-0.000004,RECONSTRUCTED,constrained_tps
4.1375,16.2500,4.6355,105.093,412.750,117.743,True,3.6247,-0.001412,-0.000005,RECONSTRUCTED,constrained_tps
4.3875,16.2500,4.6358,111.442,412.750,117.748,True,3.3747,-0.001473,-0.000006,RECONSTRUCTED,constrained_tps
4.6375,16.2500,4.6360,117.793,412.750,117.754,True,3.1247,-0.001547,-0.000008,RECONSTRUCTED,constrained_tps
4.8875,16.2500,4.6363,124.142,412.750,117.762,True,2.8747,-0.001640,-0.000009,RECONSTRUCTED,constrained_tps
5.1375,16.2500,4.6366,130.493,412.750,117.770,True,2.6247,-0.001759,-0.000011,RECONSTRUCTED,constrained_tps
5.3875,16.2500,4.6370,136.843,412.750,117.780,True,2.3747,-0.001914,-0.000012,RECONSTRUCTED,constrained_tps
5.6375,16.2500,4.6375,143.192,412.750,117.792,True,2.1247,-0.002114,-0.000013,RECONSTRUCTED,constrained_tps
5.8875,16.2500,4.6380,149.542,412.750,117.806,True,1.8747,-0.002374,-0.000013,RECONSTRUCTED,constrained_tps
6.1375,16.2500,4.6386,155.892,412.750,117.821,True,1.6247,-0.002711,-0.000011,RECONSTRUCTED,constrained_tps
6.3875,16.2500,4.6393,162.243,412.750,117.839,True,1.3747,-0.003147,-0.000009,RECONSTRUCTED,constrained_tps
6.6375,16.2500,4.6400,168.593,412.750,117.857,True,1.1247,-0.003712,-0.000004,RECONSTRUCTED,constrained_tps
6.8875,16.2500,4.6408,174.942,412.750,117.876,True,0.8747,-0.004442,0.000005,RECONSTRUCTED,constrained_tps
7.1375,16.2500,4.6415,181.292,412.750,117.893,True,0.6247,-0.005388,0.000018,RECONSTRUCTED,constrained_tps
7.3875,16.2500,4.6420,187.642,412.750,117.907,True,0.3747,,,RECONSTRUCTED,constrained_tps
7.6375,16.2500,4.6423,193.993,412.750,117.915,True,0.1247,,,RIM_BOUNDARY,constrained_tps
-7.6125,16.5000,4.6460,-193.357,419.100,118.007,True,0.1084,,,RIM_BOUNDARY,constrained_tps
-7.3625,16.5000,4.6457,-187.007,419.100,118.000,True,0.3584,,,RECONSTRUCTED,constrained_tps
-7.1125,16.5000,4.6452,-180.657,419.100,117.987,True,0.6084,-0.004221,0.000009,RECONSTRUCTED,constrained_tps
-6.8625,16.5000,4.6446,-174.307,419.100,117.972,True,0.8584,-0.003504,-0.000001,RECONSTRUCTED,constrained_tps
-6.6125,16.5000,4.6440,-167.957,419.100,117.957,True,1.1084,-0.002916,-0.000008,RECONSTRUCTED,constrained_tps
-6.3625,16.5000,4.6434,-161.607,419.100,117.942,True,1.3584,-0.002462,-0.000012,RECONSTRUCTED,constrained_tps
-6.1125,16.5000,4.6429,-155.257,419.100,117.929,True,1.6084,-0.002118,-0.000014,RECONSTRUCTED,constrained_tps
-5.8625,16.5000,4.6425,-148.907,419.100,117.918,True,1.8584,-0.001862,-0.000015,RECONSTRUCTED,constrained_tps
-5.6125,16.5000,4.6421,-142.557,419.100,117.910,True,2.1084,-0.001673,-0.000014,RECONSTRUCTED,constrained_tps
-5.3625,16.5000,4.6418,-136.207,419.100,117.903,True,2.3584,-0.001535,-0.000013,RECONSTRUCTED,constrained_tps
-5.1125,16.5000,4.6416,-129.857,419.100,117.897,True,2.6084,-0.001437,-0.000012,RECONSTRUCTED,constrained_tps
-4.8625,16.5000,4.6415,-123.507,419.100,117.893,True,2.8584,-0.001366,-0.000010,RECONSTRUCTED,constrained_tps
-4.6125,16.5000,4.6414,-117.157,419.100,117.891,True,3.1084,-0.001316,-0.000008,RECONSTRUCTED,constrained_tps
-4.3625,16.5000,4.6413,-110.807,419.100,117.888,True,3.3584,-0.001278,-0.000006,RECONSTRUCTED,constrained_tps
-4.1125,16.5000,4.6412,-104.457,419.100,117.886,True,3.6084,-0.001247,-0.000005,RECONSTRUCTED,constrained_tps
-3.8625,16.5000,4.6411,-98.107,419.100,117.884,True,3.8584,-0.001220,-0.000003,RECONSTRUCTED,constrained_tps
-3.6125,16.5000,4.6410,-91.757,419.100,117.882,True,4.1084,-0.001193,-0.000002,RECONSTRUCTED,constrained_tps
-3.3625,16.5000,4.6410,-85.407,419.100,117.880,True,4.3584,-0.001165,-0.000001,RECONSTRUCTED,constrained_tps
-3.1125,16.5000,4.6409,-79.057,419.100,117.878,True,4.6084,-0.001135,-0.000001,RECONSTRUCTED,constrained_tps
-2.8625,16.5000,4.6407,-72.707,419.100,117.875,True,4.8584,-0.001103,-0.000001,RECONSTRUCTED,constrained_tps
-2.6125,16.5000,4.6406,-66.357,419.100,117.872,True,5.1084,-0.001069,-0.000000,RECONSTRUCTED,constrained_tps
-2.3625,16.5000,4.6405,-60.007,419.100,117.868,True,5.3584,-0.001036,-0.000000,RECONSTRUCTED,constrained_tps
-2.1125,16.5000,4.6404,-53.657,419.100,117.865,True,5.6084,-0.001003,-0.000000,RECONSTRUCTED,constrained_tps
-1.8625,16.5000,4.6402,-47.307,419.100,117.862,True,5.8584,-0.000972,-0.000000,RECONSTRUCTED,constrained_tps
-1.6125,16.5000,4.6401,-40.957,419.100,117.859,True,6.1084,-0.000944,-0.000000,RECONSTRUCTED,constrained_tps
-1.3625,16.5000,4.6400,-34.608,419.100,117.856,True,6.3584,-0.000918,-0.000000,RECONSTRUCTED,constrained_tps
-1.1125,16.5000,4.6399,-28.258,419.100,117.853,True,6.6084,-0.000897,-0.000001,RECONSTRUCTED,constrained_tps
-0.8625,16.5000,4.6398,-21.907,419.100,117.851,True,6.8584,-0.000879,-0.000001,RECONSTRUCTED,constrained_tps
-0.6125,16.5000,4.6398,-15.558,419.100,117.850,True,7.1084,-0.000865,-0.000001,RECONSTRUCTED,constrained_tps
-0.3625,16.5000,4.6397,-9.207,419.100,117.849,True,7.3584,-0.000856,-0.000001,RECONSTRUCTED,constrained_tps
-0.1125,16.5000,4.6397,-2.857,419.100,117.848,True,7.6084,-0.000852,-0.000001,RECONSTRUCTED,constrained_tps
0.1375,16.5000,4.6397,3.493,419.100,117.848,True,7.5834,-0.000851,-0.000001,RECONSTRUCTED,constrained_tps
0.3875,16.5000,4.6397,9.842,419.100,117.848,True,7.3334,-0.000855,-0.000001,RECONSTRUCTED,constrained_tps
0.6375,16.5000,4.6397,16.192,419.100,117.849,True,7.0834,-0.000864,-0.000001,RECONSTRUCTED,constrained_tps
0.8875,16.5000,4.6398,22.542,419.100,117.851,True,6.8334,-0.000877,-0.000001,RECONSTRUCTED,constrained_tps
1.1375,16.5000,4.6399,28.892,419.100,117.852,True,6.5834,-0.000894,-0.000001,RECONSTRUCTED,constrained_tps
1.3875,16.5000,4.6399,35.242,419.100,117.855,True,6.3334,-0.000915,-0.000000,RECONSTRUCTED,constrained_tps
1.6375,16.5000,4.6400,41.592,419.100,117.857,True,6.0834,-0.000939,-0.000000,RECONSTRUCTED,constrained_tps
1.8875,16.5000,4.6402,47.942,419.100,117.860,True,5.8334,-0.000967,-0.000000,RECONSTRUCTED,constrained_tps
2.1375,16.5000,4.6403,54.293,419.100,117.863,True,5.5834,-0.000997,-0.000000,RECONSTRUCTED,constrained_tps
2.3875,16.5000,4.6404,60.642,419.100,117.866,True,5.3334,-0.001029,-0.000000,RECONSTRUCTED,constrained_tps
2.6375,16.5000,4.6405,66.993,419.100,117.869,True,5.0834,-0.001061,-0.000000,RECONSTRUCTED,constrained_tps
2.8875,16.5000,4.6406,73.343,419.100,117.872,True,4.8334,-0.001093,-0.000001,RECONSTRUCTED,constrained_tps
3.1375,16.5000,4.6407,79.692,419.100,117.875,True,4.5834,-0.001124,-0.000001,RECONSTRUCTED,constrained_tps
3.3875,16.5000,4.6408,86.043,419.100,117.877,True,4.3334,-0.001153,-0.000002,RECONSTRUCTED,constrained_tps
3.6375,16.5000,4.6409,92.392,419.100,117.879,True,4.0834,-0.001180,-0.000002,RECONSTRUCTED,constrained_tps
3.8875,16.5000,4.6410,98.742,419.100,117.881,True,3.8334,-0.001206,-0.000004,RECONSTRUCTED,constrained_tps
4.1375,16.5000,4.6411,105.093,419.100,117.883,True,3.5834,-0.001233,-0.000005,RECONSTRUCTED,constrained_tps
4.3875,16.5000,4.6411,111.442,419.100,117.885,True,3.3334,-0.001264,-0.000007,RECONSTRUCTED,constrained_tps
4.6375,16.5000,4.6412,117.793,419.100,117.887,True,3.0834,-0.001303,-0.000008,RECONSTRUCTED,constrained_tps
4.8875,16.5000,4.6414,124.142,419.100,117.891,True,2.8334,-0.001356,-0.000010,RECONSTRUCTED,constrained_tps
5.1375,16.5000,4.6415,130.493,419.100,117.895,True,2.5834,-0.001429,-0.000012,RECONSTRUCTED,constrained_tps
5.3875,16.5000,4.6417,136.843,419.100,117.900,True,2.3334,-0.001532,-0.000014,RECONSTRUCTED,constrained_tps
5.6375,16.5000,4.6420,143.192,419.100,117.908,True,2.0834,-0.001675,-0.000015,RECONSTRUCTED,constrained_tps
5.8875,16.5000,4.6424,149.542,419.100,117.917,True,1.8334,-0.001872,-0.000015,RECONSTRUCTED,constrained_tps
6.1375,16.5000,4.6429,155.892,419.100,117.929,True,1.5834,-0.002137,-0.000014,RECONSTRUCTED,constrained_tps
6.3875,16.5000,4.6434,162.243,419.100,117.942,True,1.3334,-0.002493,-0.000012,RECONSTRUCTED,constrained_tps
6.6375,16.5000,4.6440,168.593,419.100,117.957,True,1.0834,-0.002961,-0.000007,RECONSTRUCTED,constrained_tps
6.8875,16.5000,4.6446,174.942,419.100,117.973,True,0.8334,-0.003564,-0.000000,RECONSTRUCTED,constrained_tps
7.1375,16.5000,4.6452,181.292,419.100,117.988,True,0.5834,-0.004287,0.000010,RECONSTRUCTED,constrained_tps
7.3875,16.5000,4.6457,187.642,419.100,118.000,True,0.3334,,,RECONSTRUCTED,constrained_tps
7.6375,16.5000,4.6460,193.993,419.100,118.008,True,0.0834,,,RIM_BOUNDARY,constrained_tps
-7.6125,16.7500,4.6492,-193.357,425.450,118.090,True,0.0594,,,RIM_BOUNDARY,constrained_tps
-7.3625,16.7500,4.6489,-187.007,425.450,118.082,True,0.3094,,,RECONSTRUCTED,constrained_tps
-7.1125,16.7500,4.6485,-180.657,425.450,118.071,True,0.5594,-0.002967,0.000002,RECONSTRUCTED,constrained_tps
-6.8625,16.7500,4.6480,-174.307,425.450,118.059,True,0.8094,-0.002476,-0.000005,RECONSTRUCTED,constrained_tps
-6.6125,16.7500,4.6475,-167.957,425.450,118.047,True,1.0594,-0.002039,-0.000011,RECONSTRUCTED,constrained_tps
-6.3625,16.7500,4.6471,-161.607,425.450,118.037,True,1.3094,-0.001708,-0.000014,RECONSTRUCTED,constrained_tps
-6.1125,16.7500,4.6468,-155.257,425.450,118.028,True,1.5594,-0.001468,-0.000016,RECONSTRUCTED,constrained_tps
-5.8625,16.7500,4.6465,-148.907,425.450,118.022,True,1.8094,-0.001302,-0.000016,RECONSTRUCTED,constrained_tps
-5.6125,16.7500,4.6464,-142.557,425.450,118.018,True,2.0594,-0.001191,-0.000016,RECONSTRUCTED,constrained_tps
-5.3625,16.7500,4.6463,-136.207,425.450,118.017,True,2.3094,-0.001123,-0.000015,RECONSTRUCTED,constrained_tps
-5.1125,16.7500,4.6463,-129.857,425.450,118.016,True,2.5594,-0.001086,-0.000013,RECONSTRUCTED,constrained_tps
-4.8625,16.7500,4.6464,-123.507,425.450,118.017,True,2.8094,-0.001070,-0.000011,RECONSTRUCTED,constrained_tps
-4.6125,16.7500,4.6464,-117.157,425.450,118.019,True,3.0594,-0.001066,-0.000009,RECONSTRUCTED,constrained_tps
-4.3625,16.7500,4.6465,-110.807,425.450,118.021,True,3.3094,-0.001068,-0.000007,RECONSTRUCTED,constrained_tps
-4.1125,16.7500,4.6466,-104.457,425.450,118.023,True,3.5594,-0.001071,-0.000005,RECONSTRUCTED,constrained_tps
-3.8625,16.7500,4.6466,-98.107,425.450,118.024,True,3.8094,-0.001070,-0.000003,RECONSTRUCTED,constrained_tps
-3.6125,16.7500,4.6467,-91.757,425.450,118.025,True,4.0594,-0.001063,-0.000002,RECONSTRUCTED,constrained_tps
-3.3625,16.7500,4.6467,-85.407,425.450,118.025,True,4.3094,-0.001050,-0.000001,RECONSTRUCTED,constrained_tps
-3.1125,16.7500,4.6466,-79.057,425.450,118.025,True,4.5594,-0.001029,-0.000001,RECONSTRUCTED,constrained_tps
-2.8625,16.7500,4.6466,-72.707,425.450,118.024,True,4.8094,-0.001004,-0.000000,RECONSTRUCTED,constrained_tps
-2.6125,16.7500,4.6465,-66.357,425.450,118.022,True,5.0594,-0.000974,-0.000000,RECONSTRUCTED,constrained_tps
-2.3625,16.7500,4.6464,-60.007,425.450,118.020,True,5.3094,-0.000942,-0.000000,RECONSTRUCTED,constrained_tps
-2.1125,16.7500,4.6463,-53.657,425.450,118.017,True,5.5594,-0.000910,-0.000000,RECONSTRUCTED,constrained_tps
-1.8625,16.7500,4.6462,-47.307,425.450,118.014,True,5.8094,-0.000878,-0.000000,RECONSTRUCTED,constrained_tps
-1.6125,16.7500,4.6461,-40.957,425.450,118.012,True,6.0594,-0.000849,-0.000000,RECONSTRUCTED,constrained_tps
-1.3625,16.7500,4.6460,-34.608,425.450,118.009,True,6.3094,-0.000823,-0.000000,RECONSTRUCTED,constrained_tps
-1.1125,16.7500,4.6460,-28.258,425.450,118.007,True,6.5594,-0.000801,-0.000000,RECONSTRUCTED,constrained_tps
-0.8625,16.7500,4.6459,-21.907,425.450,118.005,True,6.8094,-0.000783,-0.000000,RECONSTRUCTED,constrained_tps
-0.6125,16.7500,4.6458,-15.558,425.450,118.004,True,7.0594,-0.000769,-0.000000,RECONSTRUCTED,constrained_tps
-0.3625,16.7500,4.6458,-9.207,425.450,118.003,True,7.3094,-0.000760,-0.000001,RECONSTRUCTED,constrained_tps
-0.1125,16.7500,4.6458,-2.857,425.450,118.002,True,7.5594,-0.000755,-0.000001,RECONSTRUCTED,constrained_tps
0.1375,16.7500,4.6458,3.493,425.450,118.002,True,7.5343,-0.000755,-0.000001,RECONSTRUCTED,constrained_tps
0.3875,16.7500,4.6458,9.842,425.450,118.002,True,7.2843,-0.000759,-0.000001,RECONSTRUCTED,constrained_tps
0.6375,16.7500,4.6458,16.192,425.450,118.003,True,7.0343,-0.000768,-0.000000,RECONSTRUCTED,constrained_tps
0.8875,16.7500,4.6458,22.542,425.450,118.005,True,6.7843,-0.000781,-0.000000,RECONSTRUCTED,constrained_tps
1.1375,16.7500,4.6459,28.892,425.450,118.006,True,6.5343,-0.000798,-0.000000,RECONSTRUCTED,constrained_tps
1.3875,16.7500,4.6460,35.242,425.450,118.008,True,6.2843,-0.000820,-0.000000,RECONSTRUCTED,constrained_tps
1.6375,16.7500,4.6461,41.592,425.450,118.010,True,6.0343,-0.000845,-0.000000,RECONSTRUCTED,constrained_tps
1.8875,16.7500,4.6462,47.942,425.450,118.013,True,5.7843,-0.000873,-0.000000,RECONSTRUCTED,constrained_tps
2.1375,16.7500,4.6463,54.293,425.450,118.015,True,5.5343,-0.000903,-0.000000,RECONSTRUCTED,constrained_tps
2.3875,16.7500,4.6463,60.642,425.450,118.017,True,5.2843,-0.000934,-0.000000,RECONSTRUCTED,constrained_tps
2.6375,16.7500,4.6464,66.993,425.450,118.019,True,5.0343,-0.000964,-0.000000,RECONSTRUCTED,constrained_tps
2.8875,16.7500,4.6465,73.343,425.450,118.021,True,4.7843,-0.000992,-0.000000,RECONSTRUCTED,constrained_tps
3.1375,16.7500,4.6465,79.692,425.450,118.022,True,4.5343,-0.001016,-0.000001,RECONSTRUCTED,constrained_tps
3.3875,16.7500,4.6465,86.043,425.450,118.022,True,4.2843,-0.001035,-0.000001,RECONSTRUCTED,constrained_tps
3.6375,16.7500,4.6465,92.392,425.450,118.022,True,4.0343,-0.001046,-0.000002,RECONSTRUCTED,constrained_tps
3.8875,16.7500,4.6465,98.742,425.450,118.021,True,3.7843,-0.001052,-0.000004,RECONSTRUCTED,constrained_tps
4.1375,16.7500,4.6464,105.093,425.450,118.019,True,3.5343,-0.001052,-0.000005,RECONSTRUCTED,constrained_tps
4.3875,16.7500,4.6464,111.442,425.450,118.017,True,3.2843,-0.001049,-0.000007,RECONSTRUCTED,constrained_tps
4.6375,16.7500,4.6463,117.793,425.450,118.015,True,3.0343,-0.001047,-0.000009,RECONSTRUCTED,constrained_tps
4.8875,16.7500,4.6462,124.142,425.450,118.014,True,2.7843,-0.001052,-0.000011,RECONSTRUCTED,constrained_tps
5.1375,16.7500,4.6462,130.493,425.450,118.013,True,2.5343,-0.001071,-0.000013,RECONSTRUCTED,constrained_tps
5.3875,16.7500,4.6462,136.843,425.450,118.014,True,2.2843,-0.001112,-0.000015,RECONSTRUCTED,constrained_tps
5.6375,16.7500,4.6463,143.192,425.450,118.016,True,2.0343,-0.001185,-0.000016,RECONSTRUCTED,constrained_tps
5.8875,16.7500,4.6465,149.542,425.450,118.020,True,1.7843,-0.001302,-0.000016,RECONSTRUCTED,constrained_tps
6.1375,16.7500,4.6467,155.892,425.450,118.027,True,1.5343,-0.001477,-0.000016,RECONSTRUCTED,constrained_tps
6.3875,16.7500,4.6471,162.243,425.450,118.036,True,1.2843,-0.001726,-0.000014,RECONSTRUCTED,constrained_tps
6.6375,16.7500,4.6475,168.593,425.450,118.047,True,1.0343,-0.002069,-0.000010,RECONSTRUCTED,constrained_tps
6.8875,16.7500,4.6480,174.942,425.450,118.059,True,0.7843,-0.002519,-0.000004,RECONSTRUCTED,constrained_tps
7.1375,16.7500,4.6485,181.292,425.450,118.071,True,0.5343,-0.003001,0.000003,RECONSTRUCTED,constrained_tps
7.3875,16.7500,4.6489,187.642,425.450,118.082,True,0.2843,,,RECONSTRUCTED,constrained_tps
7.6375,16.7500,4.6492,193.993,425.450,118.090,True,0.0343,,,RIM_BOUNDARY,constrained_tps
-7.3625,17.0000,4.6518,-187.007,431.800,118.156,True,0.2491,,,RECONSTRUCTED,constrained_tps
-7.1125,17.0000,4.6514,-180.657,431.800,118.146,True,0.4991,,,RECONSTRUCTED,constrained_tps
-6.8625,17.0000,4.6511,-174.307,431.800,118.137,True,0.7491,-0.001316,-0.000007,RECONSTRUCTED,constrained_tps
-6.6125,17.0000,4.6508,-167.957,431.800,118.129,True,0.9991,-0.001049,-0.000012,RECONSTRUCTED,constrained_tps
-6.3625,17.0000,4.6505,-161.607,431.800,118.123,True,1.2491,-0.000863,-0.000015,RECONSTRUCTED,constrained_tps
-6.1125,17.0000,4.6504,-155.257,431.800,118.120,True,1.4991,-0.000747,-0.000017,RECONSTRUCTED,constrained_tps
-5.8625,17.0000,4.6504,-148.907,431.800,118.120,True,1.7491,-0.000686,-0.000017,RECONSTRUCTED,constrained_tps
-5.6125,17.0000,4.6505,-142.557,431.800,118.121,True,1.9991,-0.000668,-0.000017,RECONSTRUCTED,constrained_tps
-5.3625,17.0000,4.6506,-136.207,431.800,118.125,True,2.2491,-0.000681,-0.000016,RECONSTRUCTED,constrained_tps
-5.1125,17.0000,4.6508,-129.857,431.800,118.131,True,2.4991,-0.000716,-0.000014,RECONSTRUCTED,constrained_tps
-4.8625,17.0000,4.6511,-123.507,431.800,118.137,True,2.7491,-0.000762,-0.000012,RECONSTRUCTED,constrained_tps
-4.6125,17.0000,4.6513,-117.157,431.800,118.144,True,2.9991,-0.000812,-0.000010,RECONSTRUCTED,constrained_tps
-4.3625,17.0000,4.6516,-110.807,431.800,118.151,True,3.2491,-0.000860,-0.000007,RECONSTRUCTED,constrained_tps
-4.1125,17.0000,4.6518,-104.457,431.800,118.157,True,3.4991,-0.000899,-0.000005,RECONSTRUCTED,constrained_tps
-3.8625,17.0000,4.6520,-98.107,431.800,118.162,True,3.7491,-0.000927,-0.000003,RECONSTRUCTED,constrained_tps
-3.6125,17.0000,4.6522,-91.757,431.800,118.165,True,3.9991,-0.000941,-0.000002,RECONSTRUCTED,constrained_tps
-3.3625,17.0000,4.6523,-85.407,431.800,118.168,True,4.2491,-0.000941,-0.000001,RECONSTRUCTED,constrained_tps
-3.1125,17.0000,4.6523,-79.057,431.800,118.169,True,4.4991,-0.000930,-0.000000,RECONSTRUCTED,constrained_tps
-2.8625,17.0000,4.6524,-72.707,431.800,118.170,True,4.7491,-0.000908,-0.000000,RECONSTRUCTED,constrained_tps
-2.6125,17.0000,4.6523,-66.357,431.800,118.169,True,4.9991,-0.000880,0.000000,RECONSTRUCTED,constrained_tps
-2.3625,17.0000,4.6523,-60.007,431.800,118.168,True,5.2491,-0.000848,0.000000,RECONSTRUCTED,constrained_tps
-2.1125,17.0000,4.6522,-53.657,431.800,118.166,True,5.4991,-0.000814,0.000000,RECONSTRUCTED,constrained_tps
-1.8625,17.0000,4.6521,-47.307,431.800,118.164,True,5.7491,-0.000782,0.000000,RECONSTRUCTED,constrained_tps
-1.6125,17.0000,4.6521,-40.957,431.800,118.162,True,5.9991,-0.000752,-0.000000,RECONSTRUCTED,constrained_tps
-1.3625,17.0000,4.6520,-34.608,431.800,118.160,True,6.2491,-0.000725,-0.000000,RECONSTRUCTED,constrained_tps
-1.1125,17.0000,4.6519,-28.258,431.800,118.158,True,6.4991,-0.000701,-0.000000,RECONSTRUCTED,constrained_tps
-0.8625,17.0000,4.6518,-21.907,431.800,118.157,True,6.7491,-0.000683,-0.000000,RECONSTRUCTED,constrained_tps
-0.6125,17.0000,4.6518,-15.558,431.800,118.155,True,6.9991,-0.000668,-0.000000,RECONSTRUCTED,constrained_tps
-0.3625,17.0000,4.6517,-9.207,431.800,118.154,True,7.2491,-0.000659,-0.000000,RECONSTRUCTED,constrained_tps
-0.1125,17.0000,4.6517,-2.857,431.800,118.154,True,7.4991,-0.000654,-0.000000,RECONSTRUCTED,constrained_tps
0.1375,17.0000,4.6517,3.493,431.800,118.154,True,7.4741,-0.000654,-0.000000,RECONSTRUCTED,constrained_tps
0.3875,17.0000,4.6517,9.842,431.800,118.154,True,7.2241,-0.000658,-0.000000,RECONSTRUCTED,constrained_tps
0.6375,17.0000,4.6518,16.192,431.800,118.155,True,6.9741,-0.000667,-0.000000,RECONSTRUCTED,constrained_tps
0.8875,17.0000,4.6518,22.542,431.800,118.156,True,6.7241,-0.000680,-0.000000,RECONSTRUCTED,constrained_tps
1.1375,17.0000,4.6519,28.892,431.800,118.157,True,6.4741,-0.000698,-0.000000,RECONSTRUCTED,constrained_tps
1.3875,17.0000,4.6519,35.242,431.800,118.159,True,6.2241,-0.000721,-0.000000,RECONSTRUCTED,constrained_tps
1.6375,17.0000,4.6520,41.592,431.800,118.161,True,5.9741,-0.000747,-0.000000,RECONSTRUCTED,constrained_tps
1.8875,17.0000,4.6521,47.942,431.800,118.162,True,5.7241,-0.000776,0.000000,RECONSTRUCTED,constrained_tps
2.1375,17.0000,4.6521,54.293,431.800,118.164,True,5.4741,-0.000807,0.000000,RECONSTRUCTED,constrained_tps
2.3875,17.0000,4.6522,60.642,431.800,118.165,True,5.2241,-0.000839,0.000000,RECONSTRUCTED,constrained_tps
2.6375,17.0000,4.6522,66.993,431.800,118.166,True,4.9741,-0.000869,0.000000,RECONSTRUCTED,constrained_tps
2.8875,17.0000,4.6522,73.343,431.800,118.167,True,4.7241,-0.000895,-0.000000,RECONSTRUCTED,constrained_tps
3.1375,17.0000,4.6522,79.692,431.800,118.166,True,4.4741,-0.000915,-0.000001,RECONSTRUCTED,constrained_tps
3.3875,17.0000,4.6521,86.043,431.800,118.164,True,4.2241,-0.000924,-0.000001,RECONSTRUCTED,constrained_tps
3.6375,17.0000,4.6520,92.392,431.800,118.162,True,3.9741,-0.000921,-0.000002,RECONSTRUCTED,constrained_tps
3.8875,17.0000,4.6519,98.742,431.800,118.158,True,3.7241,-0.000904,-0.000004,RECONSTRUCTED,constrained_tps
4.1375,17.0000,4.6517,105.093,431.800,118.152,True,3.4741,-0.000874,-0.000006,RECONSTRUCTED,constrained_tps
4.3875,17.0000,4.6514,111.442,431.800,118.146,True,3.2241,-0.000834,-0.000008,RECONSTRUCTED,constrained_tps
4.6375,17.0000,4.6512,117.793,431.800,118.140,True,2.9741,-0.000786,-0.000010,RECONSTRUCTED,constrained_tps
4.8875,17.0000,4.6509,124.142,431.800,118.133,True,2.7241,-0.000736,-0.000013,RECONSTRUCTED,constrained_tps
5.1375,17.0000,4.6507,130.493,431.800,118.127,True,2.4741,-0.000692,-0.000015,RECONSTRUCTED,constrained_tps
5.3875,17.0000,4.6505,136.843,431.800,118.122,True,2.2241,-0.000660,-0.000016,RECONSTRUCTED,constrained_tps
5.6375,17.0000,4.6503,143.192,431.800,118.118,True,1.9741,-0.000651,-0.000017,RECONSTRUCTED,constrained_tps
5.8875,17.0000,4.6503,149.542,431.800,118.117,True,1.7241,-0.000675,-0.000017,RECONSTRUCTED,constrained_tps
6.1375,17.0000,4.6503,155.892,431.800,118.118,True,1.4741,-0.000743,-0.000016,RECONSTRUCTED,constrained_tps
6.3875,17.0000,4.6505,162.243,431.800,118.122,True,1.2241,-0.000867,-0.000015,RECONSTRUCTED,constrained_tps
6.6375,17.0000,4.6507,168.593,431.800,118.128,True,0.9741,-0.001062,-0.000011,RECONSTRUCTED,constrained_tps
6.8875,17.0000,4.6511,174.942,431.800,118.137,True,0.7241,-0.001341,-0.000007,RECONSTRUCTED,constrained_tps
7.1375,17.0000,4.6514,181.292,431.800,118.147,True,0.4741,,,RECONSTRUCTED,constrained_tps
7.3875,17.0000,4.6518,187.642,431.800,118.156,True,0.2241,,,RECONSTRUCTED,constrained_tps
-7.3625,17.2500,4.6545,-187.007,438.150,118.225,True,0.1841,,,RECONSTRUCTED,constrained_tps
-7.1125,17.2500,4.6542,-180.657,438.150,118.217,True,0.4341,,,RECONSTRUCTED,constrained_tps
-6.8625,17.2500,4.6539,-174.307,438.150,118.210,True,0.6841,-0.000068,-0.000007,RECONSTRUCTED,constrained_tps
-6.6125,17.2500,4.6538,-167.957,438.150,118.206,True,0.9341,0.000020,-0.000011,RECONSTRUCTED,constrained_tps
-6.3625,17.2500,4.6537,-161.607,438.150,118.205,True,1.1841,0.000049,-0.000014,RECONSTRUCTED,constrained_tps
-6.1125,17.2500,4.6538,-155.257,438.150,118.207,True,1.4341,0.000029,-0.000016,RECONSTRUCTED,constrained_tps
-5.8625,17.2500,4.6540,-148.907,438.150,118.212,True,1.6841,-0.000028,-0.000017,RECONSTRUCTED,constrained_tps
-5.6125,17.2500,4.6543,-142.557,438.150,118.220,True,1.9341,-0.000114,-0.000018,RECONSTRUCTED,constrained_tps
-5.3625,17.2500,4.6547,-136.207,438.150,118.230,True,2.1841,-0.000218,-0.000017,RECONSTRUCTED,constrained_tps
-5.1125,17.2500,4.6552,-129.857,438.150,118.242,True,2.4341,-0.000334,-0.000016,RECONSTRUCTED,constrained_tps
-4.8625,17.2500,4.6557,-123.507,438.150,118.254,True,2.6841,-0.000452,-0.000014,RECONSTRUCTED,constrained_tps
-4.6125,17.2500,4.6562,-117.157,438.150,118.267,True,2.9341,-0.000563,-0.000011,RECONSTRUCTED,constrained_tps
-4.3625,17.2500,4.6566,-110.807,438.150,118.278,True,3.1841,-0.000662,-0.000008,RECONSTRUCTED,constrained_tps
-4.1125,17.2500,4.6570,-104.457,438.150,118.288,True,3.4341,-0.000741,-0.000006,RECONSTRUCTED,constrained_tps
-3.8625,17.2500,4.6574,-98.107,438.150,118.297,True,3.6841,-0.000799,-0.000004,RECONSTRUCTED,constrained_tps
-3.6125,17.2500,4.6576,-91.757,438.150,118.304,True,3.9341,-0.000834,-0.000002,RECONSTRUCTED,constrained_tps
-3.3625,17.2500,4.6578,-85.407,438.150,118.309,True,4.1841,-0.000846,-0.000001,RECONSTRUCTED,constrained_tps
-3.1125,17.2500,4.6580,-79.057,438.150,118.312,True,4.4341,-0.000840,-0.000000,RECONSTRUCTED,constrained_tps
-2.8625,17.2500,4.6580,-72.707,438.150,118.314,True,4.6841,-0.000819,0.000000,RECONSTRUCTED,constrained_tps
-2.6125,17.2500,4.6580,-66.357,438.150,118.314,True,4.9341,-0.000790,0.000000,RECONSTRUCTED,constrained_tps
-2.3625,17.2500,4.6580,-60.007,438.150,118.314,True,5.1841,-0.000755,0.000000,RECONSTRUCTED,constrained_tps
-2.1125,17.2500,4.6580,-53.657,438.150,118.313,True,5.4341,-0.000718,0.000000,RECONSTRUCTED,constrained_tps
-1.8625,17.2500,4.6579,-47.307,438.150,118.312,True,5.6841,-0.000683,0.000000,RECONSTRUCTED,constrained_tps
-1.6125,17.2500,4.6579,-40.957,438.150,118.310,True,5.9341,-0.000650,0.000000,RECONSTRUCTED,constrained_tps
-1.3625,17.2500,4.6578,-34.608,438.150,118.308,True,6.1841,-0.000622,-0.000000,RECONSTRUCTED,constrained_tps
-1.1125,17.2500,4.6577,-28.258,438.150,118.307,True,6.4341,-0.000597,-0.000000,RECONSTRUCTED,constrained_tps
-0.8625,17.2500,4.6577,-21.907,438.150,118.305,True,6.6841,-0.000578,-0.000000,RECONSTRUCTED,constrained_tps
-0.6125,17.2500,4.6576,-15.558,438.150,118.304,True,6.9341,-0.000563,-0.000000,RECONSTRUCTED,constrained_tps
-0.3625,17.2500,4.6576,-9.207,438.150,118.303,True,7.1841,-0.000553,-0.000000,RECONSTRUCTED,constrained_tps
-0.1125,17.2500,4.6576,-2.857,438.150,118.303,True,7.4341,-0.000548,-0.000000,RECONSTRUCTED,constrained_tps
0.1375,17.2500,4.6576,3.493,438.150,118.303,True,7.4091,-0.000548,-0.000000,RECONSTRUCTED,constrained_tps
0.3875,17.2500,4.6576,9.842,438.150,118.303,True,7.1591,-0.000552,-0.000000,RECONSTRUCTED,constrained_tps
0.6375,17.2500,4.6576,16.192,438.150,118.303,True,6.9091,-0.000561,-0.000000,RECONSTRUCTED,constrained_tps
0.8875,17.2500,4.6577,22.542,438.150,118.304,True,6.6591,-0.000576,-0.000000,RECONSTRUCTED,constrained_tps
1.1375,17.2500,4.6577,28.892,438.150,118.306,True,6.4091,-0.000594,-0.000000,RECONSTRUCTED,constrained_tps
1.3875,17.2500,4.6578,35.242,438.150,118.307,True,6.1591,-0.000618,-0.000000,RECONSTRUCTED,constrained_tps
1.6375,17.2500,4.6578,41.592,438.150,118.308,True,5.9091,-0.000646,0.000000,RECONSTRUCTED,constrained_tps
1.8875,17.2500,4.6579,47.942,438.150,118.310,True,5.6591,-0.000677,0.000000,RECONSTRUCTED,constrained_tps
2.1375,17.2500,4.6579,54.293,438.150,118.311,True,5.4091,-0.000711,0.000000,RECONSTRUCTED,constrained_tps
2.3875,17.2500,4.6579,60.642,438.150,118.312,True,5.1591,-0.000746,0.000000,RECONSTRUCTED,constrained_tps
2.6375,17.2500,4.6579,66.993,438.150,118.312,True,4.9091,-0.000778,0.000000,RECONSTRUCTED,constrained_tps
2.8875,17.2500,4.6579,73.343,438.150,118.311,True,4.6591,-0.000805,0.000000,RECONSTRUCTED,constrained_tps
3.1375,17.2500,4.6578,79.692,438.150,118.309,True,4.4091,-0.000823,-0.000000,RECONSTRUCTED,constrained_tps
3.3875,17.2500,4.6577,86.043,438.150,118.305,True,4.1591,-0.000826,-0.000001,RECONSTRUCTED,constrained_tps
3.6375,17.2500,4.6575,92.392,438.150,118.300,True,3.9091,-0.000809,-0.000002,RECONSTRUCTED,constrained_tps
3.8875,17.2500,4.6572,98.742,438.150,118.293,True,3.6591,-0.000771,-0.000004,RECONSTRUCTED,constrained_tps
4.1375,17.2500,4.6568,105.093,438.150,118.284,True,3.4091,-0.000710,-0.000006,RECONSTRUCTED,constrained_tps
4.3875,17.2500,4.6564,111.442,438.150,118.273,True,3.1591,-0.000628,-0.000009,RECONSTRUCTED,constrained_tps
4.6375,17.2500,4.6560,117.793,438.150,118.262,True,2.9091,-0.000528,-0.000011,RECONSTRUCTED,constrained_tps
4.8875,17.2500,4.6555,124.142,438.150,118.250,True,2.6591,-0.000416,-0.000014,RECONSTRUCTED,constrained_tps
5.1375,17.2500,4.6550,130.493,438.150,118.237,True,2.4091,-0.000300,-0.000016,RECONSTRUCTED,constrained_tps
5.3875,17.2500,4.6546,136.843,438.150,118.226,True,2.1591,-0.000186,-0.000017,RECONSTRUCTED,constrained_tps
5.6375,17.2500,4.6542,143.192,438.150,118.217,True,1.9091,-0.000085,-0.000018,RECONSTRUCTED,constrained_tps
5.8875,17.2500,4.6539,149.542,438.150,118.209,True,1.6591,-0.000004,-0.000017,RECONSTRUCTED,constrained_tps
6.1375,17.2500,4.6537,155.892,438.150,118.205,True,1.4091,0.000048,-0.000016,RECONSTRUCTED,constrained_tps
6.3875,17.2500,4.6537,162.243,438.150,118.203,True,1.1591,0.000061,-0.000014,RECONSTRUCTED,constrained_tps
6.6375,17.2500,4.6537,168.593,438.150,118.205,True,0.9091,0.000023,-0.000010,RECONSTRUCTED,constrained_tps
6.8875,17.2500,4.6539,174.942,438.150,118.210,True,0.6591,-0.000071,-0.000006,RECONSTRUCTED,constrained_tps
7.1375,17.2500,4.6542,181.292,438.150,118.217,True,0.4091,,,RECONSTRUCTED,constrained_tps
7.3875,17.2500,4.6546,187.642,438.150,118.226,True,0.1591,,,RECONSTRUCTED,constrained_tps
-7.3625,17.5000,4.6572,-187.007,444.500,118.292,True,0.1086,,,RIM_BOUNDARY,constrained_tps
-7.1125,17.5000,4.6569,-180.657,444.500,118.284,True,0.3586,,,RECONSTRUCTED,constrained_tps
-6.8625,17.5000,4.6567,-174.307,444.500,118.280,True,0.6086,0.001230,-0.000003,RECONSTRUCTED,constrained_tps
-6.6125,17.5000,4.6567,-167.957,444.500,118.280,True,0.8586,0.001146,-0.000007,RECONSTRUCTED,constrained_tps
-6.3625,17.5000,4.6568,-161.607,444.500,118.284,True,1.1086,0.001007,-0.000011,RECONSTRUCTED,constrained_tps
-6.1125,17.5000,4.6571,-155.257,444.500,118.291,True,1.3586,0.000842,-0.000014,RECONSTRUCTED,constrained_tps
-5.8625,17.5000,4.6576,-148.907,444.500,118.302,True,1.6086,0.000658,-0.000016,RECONSTRUCTED,constrained_tps
-5.6125,17.5000,4.6581,-142.557,444.500,118.317,True,1.8586,0.000462,-0.000017,RECONSTRUCTED,constrained_tps
-5.3625,17.5000,4.6588,-136.207,444.500,118.333,True,2.1086,0.000256,-0.000018,RECONSTRUCTED,constrained_tps
-5.1125,17.5000,4.6595,-129.857,444.500,118.351,True,2.3586,0.000050,-0.000017,RECONSTRUCTED,constrained_tps
-4.8625,17.5000,4.6602,-123.507,444.500,118.370,True,2.6086,-0.000149,-0.000015,RECONSTRUCTED,constrained_tps
-4.6125,17.5000,4.6609,-117.157,444.500,118.388,True,2.8586,-0.000330,-0.000013,RECONSTRUCTED,constrained_tps
-4.3625,17.5000,4.6616,-110.807,444.500,118.405,True,3.1086,-0.000485,-0.000010,RECONSTRUCTED,constrained_tps
-4.1125,17.5000,4.6622,-104.457,444.500,118.419,True,3.3586,-0.000608,-0.000007,RECONSTRUCTED,constrained_tps
-3.8625,17.5000,4.6627,-98.107,444.500,118.432,True,3.6086,-0.000697,-0.000004,RECONSTRUCTED,constrained_tps
-3.6125,17.5000,4.6630,-91.757,444.500,118.441,True,3.8586,-0.000750,-0.000002,RECONSTRUCTED,constrained_tps
-3.3625,17.5000,4.6633,-85.407,444.500,118.449,True,4.1086,-0.000770,-0.000001,RECONSTRUCTED,constrained_tps
-3.1125,17.5000,4.6635,-79.057,444.500,118.454,True,4.3586,-0.000764,-0.000000,RECONSTRUCTED,constrained_tps
-2.8625,17.5000,4.6636,-72.707,444.500,118.457,True,4.6086,-0.000739,0.000000,RECONSTRUCTED,constrained_tps
-2.6125,17.5000,4.6637,-66.357,444.500,118.458,True,4.8586,-0.000703,0.000000,RECONSTRUCTED,constrained_tps
-2.3625,17.5000,4.6637,-60.007,444.500,118.459,True,5.1086,-0.000662,0.000000,RECONSTRUCTED,constrained_tps
-2.1125,17.5000,4.6637,-53.657,444.500,118.458,True,5.3586,-0.000620,0.000000,RECONSTRUCTED,constrained_tps
-1.8625,17.5000,4.6637,-47.307,444.500,118.457,True,5.6086,-0.000581,0.000000,RECONSTRUCTED,constrained_tps
-1.6125,17.5000,4.6636,-40.957,444.500,118.456,True,5.8586,-0.000545,0.000000,RECONSTRUCTED,constrained_tps
-1.3625,17.5000,4.6636,-34.608,444.500,118.454,True,6.1086,-0.000514,-0.000000,RECONSTRUCTED,constrained_tps
-1.1125,17.5000,4.6635,-28.258,444.500,118.453,True,6.3586,-0.000488,-0.000000,RECONSTRUCTED,constrained_tps
-0.8625,17.5000,4.6635,-21.907,444.500,118.452,True,6.6086,-0.000468,-0.000000,RECONSTRUCTED,constrained_tps
-0.6125,17.5000,4.6634,-15.558,444.500,118.451,True,6.8586,-0.000453,-0.000000,RECONSTRUCTED,constrained_tps
-0.3625,17.5000,4.6634,-9.207,444.500,118.450,True,7.1086,-0.000443,-0.000000,RECONSTRUCTED,constrained_tps
-0.1125,17.5000,4.6634,-2.857,444.500,118.449,True,7.3586,-0.000437,-0.000000,RECONSTRUCTED,constrained_tps
0.1375,17.5000,4.6634,3.493,444.500,118.449,True,7.3336,-0.000437,-0.000000,RECONSTRUCTED,constrained_tps
0.3875,17.5000,4.6634,9.842,444.500,118.450,True,7.0836,-0.000442,-0.000000,RECONSTRUCTED,constrained_tps
0.6375,17.5000,4.6634,16.192,444.500,118.450,True,6.8336,-0.000451,-0.000000,RECONSTRUCTED,constrained_tps
0.8875,17.5000,4.6634,22.542,444.500,118.451,True,6.5836,-0.000466,-0.000000,RECONSTRUCTED,constrained_tps
1.1375,17.5000,4.6635,28.892,444.500,118.452,True,6.3336,-0.000485,-0.000000,RECONSTRUCTED,constrained_tps
1.3875,17.5000,4.6635,35.242,444.500,118.453,True,6.0836,-0.000510,-0.000000,RECONSTRUCTED,constrained_tps
1.6375,17.5000,4.6636,41.592,444.500,118.454,True,5.8336,-0.000540,0.000000,RECONSTRUCTED,constrained_tps
1.8875,17.5000,4.6636,47.942,444.500,118.455,True,5.5836,-0.000575,0.000000,RECONSTRUCTED,constrained_tps
2.1375,17.5000,4.6636,54.293,444.500,118.456,True,5.3336,-0.000613,0.000000,RECONSTRUCTED,constrained_tps
2.3875,17.5000,4.6636,60.642,444.500,118.456,True,5.0836,-0.000653,0.000000,RECONSTRUCTED,constrained_tps
2.6375,17.5000,4.6636,66.993,444.500,118.455,True,4.8336,-0.000692,0.000000,RECONSTRUCTED,constrained_tps
2.8875,17.5000,4.6635,73.343,444.500,118.453,True,4.5836,-0.000725,0.000000,RECONSTRUCTED,constrained_tps
3.1375,17.5000,4.6634,79.692,444.500,118.450,True,4.3336,-0.000746,-0.000000,RECONSTRUCTED,constrained_tps
3.3875,17.5000,4.6632,86.043,444.500,118.444,True,4.0836,-0.000747,-0.000001,RECONSTRUCTED,constrained_tps
3.6375,17.5000,4.6629,92.392,444.500,118.437,True,3.8336,-0.000721,-0.000003,RECONSTRUCTED,constrained_tps
3.8875,17.5000,4.6625,98.742,444.500,118.427,True,3.5836,-0.000663,-0.000005,RECONSTRUCTED,constrained_tps
4.1375,17.5000,4.6620,105.093,444.500,118.414,True,3.3336,-0.000570,-0.000007,RECONSTRUCTED,constrained_tps
4.3875,17.5000,4.6614,111.442,444.500,118.399,True,3.0836,-0.000443,-0.000010,RECONSTRUCTED,constrained_tps
4.6375,17.5000,4.6607,117.793,444.500,118.382,True,2.8336,-0.000285,-0.000013,RECONSTRUCTED,constrained_tps
4.8875,17.5000,4.6600,124.142,444.500,118.364,True,2.5836,-0.000102,-0.000015,RECONSTRUCTED,constrained_tps
5.1375,17.5000,4.6593,130.493,444.500,118.346,True,2.3336,0.000096,-0.000017,RECONSTRUCTED,constrained_tps
5.3875,17.5000,4.6586,136.843,444.500,118.328,True,2.0836,0.000301,-0.000018,RECONSTRUCTED,constrained_tps
5.6375,17.5000,4.6580,143.192,444.500,118.312,True,1.8336,0.000503,-0.000017,RECONSTRUCTED,constrained_tps
5.8875,17.5000,4.6574,149.542,444.500,118.299,True,1.5836,0.000696,-0.000016,RECONSTRUCTED,constrained_tps
6.1375,17.5000,4.6570,155.892,444.500,118.288,True,1.3336,0.000875,-0.000013,RECONSTRUCTED,constrained_tps
6.3875,17.5000,4.6567,162.243,444.500,118.281,True,1.0836,0.001036,-0.000010,RECONSTRUCTED,constrained_tps
6.6375,17.5000,4.6566,168.593,444.500,118.278,True,0.8336,0.001168,-0.000007,RECONSTRUCTED,constrained_tps
6.8875,17.5000,4.6567,174.942,444.500,118.279,True,0.5836,0.001246,-0.000003,RECONSTRUCTED,constrained_tps
7.1375,17.5000,4.6569,181.292,444.500,118.284,True,0.3336,,,RECONSTRUCTED,constrained_tps
7.3875,17.5000,4.6572,187.642,444.500,118.293,True,0.0836,,,RIM_BOUNDARY,constrained_tps
-7.3625,17.7500,4.6599,-187.007,450.850,118.361,True,0.0244,,,RIM_BOUNDARY,constrained_tps
-7.1125,17.7500,4.6595,-180.657,450.850,118.352,True,0.2744,,,RECONSTRUCTED,constrained_tps
-6.8625,17.7500,4.6595,-174.307,450.850,118.350,True,0.5244,0.002688,0.000004,RECONSTRUCTED,constrained_tps
-6.6125,17.7500,4.6596,-167.957,450.850,118.354,True,0.7744,0.002308,-0.000001,RECONSTRUCTED,constrained_tps
-6.3625,17.7500,4.6599,-161.607,450.850,118.362,True,1.0244,0.001986,-0.000005,RECONSTRUCTED,constrained_tps
-6.1125,17.7500,4.6604,-155.257,450.850,118.375,True,1.2744,0.001671,-0.000009,RECONSTRUCTED,constrained_tps
-5.8625,17.7500,4.6611,-148.907,450.850,118.392,True,1.5244,0.001361,-0.000013,RECONSTRUCTED,constrained_tps
-5.6125,17.7500,4.6619,-142.557,450.850,118.412,True,1.7744,0.001050,-0.000016,RECONSTRUCTED,constrained_tps
-5.3625,17.7500,4.6628,-136.207,450.850,118.435,True,2.0244,0.000736,-0.000018,RECONSTRUCTED,constrained_tps
-5.1125,17.7500,4.6638,-129.857,450.850,118.460,True,2.2744,0.000427,-0.000018,RECONSTRUCTED,constrained_tps
-4.8625,17.7500,4.6648,-123.507,450.850,118.485,True,2.5244,0.000135,-0.000017,RECONSTRUCTED,constrained_tps
-4.6125,17.7500,4.6657,-117.157,450.850,118.510,True,2.7744,-0.000125,-0.000015,RECONSTRUCTED,constrained_tps
-4.3625,17.7500,4.6666,-110.807,450.850,118.532,True,3.0244,-0.000344,-0.000011,RECONSTRUCTED,constrained_tps
-4.1125,17.7500,4.6674,-104.457,450.850,118.551,True,3.2744,-0.000515,-0.000008,RECONSTRUCTED,constrained_tps
-3.8625,17.7500,4.6680,-98.107,450.850,118.567,True,3.5244,-0.000633,-0.000005,RECONSTRUCTED,constrained_tps
-3.6125,17.7500,4.6685,-91.757,450.850,118.579,True,3.7744,-0.000700,-0.000003,RECONSTRUCTED,constrained_tps
-3.3625,17.7500,4.6688,-85.407,450.850,118.588,True,4.0244,-0.000720,-0.000001,RECONSTRUCTED,constrained_tps
-3.1125,17.7500,4.6691,-79.057,450.850,118.595,True,4.2744,-0.000706,-0.000000,RECONSTRUCTED,constrained_tps
-2.8625,17.7500,4.6692,-72.707,450.850,118.599,True,4.5244,-0.000669,0.000000,RECONSTRUCTED,constrained_tps
-2.6125,17.7500,4.6693,-66.357,450.850,118.601,True,4.7744,-0.000621,0.000000,RECONSTRUCTED,constrained_tps
-2.3625,17.7500,4.6694,-60.007,450.850,118.602,True,5.0244,-0.000569,0.000000,RECONSTRUCTED,constrained_tps
-2.1125,17.7500,4.6694,-53.657,450.850,118.602,True,5.2744,-0.000519,0.000000,RECONSTRUCTED,constrained_tps
-1.8625,17.7500,4.6693,-47.307,450.850,118.601,True,5.5244,-0.000474,0.000000,RECONSTRUCTED,constrained_tps
-1.6125,17.7500,4.6693,-40.957,450.850,118.600,True,5.7744,-0.000434,0.000000,RECONSTRUCTED,constrained_tps
-1.3625,17.7500,4.6692,-34.608,450.850,118.599,True,6.0244,-0.000401,-0.000000,RECONSTRUCTED,constrained_tps
-1.1125,17.7500,4.6692,-28.258,450.850,118.598,True,6.2744,-0.000374,-0.000000,RECONSTRUCTED,constrained_tps
-0.8625,17.7500,4.6692,-21.907,450.850,118.597,True,6.5244,-0.000353,-0.000000,RECONSTRUCTED,constrained_tps
-0.6125,17.7500,4.6691,-15.558,450.850,118.596,True,6.7744,-0.000337,-0.000000,RECONSTRUCTED,constrained_tps
-0.3625,17.7500,4.6691,-9.207,450.850,118.595,True,7.0244,-0.000327,-0.000000,RECONSTRUCTED,constrained_tps
-0.1125,17.7500,4.6691,-2.857,450.850,118.595,True,7.2744,-0.000322,-0.000000,RECONSTRUCTED,constrained_tps
0.1375,17.7500,4.6691,3.493,450.850,118.594,True,7.2494,-0.000322,-0.000000,RECONSTRUCTED,constrained_tps
0.3875,17.7500,4.6691,9.842,450.850,118.595,True,6.9994,-0.000326,-0.000000,RECONSTRUCTED,constrained_tps
0.6375,17.7500,4.6691,16.192,450.850,118.595,True,6.7494,-0.000336,-0.000000,RECONSTRUCTED,constrained_tps
0.8875,17.7500,4.6691,22.542,450.850,118.596,True,6.4994,-0.000351,-0.000000,RECONSTRUCTED,constrained_tps
1.1375,17.7500,4.6692,28.892,450.850,118.597,True,6.2494,-0.000371,-0.000000,RECONSTRUCTED,constrained_tps
1.3875,17.7500,4.6692,35.242,450.850,118.598,True,5.9994,-0.000398,0.000000,RECONSTRUCTED,constrained_tps
1.6375,17.7500,4.6692,41.592,450.850,118.599,True,5.7494,-0.000430,0.000000,RECONSTRUCTED,constrained_tps
1.8875,17.7500,4.6693,47.942,450.850,118.599,True,5.4994,-0.000469,0.000000,RECONSTRUCTED,constrained_tps
2.1375,17.7500,4.6693,54.293,450.850,118.600,True,5.2494,-0.000513,0.000000,RECONSTRUCTED,constrained_tps
2.3875,17.7500,4.6693,60.642,450.850,118.599,True,4.9994,-0.000561,0.000000,RECONSTRUCTED,constrained_tps
2.6375,17.7500,4.6692,66.993,450.850,118.598,True,4.7494,-0.000610,0.000000,RECONSTRUCTED,constrained_tps
2.8875,17.7500,4.6691,73.343,450.850,118.595,True,4.4994,-0.000655,-0.000000,RECONSTRUCTED,constrained_tps
3.1375,17.7500,4.6689,79.692,450.850,118.591,True,4.2494,-0.000687,-0.000001,RECONSTRUCTED,constrained_tps
3.3875,17.7500,4.6687,86.043,450.850,118.584,True,3.9994,-0.000695,-0.000002,RECONSTRUCTED,constrained_tps
3.6375,17.7500,4.6683,92.392,450.850,118.574,True,3.7494,-0.000668,-0.000003,RECONSTRUCTED,constrained_tps
3.8875,17.7500,4.6678,98.742,450.850,118.561,True,3.4994,-0.000594,-0.000006,RECONSTRUCTED,constrained_tps
4.1375,17.7500,4.6671,105.093,450.850,118.545,True,3.2494,-0.000469,-0.000008,RECONSTRUCTED,constrained_tps
4.3875,17.7500,4.6664,111.442,450.850,118.526,True,2.9994,-0.000292,-0.000012,RECONSTRUCTED,constrained_tps
4.6375,17.7500,4.6655,117.793,450.850,118.503,True,2.7494,-0.000068,-0.000015,RECONSTRUCTED,constrained_tps
4.8875,17.7500,4.6645,124.142,450.850,118.479,True,2.4994,0.000195,-0.000017,RECONSTRUCTED,constrained_tps
5.1375,17.7500,4.6636,130.493,450.850,118.454,True,2.2494,0.000487,-0.000018,RECONSTRUCTED,constrained_tps
5.3875,17.7500,4.6626,136.843,450.850,118.430,True,1.9994,0.000794,-0.000018,RECONSTRUCTED,constrained_tps
5.6375,17.7500,4.6617,143.192,450.850,118.407,True,1.7494,0.001105,-0.000016,RECONSTRUCTED,constrained_tps
5.8875,17.7500,4.6609,149.542,450.850,118.387,True,1.4994,0.001413,-0.000013,RECONSTRUCTED,constrained_tps
6.1375,17.7500,4.6603,155.892,450.850,118.371,True,1.2494,0.001720,-0.000009,RECONSTRUCTED,constrained_tps
6.3875,17.7500,4.6598,162.243,450.850,118.359,True,0.9994,0.002032,-0.000005,RECONSTRUCTED,constrained_tps
6.6375,17.7500,4.6595,168.593,450.850,118.352,True,0.7494,0.002353,-0.000000,RECONSTRUCTED,constrained_tps
6.8875,17.7500,4.6594,174.942,450.850,118.349,True,0.4994,,,RECONSTRUCTED,constrained_tps
7.1375,17.7500,4.6596,181.292,450.850,118.353,True,0.2494,,,RECONSTRUCTED,constrained_tps
-7.1125,18.0000,4.6624,-180.657,457.200,118.424,True,0.1730,,,RECONSTRUCTED,constrained_tps
-6.8625,18.0000,4.6623,-174.307,457.200,118.423,True,0.4230,,,RECONSTRUCTED,constrained_tps
-6.6125,18.0000,4.6626,-167.957,457.200,118.429,True,0.6730,0.003464,0.000009,RECONSTRUCTED,constrained_tps
-6.3625,18.0000,4.6631,-161.607,457.200,118.442,True,0.9230,0.002950,0.000003,RECONSTRUCTED,constrained_tps
-6.1125,18.0000,4.6637,-155.257,457.200,118.459,True,1.1730,0.002498,-0.000003,RECONSTRUCTED,constrained_tps
-5.8625,18.0000,4.6646,-148.907,457.200,118.482,True,1.4230,0.002073,-0.000009,RECONSTRUCTED,constrained_tps
-5.6125,18.0000,4.6657,-142.557,457.200,118.509,True,1.6730,0.001649,-0.000014,RECONSTRUCTED,constrained_tps
-5.3625,18.0000,4.6669,-136.207,457.200,118.539,True,1.9230,0.001217,-0.000018,RECONSTRUCTED,constrained_tps
-5.1125,18.0000,4.6681,-129.857,457.200,118.570,True,2.1730,0.000788,-0.000020,RECONSTRUCTED,constrained_tps
-4.8625,18.0000,4.6694,-123.507,457.200,118.602,True,2.4230,0.000387,-0.000020,RECONSTRUCTED,constrained_tps
-4.6125,18.0000,4.6706,-117.157,457.200,118.633,True,2.6730,0.000033,-0.000018,RECONSTRUCTED,constrained_tps
-4.3625,18.0000,4.6717,-110.807,457.200,118.660,True,2.9230,-0.000259,-0.000014,RECONSTRUCTED,constrained_tps
-4.1125,18.0000,4.6726,-104.457,457.200,118.684,True,3.1730,-0.000481,-0.000010,RECONSTRUCTED,constrained_tps
-3.8625,18.0000,4.6733,-98.107,457.200,118.703,True,3.4230,-0.000626,-0.000006,RECONSTRUCTED,constrained_tps
-3.6125,18.0000,4.6739,-91.757,457.200,118.718,True,3.6730,-0.000697,-0.000004,RECONSTRUCTED,constrained_tps
-3.3625,18.0000,4.6743,-85.407,457.200,118.728,True,3.9230,-0.000704,-0.000002,RECONSTRUCTED,constrained_tps
-3.1125,18.0000,4.6746,-79.057,457.200,118.736,True,4.1730,-0.000668,-0.000001,RECONSTRUCTED,constrained_tps
-2.8625,18.0000,4.6748,-72.707,457.200,118.740,True,4.4230,-0.000608,-0.000000,RECONSTRUCTED,constrained_tps
-2.6125,18.0000,4.6749,-66.357,457.200,118.743,True,4.6730,-0.000540,0.000000,RECONSTRUCTED,constrained_tps
-2.3625,18.0000,4.6750,-60.007,457.200,118.744,True,4.9230,-0.000473,0.000000,RECONSTRUCTED,constrained_tps
-2.1125,18.0000,4.6750,-53.657,457.200,118.744,True,5.1730,-0.000413,0.000000,RECONSTRUCTED,constrained_tps
-1.8625,18.0000,4.6750,-47.307,457.200,118.744,True,5.4230,-0.000361,0.000000,RECONSTRUCTED,constrained_tps
-1.6125,18.0000,4.6749,-40.957,457.200,118.743,True,5.6730,-0.000317,0.000000,RECONSTRUCTED,constrained_tps
-1.3625,18.0000,4.6749,-34.608,457.200,118.742,True,5.9230,-0.000282,0.000000,RECONSTRUCTED,constrained_tps
-1.1125,18.0000,4.6748,-28.258,457.200,118.741,True,6.1730,-0.000254,-0.000000,RECONSTRUCTED,constrained_tps
-0.8625,18.0000,4.6748,-21.907,457.200,118.740,True,6.4230,-0.000232,-0.000000,RECONSTRUCTED,constrained_tps
-0.6125,18.0000,4.6748,-15.558,457.200,118.739,True,6.6730,-0.000217,-0.000000,RECONSTRUCTED,constrained_tps
-0.3625,18.0000,4.6748,-9.207,457.200,118.739,True,6.9230,-0.000207,-0.000000,RECONSTRUCTED,constrained_tps
-0.1125,18.0000,4.6747,-2.857,457.200,118.738,True,7.1730,-0.000202,-0.000000,RECONSTRUCTED,constrained_tps
0.1375,18.0000,4.6747,3.493,457.200,118.738,True,7.1480,-0.000201,-0.000000,RECONSTRUCTED,constrained_tps
0.3875,18.0000,4.6747,9.842,457.200,118.738,True,6.8980,-0.000206,-0.000000,RECONSTRUCTED,constrained_tps
0.6375,18.0000,4.6748,16.192,457.200,118.739,True,6.6480,-0.000216,-0.000000,RECONSTRUCTED,constrained_tps
0.8875,18.0000,4.6748,22.542,457.200,118.739,True,6.3980,-0.000230,-0.000000,RECONSTRUCTED,constrained_tps
1.1375,18.0000,4.6748,28.892,457.200,118.740,True,6.1480,-0.000251,-0.000000,RECONSTRUCTED,constrained_tps
1.3875,18.0000,4.6748,35.242,457.200,118.741,True,5.8980,-0.000279,0.000000,RECONSTRUCTED,constrained_tps
1.6375,18.0000,4.6749,41.592,457.200,118.742,True,5.6480,-0.000313,0.000000,RECONSTRUCTED,constrained_tps
1.8875,18.0000,4.6749,47.942,457.200,118.742,True,5.3980,-0.000356,0.000000,RECONSTRUCTED,constrained_tps
2.1375,18.0000,4.6749,54.293,457.200,118.742,True,5.1480,-0.000407,0.000000,RECONSTRUCTED,constrained_tps
2.3875,18.0000,4.6749,60.642,457.200,118.742,True,4.8980,-0.000466,0.000000,RECONSTRUCTED,constrained_tps
2.6375,18.0000,4.6748,66.993,457.200,118.740,True,4.6480,-0.000530,0.000000,RECONSTRUCTED,constrained_tps
2.8875,18.0000,4.6747,73.343,457.200,118.737,True,4.3980,-0.000595,-0.000000,RECONSTRUCTED,constrained_tps
3.1375,18.0000,4.6745,79.692,457.200,118.732,True,4.1480,-0.000649,-0.000001,RECONSTRUCTED,constrained_tps
3.3875,18.0000,4.6742,86.043,457.200,118.724,True,3.8980,-0.000678,-0.000002,RECONSTRUCTED,constrained_tps
3.6375,18.0000,4.6737,92.392,457.200,118.713,True,3.6480,-0.000662,-0.000004,RECONSTRUCTED,constrained_tps
3.8875,18.0000,4.6731,98.742,457.200,118.697,True,3.3980,-0.000581,-0.000007,RECONSTRUCTED,constrained_tps
4.1375,18.0000,4.6724,105.093,457.200,118.678,True,3.1480,-0.000426,-0.000011,RECONSTRUCTED,constrained_tps
4.3875,18.0000,4.6714,111.442,457.200,118.654,True,2.8980,-0.000196,-0.000014,RECONSTRUCTED,constrained_tps
4.6375,18.0000,4.6703,117.793,457.200,118.626,True,2.6480,0.000103,-0.000018,RECONSTRUCTED,constrained_tps
4.8875,18.0000,4.6691,124.142,457.200,118.596,True,2.3980,0.000461,-0.000019,RECONSTRUCTED,constrained_tps
5.1375,18.0000,4.6679,130.493,457.200,118.564,True,2.1480,0.000864,-0.000019,RECONSTRUCTED,constrained_tps
5.3875,18.0000,4.6666,136.843,457.200,118.532,True,1.8980,0.001291,-0.000017,RECONSTRUCTED,constrained_tps
5.6375,18.0000,4.6655,143.192,457.200,118.503,True,1.6480,0.001718,-0.000013,RECONSTRUCTED,constrained_tps
5.8875,18.0000,4.6644,149.542,457.200,118.477,True,1.3980,0.002138,-0.000008,RECONSTRUCTED,constrained_tps
6.1375,18.0000,4.6636,155.892,457.200,118.455,True,1.1480,0.002560,-0.000002,RECONSTRUCTED,constrained_tps
6.3875,18.0000,4.6629,162.243,457.200,118.439,True,0.8980,0.003014,0.000003,RECONSTRUCTED,constrained_tps
6.6375,18.0000,4.6625,168.593,457.200,118.428,True,0.6480,0.003528,0.000009,RECONSTRUCTED,constrained_tps
6.8875,18.0000,4.6623,174.942,457.200,118.423,True,0.3980,,,RECONSTRUCTED,constrained_tps
7.1375,18.0000,4.6624,181.292,457.200,118.425,True,0.1480,,,RECONSTRUCTED,constrained_tps
-7.1125,18.2500,4.6655,-180.657,463.550,118.503,True,0.0595,,,RIM_BOUNDARY,constrained_tps
-6.8625,18.2500,4.6654,-174.307,463.550,118.502,True,0.3095,,,RECONSTRUCTED,constrained_tps
-6.6125,18.2500,4.6658,-167.957,463.550,118.510,True,0.5595,0.004479,0.000019,RECONSTRUCTED,constrained_tps
-6.3625,18.2500,4.6664,-161.607,463.550,118.525,True,0.8095,0.003846,0.000012,RECONSTRUCTED,constrained_tps
-6.1125,18.2500,4.6672,-155.257,463.550,118.547,True,1.0595,0.003312,0.000005,RECONSTRUCTED,constrained_tps
-5.8625,18.2500,4.6683,-148.907,463.550,118.574,True,1.3095,0.002801,-0.000003,RECONSTRUCTED,constrained_tps
-5.6125,18.2500,4.6696,-142.557,463.550,118.607,True,1.5595,0.002271,-0.000010,RECONSTRUCTED,constrained_tps
-5.3625,18.2500,4.6710,-136.207,463.550,118.644,True,1.8095,0.001706,-0.000017,RECONSTRUCTED,constrained_tps
-5.1125,18.2500,4.6726,-129.857,463.550,118.683,True,2.0595,0.001128,-0.000021,RECONSTRUCTED,constrained_tps
-4.8625,18.2500,4.6741,-123.507,463.550,118.722,True,2.3095,0.000587,-0.000023,RECONSTRUCTED,constrained_tps
-4.6125,18.2500,4.6756,-117.157,463.550,118.759,True,2.5595,0.000118,-0.000022,RECONSTRUCTED,constrained_tps
-4.3625,18.2500,4.6769,-110.807,463.550,118.792,True,2.8095,-0.000259,-0.000018,RECONSTRUCTED,constrained_tps
-4.1125,18.2500,4.6779,-104.457,463.550,118.820,True,3.0595,-0.000536,-0.000013,RECONSTRUCTED,constrained_tps
-3.8625,18.2500,4.6788,-98.107,463.550,118.842,True,3.3095,-0.000701,-0.000008,RECONSTRUCTED,constrained_tps
-3.6125,18.2500,4.6794,-91.757,463.550,118.858,True,3.5595,-0.000757,-0.000005,RECONSTRUCTED,constrained_tps
-3.3625,18.2500,4.6799,-85.407,463.550,118.869,True,3.8095,-0.000727,-0.000002,RECONSTRUCTED,constrained_tps
-3.1125,18.2500,4.6802,-79.057,463.550,118.877,True,4.0595,-0.000648,-0.000001,RECONSTRUCTED,constrained_tps
-2.8625,18.2500,4.6804,-72.707,463.550,118.882,True,4.3095,-0.000550,-0.000000,RECONSTRUCTED,constrained_tps
-2.6125,18.2500,4.6805,-66.357,463.550,118.885,True,4.5595,-0.000454,-0.000000,RECONSTRUCTED,constrained_tps
-2.3625,18.2500,4.6806,-60.007,463.550,118.886,True,4.8095,-0.000369,0.000000,RECONSTRUCTED,constrained_tps
-2.1125,18.2500,4.6806,-53.657,463.550,118.886,True,5.0595,-0.000297,0.000000,RECONSTRUCTED,constrained_tps
-1.8625,18.2500,4.6806,-47.307,463.550,118.886,True,5.3095,-0.000238,0.000000,RECONSTRUCTED,constrained_tps
-1.6125,18.2500,4.6805,-40.957,463.550,118.885,True,5.5595,-0.000192,0.000000,RECONSTRUCTED,constrained_tps
-1.3625,18.2500,4.6805,-34.608,463.550,118.885,True,5.8095,-0.000155,0.000000,RECONSTRUCTED,constrained_tps
-1.1125,18.2500,4.6805,-28.258,463.550,118.884,True,6.0595,-0.000127,-0.000000,RECONSTRUCTED,constrained_tps
-0.8625,18.2500,4.6804,-21.907,463.550,118.883,True,6.3095,-0.000106,-0.000000,RECONSTRUCTED,constrained_tps
-0.6125,18.2500,4.6804,-15.558,463.550,118.882,True,6.5595,-0.000091,-0.000000,RECONSTRUCTED,constrained_tps
-0.3625,18.2500,4.6804,-9.207,463.550,118.882,True,6.8095,-0.000082,-0.000000,RECONSTRUCTED,constrained_tps
-0.1125,18.2500,4.6804,-2.857,463.550,118.881,True,7.0595,-0.000077,-0.000000,RECONSTRUCTED,constrained_tps
0.1375,18.2500,4.6804,3.493,463.550,118.881,True,7.0345,-0.000076,-0.000000,RECONSTRUCTED,constrained_tps
0.3875,18.2500,4.6804,9.842,463.550,118.881,True,6.7845,-0.000081,-0.000000,RECONSTRUCTED,constrained_tps
0.6375,18.2500,4.6804,16.192,463.550,118.882,True,6.5345,-0.000090,-0.000000,RECONSTRUCTED,constrained_tps
0.8875,18.2500,4.6804,22.542,463.550,118.882,True,6.2845,-0.000104,-0.000000,RECONSTRUCTED,constrained_tps
1.1375,18.2500,4.6804,28.892,463.550,118.883,True,6.0345,-0.000125,-0.000000,RECONSTRUCTED,constrained_tps
1.3875,18.2500,4.6804,35.242,463.550,118.883,True,5.7845,-0.000152,0.000000,RECONSTRUCTED,constrained_tps
1.6375,18.2500,4.6805,41.592,463.550,118.884,True,5.5345,-0.000188,0.000000,RECONSTRUCTED,constrained_tps
1.8875,18.2500,4.6805,47.942,463.550,118.884,True,5.2845,-0.000235,0.000000,RECONSTRUCTED,constrained_tps
2.1375,18.2500,4.6805,54.293,463.550,118.884,True,5.0345,-0.000293,0.000000,RECONSTRUCTED,constrained_tps
2.3875,18.2500,4.6805,60.642,463.550,118.884,True,4.7845,-0.000364,0.000000,RECONSTRUCTED,constrained_tps
2.6375,18.2500,4.6804,66.993,463.550,118.882,True,4.5345,-0.000447,-0.000000,RECONSTRUCTED,constrained_tps
2.8875,18.2500,4.6803,73.343,463.550,118.879,True,4.2845,-0.000541,-0.000000,RECONSTRUCTED,constrained_tps
3.1375,18.2500,4.6801,79.692,463.550,118.873,True,4.0345,-0.000633,-0.000001,RECONSTRUCTED,constrained_tps
3.3875,18.2500,4.6797,86.043,463.550,118.865,True,3.7845,-0.000703,-0.000003,RECONSTRUCTED,constrained_tps
3.6375,18.2500,4.6793,92.392,463.550,118.853,True,3.5345,-0.000721,-0.000005,RECONSTRUCTED,constrained_tps
3.8875,18.2500,4.6786,98.742,463.550,118.836,True,3.2845,-0.000650,-0.000009,RECONSTRUCTED,constrained_tps
4.1375,18.2500,4.6777,105.093,463.550,118.813,True,3.0345,-0.000470,-0.000013,RECONSTRUCTED,constrained_tps
4.3875,18.2500,4.6766,111.442,463.550,118.785,True,2.7845,-0.000181,-0.000018,RECONSTRUCTED,constrained_tps
4.6375,18.2500,4.6753,117.793,463.550,118.752,True,2.5345,0.000205,-0.000022,RECONSTRUCTED,constrained_tps
4.8875,18.2500,4.6738,124.142,463.550,118.715,True,2.2845,0.000681,-0.000023,RECONSTRUCTED,constrained_tps
5.1375,18.2500,4.6723,130.493,463.550,118.676,True,2.0345,0.001224,-0.000021,RECONSTRUCTED,constrained_tps
5.3875,18.2500,4.6707,136.843,463.550,118.637,True,1.7845,0.001798,-0.000016,RECONSTRUCTED,constrained_tps
5.6375,18.2500,4.6693,143.192,463.550,118.601,True,1.5345,0.002355,-0.000009,RECONSTRUCTED,constrained_tps
5.8875,18.2500,4.6681,149.542,463.550,118.569,True,1.2845,0.002877,-0.000002,RECONSTRUCTED,constrained_tps
6.1375,18.2500,4.6670,155.892,463.550,118.543,True,1.0345,0.003384,0.000006,RECONSTRUCTED,constrained_tps
6.3875,18.2500,4.6662,162.243,463.550,118.522,True,0.7845,0.003919,0.000013,RECONSTRUCTED,constrained_tps
6.6375,18.2500,4.6657,168.593,463.550,118.508,True,0.5345,0.004569,0.000020,RECONSTRUCTED,constrained_tps
6.8875,18.2500,4.6654,174.942,463.550,118.501,True,0.2845,,,RECONSTRUCTED,constrained_tps
7.1375,18.2500,4.6655,181.292,463.550,118.503,True,0.0345,,,RIM_BOUNDARY,constrained_tps
-6.8625,18.5000,4.6689,-174.307,469.900,118.590,True,0.1795,,,RECONSTRUCTED,constrained_tps
-6.6125,18.5000,4.6692,-167.957,469.900,118.598,True,0.4295,,,RECONSTRUCTED,constrained_tps
-6.3625,18.5000,4.6699,-161.607,469.900,118.615,True,0.6795,0.004692,0.000021,RECONSTRUCTED,constrained_tps
-6.1125,18.5000,4.6708,-155.257,469.900,118.639,True,0.9295,0.004129,0.000014,RECONSTRUCTED,constrained_tps
-5.8625,18.5000,4.6721,-148.907,469.900,118.671,True,1.1795,0.003578,0.000005,RECONSTRUCTED,constrained_tps
-5.6125,18.5000,4.6736,-142.557,469.900,118.709,True,1.4295,0.002956,-0.000005,RECONSTRUCTED,constrained_tps
-5.3625,18.5000,4.6753,-136.207,469.900,118.752,True,1.6795,0.002224,-0.000015,RECONSTRUCTED,constrained_tps
-5.1125,18.5000,4.6771,-129.857,469.900,118.799,True,1.9295,0.001443,-0.000023,RECONSTRUCTED,constrained_tps
-4.8625,18.5000,4.6790,-123.507,469.900,118.846,True,2.1795,0.000709,-0.000028,RECONSTRUCTED,constrained_tps
-4.6125,18.5000,4.6807,-117.157,469.900,118.890,True,2.4295,0.000094,-0.000028,RECONSTRUCTED,constrained_tps
-4.3625,18.5000,4.6822,-110.807,469.900,118.928,True,2.6795,-0.000384,-0.000024,RECONSTRUCTED,constrained_tps
-4.1125,18.5000,4.6835,-104.457,469.900,118.960,True,2.9295,-0.000723,-0.000017,RECONSTRUCTED,constrained_tps
-3.8625,18.5000,4.6844,-98.107,469.900,118.984,True,3.1795,-0.000895,-0.000010,RECONSTRUCTED,constrained_tps
-3.6125,18.5000,4.6851,-91.757,469.900,119.001,True,3.4295,-0.000899,-0.000006,RECONSTRUCTED,constrained_tps
-3.3625,18.5000,4.6855,-85.407,469.900,119.012,True,3.6795,-0.000790,-0.000003,RECONSTRUCTED,constrained_tps
-3.1125,18.5000,4.6858,-79.057,469.900,119.020,True,3.9295,-0.000637,-0.000001,RECONSTRUCTED,constrained_tps
-2.8625,18.5000,4.6860,-72.707,469.900,119.024,True,4.1795,-0.000485,-0.000001,RECONSTRUCTED,constrained_tps
-2.6125,18.5000,4.6861,-66.357,469.900,119.027,True,4.4295,-0.000355,-0.000000,RECONSTRUCTED,constrained_tps
-2.3625,18.5000,4.6861,-60.007,469.900,119.028,True,4.6795,-0.000249,-0.000000,RECONSTRUCTED,constrained_tps
-2.1125,18.5000,4.6861,-53.657,469.900,119.028,True,4.9295,-0.000167,-0.000000,RECONSTRUCTED,constrained_tps
-1.8625,18.5000,4.6861,-47.307,469.900,119.028,True,5.1795,-0.000104,-0.000000,RECONSTRUCTED,constrained_tps
-1.6125,18.5000,4.6861,-40.957,469.900,119.027,True,5.4295,-0.000056,-0.000000,RECONSTRUCTED,constrained_tps
-1.3625,18.5000,4.6861,-34.608,469.900,119.027,True,5.6795,-0.000020,-0.000000,RECONSTRUCTED,constrained_tps
-1.1125,18.5000,4.6861,-28.258,469.900,119.026,True,5.9295,0.000007,-0.000000,RECONSTRUCTED,constrained_tps
-0.8625,18.5000,4.6860,-21.907,469.900,119.025,True,6.1795,0.000026,-0.000000,RECONSTRUCTED,constrained_tps
-0.6125,18.5000,4.6860,-15.558,469.900,119.024,True,6.4295,0.000040,-0.000000,RECONSTRUCTED,constrained_tps
-0.3625,18.5000,4.6860,-9.207,469.900,119.024,True,6.6795,0.000048,-0.000000,RECONSTRUCTED,constrained_tps
-0.1125,18.5000,4.6860,-2.857,469.900,119.024,True,6.9295,0.000053,-0.000000,RECONSTRUCTED,constrained_tps
0.1375,18.5000,4.6860,3.493,469.900,119.024,True,6.9045,0.000053,-0.000000,RECONSTRUCTED,constrained_tps
0.3875,18.5000,4.6860,9.842,469.900,119.024,True,6.6545,0.000049,-0.000000,RECONSTRUCTED,constrained_tps
0.6375,18.5000,4.6860,16.192,469.900,119.024,True,6.4045,0.000041,-0.000000,RECONSTRUCTED,constrained_tps
0.8875,18.5000,4.6860,22.542,469.900,119.024,True,6.1545,0.000028,-0.000000,RECONSTRUCTED,constrained_tps
1.1375,18.5000,4.6860,28.892,469.900,119.025,True,5.9045,0.000009,-0.000000,RECONSTRUCTED,constrained_tps
1.3875,18.5000,4.6860,35.242,469.900,119.025,True,5.6545,-0.000018,-0.000000,RECONSTRUCTED,constrained_tps
1.6375,18.5000,4.6861,41.592,469.900,119.026,True,5.4045,-0.000053,-0.000000,RECONSTRUCTED,constrained_tps
1.8875,18.5000,4.6861,47.942,469.900,119.026,True,5.1545,-0.000101,-0.000000,RECONSTRUCTED,constrained_tps
2.1375,18.5000,4.6861,54.293,469.900,119.026,True,4.9045,-0.000164,-0.000000,RECONSTRUCTED,constrained_tps
2.3875,18.5000,4.6861,60.642,469.900,119.026,True,4.6545,-0.000246,-0.000000,RECONSTRUCTED,constrained_tps
2.6375,18.5000,4.6860,66.993,469.900,119.024,True,4.4045,-0.000351,-0.000000,RECONSTRUCTED,constrained_tps
2.8875,18.5000,4.6859,73.343,469.900,119.021,True,4.1545,-0.000481,-0.000001,RECONSTRUCTED,constrained_tps
3.1375,18.5000,4.6857,79.692,469.900,119.016,True,3.9045,-0.000629,-0.000001,RECONSTRUCTED,constrained_tps
3.3875,18.5000,4.6854,86.043,469.900,119.008,True,3.6545,-0.000773,-0.000003,RECONSTRUCTED,constrained_tps
3.6375,18.5000,4.6849,92.392,469.900,118.996,True,3.4045,-0.000865,-0.000006,RECONSTRUCTED,constrained_tps
3.8875,18.5000,4.6842,98.742,469.900,118.978,True,3.1545,-0.000839,-0.000011,RECONSTRUCTED,constrained_tps
4.1375,18.5000,4.6832,105.093,469.900,118.953,True,2.9045,-0.000646,-0.000018,RECONSTRUCTED,constrained_tps
4.3875,18.5000,4.6819,111.442,469.900,118.921,True,2.6545,-0.000290,-0.000024,RECONSTRUCTED,constrained_tps
4.6375,18.5000,4.6804,117.793,469.900,118.882,True,2.4045,0.000203,-0.000028,RECONSTRUCTED,constrained_tps
4.8875,18.5000,4.6786,124.142,469.900,118.837,True,2.1545,0.000829,-0.000027,RECONSTRUCTED,constrained_tps
5.1375,18.5000,4.6768,130.493,469.900,118.791,True,1.9045,0.001565,-0.000022,RECONSTRUCTED,constrained_tps
5.3875,18.5000,4.6750,136.843,469.900,118.745,True,1.6545,0.002338,-0.000014,RECONSTRUCTED,constrained_tps
5.6375,18.5000,4.6733,143.192,469.900,118.702,True,1.4045,0.003055,-0.000004,RECONSTRUCTED,constrained_tps
5.8875,18.5000,4.6719,149.542,469.900,118.665,True,1.1545,0.003661,0.000006,RECONSTRUCTED,constrained_tps
6.1375,18.5000,4.6707,155.892,469.900,118.635,True,0.9045,0.004205,0.000015,RECONSTRUCTED,constrained_tps
6.3875,18.5000,4.6698,162.243,469.900,118.612,True,0.6545,0.004765,0.000022,RECONSTRUCTED,constrained_tps
6.6375,18.5000,4.6692,168.593,469.900,118.597,True,0.4045,,,RECONSTRUCTED,constrained_tps
6.8875,18.5000,4.6689,174.942,469.900,118.589,True,0.1545,,,RECONSTRUCTED,constrained_tps
-6.8625,18.7500,4.6728,-174.307,476.250,118.688,True,0.0272,,,RIM_BOUNDARY,constrained_tps
-6.6125,18.7500,4.6730,-167.957,476.250,118.695,True,0.2772,,,RECONSTRUCTED,constrained_tps
-6.3625,18.7500,4.6737,-161.607,476.250,118.712,True,0.5272,0.005531,0.000031,RECONSTRUCTED,constrained_tps
-6.1125,18.7500,4.6747,-155.257,476.250,118.737,True,0.7772,0.004961,0.000023,RECONSTRUCTED,constrained_tps
-5.8625,18.7500,4.6761,-148.907,476.250,118.772,True,1.0272,0.004489,0.000014,RECONSTRUCTED,constrained_tps
-5.6125,18.7500,4.6778,-142.557,476.250,118.815,True,1.2772,0.003779,0.000002,RECONSTRUCTED,constrained_tps
-5.3625,18.7500,4.6797,-136.207,476.250,118.865,True,1.5272,0.002814,-0.000011,RECONSTRUCTED,constrained_tps
-5.1125,18.7500,4.6819,-129.857,476.250,118.919,True,1.7772,0.001734,-0.000025,RECONSTRUCTED,constrained_tps
-4.8625,18.7500,4.6840,-123.507,476.250,118.974,True,2.0272,0.000711,-0.000034,RECONSTRUCTED,constrained_tps
-4.6125,18.7500,4.6860,-117.157,476.250,119.026,True,2.2772,-0.000104,-0.000037,RECONSTRUCTED,constrained_tps
-4.3625,18.7500,4.6878,-110.807,476.250,119.070,True,2.5272,-0.000703,-0.000032,RECONSTRUCTED,constrained_tps
-4.1125,18.7500,4.6892,-104.457,476.250,119.105,True,2.7772,-0.001121,-0.000022,RECONSTRUCTED,constrained_tps
-3.8625,18.7500,4.6901,-98.107,476.250,119.129,True,3.0272,-0.001265,-0.000013,RECONSTRUCTED,constrained_tps
-3.6125,18.7500,4.6908,-91.757,476.250,119.146,True,3.2772,-0.001134,-0.000007,RECONSTRUCTED,constrained_tps
-3.3625,18.7500,4.6912,-85.407,476.250,119.157,True,3.5272,-0.000874,-0.000003,RECONSTRUCTED,constrained_tps
-3.1125,18.7500,4.6915,-79.057,476.250,119.163,True,3.7772,-0.000610,-0.000002,RECONSTRUCTED,constrained_tps
-2.8625,18.7500,4.6916,-72.707,476.250,119.167,True,4.0272,-0.000392,-0.000001,RECONSTRUCTED,constrained_tps
-2.6125,18.7500,4.6917,-66.357,476.250,119.169,True,4.2772,-0.000227,-0.000000,RECONSTRUCTED,constrained_tps
-2.3625,18.7500,4.6917,-60.007,476.250,119.170,True,4.5272,-0.000106,-0.000000,RECONSTRUCTED,constrained_tps
-2.1125,18.7500,4.6917,-53.657,476.250,119.170,True,4.7772,-0.000018,-0.000000,RECONSTRUCTED,constrained_tps
-1.8625,18.7500,4.6917,-47.307,476.250,119.170,True,5.0272,0.000045,-0.000000,RECONSTRUCTED,constrained_tps
-1.6125,18.7500,4.6917,-40.957,476.250,119.169,True,5.2772,0.000091,-0.000000,RECONSTRUCTED,constrained_tps
-1.3625,18.7500,4.6917,-34.608,476.250,119.168,True,5.5272,0.000124,-0.000000,RECONSTRUCTED,constrained_tps
-1.1125,18.7500,4.6916,-28.258,476.250,119.168,True,5.7772,0.000147,0.000000,RECONSTRUCTED,constrained_tps
-0.8625,18.7500,4.6916,-21.907,476.250,119.167,True,6.0272,0.000164,0.000000,RECONSTRUCTED,constrained_tps
-0.6125,18.7500,4.6916,-15.558,476.250,119.167,True,6.2772,0.000175,0.000000,RECONSTRUCTED,constrained_tps
-0.3625,18.7500,4.6916,-9.207,476.250,119.166,True,6.5272,0.000182,0.000000,RECONSTRUCTED,constrained_tps
-0.1125,18.7500,4.6916,-2.857,476.250,119.166,True,6.7772,0.000186,0.000000,RECONSTRUCTED,constrained_tps
0.1375,18.7500,4.6916,3.493,476.250,119.166,True,6.7522,0.000186,0.000000,RECONSTRUCTED,constrained_tps
0.3875,18.7500,4.6916,9.842,476.250,119.166,True,6.5022,0.000183,0.000000,RECONSTRUCTED,constrained_tps
0.6375,18.7500,4.6916,16.192,476.250,119.166,True,6.2522,0.000176,0.000000,RECONSTRUCTED,constrained_tps
0.8875,18.7500,4.6916,22.542,476.250,119.167,True,6.0022,0.000165,0.000000,RECONSTRUCTED,constrained_tps
1.1375,18.7500,4.6916,28.892,476.250,119.167,True,5.7522,0.000149,0.000000,RECONSTRUCTED,constrained_tps
1.3875,18.7500,4.6916,35.242,476.250,119.168,True,5.5022,0.000126,-0.000000,RECONSTRUCTED,constrained_tps
1.6375,18.7500,4.6917,41.592,476.250,119.168,True,5.2522,0.000093,-0.000000,RECONSTRUCTED,constrained_tps
1.8875,18.7500,4.6917,47.942,476.250,119.168,True,5.0022,0.000047,-0.000000,RECONSTRUCTED,constrained_tps
2.1375,18.7500,4.6917,54.293,476.250,119.168,True,4.7522,-0.000017,-0.000000,RECONSTRUCTED,constrained_tps
2.3875,18.7500,4.6917,60.642,476.250,119.168,True,4.5022,-0.000105,-0.000000,RECONSTRUCTED,constrained_tps
2.6375,18.7500,4.6916,66.993,476.250,119.167,True,4.2522,-0.000228,-0.000000,RECONSTRUCTED,constrained_tps
2.8875,18.7500,4.6915,73.343,476.250,119.164,True,4.0022,-0.000394,-0.000001,RECONSTRUCTED,constrained_tps
3.1375,18.7500,4.6913,79.692,476.250,119.160,True,3.7522,-0.000612,-0.000002,RECONSTRUCTED,constrained_tps
3.3875,18.7500,4.6911,86.043,476.250,119.153,True,3.5022,-0.000871,-0.000004,RECONSTRUCTED,constrained_tps
3.6375,18.7500,4.6906,92.392,476.250,119.142,True,3.2522,-0.001112,-0.000007,RECONSTRUCTED,constrained_tps
3.8875,18.7500,4.6899,98.742,476.250,119.124,True,3.0022,-0.001208,-0.000014,RECONSTRUCTED,constrained_tps
4.1375,18.7500,4.6889,105.093,476.250,119.098,True,2.7522,-0.001028,-0.000023,RECONSTRUCTED,constrained_tps
4.3875,18.7500,4.6875,111.442,476.250,119.062,True,2.5022,-0.000588,-0.000033,RECONSTRUCTED,constrained_tps
4.6375,18.7500,4.6857,117.793,476.250,119.017,True,2.2522,0.000034,-0.000036,RECONSTRUCTED,constrained_tps
4.8875,18.7500,4.6837,124.142,476.250,118.965,True,2.0022,0.000868,-0.000033,RECONSTRUCTED,constrained_tps
5.1375,18.7500,4.6815,130.493,476.250,118.911,True,1.7522,0.001893,-0.000023,RECONSTRUCTED,constrained_tps
5.3875,18.7500,4.6794,136.843,476.250,118.857,True,1.5022,0.002959,-0.000010,RECONSTRUCTED,constrained_tps
5.6375,18.7500,4.6775,143.192,476.250,118.808,True,1.2522,0.003896,0.000004,RECONSTRUCTED,constrained_tps
5.8875,18.7500,4.6758,149.542,476.250,118.766,True,1.0022,0.004571,0.000016,RECONSTRUCTED,constrained_tps
6.1375,18.7500,4.6745,155.892,476.250,118.733,True,0.7522,0.005026,0.000024,RECONSTRUCTED,constrained_tps
6.3875,18.7500,4.6736,162.243,476.250,118.709,True,0.5022,0.005619,0.000032,RECONSTRUCTED,constrained_tps
6.6375,18.7500,4.6730,168.593,476.250,118.694,True,0.2522,,,RECONSTRUCTED,constrained_tps
6.8875,18.7500,4.6728,174.942,476.250,118.688,True,0.0022,,,RIM_BOUNDARY,constrained_tps
-6.6125,19.0000,4.6772,-167.957,482.600,118.802,True,0.0892,,,RIM_BOUNDARY,constrained_tps
-6.3625,19.0000,4.6778,-161.607,482.600,118.817,True,0.3392,,,RECONSTRUCTED,constrained_tps
-6.1125,19.0000,4.6788,-155.257,482.600,118.842,True,0.5892,0.006006,0.000035,RECONSTRUCTED,constrained_tps
-5.8625,19.0000,4.6803,-148.907,482.600,118.879,True,0.8392,0.005723,0.000028,RECONSTRUCTED,constrained_tps
-5.6125,19.0000,4.6822,-142.557,482.600,118.927,True,1.0892,0.004839,0.000014,RECONSTRUCTED,constrained_tps
-5.3625,19.0000,4.6844,-136.207,482.600,118.983,True,1.3392,0.003544,-0.000004,RECONSTRUCTED,constrained_tps
-5.1125,19.0000,4.6868,-129.857,482.600,119.044,True,1.5892,0.002047,-0.000024,RECONSTRUCTED,constrained_tps
-4.8625,19.0000,4.6893,-123.507,482.600,119.108,True,1.8392,0.000537,-0.000042,RECONSTRUCTED,constrained_tps
-4.6125,19.0000,4.6917,-117.157,482.600,119.168,True,2.0892,-0.000605,-0.000051,RECONSTRUCTED,constrained_tps
-4.3625,19.0000,4.6936,-110.807,482.600,119.219,True,2.3392,-0.001329,-0.000046,RECONSTRUCTED,constrained_tps
-4.1125,19.0000,4.6951,-104.457,482.600,119.255,True,2.5892,-0.001886,-0.000029,RECONSTRUCTED,constrained_tps
-3.8625,19.0000,4.6960,-98.107,482.600,119.280,True,2.8392,-0.001897,-0.000015,RECONSTRUCTED,constrained_tps
-3.6125,19.0000,4.6966,-91.757,482.600,119.294,True,3.0892,-0.001436,-0.000007,RECONSTRUCTED,constrained_tps
-3.3625,19.0000,4.6970,-85.407,482.600,119.303,True,3.3392,-0.000918,-0.000003,RECONSTRUCTED,constrained_tps
-3.1125,19.0000,4.6972,-79.057,482.600,119.308,True,3.5892,-0.000517,-0.000002,RECONSTRUCTED,constrained_tps
-2.8625,19.0000,4.6973,-72.707,482.600,119.310,True,3.8392,-0.000240,-0.000001,RECONSTRUCTED,constrained_tps
-2.6125,19.0000,4.6973,-66.357,482.600,119.312,True,4.0892,-0.000054,-0.000000,RECONSTRUCTED,constrained_tps
-2.3625,19.0000,4.6973,-60.007,482.600,119.312,True,4.3392,0.000070,-0.000000,RECONSTRUCTED,constrained_tps
-2.1125,19.0000,4.6973,-53.657,482.600,119.312,True,4.5892,0.000153,-0.000000,RECONSTRUCTED,constrained_tps
-1.8625,19.0000,4.6973,-47.307,482.600,119.312,True,4.8392,0.000210,-0.000000,RECONSTRUCTED,constrained_tps
-1.6125,19.0000,4.6973,-40.957,482.600,119.311,True,5.0892,0.000249,-0.000000,RECONSTRUCTED,constrained_tps
-1.3625,19.0000,4.6973,-34.608,482.600,119.311,True,5.3392,0.000276,-0.000000,RECONSTRUCTED,constrained_tps
-1.1125,19.0000,4.6973,-28.258,482.600,119.310,True,5.5892,0.000294,0.000000,RECONSTRUCTED,constrained_tps
-0.8625,19.0000,4.6972,-21.907,482.600,119.310,True,5.8392,0.000307,0.000000,RECONSTRUCTED,constrained_tps
-0.6125,19.0000,4.6972,-15.558,482.600,119.309,True,6.0892,0.000315,0.000000,RECONSTRUCTED,constrained_tps
-0.3625,19.0000,4.6972,-9.207,482.600,119.309,True,6.3392,0.000320,0.000000,RECONSTRUCTED,constrained_tps
-0.1125,19.0000,4.6972,-2.857,482.600,119.309,True,6.5892,0.000322,0.000000,RECONSTRUCTED,constrained_tps
0.1375,19.0000,4.6972,3.493,482.600,119.309,True,6.5642,0.000322,0.000000,RECONSTRUCTED,constrained_tps
0.3875,19.0000,4.6972,9.842,482.600,119.309,True,6.3142,0.000320,0.000000,RECONSTRUCTED,constrained_tps
0.6375,19.0000,4.6972,16.192,482.600,119.309,True,6.0642,0.000316,0.000000,RECONSTRUCTED,constrained_tps
0.8875,19.0000,4.6972,22.542,482.600,119.309,True,5.8142,0.000308,0.000000,RECONSTRUCTED,constrained_tps
1.1375,19.0000,4.6972,28.892,482.600,119.310,True,5.5642,0.000296,0.000000,RECONSTRUCTED,constrained_tps
1.3875,19.0000,4.6972,35.242,482.600,119.310,True,5.3142,0.000278,-0.000000,RECONSTRUCTED,constrained_tps
1.6375,19.0000,4.6973,41.592,482.600,119.310,True,5.0642,0.000251,-0.000000,RECONSTRUCTED,constrained_tps
1.8875,19.0000,4.6973,47.942,482.600,119.311,True,4.8142,0.000212,-0.000000,RECONSTRUCTED,constrained_tps
2.1375,19.0000,4.6973,54.293,482.600,119.311,True,4.5642,0.000154,-0.000000,RECONSTRUCTED,constrained_tps
2.3875,19.0000,4.6973,60.642,482.600,119.311,True,4.3142,0.000068,-0.000000,RECONSTRUCTED,constrained_tps
2.6375,19.0000,4.6972,66.993,482.600,119.310,True,4.0642,-0.000059,-0.000000,RECONSTRUCTED,constrained_tps
2.8875,19.0000,4.6972,73.343,482.600,119.308,True,3.8142,-0.000250,-0.000001,RECONSTRUCTED,constrained_tps
3.1375,19.0000,4.6971,79.692,482.600,119.305,True,3.5642,-0.000535,-0.000002,RECONSTRUCTED,constrained_tps
3.3875,19.0000,4.6968,86.043,482.600,119.300,True,3.3142,-0.000941,-0.000004,RECONSTRUCTED,constrained_tps
3.6375,19.0000,4.6965,92.392,482.600,119.290,True,3.0642,-0.001445,-0.000008,RECONSTRUCTED,constrained_tps
3.8875,19.0000,4.6958,98.742,482.600,119.274,True,2.8142,-0.001849,-0.000017,RECONSTRUCTED,constrained_tps
4.1375,19.0000,4.6948,105.093,482.600,119.249,True,2.5642,-0.001770,-0.000031,RECONSTRUCTED,constrained_tps
4.3875,19.0000,4.6933,111.442,482.600,119.211,True,2.3142,-0.001189,-0.000046,RECONSTRUCTED,constrained_tps
4.6375,19.0000,4.6913,117.793,482.600,119.159,True,2.0642,-0.000421,-0.000050,RECONSTRUCTED,constrained_tps
4.8875,19.0000,4.6889,124.142,482.600,119.099,True,1.8142,0.000755,-0.000040,RECONSTRUCTED,constrained_tps
5.1375,19.0000,4.6864,130.493,482.600,119.035,True,1.5642,0.002255,-0.000022,RECONSTRUCTED,constrained_tps
5.3875,19.0000,4.6840,136.843,482.600,118.975,True,1.3142,0.003723,-0.000002,RECONSTRUCTED,constrained_tps
5.6375,19.0000,4.6819,143.192,482.600,118.920,True,1.0642,0.004985,0.000016,RECONSTRUCTED,constrained_tps
5.8875,19.0000,4.6801,149.542,482.600,118.874,True,0.8142,0.005811,0.000030,RECONSTRUCTED,constrained_tps
6.1375,19.0000,4.6787,155.892,482.600,118.838,True,0.5642,0.006017,0.000035,RECONSTRUCTED,constrained_tps
6.3875,19.0000,4.6777,162.243,482.600,118.815,True,0.3142,,,RECONSTRUCTED,constrained_tps
6.6375,19.0000,4.6772,168.593,482.600,118.801,True,0.0642,,,RIM_BOUNDARY,constrained_tps
-6.3625,19.2500,4.6824,-161.607,488.950,118.932,True,0.1125,,,RIM_BOUNDARY,constrained_tps
-6.1125,19.2500,4.6833,-155.257,488.950,118.955,True,0.3625,,,RECONSTRUCTED,constrained_tps
-5.8625,19.2500,4.6848,-148.907,488.950,118.994,True,0.6125,,,RECONSTRUCTED,constrained_tps
-5.6125,19.2500,4.6868,-142.557,488.950,119.045,True,0.8625,0.005989,0.000031,RECONSTRUCTED,constrained_tps
-5.3625,19.2500,4.6892,-136.207,488.950,119.106,True,1.1125,0.004538,0.000011,RECONSTRUCTED,constrained_tps
-5.1125,19.2500,4.6919,-129.857,488.950,119.175,True,1.3625,0.002620,-0.000017,RECONSTRUCTED,constrained_tps
-4.8625,19.2500,4.6948,-123.507,488.950,119.248,True,1.6125,0.000205,-0.000050,RECONSTRUCTED,constrained_tps
-4.6125,19.2500,4.6976,-117.157,488.950,119.318,True,1.8625,-0.001760,-0.000069,RECONSTRUCTED,constrained_tps
-4.3625,19.2500,4.6998,-110.807,488.950,119.375,True,2.1125,-0.002474,-0.000069,RECONSTRUCTED,constrained_tps
-4.1125,19.2500,4.7013,-104.457,488.950,119.413,True,2.3625,-0.003431,-0.000034,RECONSTRUCTED,constrained_tps
-3.8625,19.2500,4.7021,-98.107,488.950,119.433,True,2.6125,-0.002820,-0.000015,RECONSTRUCTED,constrained_tps
-3.6125,19.2500,4.7025,-91.757,488.950,119.444,True,2.8625,-0.001632,-0.000007,RECONSTRUCTED,constrained_tps
-3.3625,19.2500,4.7028,-85.407,488.950,119.450,True,3.1125,-0.000791,-0.000003,RECONSTRUCTED,constrained_tps
-3.1125,19.2500,4.7029,-79.057,488.950,119.453,True,3.3625,-0.000292,-0.000001,RECONSTRUCTED,constrained_tps
-2.8625,19.2500,4.7029,-72.707,488.950,119.454,True,3.6125,-0.000001,-0.000001,RECONSTRUCTED,constrained_tps
-2.6125,19.2500,4.7030,-66.357,488.950,119.455,True,3.8625,0.000173,-0.000000,RECONSTRUCTED,constrained_tps
-2.3625,19.2500,4.7030,-60.007,488.950,119.455,True,4.1125,0.000281,-0.000000,RECONSTRUCTED,constrained_tps
-2.1125,19.2500,4.7030,-53.657,488.950,119.455,True,4.3625,0.000349,-0.000000,RECONSTRUCTED,constrained_tps
-1.8625,19.2500,4.7029,-47.307,488.950,119.455,True,4.6125,0.000392,-0.000000,RECONSTRUCTED,constrained_tps
-1.6125,19.2500,4.7029,-40.957,488.950,119.454,True,4.8625,0.000419,-0.000000,RECONSTRUCTED,constrained_tps
-1.3625,19.2500,4.7029,-34.608,488.950,119.454,True,5.1125,0.000436,-0.000000,RECONSTRUCTED,constrained_tps
-1.1125,19.2500,4.7029,-28.258,488.950,119.454,True,5.3625,0.000447,0.000000,RECONSTRUCTED,constrained_tps
-0.8625,19.2500,4.7029,-21.907,488.950,119.453,True,5.6125,0.000453,0.000000,RECONSTRUCTED,constrained_tps
-0.6125,19.2500,4.7029,-15.558,488.950,119.453,True,5.8625,0.000457,0.000000,RECONSTRUCTED,constrained_tps
-0.3625,19.2500,4.7029,-9.207,488.950,119.453,True,6.1125,0.000459,0.000000,RECONSTRUCTED,constrained_tps
-0.1125,19.2500,4.7029,-2.857,488.950,119.453,True,6.3625,0.000460,0.000000,RECONSTRUCTED,constrained_tps
0.1375,19.2500,4.7029,3.493,488.950,119.453,True,6.3375,0.000460,0.000000,RECONSTRUCTED,constrained_tps
0.3875,19.2500,4.7029,9.842,488.950,119.453,True,6.0875,0.000460,0.000000,RECONSTRUCTED,constrained_tps
0.6375,19.2500,4.7029,16.192,488.950,119.453,True,5.8375,0.000458,0.000000,RECONSTRUCTED,constrained_tps
0.8875,19.2500,4.7029,22.542,488.950,119.453,True,5.5875,0.000455,0.000000,RECONSTRUCTED,constrained_tps
1.1375,19.2500,4.7029,28.892,488.950,119.453,True,5.3375,0.000448,0.000000,RECONSTRUCTED,constrained_tps
1.3875,19.2500,4.7029,35.242,488.950,119.453,True,5.0875,0.000438,-0.000000,RECONSTRUCTED,constrained_tps
1.6375,19.2500,4.7029,41.592,488.950,119.454,True,4.8375,0.000421,-0.000000,RECONSTRUCTED,constrained_tps
1.8875,19.2500,4.7029,47.942,488.950,119.454,True,4.5875,0.000393,-0.000000,RECONSTRUCTED,constrained_tps
2.1375,19.2500,4.7029,54.293,488.950,119.454,True,4.3375,0.000349,-0.000000,RECONSTRUCTED,constrained_tps
2.3875,19.2500,4.7029,60.642,488.950,119.454,True,4.0875,0.000280,-0.000000,RECONSTRUCTED,constrained_tps
2.6375,19.2500,4.7029,66.993,488.950,119.454,True,3.8375,0.000168,-0.000000,RECONSTRUCTED,constrained_tps
2.8875,19.2500,4.7029,73.343,488.950,119.453,True,3.5875,-0.000015,-0.000001,RECONSTRUCTED,constrained_tps
3.1375,19.2500,4.7028,79.692,488.950,119.451,True,3.3375,-0.000322,-0.000001,RECONSTRUCTED,constrained_tps
3.3875,19.2500,4.7027,86.043,488.950,119.447,True,3.0875,-0.000848,-0.000003,RECONSTRUCTED,constrained_tps
3.6375,19.2500,4.7024,92.392,488.950,119.441,True,2.8375,-0.001715,-0.000008,RECONSTRUCTED,constrained_tps
3.8875,19.2500,4.7019,98.742,488.950,119.429,True,2.5875,-0.002835,-0.000017,RECONSTRUCTED,constrained_tps
4.1375,19.2500,4.7010,105.093,488.950,119.407,True,2.3375,-0.003259,-0.000037,RECONSTRUCTED,constrained_tps
4.3875,19.2500,4.6995,111.442,488.950,119.367,True,2.0875,-0.002314,-0.000068,RECONSTRUCTED,constrained_tps
4.6375,19.2500,4.6972,117.793,488.950,119.309,True,1.8375,-0.001470,-0.000067,RECONSTRUCTED,constrained_tps
4.8875,19.2500,4.6944,124.142,488.950,119.238,True,1.5875,0.000535,-0.000047,RECONSTRUCTED,constrained_tps
5.1375,19.2500,4.6916,130.493,488.950,119.166,True,1.3375,0.002879,-0.000014,RECONSTRUCTED,constrained_tps
5.3875,19.2500,4.6889,136.843,488.950,119.098,True,1.0875,0.004742,0.000014,RECONSTRUCTED,constrained_tps
5.6375,19.2500,4.6865,143.192,488.950,119.038,True,0.8375,0.006203,0.000034,RECONSTRUCTED,constrained_tps
5.8875,19.2500,4.6846,149.542,488.950,118.989,True,0.5875,,,RECONSTRUCTED,constrained_tps
6.1375,19.2500,4.6831,155.892,488.950,118.952,True,0.3375,,,RECONSTRUCTED,constrained_tps
6.3875,19.2500,4.6823,162.243,488.950,118.930,True,0.0875,,,RIM_BOUNDARY,constrained_tps
-6.1125,19.5000,4.6881,-155.257,495.300,119.079,True,0.0866,,,RIM_BOUNDARY,constrained_tps
-5.8625,19.5000,4.6897,-148.907,495.300,119.119,True,0.3366,,,RECONSTRUCTED,constrained_tps
-5.6125,19.5000,4.6918,-142.557,495.300,119.173,True,0.5866,,,RECONSTRUCTED,constrained_tps
-5.3625,19.5000,4.6943,-136.207,495.300,119.236,True,0.8366,0.005028,0.000022,RECONSTRUCTED,constrained_tps
-5.1125,19.5000,4.6972,-129.857,495.300,119.310,True,1.0866,0.003411,-0.000002,RECONSTRUCTED,constrained_tps
-4.8625,19.5000,4.7005,-123.507,495.300,119.393,True,1.3366,0.000107,-0.000050,RECONSTRUCTED,constrained_tps
-4.6125,19.5000,4.7038,-117.157,495.300,119.476,True,1.5866,-0.003920,-0.000093,RECONSTRUCTED,constrained_tps
-4.3625,19.5000,4.7064,-110.807,495.300,119.542,True,1.8366,-0.005529,-0.000080,RECONSTRUCTED,constrained_tps
-4.1125,19.5000,4.7077,-104.457,495.300,119.576,True,2.0866,-0.005696,-0.000045,RECONSTRUCTED,constrained_tps
-3.8625,19.5000,4.7082,-98.107,495.300,119.589,True,2.3366,-0.003222,-0.000016,RECONSTRUCTED,constrained_tps
-3.6125,19.5000,4.7085,-91.757,495.300,119.595,True,2.5866,-0.001276,-0.000005,RECONSTRUCTED,constrained_tps
-3.3625,19.5000,4.7086,-85.407,495.300,119.597,True,2.8366,-0.000442,-0.000002,RECONSTRUCTED,constrained_tps
-3.1125,19.5000,4.7086,-79.057,495.300,119.599,True,3.0866,-0.000055,-0.000001,RECONSTRUCTED,constrained_tps
-2.8625,19.5000,4.7086,-72.707,495.300,119.599,True,3.3366,0.000146,-0.000000,RECONSTRUCTED,constrained_tps
-2.6125,19.5000,4.7086,-66.357,495.300,119.599,True,3.5866,0.000259,-0.000000,RECONSTRUCTED,constrained_tps
-2.3625,19.5000,4.7086,-60.007,495.300,119.599,True,3.8366,0.000326,-0.000000,RECONSTRUCTED,constrained_tps
-2.1125,19.5000,4.7086,-53.657,495.300,119.599,True,4.0866,0.000365,-0.000000,RECONSTRUCTED,constrained_tps
-1.8625,19.5000,4.7086,-47.307,495.300,119.599,True,4.3366,0.000388,-0.000000,RECONSTRUCTED,constrained_tps
-1.6125,19.5000,4.7086,-40.957,495.300,119.599,True,4.5866,0.000402,-0.000000,RECONSTRUCTED,constrained_tps
-1.3625,19.5000,4.7086,-34.608,495.300,119.599,True,4.8366,0.000409,-0.000000,RECONSTRUCTED,constrained_tps
-1.1125,19.5000,4.7086,-28.258,495.300,119.598,True,5.0866,0.000413,0.000000,RECONSTRUCTED,constrained_tps
-0.8625,19.5000,4.7086,-21.907,495.300,119.598,True,5.3366,0.000415,0.000000,RECONSTRUCTED,constrained_tps
-0.6125,19.5000,4.7086,-15.558,495.300,119.598,True,5.5866,0.000416,0.000000,RECONSTRUCTED,constrained_tps
-0.3625,19.5000,4.7086,-9.207,495.300,119.598,True,5.8366,0.000416,0.000000,RECONSTRUCTED,constrained_tps
-0.1125,19.5000,4.7086,-2.857,495.300,119.598,True,6.0866,0.000416,0.000000,RECONSTRUCTED,constrained_tps
0.1375,19.5000,4.7086,3.493,495.300,119.598,True,6.0616,0.000416,0.000000,RECONSTRUCTED,constrained_tps
0.3875,19.5000,4.7086,9.842,495.300,119.598,True,5.8116,0.000416,0.000000,RECONSTRUCTED,constrained_tps
0.6375,19.5000,4.7086,16.192,495.300,119.598,True,5.5616,0.000416,0.000000,RECONSTRUCTED,constrained_tps
0.8875,19.5000,4.7086,22.542,495.300,119.598,True,5.3116,0.000416,0.000000,RECONSTRUCTED,constrained_tps
1.1375,19.5000,4.7086,28.892,495.300,119.598,True,5.0616,0.000414,0.000000,RECONSTRUCTED,constrained_tps
1.3875,19.5000,4.7086,35.242,495.300,119.598,True,4.8116,0.000411,-0.000000,RECONSTRUCTED,constrained_tps
1.6375,19.5000,4.7086,41.592,495.300,119.598,True,4.5616,0.000403,-0.000000,RECONSTRUCTED,constrained_tps
1.8875,19.5000,4.7086,47.942,495.300,119.599,True,4.3116,0.000389,-0.000000,RECONSTRUCTED,constrained_tps
2.1375,19.5000,4.7086,54.293,495.300,119.599,True,4.0616,0.000365,-0.000000,RECONSTRUCTED,constrained_tps
2.3875,19.5000,4.7086,60.642,495.300,119.599,True,3.8116,0.000324,-0.000000,RECONSTRUCTED,constrained_tps
2.6375,19.5000,4.7086,66.993,495.300,119.599,True,3.5616,0.000255,-0.000000,RECONSTRUCTED,constrained_tps
2.8875,19.5000,4.7086,73.343,495.300,119.598,True,3.3116,0.000135,-0.000000,RECONSTRUCTED,constrained_tps
3.1375,19.5000,4.7086,79.692,495.300,119.597,True,3.0616,-0.000082,-0.000001,RECONSTRUCTED,constrained_tps
3.3875,19.5000,4.7085,86.043,495.300,119.596,True,2.8116,-0.000509,-0.000002,RECONSTRUCTED,constrained_tps
3.6375,19.5000,4.7084,92.392,495.300,119.593,True,2.5616,-0.001445,-0.000006,RECONSTRUCTED,constrained_tps
3.8875,19.5000,4.7081,98.742,495.300,119.586,True,2.3116,-0.003441,-0.000019,RECONSTRUCTED,constrained_tps
4.1375,19.5000,4.7075,105.093,495.300,119.570,True,2.0616,-0.005619,-0.000045,RECONSTRUCTED,constrained_tps
4.3875,19.5000,4.7060,111.442,495.300,119.533,True,1.8116,-0.005288,-0.000077,RECONSTRUCTED,constrained_tps
4.6375,19.5000,4.7034,117.793,495.300,119.466,True,1.5616,-0.003416,-0.000089,RECONSTRUCTED,constrained_tps
4.8875,19.5000,4.7001,124.142,495.300,119.382,True,1.3116,0.000537,-0.000045,RECONSTRUCTED,constrained_tps
5.1375,19.5000,4.6969,130.493,495.300,119.301,True,1.0616,0.003642,0.000001,RECONSTRUCTED,constrained_tps
5.3875,19.5000,4.6940,136.843,495.300,119.228,True,0.8116,0.005173,0.000024,RECONSTRUCTED,constrained_tps
5.6375,19.5000,4.6916,143.192,495.300,119.166,True,0.5616,,,RECONSTRUCTED,constrained_tps
5.8875,19.5000,4.6895,149.542,495.300,119.114,True,0.3116,,,RECONSTRUCTED,constrained_tps
6.1375,19.5000,4.6880,155.892,495.300,119.075,True,0.0616,,,RIM_BOUNDARY,constrained_tps
-5.6125,19.7500,4.6973,-142.557,501.650,119.311,True,0.1053,,,RIM_BOUNDARY,constrained_tps
-5.3625,19.7500,4.6998,-136.207,501.650,119.375,True,0.3553,,,RECONSTRUCTED,constrained_tps
-5.1125,19.7500,4.7028,-129.857,501.650,119.450,True,0.6053,0.004644,0.000006,RECONSTRUCTED,constrained_tps
-4.8625,19.7500,4.7063,-123.507,501.650,119.540,True,0.8553,0.001458,-0.000046,RECONSTRUCTED,constrained_tps
-4.6125,19.7500,4.7102,-117.157,501.650,119.638,True,1.1053,-0.006059,-0.000109,RECONSTRUCTED,constrained_tps
-4.3625,19.7500,4.7133,-110.807,501.650,119.719,True,1.3553,-0.010467,-0.000084,RECONSTRUCTED,constrained_tps
-4.1125,19.7500,4.7142,-104.457,501.650,119.740,True,1.6053,-0.007472,-0.000060,RECONSTRUCTED,constrained_tps
-3.8625,19.7500,4.7143,-98.107,501.650,119.743,True,1.8553,-0.002030,-0.000019,RECONSTRUCTED,constrained_tps
-3.6125,19.7500,4.7143,-91.757,501.650,119.744,True,2.1053,-0.000399,-0.000004,RECONSTRUCTED,constrained_tps
-3.3625,19.7500,4.7144,-85.407,501.650,119.745,True,2.3553,-0.000094,-0.000001,RECONSTRUCTED,constrained_tps
-3.1125,19.7500,4.7144,-79.057,501.650,119.745,True,2.6053,0.000085,-0.000000,RECONSTRUCTED,constrained_tps
-2.8625,19.7500,4.7144,-72.707,501.650,119.745,True,2.8553,0.000178,-0.000000,RECONSTRUCTED,constrained_tps
-2.6125,19.7500,4.7144,-66.357,501.650,119.745,True,3.1053,0.000233,-0.000000,RECONSTRUCTED,constrained_tps
-2.3625,19.7500,4.7144,-60.007,501.650,119.745,True,3.3553,0.000265,-0.000000,RECONSTRUCTED,constrained_tps
-2.1125,19.7500,4.7144,-53.657,501.650,119.745,True,3.6053,0.000283,-0.000000,RECONSTRUCTED,constrained_tps
-1.8625,19.7500,4.7144,-47.307,501.650,119.745,True,3.8553,0.000293,-0.000000,RECONSTRUCTED,constrained_tps
-1.6125,19.7500,4.7144,-40.957,501.650,119.745,True,4.1053,0.000298,-0.000000,RECONSTRUCTED,constrained_tps
-1.3625,19.7500,4.7144,-34.608,501.650,119.745,True,4.3553,0.000300,-0.000000,RECONSTRUCTED,constrained_tps
-1.1125,19.7500,4.7144,-28.258,501.650,119.745,True,4.6053,0.000300,-0.000000,RECONSTRUCTED,constrained_tps
-0.8625,19.7500,4.7144,-21.907,501.650,119.745,True,4.8553,0.000300,0.000000,RECONSTRUCTED,constrained_tps
-0.6125,19.7500,4.7144,-15.558,501.650,119.745,True,5.1053,0.000299,0.000000,RECONSTRUCTED,constrained_tps
-0.3625,19.7500,4.7144,-9.207,501.650,119.745,True,5.3553,0.000298,0.000000,RECONSTRUCTED,constrained_tps
-0.1125,19.7500,4.7144,-2.857,501.650,119.745,True,5.6053,0.000298,0.000000,RECONSTRUCTED,constrained_tps
0.1375,19.7500,4.7144,3.493,501.650,119.745,True,5.5803,0.000298,0.000000,RECONSTRUCTED,constrained_tps
0.3875,19.7500,4.7144,9.842,501.650,119.745,True,5.3303,0.000299,0.000000,RECONSTRUCTED,constrained_tps
0.6375,19.7500,4.7144,16.192,501.650,119.745,True,5.0803,0.000300,0.000000,RECONSTRUCTED,constrained_tps
0.8875,19.7500,4.7144,22.542,501.650,119.745,True,4.8303,0.000301,0.000000,RECONSTRUCTED,constrained_tps
1.1375,19.7500,4.7144,28.892,501.650,119.745,True,4.5803,0.000301,-0.000000,RECONSTRUCTED,constrained_tps
1.3875,19.7500,4.7144,35.242,501.650,119.745,True,4.3303,0.000301,-0.000000,RECONSTRUCTED,constrained_tps
1.6375,19.7500,4.7144,41.592,501.650,119.745,True,4.0803,0.000299,-0.000000,RECONSTRUCTED,constrained_tps
1.8875,19.7500,4.7144,47.942,501.650,119.745,True,3.8303,0.000294,-0.000000,RECONSTRUCTED,constrained_tps
2.1375,19.7500,4.7144,54.293,501.650,119.745,True,3.5803,0.000284,-0.000000,RECONSTRUCTED,constrained_tps
2.3875,19.7500,4.7144,60.642,501.650,119.745,True,3.3303,0.000265,-0.000000,RECONSTRUCTED,constrained_tps
2.6375,19.7500,4.7144,66.993,501.650,119.745,True,3.0803,0.000231,-0.000000,RECONSTRUCTED,constrained_tps
2.8875,19.7500,4.7144,73.343,501.650,119.745,True,2.8303,0.000174,-0.000000,RECONSTRUCTED,constrained_tps
3.1375,19.7500,4.7144,79.692,501.650,119.745,True,2.5803,0.000074,-0.000000,RECONSTRUCTED,constrained_tps
3.3875,19.7500,4.7143,86.043,501.650,119.744,True,2.3303,-0.000116,-0.000001,RECONSTRUCTED,constrained_tps
3.6375,19.7500,4.7143,92.392,501.650,119.743,True,2.0803,-0.000537,-0.000005,RECONSTRUCTED,constrained_tps
3.8875,19.7500,4.7142,98.742,501.650,119.742,True,1.8303,-0.002558,-0.000022,RECONSTRUCTED,constrained_tps
4.1375,19.7500,4.7141,105.093,501.650,119.737,True,1.5803,-0.007761,-0.000056,RECONSTRUCTED,constrained_tps
4.3875,19.7500,4.7130,111.442,501.650,119.709,True,1.3303,-0.009985,-0.000080,RECONSTRUCTED,constrained_tps
4.6375,19.7500,4.7097,117.793,501.650,119.627,True,1.0803,-0.005211,-0.000103,RECONSTRUCTED,constrained_tps
4.8875,19.7500,4.7059,124.142,501.650,119.529,True,0.8303,0.001895,-0.000040,RECONSTRUCTED,constrained_tps
5.1375,19.7500,4.7024,130.493,501.650,119.441,True,0.5803,0.004818,0.000008,RECONSTRUCTED,constrained_tps
5.3875,19.7500,4.6995,136.843,501.650,119.368,True,0.3303,,,RECONSTRUCTED,constrained_tps
5.6375,19.7500,4.6971,143.192,501.650,119.306,True,0.0803,,,RIM_BOUNDARY,constrained_tps
